"WaterYear","OctDec","OctJan","JanMar","FebMar","OctDec_lag3","OctJan_lag3","JanMar_lag3","FebMar_lag3","Int_P1_Current","Int_P1_Lag3","Int_P2_Current","Int_P2_Lag3","Int_P3_Current","Int_P3_Lag3","Int_P4_Current","Int_P4_Lag3","Watershed"
1896,-0.856666666666667,-0.3725,-0.406666666666667,-1.15,NA,NA,NA,NA,0.348377777777778,NA,0.985166666666667,NA,0.428375,NA,0.151483333333333,NA,"KANOFF_CREEK"
1897,2.64,2.53,2.69,2.935,NA,NA,NA,NA,7.1016,NA,7.7484,NA,7.42555,NA,6.8057,NA,"KANOFF_CREEK"
1898,-0.87,-1.1475,-2.39666666666667,-2.605,NA,NA,NA,NA,2.0851,NA,2.26635,NA,2.9892375,NA,2.750175,NA,"KANOFF_CREEK"
1899,-0.213333333333333,-0.5775,-0.766666666666667,-0.315,-0.856666666666667,-0.3725,-0.406666666666667,-1.15,0.163555555555556,0.348377777777778,0.0672,0.985166666666667,0.1819125,0.428375,0.44275,0.151483333333333,"KANOFF_CREEK"
1900,3.53666666666667,3.46,2.15333333333333,1.615,2.64,2.53,2.69,2.935,7.61562222222222,7.1016,5.71171666666667,7.7484,5.5879,7.42555,7.45053333333333,6.8057,"KANOFF_CREEK"
1901,0.93,0.97,0.543333333333333,0.27,-0.87,-1.1475,-2.39666666666667,-2.605,0.5053,2.0851,0.2511,2.26635,0.2619,2.9892375,0.527033333333333,2.750175,"KANOFF_CREEK"
1902,0.54,0.0325,0.4,1.345,-0.213333333333333,-0.5775,-0.766666666666667,-0.315,0.216,0.163555555555556,0.7263,0.0672,0.0437125,0.1819125,0.013,0.44275,"KANOFF_CREEK"
1903,1.52,1.42,0.636666666666667,0.395,3.53666666666667,3.46,2.15333333333333,1.615,0.967733333333333,7.61562222222222,0.6004,5.71171666666667,0.5609,5.5879,0.904066666666667,7.45053333333333,"KANOFF_CREEK"
1904,-1.2,-1.3675,0.913333333333333,2.305,0.93,0.97,0.543333333333333,0.27,-1.096,0.5053,-2.766,0.2511,-3.1520875,0.2619,-1.24898333333333,0.527033333333333,"KANOFF_CREEK"
1905,4.59333333333333,4.2975,3.17,3.05,0.54,0.0325,0.4,1.345,14.5608666666667,0.216,14.0096666666667,0.7263,13.107375,0.0437125,13.623075,0.013,"KANOFF_CREEK"
1906,1.47666666666667,1.29,1.2,1.435,1.52,1.42,0.636666666666667,0.395,1.772,0.967733333333333,2.11901666666667,0.6004,1.85115,0.5609,1.548,0.904066666666667,"KANOFF_CREEK"
1907,2.53333333333333,2.595,3.43333333333333,3.76,-1.2,-1.3675,0.913333333333333,2.305,8.69777777777778,-1.096,9.52533333333333,-2.766,9.7572,-3.1520875,8.9095,-1.24898333333333,"KANOFF_CREEK"
1908,0.48,0.04,-1.42333333333333,-1.495,4.59333333333333,4.2975,3.17,3.05,-0.6832,14.5608666666667,-0.7176,14.0096666666667,-0.0598000000000001,13.107375,-0.0569333333333334,13.623075,"KANOFF_CREEK"
1909,-2.04333333333333,-0.8775,3.24666666666667,3.56,1.47666666666667,1.29,1.2,1.435,-6.63402222222222,1.772,-7.27426666666667,2.11901666666667,-3.1239,1.85115,-2.84895,1.548,"KANOFF_CREEK"
1910,-0.193333333333333,0.1225,0.21,-0.22,2.53333333333333,2.595,3.43333333333333,3.76,-0.0406,8.69777777777778,0.0425333333333333,9.52533333333333,-0.02695,9.7572,0.025725,8.9095,"KANOFF_CREEK"
1911,-2.57333333333333,-2.085,0.366666666666667,0.86,0.48,0.04,-1.42333333333333,-1.495,-0.943555555555556,-0.6832,-2.21306666666667,-0.7176,-1.7931,-0.0598000000000001,-0.7645,-0.0569333333333334,"KANOFF_CREEK"
1912,-1.2,-1.5125,-2.81333333333333,-2.995,-2.04333333333333,-0.8775,3.24666666666667,3.56,3.376,-6.63402222222222,3.594,-7.27426666666667,4.5299375,-3.1239,4.25516666666667,-2.84895,"KANOFF_CREEK"
1913,2.75,2.41,-1.01,-2.21,-0.193333333333333,0.1225,0.21,-0.22,-2.7775,-0.0406,-6.0775,0.0425333333333333,-5.3261,-0.02695,-2.4341,0.025725,"KANOFF_CREEK"
1914,-0.76,0.495,3.61666666666667,3.295,-2.57333333333333,-2.085,0.366666666666667,0.86,-2.74866666666667,-0.943555555555556,-2.5042,-2.21306666666667,1.631025,-1.7931,1.79025,-0.7645,"KANOFF_CREEK"
1915,-1.55666666666667,-0.89,1.80333333333333,2.15,-1.2,-1.5125,-2.81333333333333,-2.995,-2.80718888888889,3.376,-3.34683333333333,3.594,-1.9135,4.5299375,-1.60496666666667,4.25516666666667,"KANOFF_CREEK"
1916,1.80333333333333,2.4375,3.48,3.05,2.75,2.41,-1.01,-2.21,6.2756,-2.7775,5.50016666666667,-6.0775,7.434375,-5.3261,8.4825,-2.4341,"KANOFF_CREEK"
1917,0.95,0.55,-0.106666666666667,0.165,-0.76,0.495,3.61666666666667,3.295,-0.101333333333333,-2.74866666666667,0.15675,-2.5042,0.09075,1.631025,-0.0586666666666667,1.79025,"KANOFF_CREEK"
1918,-2.44666666666667,-2.715,-3.45333333333333,-3.42,-1.55666666666667,-0.89,1.80333333333333,2.15,8.44915555555555,-2.80718888888889,8.3676,-3.34683333333333,9.2853,-1.9135,9.3758,-1.60496666666667,"KANOFF_CREEK"
1919,2.96333333333333,2.6425,2.62333333333333,3.095,1.80333333333333,2.4375,3.48,3.05,7.77381111111111,6.2756,9.17151666666667,5.50016666666667,8.1785375,7.434375,6.93215833333333,8.4825,"KANOFF_CREEK"
1920,-2.27333333333333,-2.515,-3.37666666666667,-3.445,0.95,0.55,-0.106666666666667,0.165,7.67628888888889,-0.101333333333333,7.83163333333333,0.15675,8.664175,0.09075,8.49231666666667,-0.0586666666666667,"KANOFF_CREEK"
1921,1.56333333333333,1.87,1.81,1.32,-2.44666666666667,-2.715,-3.45333333333333,-3.42,2.82963333333333,8.44915555555555,2.0636,8.3676,2.4684,9.2853,3.3847,9.3758,"KANOFF_CREEK"
1922,-1.67666666666667,-1.6325,-0.926666666666667,-0.64,2.96333333333333,2.6425,2.62333333333333,3.095,1.55371111111111,7.77381111111111,1.07306666666667,9.17151666666667,1.0448,8.1785375,1.51278333333333,6.93215833333333,"KANOFF_CREEK"
1923,1.41333333333333,1.57,0.283333333333333,-0.595,-2.27333333333333,-2.515,-3.37666666666667,-3.445,0.400444444444444,7.67628888888889,-0.840933333333333,7.83163333333333,-0.93415,8.664175,0.444833333333333,8.49231666666667,"KANOFF_CREEK"
1924,-0.9,-1.325,-3.02666666666667,-3.24,1.56333333333333,1.87,1.81,1.32,2.724,2.82963333333333,2.916,2.0636,4.293,2.4684,4.01033333333333,3.3847,"KANOFF_CREEK"
1925,-2.11333333333333,-2.1875,-1.5,-1.045,-1.67666666666667,-1.6325,-0.926666666666667,-0.64,3.17,1.55371111111111,2.20843333333333,1.07306666666667,2.2859375,1.0448,3.28125,1.51278333333333,"KANOFF_CREEK"
1926,2.08333333333333,1.07,-1.68,-1.535,1.41333333333333,1.57,0.283333333333333,-0.595,-3.5,0.400444444444444,-3.19791666666667,-0.840933333333333,-1.64245,-0.93415,-1.7976,0.444833333333333,"KANOFF_CREEK"
1927,1.38,1.295,1.44,1.64,-0.9,-1.325,-3.02666666666667,-3.24,1.9872,2.724,2.2632,2.916,2.1238,4.293,1.8648,4.01033333333333,"KANOFF_CREEK"
1928,0.436666666666667,0.1,-1.05666666666667,-1.13,-2.11333333333333,-2.1875,-1.5,-1.045,-0.461411111111111,3.17,-0.493433333333333,2.20843333333333,-0.113,2.2859375,-0.105666666666667,3.28125,"KANOFF_CREEK"
1929,-1.57666666666667,-1.695,-2.47333333333333,-2.685,2.08333333333333,1.07,-1.68,-1.535,3.89962222222222,-3.5,4.23335,-3.19791666666667,4.551075,-1.64245,4.1923,-1.7976,"KANOFF_CREEK"
1930,-2.44666666666667,-2.4475,-2.46666666666667,-2.475,1.38,1.295,1.44,1.64,6.03511111111111,1.9872,6.0555,2.2632,6.0575625,2.1238,6.03716666666667,1.8648,"KANOFF_CREEK"
1931,-2.42666666666667,-2.64,-3.75666666666667,-3.995,0.436666666666667,0.1,-1.05666666666667,-1.13,9.11617777777778,-0.461411111111111,9.69453333333333,-0.493433333333333,10.5468,-0.113,9.9176,-0.105666666666667,"KANOFF_CREEK"
1932,-1.15333333333333,-0.455,0.54,-0.01,-1.57666666666667,-1.695,-2.47333333333333,-2.685,-0.6228,3.89962222222222,0.0115333333333333,4.23335,0.00455,4.551075,-0.2457,4.1923,"KANOFF_CREEK"
1933,-3.10333333333333,-2.9825,-2.96333333333333,-3.135,-2.44666666666667,-2.4475,-2.46666666666667,-2.475,9.19621111111111,6.03511111111111,9.72895,6.0555,9.3501375,6.0575625,8.83814166666667,6.03716666666667,"KANOFF_CREEK"
1934,-1.86,-2.045,-2.64666666666667,-2.67,-2.42666666666667,-2.64,-3.75666666666667,-3.995,4.9228,9.11617777777778,4.9662,9.69453333333333,5.46015,10.5468,5.41243333333333,9.9176,"KANOFF_CREEK"
1935,-2.32666666666667,-2.075,-1.54666666666667,-1.66,-1.15333333333333,-0.455,0.54,-0.01,3.59857777777778,-0.6228,3.86226666666667,0.0115333333333333,3.4445,0.00455,3.20933333333333,-0.2457,"KANOFF_CREEK"
1936,-0.45,-0.6875,0.383333333333333,1.275,-3.10333333333333,-2.9825,-2.96333333333333,-3.135,-0.1725,9.19621111111111,-0.57375,9.72895,-0.8765625,9.3501375,-0.263541666666667,8.83814166666667,"KANOFF_CREEK"
1937,-1.64333333333333,-1.645,-0.01,0.81,-1.86,-2.045,-2.64666666666667,-2.67,0.0164333333333333,4.9228,-1.3311,4.9662,-1.33245,5.46015,0.01645,5.41243333333333,"KANOFF_CREEK"
1938,0.23,0.1025,1.75333333333333,2.77,-2.32666666666667,-2.075,-1.54666666666667,-1.66,0.403266666666667,3.59857777777778,0.6371,3.86226666666667,0.283925,3.4445,0.179716666666667,3.20933333333333,"KANOFF_CREEK"
1939,-0.336666666666667,-0.795,-2.53,-2.71,-0.45,-0.6875,0.383333333333333,1.275,0.851766666666667,-0.1725,0.912366666666667,-0.57375,2.15445,-0.8765625,2.01135,-0.263541666666667,"KANOFF_CREEK"
1940,-3.15666666666667,-2.97,-0.14,0.995,-1.64333333333333,-1.645,-0.01,0.81,0.441933333333333,0.0164333333333333,-3.14088333333333,-1.3311,-2.95515,-1.33245,0.4158,0.01645,"KANOFF_CREEK"
1941,-0.12,0.3325,2.11333333333333,2.325,0.23,0.1025,1.75333333333333,2.77,-0.2536,0.403266666666667,-0.279,0.6371,0.7730625,0.283925,0.702683333333333,0.179716666666667,"KANOFF_CREEK"
1942,2.30333333333333,2.4025,2.41333333333333,2.27,-0.336666666666667,-0.795,-2.53,-2.71,5.55871111111111,0.851766666666667,5.22856666666667,0.912366666666667,5.453675,2.15445,5.79803333333333,2.01135,"KANOFF_CREEK"
1943,2.92,3.04,2.66666666666667,2.3,-3.15666666666667,-2.97,-0.14,0.995,7.78666666666667,0.441933333333333,6.716,-3.14088333333333,6.992,-2.95515,8.10666666666667,0.4158,"KANOFF_CREEK"
1944,-1.87666666666667,-2.1075,-2.4,-2.2,-0.12,0.3325,2.11333333333333,2.325,4.504,-0.2536,4.12866666666667,-0.279,4.6365,0.7730625,5.058,0.702683333333333,"KANOFF_CREEK"
1945,1.22,1.0775,0.823333333333333,0.91,2.30333333333333,2.4025,2.41333333333333,2.27,1.00446666666667,5.55871111111111,1.1102,5.22856666666667,0.980525,5.453675,0.887141666666667,5.79803333333333,"KANOFF_CREEK"
1946,1.40666666666667,1.3925,0.176666666666667,-0.41,2.92,3.04,2.66666666666667,2.3,0.248511111111111,7.78666666666667,-0.576733333333333,6.716,-0.570925,6.992,0.246008333333333,8.10666666666667,"KANOFF_CREEK"
1947,-1.87333333333333,-2.07,-2.82666666666667,-2.91,-1.87666666666667,-2.1075,-2.4,-2.2,5.29528888888889,4.504,5.4514,4.12866666666667,6.0237,4.6365,5.8512,5.058,"KANOFF_CREEK"
1948,-1.37,-1.6375,-2.75333333333333,-2.91,1.22,1.0775,0.823333333333333,0.91,3.77206666666667,1.00446666666667,3.9867,1.1102,4.765125,0.980525,4.50858333333333,0.887141666666667,"KANOFF_CREEK"
1949,-1.05666666666667,-1.2425,-1.44666666666667,-1.27,1.40666666666667,1.3925,0.176666666666667,-0.41,1.52864444444444,0.248511111111111,1.34196666666667,-0.576733333333333,1.577975,-0.570925,1.79748333333333,0.246008333333333,"KANOFF_CREEK"
1950,-2.44666666666667,-2.275,-1.95333333333333,-2.05,-1.87333333333333,-2.07,-2.82666666666667,-2.91,4.77915555555556,5.29528888888889,5.01566666666667,5.4514,4.66375,6.0237,4.44383333333333,5.8512,"KANOFF_CREEK"
1951,1.99,2.1975,2.08666666666667,1.72,-1.37,-1.6375,-2.75333333333333,-2.91,4.15246666666667,3.77206666666667,3.4228,3.9867,3.7797,4.765125,4.58545,4.50858333333333,"KANOFF_CREEK"
1952,1.41666666666667,2.065,3.57666666666667,3.36,-1.05666666666667,-1.2425,-1.44666666666667,-1.27,5.06694444444445,1.52864444444444,4.76,1.34196666666667,6.9384,1.577975,7.38581666666667,1.79748333333333,"KANOFF_CREEK"
1953,1.43333333333333,1.64,0.6,-0.23,-2.44666666666667,-2.275,-1.95333333333333,-2.05,0.86,4.77915555555556,-0.329666666666667,5.01566666666667,-0.3772,4.66375,0.984,4.44383333333333,"KANOFF_CREEK"
1954,-0.00333333333333337,-0.4825,-1.81333333333333,-1.76,1.99,2.1975,2.08666666666667,1.72,0.00604444444444452,4.15246666666667,0.00586666666666674,3.4228,0.8492,3.7797,0.874933333333333,4.58545,"KANOFF_CREEK"
1955,-0.86,-0.6,-0.683333333333333,-1.115,1.41666666666667,2.065,3.57666666666667,3.36,0.587666666666667,5.06694444444445,0.9589,4.76,0.669,6.9384,0.41,7.38581666666667,"KANOFF_CREEK"
1956,0.273333333333333,1.365,3.67666666666667,3.195,1.43333333333333,1.64,0.6,-0.23,1.00495555555556,0.86,0.8733,-0.329666666666667,4.361175,-0.3772,5.01865,0.984,"KANOFF_CREEK"
1957,-0.7,-1.2025,-2.58,-2.515,-0.00333333333333337,-0.4825,-1.81333333333333,-1.76,1.806,0.00604444444444452,1.7605,0.00586666666666674,3.0242875,0.8492,3.10245,0.874933333333333,"KANOFF_CREEK"
1958,3.18333333333333,2.9975,3.90666666666667,4.64,-0.86,-0.6,-0.683333333333333,-1.115,12.4362222222222,0.587666666666667,14.7706666666667,0.9589,13.9084,0.669,11.7102333333333,0.41,"KANOFF_CREEK"
1959,1.98666666666667,0.7775,-2.62666666666667,-2.515,0.273333333333333,1.365,3.67666666666667,3.195,-5.21831111111111,1.00495555555556,-4.99646666666667,0.8733,-1.9554125,4.361175,-2.04223333333333,5.01865,"KANOFF_CREEK"
1960,0.746666666666667,0.00749999999999995,-2.1,-2.045,-0.7,-1.2025,-2.58,-2.515,-1.568,1.806,-1.52693333333333,1.7605,-0.0153374999999999,3.0242875,-0.0157499999999999,3.10245,"KANOFF_CREEK"
1961,-1.72333333333333,-1.85,-2.51666666666667,-2.66,3.18333333333333,2.9975,3.90666666666667,4.64,4.33705555555556,12.4362222222222,4.58406666666667,14.7706666666667,4.921,13.9084,4.65583333333333,11.7102333333333,"KANOFF_CREEK"
1962,-1.66,-1.8025,-0.49,0.38,1.98666666666667,0.7775,-2.62666666666667,-2.515,0.8134,-5.21831111111111,-0.6308,-4.99646666666667,-0.68495,-1.9554125,0.883225,-2.04223333333333,"KANOFF_CREEK"
1963,4.16333333333333,3.77,2.70333333333333,2.76,0.746666666666667,0.00749999999999995,-2.1,-2.045,11.2548777777778,-1.568,11.4908,-1.52693333333333,10.4052,-0.0153374999999999,10.1915666666667,-0.0157499999999999,"KANOFF_CREEK"
1964,2.65333333333333,2.4075,-0.716666666666667,-1.91,-1.72333333333333,-1.85,-2.51666666666667,-2.66,-1.90155555555556,4.33705555555556,-5.06786666666667,4.58406666666667,-4.598325,4.921,-1.725375,4.65583333333333,"KANOFF_CREEK"
1965,-0.11,0.4125,0.483333333333333,-0.265,-1.66,-1.8025,-0.49,0.38,-0.0531666666666667,0.8134,0.02915,-0.6308,-0.1093125,-0.68495,0.199375,0.883225,"KANOFF_CREEK"
1966,0.513333333333333,0.67,0.186666666666667,-0.29,4.16333333333333,3.77,2.70333333333333,2.76,0.0958222222222222,11.2548777777778,-0.148866666666667,11.4908,-0.1943,10.4052,0.125066666666667,10.1915666666667,"KANOFF_CREEK"
1967,-1.86333333333333,-0.7175,2.04666666666667,1.71,2.65333333333333,2.4075,-0.716666666666667,-1.91,-3.81362222222222,-1.90155555555556,-3.1863,-5.06786666666667,-1.226925,-4.598325,-1.46848333333333,-1.725375,"KANOFF_CREEK"
1968,1.75666666666667,1.5675,-0.796666666666667,-1.695,-0.11,0.4125,0.483333333333333,-0.265,-1.39947777777778,-0.0531666666666667,-2.97755,0.02915,-2.6569125,-0.1093125,-1.248775,0.199375,"KANOFF_CREEK"
1969,-1.55,-0.7025,2.32666666666667,2.57,0.513333333333333,0.67,0.186666666666667,-0.29,-3.60633333333333,0.0958222222222222,-3.9835,-0.148866666666667,-1.805425,-0.1943,-1.63448333333333,0.125066666666667,"KANOFF_CREEK"
1970,0.283333333333333,0.62,0.343333333333333,-0.3,-1.86333333333333,-0.7175,2.04666666666667,1.71,0.0972777777777778,-3.81362222222222,-0.085,-3.1863,-0.186,-1.226925,0.212866666666667,-1.46848333333333,"KANOFF_CREEK"
1971,1.13333333333333,1.4575,1.55333333333333,1.115,1.75666666666667,1.5675,-0.796666666666667,-1.695,1.76044444444444,-1.39947777777778,1.26366666666667,-2.97755,1.6251125,-2.6569125,2.26398333333333,-1.248775,"KANOFF_CREEK"
1972,-1.48,-1.585,-2.51333333333333,-2.82,-1.55,-0.7025,2.32666666666667,2.57,3.71973333333333,-3.60633333333333,4.1736,-3.9835,4.4697,-1.805425,3.98363333333333,-1.63448333333333,"KANOFF_CREEK"
1973,3.64666666666667,3.9975,5.15,5.2,0.283333333333333,0.62,0.343333333333333,-0.3,18.7803333333333,0.0972777777777778,18.9626666666667,-0.085,20.787,-0.186,20.587125,0.212866666666667,"KANOFF_CREEK"
1974,3.57333333333333,3.72,3.69666666666667,3.465,1.13333333333333,1.4575,1.55333333333333,1.115,13.2094222222222,1.76044444444444,12.3816,1.26366666666667,12.8898,1.6251125,13.7516,2.26398333333333,"KANOFF_CREEK"
1975,1.51333333333333,0.6175,-0.49,0.3,-1.48,-1.585,-2.51333333333333,-2.82,-0.741533333333333,3.71973333333333,0.454,4.1736,0.18525,4.4697,-0.302575,3.98363333333333,"KANOFF_CREEK"
1976,1.89666666666667,0.8925,-2.63333333333333,-2.89,3.64666666666667,3.9975,5.15,5.2,-4.99455555555556,18.7803333333333,-5.48136666666667,18.9626666666667,-2.579325,20.787,-2.35025,20.587125,"KANOFF_CREEK"
1977,-2.61333333333333,-2.83,-3.83,-4.005,3.57333333333333,3.72,3.69666666666667,3.465,10.0090666666667,13.2094222222222,10.4664,12.3816,11.33415,12.8898,10.8389,13.7516,"KANOFF_CREEK"
1978,-1.99333333333333,-0.9475,2.27333333333333,2.315,1.51333333333333,0.6175,-0.49,0.3,-4.53151111111111,-0.741533333333333,-4.61456666666667,0.454,-2.1934625,0.18525,-2.15398333333333,-0.302575,"KANOFF_CREEK"
1979,-0.06,-0.3575,-0.573333333333333,-0.235,1.89666666666667,0.8925,-2.63333333333333,-2.89,0.0344,-4.99455555555556,0.0141,-5.48136666666667,0.0840125,-2.579325,0.204966666666667,-2.35025,"KANOFF_CREEK"
1980,1.25,1.365,2.12,2.325,-2.61333333333333,-2.83,-3.83,-4.005,2.65,10.0090666666667,2.90625,10.4664,3.173625,11.33415,2.8938,10.8389,"KANOFF_CREEK"
1981,-1.9,-1.985,-2.31,-2.345,-1.99333333333333,-0.9475,2.27333333333333,2.315,4.389,-4.53151111111111,4.4555,-4.61456666666667,4.654825,-2.1934625,4.58535,-2.15398333333333,"KANOFF_CREEK"
1982,1.71666666666667,2.4725,4.80333333333333,4.835,-0.06,-0.3575,-0.573333333333333,-0.235,8.24572222222222,0.0344,8.30008333333333,0.0141,11.9545375,0.0840125,11.8762416666667,0.204966666666667,"KANOFF_CREEK"
1983,6.23666666666667,6.4275,8.23333333333333,8.85,1.25,1.365,2.12,2.325,51.3485555555556,2.65,55.1945,2.90625,56.883375,3.173625,52.91975,2.8938,"KANOFF_CREEK"
1984,6.99,6.88,5.21333333333333,4.545,-1.9,-1.985,-2.31,-2.345,36.4412,4.389,31.76955,4.4555,31.2696,4.654825,35.8677333333333,4.58535,"KANOFF_CREEK"
1985,3.09333333333333,2.8725,1.77,1.55,1.71666666666667,2.4725,4.80333333333333,4.835,5.4752,8.24572222222222,4.79466666666667,8.30008333333333,4.452375,11.9545375,5.084325,11.8762416666667,"KANOFF_CREEK"
1986,-1.53,-1.525,1.08,2.375,6.23666666666667,6.4275,8.23333333333333,8.85,-1.6524,51.3485555555556,-3.63375,55.1945,-3.621875,56.883375,-1.647,52.91975,"KANOFF_CREEK"
1987,-1.09,-1.4825,-2.36,-2.21,6.99,6.88,5.21333333333333,4.545,2.5724,36.4412,2.4089,31.76955,3.276325,31.2696,3.4987,35.8677333333333,"KANOFF_CREEK"
1988,-2.99,-2.885,-3.31333333333333,-3.685,3.09333333333333,2.8725,1.77,1.55,9.90686666666667,5.4752,11.01815,4.79466666666667,10.631225,4.452375,9.55896666666667,5.084325,"KANOFF_CREEK"
1989,-3.03666666666667,-3.05,-2.96333333333333,-2.9,-1.53,-1.525,1.08,2.375,8.99865555555555,-1.6524,8.80633333333333,-3.63375,8.845,-3.621875,9.03816666666667,-1.647,"KANOFF_CREEK"
1990,-1.95333333333333,-2.2525,-3.45,-3.6,-1.09,-1.4825,-2.36,-2.21,6.739,2.5724,7.032,2.4089,8.109,3.276325,7.771125,3.4987,"KANOFF_CREEK"
1991,-2.83333333333333,-3.055,-3.20666666666667,-2.95,-2.99,-2.885,-3.31333333333333,-3.685,9.08555555555556,9.90686666666667,8.35833333333333,11.01815,9.01225,10.631225,9.79636666666667,9.55896666666667,"KANOFF_CREEK"
1992,-0.263333333333333,-0.6925,0.266666666666667,1.39,-3.03666666666667,-3.05,-2.96333333333333,-2.9,-0.0702222222222222,8.99865555555555,-0.366033333333333,8.80633333333333,-0.962575,8.845,-0.184666666666667,9.03816666666667,"KANOFF_CREEK"
1993,-1.53333333333333,-0.615,1.95333333333333,1.86,-1.95333333333333,-2.2525,-3.45,-3.6,-2.99511111111111,6.739,-2.852,7.032,-1.1439,8.109,-1.2013,7.771125,"KANOFF_CREEK"
1994,-1.55333333333333,-1.7875,-2.39333333333333,-2.345,-2.83333333333333,-3.055,-3.20666666666667,-2.95,3.71764444444445,9.08555555555556,3.64256666666667,8.35833333333333,4.1916875,9.01225,4.27808333333333,9.79636666666667,"KANOFF_CREEK"
1995,0.613333333333333,1.2975,3.03,2.87,-0.263333333333333,-0.6925,0.266666666666667,1.39,1.8584,-0.0702222222222222,1.76026666666667,-0.366033333333333,3.723825,-0.962575,3.931425,-0.184666666666667,"KANOFF_CREEK"
1996,1.70333333333333,1.7825,2.29333333333333,2.43,-1.53333333333333,-0.615,1.95333333333333,1.86,3.90631111111111,-2.99511111111111,4.1391,-2.852,4.331475,-1.1439,4.08786666666667,-1.2013,"KANOFF_CREEK"
1997,2.91666666666667,3.38,3.32666666666667,2.605,-1.55333333333333,-1.7875,-2.39333333333333,-2.345,9.70277777777778,3.71764444444445,7.59791666666667,3.64256666666667,8.8049,4.1916875,11.2441333333333,4.27808333333333,"KANOFF_CREEK"
1998,0.543333333333333,1.2375,5.03666666666667,5.895,0.613333333333333,1.2975,3.03,2.87,2.73658888888889,1.8584,3.20295,1.76026666666667,7.2950625,3.723825,6.232875,3.931425,"KANOFF_CREEK"
1999,4.38333333333333,4.08,3.71666666666667,3.99,1.70333333333333,1.7825,2.29333333333333,2.43,16.2913888888889,3.90631111111111,17.4895,4.1391,16.2792,4.331475,15.164,4.08786666666667,"KANOFF_CREEK"
2000,0.566666666666667,0.14,0.773333333333333,1.73,2.91666666666667,3.38,3.32666666666667,2.605,0.438222222222222,9.70277777777778,0.980333333333333,7.59791666666667,0.2422,8.8049,0.108266666666667,11.2441333333333,"KANOFF_CREEK"
2001,1.51666666666667,0.675,-1.31666666666667,-1.05,0.543333333333333,1.2375,5.03666666666667,5.895,-1.99694444444444,2.73658888888889,-1.5925,3.20295,-0.70875,7.2950625,-0.88875,6.232875,"KANOFF_CREEK"
2002,0.2,0.7,1.52,1.18,4.38333333333333,4.08,3.71666666666667,3.99,0.304,16.2913888888889,0.236,17.4895,0.826,16.2792,1.064,15.164,"KANOFF_CREEK"
2003,-0.673333333333333,-0.0699999999999999,0.283333333333333,-0.445,0.566666666666667,0.14,0.773333333333333,1.73,-0.190777777777778,0.438222222222222,0.299633333333333,0.980333333333333,0.03115,0.2422,-0.0198333333333333,0.108266666666667,"KANOFF_CREEK"
2004,-0.603333333333333,-0.5525,-0.09,0.065,1.51666666666667,0.675,-1.31666666666667,-1.05,0.0543,-1.99694444444444,-0.0392166666666667,-1.5925,-0.0359125,-0.70875,0.049725,-0.88875,"KANOFF_CREEK"
2005,-0.393333333333333,0.1075,1.67666666666667,1.71,0.2,0.7,1.52,1.18,-0.659488888888889,0.304,-0.6726,0.236,0.183825,0.826,0.180241666666667,1.064,"KANOFF_CREEK"
2006,2.35333333333333,2.465,3.02,3.13,-0.673333333333333,-0.0699999999999999,0.283333333333333,-0.445,7.10706666666667,-0.190777777777778,7.36593333333333,0.299633333333333,7.71545,0.03115,7.4443,-0.0198333333333333,"KANOFF_CREEK"
2007,1.36333333333333,0.4575,-2.11,-2.035,-0.603333333333333,-0.5525,-0.09,0.065,-2.87663333333333,0.0543,-2.77438333333333,-0.0392166666666667,-0.9310125,-0.0359125,-0.965325,0.049725,"KANOFF_CREEK"
2008,-2.46,-2.1825,-1.69,-1.86,-0.393333333333333,0.1075,1.67666666666667,1.71,4.1574,-0.659488888888889,4.5756,-0.6726,4.05945,0.183825,3.688425,0.180241666666667,"KANOFF_CREEK"
2009,-3.83,-3.9475,-3.22,-2.68,2.35333333333333,2.465,3.02,3.13,12.3326,7.10706666666667,10.2644,7.36593333333333,10.5793,7.71545,12.71095,7.4443,"KANOFF_CREEK"
2010,0.5,0.49,0.0566666666666667,-0.145,1.36333333333333,0.4575,-2.11,-2.035,0.0283333333333333,-2.87663333333333,-0.0725,-2.77438333333333,-0.07105,-0.9310125,0.0277666666666667,-0.965325,"KANOFF_CREEK"
2011,2.77666666666667,2.56,2.64666666666667,3.015,-2.46,-2.1825,-1.69,-1.86,7.34891111111111,4.1574,8.37165,4.5756,7.7184,4.05945,6.77546666666667,3.688425,"KANOFF_CREEK"
2012,4.27333333333333,3.73,1.74666666666667,1.57,-3.83,-3.9475,-3.22,-2.68,7.46408888888889,12.3326,6.70913333333333,10.2644,5.8561,10.5793,6.51506666666667,12.71095,"KANOFF_CREEK"
2013,2.53666666666667,2.4725,0.356666666666667,-0.605,0.5,0.49,0.0566666666666667,-0.145,0.904744444444444,0.0283333333333333,-1.53468333333333,-0.0725,-1.4958625,-0.07105,0.881858333333333,0.0277666666666667,"KANOFF_CREEK"
2014,-2.85,-3.195,-4.21666666666667,-4.21,2.77666666666667,2.56,2.64666666666667,3.015,12.0175,7.34891111111111,11.9985,8.37165,13.45095,7.7184,13.47225,6.77546666666667,"KANOFF_CREEK"
2015,-0.756666666666667,-0.2775,-1.06666666666667,-2.18,4.27333333333333,3.73,1.74666666666667,1.57,0.807111111111111,7.46408888888889,1.64953333333333,6.70913333333333,0.60495,5.8561,0.296,6.51506666666667,"KANOFF_CREEK"
2016,-3.33333333333333,-3.0375,-1.94666666666667,-1.845,2.53666666666667,2.4725,0.356666666666667,-0.605,6.48888888888889,0.904744444444444,6.15,-1.53468333333333,5.6041875,-1.4958625,5.913,0.881858333333333,"KANOFF_CREEK"
2017,1.85,2.305,4.51333333333333,4.935,-2.85,-3.195,-4.21666666666667,-4.21,8.34966666666667,12.0175,9.12975,11.9985,11.375175,13.45095,10.4032333333333,13.47225,"KANOFF_CREEK"
2018,1.45666666666667,1.23,-1.01,-1.79,-0.756666666666667,-0.2775,-1.06666666666667,-2.18,-1.47123333333333,0.807111111111111,-2.60743333333333,1.64953333333333,-2.2017,0.60495,-1.2423,0.296,"KANOFF_CREEK"
2019,-0.396666666666667,-0.4575,1.06,1.91,-3.33333333333333,-3.0375,-1.94666666666667,-1.845,-0.420466666666667,6.48888888888889,-0.757633333333333,6.15,-0.873825,5.6041875,-0.48495,5.913,"KANOFF_CREEK"
2020,-0.54,-0.8325,-2.17333333333333,-2.405,1.85,2.305,4.51333333333333,4.935,1.1736,8.34966666666667,1.2987,9.12975,2.0021625,11.375175,1.8093,10.4032333333333,"KANOFF_CREEK"
2021,4.11666666666667,3.99,2.29333333333333,1.635,1.45666666666667,1.23,-1.01,-1.79,9.44088888888889,-1.47123333333333,6.73075,-2.60743333333333,6.52365,-2.2017,9.1504,-1.2423,"KANOFF_CREEK"
2022,-2.07,-0.7225,3.97,4.295,-0.396666666666667,-0.4575,1.06,1.91,-8.2179,-0.420466666666667,-8.89065,-0.757633333333333,-3.1031375,-0.873825,-2.868325,-0.48495,"KANOFF_CREEK"
2023,1.35333333333333,1.3025,1.69333333333333,1.965,-0.54,-0.8325,-2.17333333333333,-2.405,2.29164444444444,1.1736,2.6593,1.2987,2.5594125,2.0021625,2.20556666666667,1.8093,"KANOFF_CREEK"
2024,1.49666666666667,1.6475,2.54666666666667,2.77,4.11666666666667,3.99,2.29333333333333,1.635,3.81151111111111,9.44088888888889,4.14576666666667,6.73075,4.563575,6.52365,4.19563333333333,9.1504,"KANOFF_CREEK"
2025,1.96333333333333,1.7875,1.57666666666667,1.735,-2.07,-0.7225,3.97,4.295,3.09552222222222,-8.2179,3.40638333333333,-8.89065,3.1013125,-3.1031375,2.81829166666667,-2.868325,"KANOFF_CREEK"
2026,-9999,-9999,-9999,-9999,1.35333333333333,1.3025,1.69333333333333,1.965,99980001,2.29164444444444,99980001,2.6593,99980001,2.5594125,99980001,2.20556666666667,"KANOFF_CREEK"
1896,-0.786666666666667,-0.2825,-0.346666666666667,-1.135,NA,NA,NA,NA,0.272711111111111,NA,0.892866666666667,NA,0.3206375,NA,0.0979333333333334,NA,"LAGUNA_SALADA"
1897,2.71333333333333,2.57,2.62666666666667,2.87,NA,NA,NA,NA,7.12702222222222,NA,7.78726666666667,NA,7.3759,NA,6.75053333333333,NA,"LAGUNA_SALADA"
1898,-0.906666666666667,-1.2,-2.26666666666667,-2.36,NA,NA,NA,NA,2.05511111111111,NA,2.13973333333333,NA,2.832,NA,2.72,NA,"LAGUNA_SALADA"
1899,0.233333333333333,-0.1925,-0.63,-0.21,-0.786666666666667,-0.2825,-0.346666666666667,-1.135,-0.147,0.272711111111111,-0.049,0.892866666666667,0.040425,0.3206375,0.121275,0.0979333333333334,"LAGUNA_SALADA"
1900,3.56,3.4825,2.21666666666667,1.7,2.71333333333333,2.57,2.62666666666667,2.87,7.89133333333333,7.12702222222222,6.052,7.78726666666667,5.92025,7.3759,7.71954166666667,6.75053333333333,"LAGUNA_SALADA"
1901,1.37333333333333,1.355,0.666666666666667,0.35,-0.906666666666667,-1.2,-2.26666666666667,-2.36,0.915555555555556,2.05511111111111,0.480666666666667,2.13973333333333,0.47425,2.832,0.903333333333333,2.72,"LAGUNA_SALADA"
1902,0.496666666666667,-0.045,0.566666666666667,1.685,0.233333333333333,-0.1925,-0.63,-0.21,0.281444444444444,-0.147,0.836883333333333,-0.049,-0.075825,0.040425,-0.0255,0.121275,"LAGUNA_SALADA"
1903,1.67333333333333,1.6,1.32,1.29,3.56,3.4825,2.21666666666667,1.7,2.2088,7.89133333333333,2.1586,6.052,2.064,5.92025,2.112,7.71954166666667,"LAGUNA_SALADA"
1904,-0.443333333333333,-0.685,1.19333333333333,2.495,1.37333333333333,1.355,0.666666666666667,0.35,-0.529044444444444,0.915555555555556,-1.10611666666667,0.480666666666667,-1.709075,0.47425,-0.817433333333333,0.903333333333333,"LAGUNA_SALADA"
1905,4.59333333333333,4.305,3.14333333333333,2.995,0.496666666666667,-0.045,0.566666666666667,1.685,14.4383777777778,0.281444444444444,13.7570333333333,0.836883333333333,12.893475,-0.075825,13.53205,-0.0255,"LAGUNA_SALADA"
1906,1.34333333333333,1.205,1.31666666666667,1.58,1.67333333333333,1.6,1.32,1.29,1.76872222222222,2.2088,2.12246666666667,2.1586,1.9039,2.064,1.58658333333333,2.112,"LAGUNA_SALADA"
1907,2.15,2.195,3.01666666666667,3.36,-0.443333333333333,-0.685,1.19333333333333,2.495,6.48583333333333,-0.529044444444444,7.224,-1.10611666666667,7.3752,-1.709075,6.62158333333333,-0.817433333333333,"LAGUNA_SALADA"
1908,-0.506666666666667,-0.7525,-1.64333333333333,-1.72,4.59333333333333,4.305,3.14333333333333,2.995,0.832622222222222,14.4383777777778,0.871466666666667,13.7570333333333,1.2943,12.893475,1.23660833333333,13.53205,"LAGUNA_SALADA"
1909,-2.16666666666667,-0.9725,3.18333333333333,3.47,1.34333333333333,1.205,1.31666666666667,1.58,-6.89722222222222,1.76872222222222,-7.51833333333333,2.12246666666667,-3.374575,1.9039,-3.09579166666667,1.58658333333333,"LAGUNA_SALADA"
1910,-0.21,0.0875,0.176666666666667,-0.225,2.15,2.195,3.01666666666667,3.36,-0.0371,6.48583333333333,0.04725,7.224,-0.0196875,7.3752,0.0154583333333333,6.62158333333333,"LAGUNA_SALADA"
1911,-2.59666666666667,-2.1125,0.25,0.705,-0.506666666666667,-0.7525,-1.64333333333333,-1.72,-0.649166666666667,0.832622222222222,-1.83065,0.871466666666667,-1.4893125,1.2943,-0.528125,1.23660833333333,"LAGUNA_SALADA"
1912,-1.22666666666667,-1.5275,-2.79,-2.97,-2.16666666666667,-0.9725,3.18333333333333,3.47,3.4224,-6.89722222222222,3.6432,-7.51833333333333,4.536675,-3.374575,4.261725,-3.09579166666667,"LAGUNA_SALADA"
1913,2.34333333333333,2.075,-0.943333333333333,-2.05,-0.21,0.0875,0.176666666666667,-0.225,-2.21054444444444,-0.0371,-4.80383333333333,0.04725,-4.25375,-0.0196875,-1.95741666666667,0.0154583333333333,"LAGUNA_SALADA"
1914,-0.626666666666667,0.585,3.55,3.215,-2.59666666666667,-2.1125,0.25,0.705,-2.22466666666667,-0.649166666666667,-2.01473333333333,-1.83065,1.880775,-1.4893125,2.07675,-0.528125,"LAGUNA_SALADA"
1915,-1.59,-1.35,1.12333333333333,2,-1.22666666666667,-1.5275,-2.79,-2.97,-1.7861,3.4224,-3.18,3.6432,-2.7,4.536675,-1.5165,4.261725,"LAGUNA_SALADA"
1916,1.57666666666667,2.155,3.06,2.645,2.34333333333333,2.075,-0.943333333333333,-2.05,4.8246,-2.21054444444444,4.17028333333333,-4.80383333333333,5.699975,-4.25375,6.5943,-1.95741666666667,"LAGUNA_SALADA"
1917,1.04333333333333,0.615,-0.126666666666667,0.145,-0.626666666666667,0.585,3.55,3.215,-0.132155555555556,-2.22466666666667,0.151283333333333,-2.01473333333333,0.089175,1.880775,-0.0779,2.07675,"LAGUNA_SALADA"
1918,-2.34333333333333,-2.57,-3.07333333333333,-2.985,-1.59,-1.35,1.12333333333333,2,7.20184444444444,-1.7861,6.99485,-3.18,7.67145,-2.7,7.89846666666667,-1.5165,"LAGUNA_SALADA"
1919,3.00333333333333,2.685,2.64333333333333,3.1,1.57666666666667,2.155,3.06,2.645,7.93881111111111,4.8246,9.31033333333333,4.17028333333333,8.3235,5.699975,7.09735,6.5943,"LAGUNA_SALADA"
1920,-2.33333333333333,-2.59,-3.46666666666667,-3.52,1.04333333333333,0.615,-0.126666666666667,0.145,8.08888888888889,-0.132155555555556,8.21333333333333,0.151283333333333,9.1168,0.089175,8.97866666666667,-0.0779,"LAGUNA_SALADA"
1921,1.06666666666667,1.53,1.89666666666667,1.385,-2.34333333333333,-2.57,-3.07333333333333,-2.985,2.02311111111111,7.20184444444444,1.47733333333333,6.99485,2.11905,7.67145,2.9019,7.89846666666667,"LAGUNA_SALADA"
1922,-1.70666666666667,-1.685,-1.07333333333333,-0.8,3.00333333333333,2.685,2.64333333333333,3.1,1.83182222222222,7.93881111111111,1.36533333333333,9.31033333333333,1.348,8.3235,1.80856666666667,7.09735,"LAGUNA_SALADA"
1923,1.36666666666667,1.51,0.193333333333333,-0.68,-2.33333333333333,-2.59,-3.46666666666667,-3.52,0.264222222222222,8.08888888888889,-0.929333333333333,8.21333333333333,-1.0268,9.1168,0.291933333333333,8.97866666666667,"LAGUNA_SALADA"
1924,-0.94,-1.375,-3.06333333333333,-3.255,1.06666666666667,1.53,1.89666666666667,1.385,2.87953333333333,2.02311111111111,3.0597,1.47733333333333,4.475625,2.11905,4.21208333333333,2.9019,"LAGUNA_SALADA"
1925,-1.96666666666667,-2.045,-1.39333333333333,-0.95,-1.70666666666667,-1.685,-1.07333333333333,-0.8,2.74022222222222,1.83182222222222,1.86833333333333,1.36533333333333,1.94275,1.348,2.84936666666667,1.80856666666667,"LAGUNA_SALADA"
1926,1.88,0.955,-1.55333333333333,-1.42,1.36666666666667,1.51,0.193333333333333,-0.68,-2.92026666666667,0.264222222222222,-2.6696,-0.929333333333333,-1.3561,-1.0268,-1.48343333333333,0.291933333333333,"LAGUNA_SALADA"
1927,1.49666666666667,1.4075,1.5,1.68,-0.94,-1.375,-3.06333333333333,-3.255,2.245,2.87953333333333,2.5144,3.0597,2.3646,4.475625,2.11125,4.21208333333333,"LAGUNA_SALADA"
1928,0.71,0.38,-0.856666666666667,-0.98,-1.96666666666667,-2.045,-1.39333333333333,-0.95,-0.608233333333333,2.74022222222222,-0.6958,1.86833333333333,-0.3724,1.94275,-0.325533333333333,2.84936666666667,"LAGUNA_SALADA"
1929,-1.44666666666667,-1.5775,-2.41,-2.63,1.88,0.955,-1.55333333333333,-1.42,3.48646666666667,-2.92026666666667,3.80473333333333,-2.6696,4.148825,-1.3561,3.801775,-1.48343333333333,"LAGUNA_SALADA"
1930,-2.46666666666667,-2.455,-2.45333333333333,-2.47,1.49666666666667,1.4075,1.5,1.68,6.05155555555556,2.245,6.09266666666667,2.5144,6.06385,2.3646,6.02293333333333,2.11125,"LAGUNA_SALADA"
1931,-2.43333333333333,-2.6025,-3.64666666666667,-3.915,0.71,0.38,-0.856666666666667,-0.98,8.87355555555556,-0.608233333333333,9.5265,-0.6958,10.1887875,-0.3724,9.49045,-0.325533333333333,"LAGUNA_SALADA"
1932,-1.13666666666667,-0.4675,0.403333333333333,-0.165,-1.44666666666667,-1.5775,-2.41,-2.63,-0.458455555555556,3.48646666666667,0.18755,3.80473333333333,0.0771375,4.148825,-0.188558333333333,3.801775,"LAGUNA_SALADA"
1933,-3.13333333333333,-3.0275,-3.05333333333333,-3.225,-2.46666666666667,-2.455,-2.45333333333333,-2.47,9.56711111111111,6.05155555555556,10.105,6.09266666666667,9.7636875,6.06385,9.24396666666667,6.02293333333333,"LAGUNA_SALADA"
1934,-1.89333333333333,-2.0675,-2.63,-2.65,-2.43333333333333,-2.6025,-3.64666666666667,-3.915,4.97946666666667,8.87355555555556,5.01733333333333,9.5265,5.478875,10.1887875,5.437525,9.49045,"LAGUNA_SALADA"
1935,-2.32666666666667,-2.09,-1.62,-1.74,-1.13666666666667,-0.4675,0.403333333333333,-0.165,3.7692,-0.458455555555556,4.0484,0.18755,3.6366,0.0771375,3.3858,-0.188558333333333,"LAGUNA_SALADA"
1936,-0.666666666666667,-0.85,0.313333333333333,1.17,-3.13333333333333,-3.0275,-3.05333333333333,-3.225,-0.208888888888889,9.56711111111111,-0.78,10.105,-0.9945,9.7636875,-0.266333333333333,9.24396666666667,"LAGUNA_SALADA"
1937,-2.11,-2.1125,-0.346666666666667,0.54,-1.89333333333333,-2.0675,-2.63,-2.65,0.731466666666666,4.97946666666667,-1.1394,5.01733333333333,-1.14075,5.478875,0.732333333333333,5.437525,"LAGUNA_SALADA"
1938,-0.316666666666667,-0.3125,1.80333333333333,2.855,-2.32666666666667,-2.09,-1.62,-1.74,-0.571055555555556,3.7692,-0.904083333333333,4.0484,-0.8921875,3.6366,-0.563541666666667,3.3858,"LAGUNA_SALADA"
1939,0.186666666666667,-0.3825,-2.40333333333333,-2.56,-0.666666666666667,-0.85,0.313333333333333,1.17,-0.448622222222222,-0.208888888888889,-0.477866666666667,-0.78,0.9792,-0.9945,0.919275,-0.266333333333333,"LAGUNA_SALADA"
1940,-3.01666666666667,-2.7975,1.03666666666667,2.625,-2.11,-2.1125,-0.346666666666667,0.54,-3.12727777777778,0.731466666666666,-7.91875,-1.1394,-7.3434375,-1.14075,-2.900075,0.732333333333333,"LAGUNA_SALADA"
1941,0.26,0.64,2.28,2.53,-0.316666666666667,-0.3125,1.80333333333333,2.855,0.5928,-0.571055555555556,0.6578,-0.904083333333333,1.6192,-0.8921875,1.4592,-0.563541666666667,"LAGUNA_SALADA"
1942,2.52333333333333,2.605,2.58666666666667,2.455,0.186666666666667,-0.3825,-2.40333333333333,-2.56,6.52702222222222,-0.448622222222222,6.19478333333333,-0.477866666666667,6.395275,0.9792,6.73826666666667,0.919275,"LAGUNA_SALADA"
1943,3.12333333333333,3.2375,2.83333333333333,2.46,-3.01666666666667,-2.7975,1.03666666666667,2.625,8.84944444444445,-3.12727777777778,7.6834,-7.91875,7.96425,-7.3434375,9.17291666666667,-2.900075,"LAGUNA_SALADA"
1944,-1.80666666666667,-2.0175,-2.31666666666667,-2.15,0.26,0.64,2.28,2.53,4.18544444444445,0.5928,3.88433333333333,0.6578,4.337625,1.6192,4.673875,1.4592,"LAGUNA_SALADA"
1945,1.17666666666667,0.6175,-0.44,-0.13,2.52333333333333,2.605,2.58666666666667,2.455,-0.517733333333333,6.52702222222222,-0.152966666666667,6.19478333333333,-0.080275,6.395275,-0.2717,6.73826666666667,"LAGUNA_SALADA"
1946,1.51333333333333,1.52,0.256666666666667,-0.385,3.12333333333333,3.2375,2.83333333333333,2.46,0.388422222222222,8.84944444444445,-0.582633333333333,7.6834,-0.5852,7.96425,0.390133333333333,9.17291666666667,"LAGUNA_SALADA"
1947,-1.85666666666667,-2.0475,-2.77333333333333,-2.85,-1.80666666666667,-2.0175,-2.31666666666667,-2.15,5.14915555555556,4.18544444444445,5.2915,3.88433333333333,5.835375,4.337625,5.6784,4.673875,"LAGUNA_SALADA"
1948,-1.31333333333333,-1.605,-2.72,-2.84,1.17666666666667,0.6175,-0.44,-0.13,3.57226666666667,-0.517733333333333,3.72986666666667,-0.152966666666667,4.5582,-0.080275,4.3656,-0.2717,"LAGUNA_SALADA"
1949,-0.573333333333333,-0.86,-1.34333333333333,-1.155,1.51333333333333,1.52,0.256666666666667,-0.385,0.770177777777778,0.388422222222222,0.6622,-0.582633333333333,0.9933,-0.5852,1.15526666666667,0.390133333333333,"LAGUNA_SALADA"
1950,-2.24,-2.07,-1.75333333333333,-1.85,-1.85666666666667,-2.0475,-2.77333333333333,-2.85,3.92746666666667,5.14915555555556,4.144,5.2915,3.8295,5.835375,3.6294,5.6784,"LAGUNA_SALADA"
1951,2.14,2.3375,2.2,1.835,-1.31333333333333,-1.605,-2.72,-2.84,4.708,3.57226666666667,3.9269,3.72986666666667,4.2893125,4.5582,5.1425,4.3656,"LAGUNA_SALADA"
1952,1.49,2.11,3.58333333333333,3.39,-0.573333333333333,-0.86,-1.34333333333333,-1.155,5.33916666666667,0.770177777777778,5.0511,0.6622,7.1529,0.9933,7.56083333333333,1.15526666666667,"LAGUNA_SALADA"
1953,1.31,1.54,0.596666666666667,-0.22,-2.24,-2.07,-1.75333333333333,-1.85,0.781633333333333,3.92746666666667,-0.2882,4.144,-0.3388,3.8295,0.918866666666667,3.6294,"LAGUNA_SALADA"
1954,0.0433333333333333,-0.405,-1.63,-1.57,2.14,2.3375,2.2,1.835,-0.0706333333333333,4.708,-0.0680333333333333,3.9269,0.63585,4.2893125,0.66015,5.1425,"LAGUNA_SALADA"
1955,-0.783333333333333,-0.5625,-0.993333333333333,-1.54,1.49,2.11,3.58333333333333,3.39,0.778111111111111,5.33916666666667,1.20633333333333,5.0511,0.86625,7.1529,0.55875,7.56083333333333,"LAGUNA_SALADA"
1956,0.27,1.31,3.53,3.08,1.31,1.54,0.596666666666667,-0.22,0.9531,0.781633333333333,0.8316,-0.2882,4.0348,-0.3388,4.6243,0.918866666666667,"LAGUNA_SALADA"
1957,-0.393333333333333,-0.9075,-2.24666666666667,-2.145,0.0433333333333333,-0.405,-1.63,-1.57,0.883688888888889,-0.0706333333333333,0.8437,-0.0680333333333333,1.9465875,0.63585,2.03885,0.66015,"LAGUNA_SALADA"
1958,3.19666666666667,3.0275,3.93666666666667,4.645,-0.783333333333333,-0.5625,-0.993333333333333,-1.54,12.5842111111111,0.778111111111111,14.8485166666667,1.20633333333333,14.0627375,0.86625,11.9182583333333,0.55875,"LAGUNA_SALADA"
1959,1.79333333333333,0.665,-2.52,-2.42,0.27,1.31,3.53,3.08,-4.5192,0.9531,-4.33986666666667,0.8316,-1.6093,4.0348,-1.6758,4.6243,"LAGUNA_SALADA"
1960,0.65,-0.0625000000000001,-2.12666666666667,-2.09,-0.393333333333333,-0.9075,-2.24666666666667,-2.145,-1.38233333333333,0.883688888888889,-1.3585,0.8437,0.130625,1.9465875,0.132916666666667,2.03885,"LAGUNA_SALADA"
1961,-1.66333333333333,-1.7975,-2.48,-2.62,3.19666666666667,3.0275,3.93666666666667,4.645,4.12506666666667,12.5842111111111,4.35793333333333,14.8485166666667,4.70945,14.0627375,4.4578,11.9182583333333,"LAGUNA_SALADA"
1962,-1.7,-1.85,-1.2,-0.65,1.79333333333333,0.665,-2.52,-2.42,2.04,-4.5192,1.105,-4.33986666666667,1.2025,-1.6093,2.22,-1.6758,"LAGUNA_SALADA"
1963,3.89333333333333,3.5125,2.46333333333333,2.51,0.65,-0.0625000000000001,-2.12666666666667,-2.09,9.59057777777778,-1.38233333333333,9.77226666666667,-1.3585,8.816375,0.130625,8.65245833333333,0.132916666666667,"LAGUNA_SALADA"
1964,2.55,2.325,-0.72,-1.905,-1.66333333333333,-1.7975,-2.48,-2.62,-1.836,4.12506666666667,-4.85775,4.35793333333333,-4.429125,4.70945,-1.674,4.4578,"LAGUNA_SALADA"
1965,0.0333333333333334,0.545,0.516666666666667,-0.265,-1.7,-1.85,-1.2,-0.65,0.0172222222222223,2.04,-0.00883333333333335,1.105,-0.144425,1.2025,0.281583333333333,2.22,"LAGUNA_SALADA"
1966,0.446666666666667,0.58,0.0733333333333333,-0.38,3.89333333333333,3.5125,2.46333333333333,2.51,0.0327555555555556,9.59057777777778,-0.169733333333333,9.77226666666667,-0.2204,8.816375,0.0425333333333333,8.65245833333333,"LAGUNA_SALADA"
1967,-1.77666666666667,-0.6725,2.02333333333333,1.715,2.55,2.325,-0.72,-1.905,-3.59478888888889,-1.836,-3.04698333333333,-4.85775,-1.1533375,-4.429125,-1.36069166666667,-1.674,"LAGUNA_SALADA"
1968,1.59333333333333,1.4175,-0.866666666666667,-1.745,0.0333333333333334,0.545,0.516666666666667,-0.265,-1.38088888888889,0.0172222222222223,-2.78036666666667,-0.00883333333333335,-2.4735375,-0.144425,-1.2285,0.281583333333333,"LAGUNA_SALADA"
1969,-1.58,-0.7425,2.19,2.4,0.446666666666667,0.58,0.0733333333333333,-0.38,-3.4602,0.0327555555555556,-3.792,-0.169733333333333,-1.782,-0.2204,-1.626075,0.0425333333333333,"LAGUNA_SALADA"
1970,0.256666666666667,0.6375,0.403333333333333,-0.285,-1.77666666666667,-0.6725,2.02333333333333,1.715,0.103522222222222,-3.59478888888889,-0.07315,-3.04698333333333,-0.1816875,-1.1533375,0.257125,-1.36069166666667,"LAGUNA_SALADA"
1971,1.07,1.3625,1.37,0.935,1.59333333333333,1.4175,-0.866666666666667,-1.745,1.4659,-1.38088888888889,1.00045,-2.78036666666667,1.2739375,-2.4735375,1.866625,-1.2285,"LAGUNA_SALADA"
1972,-1.48,-1.575,-2.46333333333333,-2.765,-1.58,-0.7425,2.19,2.4,3.64573333333333,-3.4602,4.0922,-3.792,4.354875,-1.782,3.87975,-1.626075,"LAGUNA_SALADA"
1973,3.60666666666667,3.94,5.00333333333333,5.035,0.256666666666667,0.6375,0.403333333333333,-0.285,18.0453555555556,0.103522222222222,18.1595666666667,-0.07315,19.8379,-0.1816875,19.7131333333333,0.257125,"LAGUNA_SALADA"
1974,3.46333333333333,3.5825,3.53333333333333,3.33,1.07,1.3625,1.37,0.935,12.2371111111111,1.4659,11.5329,1.00045,11.929725,1.2739375,12.6581666666667,1.866625,"LAGUNA_SALADA"
1975,1.41333333333333,0.5025,-0.436666666666667,0.46,-1.48,-1.575,-2.46333333333333,-2.765,-0.617155555555555,3.64573333333333,0.650133333333333,4.0922,0.23115,4.354875,-0.219425,3.87975,"LAGUNA_SALADA"
1976,1.83666666666667,0.8925,-2.40333333333333,-2.635,3.60666666666667,3.94,5.00333333333333,5.035,-4.41412222222222,18.0453555555556,-4.83961666666667,18.1595666666667,-2.3517375,19.8379,-2.144975,19.7131333333333,"LAGUNA_SALADA"
1977,-1.97,-2.225,-3.40666666666667,-3.615,3.46333333333333,3.5825,3.53333333333333,3.33,6.71113333333333,12.2371111111111,7.12155,11.5329,8.043375,11.929725,7.57983333333333,12.6581666666667,"LAGUNA_SALADA"
1978,-1.25,-0.395,2.24333333333333,2.28,1.41333333333333,0.5025,-0.436666666666667,0.46,-2.80416666666667,-0.617155555555555,-2.85,0.650133333333333,-0.9006,0.23115,-0.886116666666667,-0.219425,"LAGUNA_SALADA"
1979,0.00666666666666667,-0.2725,0.04,0.615,1.83666666666667,0.8925,-2.40333333333333,-2.635,0.000266666666666667,-4.41412222222222,0.0041,-4.83961666666667,-0.1675875,-2.3517375,-0.0109,-2.144975,"LAGUNA_SALADA"
1980,1.28666666666667,1.415,2.15333333333333,2.33,-1.97,-2.225,-3.40666666666667,-3.615,2.77062222222222,6.71113333333333,2.99793333333333,7.12155,3.29695,8.043375,3.04696666666667,7.57983333333333,"LAGUNA_SALADA"
1981,-1.80666666666667,-1.885,-2.20333333333333,-2.245,-1.25,-0.395,2.24333333333333,2.28,3.98068888888889,-2.80416666666667,4.05596666666667,-2.85,4.231825,-0.9006,4.15328333333333,-0.886116666666667,"LAGUNA_SALADA"
1982,1.66333333333333,2.37,4.57,4.61,0.00666666666666667,-0.2725,0.04,0.615,7.60143333333333,0.000266666666666667,7.66796666666667,0.0041,10.9257,-0.1675875,10.8309,-0.0109,"LAGUNA_SALADA"
1983,6.02,6.1125,7.67333333333333,8.315,1.28666666666667,1.415,2.15333333333333,2.33,46.1934666666667,2.77062222222222,50.0563,2.99793333333333,50.8254375,3.29695,46.90325,3.04696666666667,"LAGUNA_SALADA"
1984,6.70666666666667,6.5975,4.89666666666667,4.21,-1.80666666666667,-1.885,-2.20333333333333,-2.245,32.8403111111111,3.98068888888889,28.2350666666667,4.05596666666667,27.775475,4.231825,32.3057583333333,4.15328333333333,"LAGUNA_SALADA"
1985,2.95,2.7175,1.55,1.315,1.66333333333333,2.37,4.57,4.61,4.5725,7.60143333333333,3.87925,7.66796666666667,3.5735125,10.9257,4.212125,10.8309,"LAGUNA_SALADA"
1986,-1.74333333333333,-1.715,0.913333333333333,2.185,6.02,6.1125,7.67333333333333,8.315,-1.59224444444444,46.1934666666667,-3.80918333333333,50.0563,-3.747275,50.8254375,-1.56636666666667,46.90325,"LAGUNA_SALADA"
1987,-1.56666666666667,-1.8275,-2.38666666666667,-2.275,6.70666666666667,6.5975,4.89666666666667,4.21,3.73911111111111,32.8403111111111,3.56416666666667,28.2350666666667,4.1575625,27.775475,4.36163333333333,32.3057583333333,"LAGUNA_SALADA"
1988,-2.99666666666667,-2.915,-3.38,-3.735,2.95,2.7175,1.55,1.315,10.1287333333333,4.5725,11.19255,3.87925,10.887525,3.5735125,9.8527,4.212125,"LAGUNA_SALADA"
1989,-2.94,-2.95,-2.83,-2.755,-1.74333333333333,-1.715,0.913333333333333,2.185,8.3202,-1.59224444444444,8.0997,-3.80918333333333,8.12725,-3.747275,8.3485,-1.56636666666667,"LAGUNA_SALADA"
1990,-1.70666666666667,-1.9975,-3.21666666666667,-3.39,-1.56666666666667,-1.8275,-2.38666666666667,-2.275,5.48977777777778,3.73911111111111,5.7856,3.56416666666667,6.771525,4.1575625,6.42529166666667,4.36163333333333,"LAGUNA_SALADA"
1991,-2.65333333333333,-2.875,-2.93,-2.625,-2.99666666666667,-2.915,-3.38,-3.735,7.77426666666667,10.1287333333333,6.965,11.19255,7.546875,10.887525,8.42375,9.8527,"LAGUNA_SALADA"
1992,-0.37,-0.8075,-0.446666666666667,0.39,-2.94,-2.95,-2.83,-2.755,0.165266666666667,8.3202,-0.1443,8.0997,-0.314925,8.12725,0.360683333333333,8.3485,"LAGUNA_SALADA"
1993,-1.61333333333333,-0.73,1.69,1.575,-1.70666666666667,-1.9975,-3.21666666666667,-3.39,-2.72653333333333,5.48977777777778,-2.541,5.7856,-1.14975,6.771525,-1.2337,6.42529166666667,"LAGUNA_SALADA"
1994,-1.7,-1.9375,-2.5,-2.425,-2.65333333333333,-2.875,-2.93,-2.625,4.25,7.77426666666667,4.1225,6.965,4.6984375,7.546875,4.84375,8.42375,"LAGUNA_SALADA"
1995,0.716666666666667,1.36,3.01333333333333,2.875,-0.37,-0.8075,-0.446666666666667,0.39,2.15955555555556,0.165266666666667,2.06041666666667,-0.1443,3.91,-0.314925,4.09813333333333,0.360683333333333,"LAGUNA_SALADA"
1996,1.65,1.675,1.88666666666667,1.955,-1.61333333333333,-0.73,1.69,1.575,3.113,-2.72653333333333,3.22575,-2.541,3.274625,-1.14975,3.16016666666667,-1.2337,"LAGUNA_SALADA"
1997,2.93333333333333,3.3575,3.22,2.515,-1.7,-1.9375,-2.5,-2.425,9.44533333333333,4.25,7.37733333333333,4.1225,8.4441125,4.6984375,10.81115,4.84375,"LAGUNA_SALADA"
1998,0.563333333333333,1.1825,4.61333333333333,5.4,0.716666666666667,1.36,3.01333333333333,2.875,2.59884444444444,2.15955555555556,3.042,2.06041666666667,6.3855,3.91,5.45526666666667,4.09813333333333,"LAGUNA_SALADA"
1999,3.97333333333333,3.6975,3.45333333333333,3.745,1.65,1.675,1.88666666666667,1.955,13.7212444444444,3.113,14.8801333333333,3.22575,13.8471375,3.274625,12.7687,3.16016666666667,"LAGUNA_SALADA"
2000,0.376666666666667,5.55111512312578e-17,0.78,1.735,2.93333333333333,3.3575,3.22,2.515,0.2938,9.44533333333333,0.653516666666667,7.37733333333333,9.63118473862323e-17,8.4441125,4.32986979603811e-17,10.81115,"LAGUNA_SALADA"
2001,1.54333333333333,0.7525,-1.16666666666667,-0.94,0.563333333333333,1.1825,4.61333333333333,5.4,-1.80055555555556,2.59884444444444,-1.45073333333333,3.042,-0.70735,6.3855,-0.877916666666667,5.45526666666667,"LAGUNA_SALADA"
2002,0.246666666666667,0.7875,1.72666666666667,1.385,3.97333333333333,3.6975,3.45333333333333,3.745,0.425911111111111,13.7212444444444,0.341633333333333,14.8801333333333,1.0906875,13.8471375,1.35975,12.7687,"LAGUNA_SALADA"
2003,-0.686666666666667,-0.0175,0.446666666666667,-0.325,0.376666666666667,5.55111512312578e-17,0.78,1.735,-0.306711111111111,0.2938,0.223166666666667,0.653516666666667,0.00568750000000001,9.63118473862323e-17,-0.00781666666666667,4.32986979603811e-17,"LAGUNA_SALADA"
2004,-0.706666666666667,-0.6375,-0.146666666666667,-0.005,1.54333333333333,0.7525,-1.16666666666667,-0.94,0.103644444444444,-1.80055555555556,0.00353333333333334,-1.45073333333333,0.0031875,-0.70735,0.0935,-0.877916666666667,"LAGUNA_SALADA"
2005,-0.276666666666667,0.235,1.83,1.86,0.246666666666667,0.7875,1.72666666666667,1.385,-0.5063,0.425911111111111,-0.5146,0.341633333333333,0.4371,1.0906875,0.43005,1.35975,"LAGUNA_SALADA"
2006,2.52666666666667,2.655,3.22,3.31,-0.686666666666667,-0.0175,0.446666666666667,-0.325,8.13586666666667,-0.306711111111111,8.36326666666667,0.223166666666667,8.78805,0.00568750000000001,8.5491,-0.00781666666666667,"LAGUNA_SALADA"
2007,1.52,0.585,-2.05,-1.965,-0.706666666666667,-0.6375,-0.146666666666667,-0.005,-3.116,0.103644444444444,-2.9868,0.00353333333333334,-1.149525,0.0031875,-1.19925,0.0935,"LAGUNA_SALADA"
2008,-2.42333333333333,-2.1475,-1.65666666666667,-1.825,-0.276666666666667,0.235,1.83,1.86,4.01465555555556,-0.5063,4.42258333333333,-0.5146,3.9191875,0.4371,3.55769166666667,0.43005,"LAGUNA_SALADA"
2009,-3.87333333333333,-4.015,-3.31333333333333,-2.75,2.52666666666667,2.655,3.22,3.31,12.8336444444444,8.13586666666667,10.6516666666667,8.36326666666667,11.04125,8.78805,13.3030333333333,8.5491,"LAGUNA_SALADA"
2010,0.416666666666667,0.1675,-0.666666666666667,-0.71,1.52,0.585,-2.05,-1.965,-0.277777777777778,-3.116,-0.295833333333333,-2.9868,-0.118925,-1.149525,-0.111666666666667,-1.19925,"LAGUNA_SALADA"
2011,2.48333333333333,2.2575,2.29666666666667,2.655,-2.42333333333333,-2.1475,-1.65666666666667,-1.825,5.70338888888889,4.01465555555556,6.59325,4.42258333333333,5.9936625,3.9191875,5.184725,3.55769166666667,"LAGUNA_SALADA"
2012,3.89,3.3675,1.60333333333333,1.505,-3.87333333333333,-4.015,-3.31333333333333,-2.75,6.23696666666667,12.8336444444444,5.85445,10.6516666666667,5.0680875,11.04125,5.399225,13.3030333333333,"LAGUNA_SALADA"
2013,2.22,2.1775,0.193333333333333,-0.735,0.416666666666667,0.1675,-0.666666666666667,-0.71,0.4292,-0.277777777777778,-1.6317,-0.295833333333333,-1.6004625,-0.118925,0.420983333333333,-0.111666666666667,"LAGUNA_SALADA"
2014,-3.07333333333333,-3.365,-4.16333333333333,-4.125,2.48333333333333,2.2575,2.29666666666667,2.655,12.7953111111111,5.70338888888889,12.6775,6.59325,13.880625,5.9936625,14.0096166666667,5.184725,"LAGUNA_SALADA"
2015,-0.933333333333333,-0.445,-1.1,-2.16,3.89,3.3675,1.60333333333333,1.505,1.02666666666667,6.23696666666667,2.016,5.85445,0.9612,5.0680875,0.4895,5.399225,"LAGUNA_SALADA"
2016,-3.32666666666667,-3.055,-2.04666666666667,-1.95,2.22,2.1775,0.193333333333333,-0.735,6.80857777777778,0.4292,6.487,-1.6317,5.95725,-1.6004625,6.25256666666667,0.420983333333333,"LAGUNA_SALADA"
2017,1.70333333333333,2.12,4.16,4.555,-3.07333333333333,-3.365,-4.16333333333333,-4.125,7.08586666666667,12.7953111111111,7.75868333333333,12.6775,9.6566,13.880625,8.8192,14.0096166666667,"LAGUNA_SALADA"
2018,0.47,-0.0425,-1.8,-1.91,-0.933333333333333,-0.445,-1.1,-2.16,-0.846,1.02666666666667,-0.8977,2.016,0.081175,0.9612,0.0765,0.4895,"LAGUNA_SALADA"
2019,-1.03,-1.0775,0.77,1.765,-3.32666666666667,-3.055,-2.04666666666667,-1.95,-0.7931,6.80857777777778,-1.81795,6.487,-1.9017875,5.95725,-0.829675,6.25256666666667,"LAGUNA_SALADA"
2020,-0.67,-0.9675,-2.37333333333333,-2.63,1.70333333333333,2.12,4.16,4.555,1.59013333333333,7.08586666666667,1.7621,7.75868333333333,2.544525,9.6566,2.2962,8.8192,"LAGUNA_SALADA"
2021,3.78333333333333,3.62,1.86333333333333,1.23,0.47,-0.0425,-1.8,-1.91,7.04961111111111,-0.846,4.6535,-0.8977,4.4526,0.081175,6.74526666666667,0.0765,"LAGUNA_SALADA"
2022,-2.35666666666667,-1.0475,3.51333333333333,3.83,-1.03,-1.0775,0.77,1.765,-8.27975555555556,-0.7931,-9.02603333333333,-1.81795,-4.011925,-1.9017875,-3.68021666666667,-0.829675,"LAGUNA_SALADA"
2023,0.376666666666667,0.035,0.263333333333333,0.89,-0.67,-0.9675,-2.37333333333333,-2.63,0.0991888888888889,1.59013333333333,0.335233333333333,1.7621,0.03115,2.544525,0.00921666666666668,2.2962,"LAGUNA_SALADA"
2024,0.203333333333333,0.475,1.66333333333333,1.85,3.78333333333333,3.62,1.86333333333333,1.23,0.338211111111111,7.04961111111111,0.376166666666667,4.6535,0.87875,4.4526,0.790083333333333,6.74526666666667,"LAGUNA_SALADA"
2025,1.25666666666667,1.11,1.06666666666667,1.265,-2.35666666666667,-1.0475,3.51333333333333,3.83,1.34044444444444,-8.27975555555556,1.58968333333333,-9.02603333333333,1.40415,-4.011925,1.184,-3.68021666666667,"LAGUNA_SALADA"
2026,-9999,-9999,-9999,-9999,0.376666666666667,0.035,0.263333333333333,0.89,99980001,0.0991888888888889,99980001,0.335233333333333,99980001,0.03115,99980001,0.00921666666666668,"LAGUNA_SALADA"
1896,-1.10666666666667,-0.455,-0.203333333333333,-1.055,NA,NA,NA,NA,0.225022222222222,NA,1.16753333333333,NA,0.480025,NA,0.0925166666666667,NA,"MILAGRA_CREEK"
1897,2.90333333333333,2.72,2.71666666666667,2.99,NA,NA,NA,NA,7.88738888888889,NA,8.68096666666667,NA,8.1328,NA,7.38933333333333,NA,"MILAGRA_CREEK"
1898,-0.176666666666667,-0.6225,-2.3,-2.47,NA,NA,NA,NA,0.406333333333333,NA,0.436366666666667,NA,1.537575,NA,1.43175,NA,"MILAGRA_CREEK"
1899,-1.25666666666667,-1.4175,-0.81,-0.265,-1.10666666666667,-0.455,-0.203333333333333,-1.055,1.0179,0.225022222222222,0.333016666666667,1.16753333333333,0.3756375,0.480025,1.148175,0.0925166666666667,"MILAGRA_CREEK"
1900,3.26,3.1425,1.71666666666667,1.18,2.90333333333333,2.72,2.71666666666667,2.99,5.59633333333333,7.88738888888889,3.8468,8.68096666666667,3.70815,8.1328,5.394625,7.38933333333333,"MILAGRA_CREEK"
1901,0.453333333333333,0.53,0.366666666666667,0.17,-0.176666666666667,-0.6225,-2.3,-2.47,0.166222222222222,0.406333333333333,0.0770666666666667,0.436366666666667,0.0901,1.537575,0.194333333333333,1.43175,"MILAGRA_CREEK"
1902,-0.323333333333333,-0.6875,0.526666666666667,1.68,-1.25666666666667,-1.4175,-0.81,-0.265,-0.170288888888889,1.0179,-0.5432,0.333016666666667,-1.155,0.3756375,-0.362083333333333,1.148175,"MILAGRA_CREEK"
1903,1.30666666666667,1.175,0.4,0.21,3.26,3.1425,1.71666666666667,1.18,0.522666666666667,5.59633333333333,0.2744,3.8468,0.24675,3.70815,0.47,5.394625,"MILAGRA_CREEK"
1904,-0.476666666666667,-0.815,1.13666666666667,2.62,0.453333333333333,0.53,0.366666666666667,0.17,-0.541811111111111,0.166222222222222,-1.24886666666667,0.0770666666666667,-2.1353,0.0901,-0.926383333333333,0.194333333333333,"MILAGRA_CREEK"
1905,4.88666666666667,4.535,3.18666666666667,3.04,-0.323333333333333,-0.6875,0.526666666666667,1.68,15.5721777777778,-0.170288888888889,14.8554666666667,-0.5432,13.7864,-1.155,14.4515333333333,-0.362083333333333,"MILAGRA_CREEK"
1906,1.26666666666667,1.145,1.26666666666667,1.51,1.30666666666667,1.175,0.4,0.21,1.60444444444444,0.522666666666667,1.91266666666667,0.2744,1.72895,0.24675,1.45033333333333,0.47,"MILAGRA_CREEK"
1907,1.43,1.55,2.75,3.17,-0.476666666666667,-0.815,1.13666666666667,2.62,3.9325,-0.541811111111111,4.5331,-1.24886666666667,4.9135,-2.1353,4.2625,-0.926383333333333,"MILAGRA_CREEK"
1908,0.406666666666667,-0.02,-1.48666666666667,-1.58,4.88666666666667,4.535,3.18666666666667,3.04,-0.604577777777778,15.5721777777778,-0.642533333333333,14.8554666666667,0.0316,13.7864,0.0297333333333333,14.4515333333333,"MILAGRA_CREEK"
1909,-2.16333333333333,-0.8575,3.7,4.02,1.26666666666667,1.145,1.26666666666667,1.51,-8.00433333333333,1.60444444444444,-8.6966,1.91266666666667,-3.44715,1.72895,-3.17275,1.45033333333333,"MILAGRA_CREEK"
1910,1.38333333333333,1.4425,1.05333333333333,0.77,1.43,1.55,2.75,3.17,1.45711111111111,3.9325,1.06516666666667,4.5331,1.110725,4.9135,1.51943333333333,4.2625,"MILAGRA_CREEK"
1911,-2.32666666666667,-1.105,2.47333333333333,2.43,0.406666666666667,-0.02,-1.48666666666667,-1.58,-5.75462222222222,-0.604577777777778,-5.6538,-0.642533333333333,-2.68515,0.0316,-2.73303333333333,0.0297333333333333,"MILAGRA_CREEK"
1912,-0.973333333333333,-1.345,-2.8,-2.97,-2.16333333333333,-0.8575,3.7,4.02,2.72533333333333,-8.00433333333333,2.8908,-8.6966,3.99465,-3.44715,3.766,-3.17275,"MILAGRA_CREEK"
1913,1.74,1.4725,-1.18666666666667,-2.115,1.38333333333333,1.4425,1.05333333333333,0.77,-2.0648,1.45711111111111,-3.6801,1.06516666666667,-3.1143375,1.110725,-1.74736666666667,1.51943333333333,"MILAGRA_CREEK"
1914,-0.653333333333333,0.5475,3.52333333333333,3.21,-2.32666666666667,-1.105,2.47333333333333,2.43,-2.30191111111111,-5.75462222222222,-2.0972,-5.6538,1.757475,-2.68515,1.929025,-2.73303333333333,"MILAGRA_CREEK"
1915,-1.56666666666667,-0.89,1.84666666666667,2.2,-0.973333333333333,-1.345,-2.8,-2.97,-2.89311111111111,2.72533333333333,-3.44666666666667,2.8908,-1.958,3.99465,-1.64353333333333,3.766,"MILAGRA_CREEK"
1916,1.48,2.21,3.47666666666667,3.015,1.74,1.4725,-1.18666666666667,-2.115,5.14546666666667,-2.0648,4.4622,-3.6801,6.66315,-3.1143375,7.68343333333333,-1.74736666666667,"MILAGRA_CREEK"
1917,1.32666666666667,0.7975,-0.44,-0.265,-0.653333333333333,0.5475,3.52333333333333,3.21,-0.583733333333333,-2.30191111111111,-0.351566666666667,-2.0972,-0.2113375,1.757475,-0.3509,1.929025,"MILAGRA_CREEK"
1918,-2.64333333333333,-2.805,-3.05333333333333,-2.935,-1.56666666666667,-0.89,1.84666666666667,2.2,8.07097777777778,-2.89311111111111,7.75818333333333,-3.44666666666667,8.232675,-1.958,8.5646,-1.64353333333333,"MILAGRA_CREEK"
1919,3.32666666666667,2.9125,2.74,3.275,1.48,2.21,3.47666666666667,3.015,9.11506666666667,5.14546666666667,10.8948333333333,4.4622,9.5384375,6.66315,7.98025,7.68343333333333,"MILAGRA_CREEK"
1920,-2.11333333333333,-2.375,-3.25333333333333,-3.3,1.32666666666667,0.7975,-0.44,-0.265,6.87537777777778,-0.583733333333333,6.974,-0.351566666666667,7.8375,-0.2113375,7.72666666666667,-0.3509,"MILAGRA_CREEK"
1921,0.393333333333333,0.8975,0.696666666666667,-0.16,-2.64333333333333,-2.805,-3.05333333333333,-2.935,0.274022222222222,8.07097777777778,-0.0629333333333334,7.75818333333333,-0.1436,8.232675,0.625258333333333,8.5646,"MILAGRA_CREEK"
1922,-1.55666666666667,-1.5125,-0.236666666666667,0.335,3.32666666666667,2.9125,2.74,3.275,0.368411111111111,9.11506666666667,-0.521483333333333,10.8948333333333,-0.5066875,9.5384375,0.357958333333333,7.98025,"MILAGRA_CREEK"
1923,1.50666666666667,1.6575,0.306666666666667,-0.595,-2.11333333333333,-2.375,-3.25333333333333,-3.3,0.462044444444444,6.87537777777778,-0.896466666666667,6.974,-0.9862125,7.8375,0.5083,7.72666666666667,"MILAGRA_CREEK"
1924,-0.983333333333333,-1.4125,-3.11,-3.315,0.393333333333333,0.8975,0.696666666666667,-0.16,3.05816666666667,0.274022222222222,3.25975,-0.0629333333333334,4.6824375,-0.1436,4.392875,0.625258333333333,"MILAGRA_CREEK"
1925,-1.83666666666667,-1.95,-1.35333333333333,-0.885,-1.55666666666667,-1.5125,-0.236666666666667,0.335,2.48562222222222,0.368411111111111,1.62545,-0.521483333333333,1.72575,-0.5066875,2.639,0.357958333333333,"MILAGRA_CREEK"
1926,1.89333333333333,1.59,0.123333333333333,-0.155,1.50666666666667,1.6575,0.306666666666667,-0.595,0.233511111111111,0.462044444444444,-0.293466666666667,-0.896466666666667,-0.24645,-0.9862125,0.1961,0.5083,"MILAGRA_CREEK"
1927,1.54666666666667,1.39,1.33333333333333,1.54,-0.983333333333333,-1.4125,-3.11,-3.315,2.06222222222222,3.05816666666667,2.38186666666667,3.25975,2.1406,4.6824375,1.85333333333333,4.392875,"MILAGRA_CREEK"
1928,0.366666666666667,0.01,-1.26,-1.36,-1.83666666666667,-1.95,-1.35333333333333,-0.885,-0.462,2.48562222222222,-0.498666666666667,1.62545,-0.0136,1.72575,-0.0126,2.639,"MILAGRA_CREEK"
1929,-1.57666666666667,-1.71,-2.62333333333333,-2.88,1.89333333333333,1.59,0.123333333333333,-0.155,4.13612222222222,0.233511111111111,4.5408,-0.293466666666667,4.9248,-0.24645,4.4859,0.1961,"MILAGRA_CREEK"
1930,-2.88333333333333,-2.87,-2.89333333333333,-2.925,1.54666666666667,1.39,1.33333333333333,1.54,8.34244444444444,2.06222222222222,8.43375,2.38186666666667,8.39475,2.1406,8.30386666666667,1.85333333333333,"MILAGRA_CREEK"
1931,-2.47666666666667,-2.5925,-3.48666666666667,-3.76,0.366666666666667,0.01,-1.26,-1.36,8.63531111111111,-0.462,9.31226666666667,-0.498666666666667,9.7478,-0.0136,9.03918333333333,-0.0126,"MILAGRA_CREEK"
1932,-0.996666666666667,-0.3175,0.556666666666667,-0.025,-1.57666666666667,-1.71,-2.62333333333333,-2.88,-0.554811111111111,4.13612222222222,0.0249166666666667,4.5408,0.00793750000000001,4.9248,-0.176741666666667,4.4859,"MILAGRA_CREEK"
1933,-3.11,-2.9825,-3.06,-3.29,-2.88333333333333,-2.87,-2.89333333333333,-2.925,9.5166,8.34244444444444,10.2319,8.43375,9.812425,8.39475,9.12645,8.30386666666667,"MILAGRA_CREEK"
1934,-2.08333333333333,-2.29,-2.91666666666667,-2.92,-2.47666666666667,-2.5925,-3.48666666666667,-3.76,6.07638888888889,8.63531111111111,6.08333333333333,9.31226666666667,6.6868,9.7478,6.67916666666667,9.03918333333333,"MILAGRA_CREEK"
1935,-2.19666666666667,-1.975,-1.57333333333333,-1.705,-0.996666666666667,-0.3175,0.556666666666667,-0.025,3.45608888888889,-0.554811111111111,3.74531666666667,0.0249166666666667,3.367375,0.00793750000000001,3.10733333333333,-0.176741666666667,"MILAGRA_CREEK"
1936,-0.356666666666667,-0.56,0.66,1.575,-3.11,-2.9825,-3.06,-3.29,-0.2354,9.5166,-0.56175,10.2319,-0.882,9.812425,-0.3696,9.12645,"MILAGRA_CREEK"
1937,-1.66,-1.6675,0.0366666666666666,0.9,-2.08333333333333,-2.29,-2.91666666666667,-2.92,-0.0608666666666666,6.07638888888889,-1.494,6.08333333333333,-1.50075,6.6868,-0.0611416666666666,6.67916666666667,"MILAGRA_CREEK"
1938,0.153333333333333,-0.005,1.66333333333333,2.735,-2.19666666666667,-1.975,-1.57333333333333,-1.705,0.255044444444444,3.45608888888889,0.419366666666667,3.74531666666667,-0.013675,3.367375,-0.00831666666666667,3.10733333333333,"MILAGRA_CREEK"
1939,0.303333333333333,-0.2825,-2.32333333333333,-2.465,-0.356666666666667,-0.56,0.66,1.575,-0.704744444444445,-0.2354,-0.747716666666667,-0.56175,0.6963625,-0.882,0.656341666666667,-0.3696,"MILAGRA_CREEK"
1940,-2.75,-2.485,1.34666666666667,2.865,-1.66,-1.6675,0.0366666666666666,0.9,-3.70333333333333,-0.0608666666666666,-7.87875,-1.494,-7.119525,-1.50075,-3.34646666666667,-0.0611416666666666,"MILAGRA_CREEK"
1941,0.54,0.88,2.33333333333333,2.55,0.153333333333333,-0.005,1.66333333333333,2.735,1.26,0.255044444444444,1.377,0.419366666666667,2.244,-0.013675,2.05333333333333,-0.00831666666666667,"MILAGRA_CREEK"
1942,2.60333333333333,2.7025,2.65,2.475,0.303333333333333,-0.2825,-2.32333333333333,-2.465,6.89883333333333,-0.704744444444445,6.44325,-0.747716666666667,6.6886875,0.6963625,7.161625,0.656341666666667,"MILAGRA_CREEK"
1943,2.95,3.03,2.43666666666667,2.02,-2.75,-2.485,1.34666666666667,2.865,7.18816666666667,-3.70333333333333,5.959,-7.87875,6.1206,-7.119525,7.3831,-3.34646666666667,"MILAGRA_CREEK"
1944,-1.88,-2.0775,-2.25666666666667,-2.05,0.54,0.88,2.33333333333333,2.55,4.24253333333333,1.26,3.854,1.377,4.258875,2.244,4.688225,2.05333333333333,"MILAGRA_CREEK"
1945,0.89,0.37,-0.56,-0.245,2.60333333333333,2.7025,2.65,2.475,-0.4984,6.89883333333333,-0.21805,6.44325,-0.09065,6.6886875,-0.2072,7.161625,"MILAGRA_CREEK"
1946,1.42,1.3975,-0.0066666666666666,-0.675,2.95,3.03,2.43666666666667,2.02,-0.00946666666666657,7.18816666666667,-0.9585,5.959,-0.9433125,6.1206,-0.00931666666666657,7.3831,"MILAGRA_CREEK"
1947,-2.12333333333333,-2.3525,-3.21333333333333,-3.3,-1.88,-2.0775,-2.25666666666667,-2.05,6.82297777777778,4.24253333333333,7.007,3.854,7.76325,4.258875,7.55936666666667,4.688225,"MILAGRA_CREEK"
1948,-1.38,-1.6675,-2.80666666666667,-2.945,0.89,0.37,-0.56,-0.245,3.8732,-0.4984,4.0641,-0.21805,4.9107875,-0.09065,4.68011666666667,-0.2072,"MILAGRA_CREEK"
1949,-0.69,-0.98,-1.49666666666667,-1.32,1.42,1.3975,-0.0066666666666666,-0.675,1.0327,-0.00946666666666657,0.9108,-0.9585,1.2936,-0.9433125,1.46673333333333,-0.00931666666666657,"MILAGRA_CREEK"
1950,-2.20333333333333,-1.99,-1.66333333333333,-1.82,-2.12333333333333,-2.3525,-3.21333333333333,-3.3,3.66487777777778,6.82297777777778,4.01006666666667,7.007,3.6218,7.76325,3.31003333333333,7.55936666666667,"MILAGRA_CREEK"
1951,2.09666666666667,2.2525,1.89,1.475,-1.38,-1.6675,-2.80666666666667,-2.945,3.9627,3.8732,3.09258333333333,4.0641,3.3224375,4.9107875,4.257225,4.68011666666667,"MILAGRA_CREEK"
1952,0.613333333333333,1.42,3.39,3.165,-0.69,-0.98,-1.49666666666667,-1.32,2.0792,1.0327,1.9412,0.9108,4.4943,1.2936,4.8138,1.46673333333333,"MILAGRA_CREEK"
1953,-7.40148683083438e-17,0.43,0.32,-0.38,-2.20333333333333,-1.99,-1.66333333333333,-1.82,-2.368475785867e-17,3.66487777777778,2.81256499571706e-17,4.01006666666667,-0.1634,3.6218,0.1376,3.31003333333333,"MILAGRA_CREEK"
1954,-0.773333333333333,-1.0125,-1.67666666666667,-1.65,2.09666666666667,2.2525,1.89,1.475,1.29662222222222,3.9627,1.276,3.09258333333333,1.670625,3.3224375,1.697625,4.257225,"MILAGRA_CREEK"
1955,-0.806666666666667,-0.575,-0.753333333333333,-1.19,0.613333333333333,1.42,3.39,3.165,0.607688888888889,2.0792,0.959933333333333,1.9412,0.68425,4.4943,0.433166666666667,4.8138,"MILAGRA_CREEK"
1956,0.266666666666667,1.4225,3.9,3.405,-7.40148683083438e-17,0.43,0.32,-0.38,1.04,-2.368475785867e-17,0.908,2.81256499571706e-17,4.8436125,-0.1634,5.54775,0.1376,"MILAGRA_CREEK"
1957,-0.656666666666667,-1.1625,-2.50333333333333,-2.415,-0.773333333333333,-1.0125,-1.67666666666667,-1.65,1.64385555555556,1.29662222222222,1.58585,1.276,2.8074375,1.670625,2.910125,1.697625,"MILAGRA_CREEK"
1958,2.97,2.81,3.91666666666667,4.71,-0.806666666666667,-0.575,-0.753333333333333,-1.19,11.6325,0.607688888888889,13.9887,0.959933333333333,13.2351,0.68425,11.0058333333333,0.433166666666667,"MILAGRA_CREEK"
1959,2.15,1.7575,-0.373333333333333,-0.85,0.266666666666667,1.4225,3.9,3.405,-0.802666666666667,1.04,-1.8275,0.908,-1.493875,4.8436125,-0.656133333333333,5.54775,"MILAGRA_CREEK"
1960,0.5,-0.15,-2.04,-2.01,-0.656666666666667,-1.1625,-2.50333333333333,-2.415,-1.02,1.64385555555556,-1.005,1.58585,0.3015,2.8074375,0.306,2.910125,"MILAGRA_CREEK"
1961,-1.79,-1.9425,-2.78333333333333,-2.975,2.97,2.81,3.91666666666667,4.71,4.98216666666667,11.6325,5.32525,13.9887,5.7789375,13.2351,5.406625,11.0058333333333,"MILAGRA_CREEK"
1962,-1.97333333333333,-2.14,-1.41666666666667,-0.805,2.15,1.7575,-0.373333333333333,-0.85,2.79555555555556,-0.802666666666667,1.58853333333333,-1.8275,1.7227,-1.493875,3.03166666666667,-0.656133333333333,"MILAGRA_CREEK"
1963,3.99,3.5425,2.27333333333333,2.31,0.5,-0.15,-2.04,-2.01,9.0706,-1.02,9.2169,-1.005,8.183175,0.3015,8.05328333333333,0.306,"MILAGRA_CREEK"
1964,2.24333333333333,1.9975,-0.84,-1.89,-1.79,-1.9425,-2.78333333333333,-2.975,-1.8844,4.98216666666667,-4.2399,5.32525,-3.775275,5.7789375,-1.6779,5.406625,"MILAGRA_CREEK"
1965,-0.163333333333333,0.3525,0.35,-0.425,-1.97333333333333,-2.14,-1.41666666666667,-0.805,-0.0571666666666667,2.79555555555556,0.0694166666666667,1.58853333333333,-0.1498125,1.7227,0.123375,3.03166666666667,"MILAGRA_CREEK"
1966,0.453333333333333,0.5525,-0.286666666666667,-0.855,3.99,3.5425,2.27333333333333,2.31,-0.129955555555556,9.0706,-0.3876,9.2169,-0.4723875,8.183175,-0.158383333333333,8.05328333333333,"MILAGRA_CREEK"
1967,-1.58666666666667,-0.5025,2.15666666666667,1.86,2.24333333333333,1.9975,-0.84,-1.89,-3.42191111111111,-1.8844,-2.9512,-4.2399,-0.93465,-3.775275,-1.083725,-1.6779,"MILAGRA_CREEK"
1968,0.57,0.0549999999999999,-1.77,-1.91,-0.163333333333333,0.3525,0.35,-0.425,-1.0089,-0.0571666666666667,-1.0887,0.0694166666666667,-0.10505,-0.1498125,-0.0973499999999999,0.123375,"MILAGRA_CREEK"
1969,-1.6,-0.7075,2.44333333333333,2.68,0.453333333333333,0.5525,-0.286666666666667,-0.855,-3.90933333333333,-0.129955555555556,-4.288,-0.3876,-1.8961,-0.4723875,-1.72865833333333,-0.158383333333333,"MILAGRA_CREEK"
1970,0.346666666666667,0.75,0.403333333333333,-0.375,-1.58666666666667,-0.5025,2.15666666666667,1.86,0.139822222222222,-3.42191111111111,-0.13,-2.9512,-0.28125,-0.93465,0.3025,-1.083725,"MILAGRA_CREEK"
1971,1.21,1.47,1.38666666666667,0.955,0.57,0.0549999999999999,-1.77,-1.91,1.67786666666667,-1.0089,1.15555,-1.0887,1.40385,-0.10505,2.0384,-0.0973499999999999,"MILAGRA_CREEK"
1972,-1.69333333333333,-1.8175,-2.80333333333333,-3.11,-1.6,-0.7075,2.44333333333333,2.68,4.74697777777778,-3.90933333333333,5.26626666666667,-4.288,5.652425,-1.8961,5.09505833333333,-1.72865833333333,"MILAGRA_CREEK"
1973,3.63,4.025,5.26,5.285,0.346666666666667,0.75,0.403333333333333,-0.375,19.0938,0.139822222222222,19.18455,-0.13,21.272125,-0.28125,21.1715,0.3025,"MILAGRA_CREEK"
1974,3.81666666666667,3.905,3.66,3.405,1.21,1.47,1.38666666666667,0.955,13.969,1.67786666666667,12.99575,1.15555,13.296525,1.40385,14.2923,2.0384,"MILAGRA_CREEK"
1975,1.8,0.7225,-0.563333333333333,0.41,-1.69333333333333,-1.8175,-2.80333333333333,-3.11,-1.014,4.74697777777778,0.738,5.26626666666667,0.296225,5.652425,-0.407008333333333,5.09505833333333,"MILAGRA_CREEK"
1976,1.97,1.0425,-2.04666666666667,-2.2,3.63,4.025,5.26,5.285,-4.03193333333333,19.0938,-4.334,19.18455,-2.2935,21.272125,-2.13365,21.1715,"MILAGRA_CREEK"
1977,-0.353333333333333,-0.855,-2.85666666666667,-3.105,3.81666666666667,3.905,3.66,3.405,1.00935555555556,13.969,1.0971,12.99575,2.654775,13.296525,2.44245,14.2923,"MILAGRA_CREEK"
1978,-1.34666666666667,-0.5,2.13,2.175,1.8,0.7225,-0.563333333333333,0.41,-2.8684,-1.014,-2.929,0.738,-1.0875,0.296225,-1.065,-0.407008333333333,"MILAGRA_CREEK"
1979,0.133333333333333,-0.1025,0.366666666666667,0.955,1.97,1.0425,-2.04666666666667,-2.2,0.0488888888888889,-4.03193333333333,0.127333333333333,-4.334,-0.0978875,-2.2935,-0.0375833333333333,-2.13365,"MILAGRA_CREEK"
1980,1.06,1.16,1.91,2.135,-0.353333333333333,-0.855,-2.85666666666667,-3.105,2.0246,1.00935555555556,2.2631,1.0971,2.4766,2.654775,2.2156,2.44245,"MILAGRA_CREEK"
1981,-1.96333333333333,-2,-2.28333333333333,-2.37,-1.34666666666667,-0.5,2.13,2.175,4.48294444444444,-2.8684,4.6531,-2.929,4.74,-1.0875,4.56666666666667,-1.065,"MILAGRA_CREEK"
1982,1.86,2.6225,5.02,5.075,0.133333333333333,-0.1025,0.366666666666667,0.955,9.3372,0.0488888888888889,9.4395,0.127333333333333,13.3091875,-0.0978875,13.16495,-0.0375833333333333,"MILAGRA_CREEK"
1983,6.2,6.3125,8.09,8.81,1.06,1.16,1.91,2.135,50.158,2.0246,54.622,2.2631,55.613125,2.4766,51.068125,2.2156,"MILAGRA_CREEK"
1984,7.36333333333333,7.2575,5.44666666666667,4.7,-1.96333333333333,-2,-2.28333333333333,-2.37,40.1056222222222,4.48294444444444,34.6076666666667,4.6531,34.11025,4.74,39.5291833333333,4.56666666666667,"MILAGRA_CREEK"
1985,3.55,3.2475,1.88333333333333,1.655,1.86,2.6225,5.02,5.075,6.68583333333333,9.3372,5.87525,9.4395,5.3746125,13.3091875,6.116125,13.16495,"MILAGRA_CREEK"
1986,-1.26,-1.2875,1.24,2.545,6.2,6.3125,8.09,8.81,-1.5624,50.158,-3.2067,54.622,-3.2766875,55.613125,-1.5965,51.068125,"MILAGRA_CREEK"
1987,-1,-1.385,-2.22666666666667,-2.07,7.36333333333333,7.2575,5.44666666666667,4.7,2.22666666666667,40.1056222222222,2.07,34.6076666666667,2.86695,34.11025,3.08393333333333,39.5291833333333,"MILAGRA_CREEK"
1988,-2.44333333333333,-2.37,-2.82,-3.155,3.55,3.2475,1.88333333333333,1.655,6.8902,6.68583333333333,7.70871666666667,5.87525,7.47735,5.3746125,6.6834,6.116125,"MILAGRA_CREEK"
1989,-2.61666666666667,-2.7,-2.9,-2.875,-1.26,-1.2875,1.24,2.545,7.58833333333333,-1.5624,7.52291666666667,-3.2067,7.7625,-3.2766875,7.83,-1.5965,"MILAGRA_CREEK"
1990,-1.19666666666667,-1.505,-2.70666666666667,-2.845,-1,-1.385,-2.22666666666667,-2.07,3.23897777777778,2.22666666666667,3.40451666666667,2.07,4.281725,2.86695,4.07353333333333,3.08393333333333,"MILAGRA_CREEK"
1991,-2.84333333333333,-3.035,-2.98333333333333,-2.67,-2.44333333333333,-2.37,-2.82,-3.155,8.48261111111111,6.8902,7.5917,7.70871666666667,8.10345,7.47735,9.05441666666667,6.6834,"MILAGRA_CREEK"
1992,-0.376666666666667,-0.85,-0.613333333333333,0.215,-2.61666666666667,-2.7,-2.9,-2.875,0.231022222222222,7.58833333333333,-0.0809833333333333,7.52291666666667,-0.18275,7.7625,0.521333333333333,7.83,"MILAGRA_CREEK"
1993,-1.09666666666667,-0.2075,2.15,1.995,-1.19666666666667,-1.505,-2.70666666666667,-2.845,-2.35783333333333,3.23897777777778,-2.18785,3.40451666666667,-0.4139625,4.281725,-0.446125,4.07353333333333,"MILAGRA_CREEK"
1994,-1.60333333333333,-1.855,-2.46,-2.385,-2.84333333333333,-3.035,-2.98333333333333,-2.67,3.9442,8.48261111111111,3.82395,7.5917,4.424175,8.10345,4.5633,9.05441666666667,"MILAGRA_CREEK"
1995,0.7,1.3925,3.30333333333333,3.22,-0.376666666666667,-0.85,-0.613333333333333,0.215,2.31233333333333,0.231022222222222,2.254,-0.0809833333333333,4.48385,-0.18275,4.59989166666667,0.521333333333333,"MILAGRA_CREEK"
1996,-0.533333333333333,-0.5475,0.993333333333333,1.785,-1.09666666666667,-0.2075,2.15,1.995,-0.529777777777778,-2.35783333333333,-0.952,-2.18785,-0.9772875,-0.4139625,-0.54385,-0.446125,"MILAGRA_CREEK"
1997,2.32,2.86,3.18333333333333,2.535,-1.60333333333333,-1.855,-2.46,-2.385,7.38533333333333,3.9442,5.8812,3.82395,7.2501,4.424175,9.10433333333333,4.5633,"MILAGRA_CREEK"
1998,1.05666666666667,1.7025,5.51666666666667,6.455,0.7,1.3925,3.30333333333333,3.22,5.82927777777778,2.31233333333333,6.82078333333333,2.254,10.9896375,4.48385,9.392125,4.59989166666667,"MILAGRA_CREEK"
1999,3.99666666666667,3.685,3.3,3.575,-0.533333333333333,-0.5475,0.993333333333333,1.785,13.189,-0.529777777777778,14.2880833333333,-0.952,13.173875,-0.9772875,12.1605,-0.54385,"MILAGRA_CREEK"
2000,0.35,0.0575,0.966666666666667,1.86,2.32,2.86,3.18333333333333,2.535,0.338333333333333,7.38533333333333,0.651,5.8812,0.10695,7.2501,0.0555833333333334,9.10433333333333,"MILAGRA_CREEK"
2001,1.51666666666667,0.775,-0.406666666666667,0.115,1.05666666666667,1.7025,5.51666666666667,6.455,-0.616777777777778,5.82927777777778,0.174416666666667,6.82078333333333,0.089125,10.9896375,-0.315166666666667,9.392125,"MILAGRA_CREEK"
2002,0.94,1.2525,1.43,1.05,3.99666666666667,3.685,3.3,3.575,1.3442,13.189,0.987,14.2880833333333,1.315125,13.173875,1.791075,12.1605,"MILAGRA_CREEK"
2003,-0.526666666666667,0.13,0.396666666666667,-0.455,0.35,0.0575,0.966666666666667,1.86,-0.208911111111111,0.338333333333333,0.239633333333333,0.651,-0.05915,0.10695,0.0515666666666667,0.0555833333333334,"MILAGRA_CREEK"
2004,-0.516666666666667,-0.51,-0.08,0.125,1.51666666666667,0.775,-0.406666666666667,0.115,0.0413333333333333,-0.616777777777778,-0.0645833333333334,0.174416666666667,-0.06375,0.089125,0.0408,-0.315166666666667,"MILAGRA_CREEK"
2005,0.09,0.485,1.71333333333333,1.735,0.94,1.2525,1.43,1.05,0.1542,1.3442,0.15615,0.987,0.841475,1.315125,0.830966666666667,1.791075,"MILAGRA_CREEK"
2006,2.08666666666667,2.2475,2.93,3.03,-0.526666666666667,0.13,0.396666666666667,-0.455,6.11393333333333,-0.208911111111111,6.3226,0.239633333333333,6.809925,-0.05915,6.585175,0.0515666666666667,"MILAGRA_CREEK"
2007,1.94333333333333,0.96,-1.89,-1.84,-0.516666666666667,-0.51,-0.08,0.125,-3.6729,0.0413333333333333,-3.57573333333333,-0.0645833333333334,-1.7664,-0.06375,-1.8144,0.0408,"MILAGRA_CREEK"
2008,-1.82666666666667,-1.5425,-1.14333333333333,-1.37,0.09,0.485,1.71333333333333,1.735,2.08848888888889,0.1542,2.50253333333333,0.15615,2.113225,0.841475,1.76359166666667,0.830966666666667,"MILAGRA_CREEK"
2009,-3.13666666666667,-3.35,-2.73666666666667,-2.11,2.08666666666667,2.2475,2.93,3.03,8.58401111111111,6.11393333333333,6.61836666666667,6.3226,7.0685,6.809925,9.16783333333333,6.585175,"MILAGRA_CREEK"
2010,0.553333333333333,0.5925,-0.0166666666666667,-0.38,1.94333333333333,0.96,-1.89,-1.84,-0.00922222222222223,-3.6729,-0.210266666666667,-3.57573333333333,-0.22515,-1.7664,-0.00987500000000001,-1.8144,"MILAGRA_CREEK"
2011,1.67,1.5075,1.77666666666667,2.155,-1.82666666666667,-1.5425,-1.14333333333333,-1.37,2.96703333333333,2.08848888888889,3.59885,2.50253333333333,3.2486625,2.113225,2.678325,1.76359166666667,"MILAGRA_CREEK"
2012,2.65333333333333,2.1725,0.05,-0.29,-3.13666666666667,-3.35,-2.73666666666667,-2.11,0.132666666666667,8.58401111111111,-0.769466666666666,6.61836666666667,-0.630025,7.0685,0.108625,9.16783333333333,"MILAGRA_CREEK"
2013,1.98666666666667,1.975,0.24,-0.61,0.553333333333333,0.5925,-0.0166666666666667,-0.38,0.4768,-0.00922222222222223,-1.21186666666667,-0.210266666666667,-1.20475,-0.22515,0.474,-0.00987500000000001,"MILAGRA_CREEK"
2014,-2.75,-3.015,-3.66,-3.585,1.67,1.5075,1.77666666666667,2.155,10.065,2.96703333333333,9.85875,3.59885,10.808775,3.2486625,11.0349,2.678325,"MILAGRA_CREEK"
2015,-0.63,-0.0925,-0.0966666666666667,-0.905,2.65333333333333,2.1725,0.05,-0.29,0.0609,0.132666666666667,0.57015,-0.769466666666666,0.0837125,-0.630025,0.00894166666666667,0.108625,"MILAGRA_CREEK"
2016,-3.00666666666667,-2.7225,-1.73,-1.66,1.98666666666667,1.975,0.24,-0.61,5.20153333333333,0.4768,4.99106666666667,-1.21186666666667,4.51935,-1.20475,4.709925,0.474,"MILAGRA_CREEK"
2017,1.43333333333333,1.8625,3.93333333333333,4.325,-2.75,-3.015,-3.66,-3.585,5.63777777777778,10.065,6.19916666666667,9.85875,8.0553125,10.808775,7.32583333333333,11.0349,"MILAGRA_CREEK"
2018,0.393333333333333,-0.0825,-1.68666666666667,-1.775,-0.63,-0.0925,-0.0966666666666667,-0.905,-0.663422222222222,0.0609,-0.698166666666667,0.57015,0.1464375,0.0837125,0.13915,0.00894166666666667,"MILAGRA_CREEK"
2019,-1,-1.035,1.13,2.265,-3.00666666666667,-2.7225,-1.73,-1.66,-1.13,5.20153333333333,-2.265,4.99106666666667,-2.344275,4.51935,-1.16955,4.709925,"MILAGRA_CREEK"
2020,-1.17,-1.3175,-2.38,-2.69,1.43333333333333,1.8625,3.93333333333333,4.325,2.7846,5.63777777777778,3.1473,6.19916666666667,3.544075,8.0553125,3.13565,7.32583333333333,"MILAGRA_CREEK"
2021,3.91333333333333,3.7475,2.09666666666667,1.52,0.393333333333333,-0.0825,-1.68666666666667,-1.775,8.20495555555556,-0.663422222222222,5.94826666666667,-0.698166666666667,5.6962,0.1464375,7.85725833333333,0.13915,"MILAGRA_CREEK"
2022,-1.73,-0.355,4.40333333333333,4.72,-1,-1.035,1.13,2.265,-7.61776666666667,-1.13,-8.1656,-2.265,-1.6756,-2.344275,-1.56318333333333,-1.16955,"MILAGRA_CREEK"
2023,1.24666666666667,1.1725,1.49666666666667,1.77,-1.17,-1.3175,-2.38,-2.69,1.86584444444444,2.7846,2.2066,3.1473,2.075325,3.544075,1.75484166666667,3.13565,"MILAGRA_CREEK"
2024,0.3,0.565,1.87,2.125,3.91333333333333,3.7475,2.09666666666667,1.52,0.561,8.20495555555556,0.6375,5.94826666666667,1.200625,5.6962,1.05655,7.85725833333333,"MILAGRA_CREEK"
2025,0.343333333333333,0.055,0.296666666666667,0.85,-1.73,-0.355,4.40333333333333,4.72,0.101855555555556,-7.61776666666667,0.291833333333333,-8.1656,0.04675,-1.6756,0.0163166666666667,-1.56318333333333,"MILAGRA_CREEK"
2026,-9999,-9999,-9999,-9999,1.24666666666667,1.1725,1.49666666666667,1.77,99980001,1.86584444444444,99980001,2.2066,99980001,2.075325,99980001,1.75484166666667,"MILAGRA_CREEK"
1896,-0.993333333333333,-0.465,-0.376666666666667,-1.125,NA,NA,NA,NA,0.374155555555556,NA,1.1175,NA,0.523125,NA,0.17515,NA,"OAKWOOD_VALLEY"
1897,2.66666666666667,2.5375,2.62,2.855,NA,NA,NA,NA,6.98666666666667,NA,7.61333333333333,NA,7.2445625,NA,6.64825,NA,"OAKWOOD_VALLEY"
1898,-1.00333333333333,-1.26,-2.23,-2.33,NA,NA,NA,NA,2.23743333333333,NA,2.33776666666667,NA,2.9358,NA,2.8098,NA,"OAKWOOD_VALLEY"
1899,0.503333333333333,0,-0.73,-0.34,-0.993333333333333,-0.465,-0.376666666666667,-1.125,-0.367433333333333,0.374155555555556,-0.171133333333333,1.1175,0,0.523125,0,0.17515,"OAKWOOD_VALLEY"
1900,3.48666666666667,3.4375,2.3,1.805,2.66666666666667,2.5375,2.62,2.855,8.01933333333333,6.98666666666667,6.29343333333333,7.61333333333333,6.2046875,7.2445625,7.90625,6.64825,"OAKWOOD_VALLEY"
1901,1.26,1.2225,0.54,0.255,-1.00333333333333,-1.26,-2.23,-2.33,0.6804,2.23743333333333,0.3213,2.33776666666667,0.3117375,2.9358,0.66015,2.8098,"OAKWOOD_VALLEY"
1902,0.346666666666667,-0.125,1.20666666666667,2.58,0.503333333333333,0,-0.73,-0.34,0.418311111111111,-0.367433333333333,0.8944,-0.171133333333333,-0.3225,0,-0.150833333333333,0,"OAKWOOD_VALLEY"
1903,3.49,3.4,2.94333333333333,2.85,3.48666666666667,3.4375,2.3,1.805,10.2722333333333,8.01933333333333,9.9465,6.29343333333333,9.69,6.2046875,10.0073333333333,7.90625,"OAKWOOD_VALLEY"
1904,0.193333333333333,-0.1925,1.52333333333333,2.96,1.26,1.2225,0.54,0.255,0.294511111111111,0.6804,0.572266666666667,0.3213,-0.5698,0.3117375,-0.293241666666667,0.66015,"OAKWOOD_VALLEY"
1905,5.71333333333333,5.4325,4.14,3.915,0.346666666666667,-0.125,1.20666666666667,2.58,23.6532,0.418311111111111,22.3677,0.8944,21.2682375,-0.3225,22.49055,-0.150833333333333,"OAKWOOD_VALLEY"
1906,1.83666666666667,1.7175,1.95,2.245,3.49,3.4,2.94333333333333,2.85,3.5815,10.2722333333333,4.12331666666667,9.9465,3.8557875,9.69,3.349125,10.0073333333333,"OAKWOOD_VALLEY"
1907,3.74666666666667,3.7175,4.31333333333333,4.655,0.193333333333333,-0.1925,1.52333333333333,2.96,16.1606222222222,0.294511111111111,17.4407333333333,0.572266666666667,17.3049625,-0.5698,16.0348166666667,-0.293241666666667,"OAKWOOD_VALLEY"
1908,1.88666666666667,1.69,0.176666666666667,-0.285,5.71333333333333,5.4325,4.14,3.915,0.333311111111111,23.6532,-0.5377,22.3677,-0.48165,21.2682375,0.298566666666667,22.49055,"OAKWOOD_VALLEY"
1909,-1.57,-0.435,3.54666666666667,3.835,1.83666666666667,1.7175,1.95,2.245,-5.56826666666667,3.5815,-6.02095,4.12331666666667,-1.668225,3.8557875,-1.5428,3.349125,"OAKWOOD_VALLEY"
1910,1.11666666666667,1.145,0.903333333333333,0.74,3.74666666666667,3.7175,4.31333333333333,4.655,1.00872222222222,16.1606222222222,0.826333333333333,17.4407333333333,0.8473,17.3049625,1.03431666666667,16.0348166666667,"OAKWOOD_VALLEY"
1911,-2.14333333333333,-1.125,1.85333333333333,1.815,1.88666666666667,1.69,0.176666666666667,-0.285,-3.97231111111111,0.333311111111111,-3.89015,-0.5377,-2.041875,-0.48165,-2.085,0.298566666666667,"OAKWOOD_VALLEY"
1912,-0.69,-1.115,-2.71,-2.87,-1.57,-0.435,3.54666666666667,3.835,1.8699,-5.56826666666667,1.9803,-6.02095,3.20005,-1.668225,3.02165,-1.5428,"OAKWOOD_VALLEY"
1913,3.22333333333333,2.99,0.476666666666667,-0.43,1.11666666666667,1.145,0.903333333333333,0.74,1.53645555555556,1.00872222222222,-1.38603333333333,0.826333333333333,-1.2857,0.8473,1.42523333333333,1.03431666666667,"OAKWOOD_VALLEY"
1914,-0.196666666666667,0.99,3.91666666666667,3.6,-2.14333333333333,-1.125,1.85333333333333,1.815,-0.770277777777778,-3.97231111111111,-0.708,-3.89015,3.564,-2.041875,3.8775,-2.085,"OAKWOOD_VALLEY"
1915,-0.58,-0.1725,1.85333333333333,2.255,-0.69,-1.115,-2.71,-2.87,-1.07493333333333,1.8699,-1.3079,1.9803,-0.3889875,3.20005,-0.3197,3.02165,"OAKWOOD_VALLEY"
1916,2.28666666666667,2.825,3.67,3.285,3.22333333333333,2.99,0.476666666666667,-0.43,8.39206666666667,1.53645555555556,7.5117,-1.38603333333333,9.280125,-1.2857,10.36775,1.42523333333333,"OAKWOOD_VALLEY"
1917,-0.713333333333333,-0.835,-0.433333333333333,-0.05,-0.196666666666667,0.99,3.91666666666667,3.6,0.309111111111111,-0.770277777777778,0.0356666666666667,-0.708,0.04175,3.564,0.361833333333333,3.8775,"OAKWOOD_VALLEY"
1918,-2.53333333333333,-2.7675,-3.24333333333333,-3.13,-0.58,-0.1725,1.85333333333333,2.255,8.21644444444444,-1.07493333333333,7.92933333333333,-1.3079,8.662275,-0.3889875,8.975925,-0.3197,"OAKWOOD_VALLEY"
1919,2.80333333333333,2.5425,2.63333333333333,3.07,2.28666666666667,2.825,3.67,3.285,7.38211111111111,8.39206666666667,8.60623333333333,7.5117,7.805475,9.280125,6.69525,10.36775,"OAKWOOD_VALLEY"
1920,-2.17,-2.4,-3.27333333333333,-3.365,-0.713333333333333,-0.835,-0.433333333333333,-0.05,7.10313333333333,0.309111111111111,7.30205,0.0356666666666667,8.076,0.04175,7.856,0.361833333333333,"OAKWOOD_VALLEY"
1921,1.92666666666667,2.26,2.20666666666667,1.68,-2.53333333333333,-2.7675,-3.24333333333333,-3.13,4.25151111111111,8.21644444444444,3.2368,7.92933333333333,3.7968,8.662275,4.98706666666667,8.975925,"OAKWOOD_VALLEY"
1922,-1.79333333333333,-1.76,-1.01666666666667,-0.695,2.80333333333333,2.5425,2.63333333333333,3.07,1.82322222222222,7.38211111111111,1.24636666666667,8.60623333333333,1.2232,7.805475,1.78933333333333,6.69525,"OAKWOOD_VALLEY"
1923,1.37,1.445,-0.623333333333333,-1.77,-2.17,-2.4,-3.27333333333333,-3.365,-0.853966666666667,7.10313333333333,-2.4249,7.30205,-2.55765,8.076,-0.900716666666667,7.856,"OAKWOOD_VALLEY"
1924,-1.38,-1.705,-3.06,-3.25,1.92666666666667,2.26,2.20666666666667,1.68,4.2228,4.25151111111111,4.485,3.2368,5.54125,3.7968,5.2173,4.98706666666667,"OAKWOOD_VALLEY"
1925,-1.47666666666667,-1.5125,0.683333333333333,1.835,-1.79333333333333,-1.76,-1.01666666666667,-0.695,-1.00905555555556,1.82322222222222,-2.70968333333333,1.24636666666667,-2.7754375,1.2232,-1.03354166666667,1.78933333333333,"OAKWOOD_VALLEY"
1926,2.25,1.895,0.116666666666667,-0.24,1.37,1.445,-0.623333333333333,-1.77,0.2625,-0.853966666666667,-0.54,-2.4249,-0.4548,-2.55765,0.221083333333333,-0.900716666666667,"OAKWOOD_VALLEY"
1927,2.00666666666667,1.9925,2.29333333333333,2.465,-1.38,-1.705,-3.06,-3.25,4.60195555555556,4.2228,4.94643333333333,4.485,4.9115125,5.54125,4.56946666666667,5.2173,"OAKWOOD_VALLEY"
1928,1.47,1.265,0.0600000000000001,-0.235,-1.47666666666667,-1.5125,0.683333333333333,1.835,0.0882000000000001,-1.00905555555556,-0.34545,-2.70968333333333,-0.297275,-2.7754375,0.0759000000000001,-1.03354166666667,"OAKWOOD_VALLEY"
1929,-1.05,-1.185,-2.04,-2.265,2.25,1.895,0.116666666666667,-0.24,2.142,0.2625,2.37825,-0.54,2.684025,-0.4548,2.4174,0.221083333333333,"OAKWOOD_VALLEY"
1930,-1.72,-1.7375,-1.86333333333333,-1.9,2.00666666666667,1.9925,2.29333333333333,2.465,3.20493333333333,4.60195555555556,3.268,4.94643333333333,3.30125,4.9115125,3.23754166666667,4.56946666666667,"OAKWOOD_VALLEY"
1931,-2.08333333333333,-2.2625,-3.36,-3.64,1.47,1.265,0.0600000000000001,-0.235,7,0.0882000000000001,7.58333333333333,-0.34545,8.2355,-0.297275,7.602,0.0759000000000001,"OAKWOOD_VALLEY"
1932,-0.973333333333333,-0.4,0.203333333333333,-0.355,-1.05,-1.185,-2.04,-2.265,-0.197911111111111,2.142,0.345533333333333,2.37825,0.142,2.684025,-0.0813333333333334,2.4174,"OAKWOOD_VALLEY"
1933,-2.62,-2.57,-2.77,-2.945,-1.72,-1.7375,-1.86333333333333,-1.9,7.2574,3.20493333333333,7.7159,3.268,7.56865,3.30125,7.1189,3.23754166666667,"OAKWOOD_VALLEY"
1934,-1.11666666666667,-1.3325,-2.09666666666667,-2.155,-2.08333333333333,-2.2625,-3.36,-3.64,2.34127777777778,7,2.40641666666667,7.58333333333333,2.8715375,8.2355,2.79380833333333,7.602,"OAKWOOD_VALLEY"
1935,-2.11666666666667,-1.905,-1.5,-1.615,-0.973333333333333,-0.4,0.203333333333333,-0.355,3.175,-0.197911111111111,3.41841666666667,0.345533333333333,3.076575,0.142,2.8575,-0.0813333333333334,"OAKWOOD_VALLEY"
1936,-0.64,-0.845,0.223333333333333,1.065,-2.62,-2.57,-2.77,-2.945,-0.142933333333333,7.2574,-0.6816,7.7159,-0.899925,7.56865,-0.188716666666667,7.1189,"OAKWOOD_VALLEY"
1937,-2.14666666666667,-2.1975,-0.58,0.305,-1.11666666666667,-1.3325,-2.09666666666667,-2.155,1.24506666666667,2.34127777777778,-0.654733333333333,2.40641666666667,-0.6702375,2.8715375,1.27455,2.79380833333333,"OAKWOOD_VALLEY"
1938,1.1,1.125,2.75666666666667,3.535,-2.11666666666667,-1.905,-1.5,-1.615,3.03233333333333,3.175,3.8885,3.41841666666667,3.976875,3.076575,3.10125,2.8575,"OAKWOOD_VALLEY"
1939,0.47,-0.17,-2.47,-2.66,-0.64,-0.845,0.223333333333333,1.065,-1.1609,-0.142933333333333,-1.2502,-0.6816,0.4522,-0.899925,0.4199,-0.188716666666667,"OAKWOOD_VALLEY"
1940,-3.10333333333333,-2.86,1.20333333333333,2.87,-2.14666666666667,-2.1975,-0.58,0.305,-3.73434444444444,1.24506666666667,-8.90656666666667,-0.654733333333333,-8.2082,-0.6702375,-3.44153333333333,1.27455,"OAKWOOD_VALLEY"
1941,1.45333333333333,1.7325,3.04,3.275,1.1,1.125,2.75666666666667,3.535,4.41813333333333,3.03233333333333,4.75966666666667,3.8885,5.6739375,3.976875,5.2668,3.10125,"OAKWOOD_VALLEY"
1942,3.25333333333333,3.2475,3.07,2.99,0.47,-0.17,-2.47,-2.66,9.98773333333333,-1.1609,9.72746666666667,-1.2502,9.710025,0.4522,9.969825,0.4199,"OAKWOOD_VALLEY"
1943,3.43,3.555,3.15333333333333,2.765,-3.10333333333333,-2.86,1.20333333333333,2.87,10.8159333333333,-3.73434444444444,9.48395,-8.90656666666667,9.829575,-8.2082,11.2101,-3.44153333333333,"OAKWOOD_VALLEY"
1944,-1.62,-1.8425,-2.24,-2.105,1.45333333333333,1.7325,3.04,3.275,3.6288,4.41813333333333,3.4101,4.75966666666667,3.8784625,5.6739375,4.1272,5.2668,"OAKWOOD_VALLEY"
1945,1.68,1.4425,0.836666666666667,0.89,3.25333333333333,3.2475,3.07,2.99,1.4056,9.98773333333333,1.4952,9.72746666666667,1.283825,9.710025,1.20689166666667,9.969825,"OAKWOOD_VALLEY"
1946,1.31666666666667,1.365,0.233333333333333,-0.405,3.43,3.555,3.15333333333333,2.765,0.307222222222222,10.8159333333333,-0.53325,9.48395,-0.552825,9.829575,0.3185,11.2101,"OAKWOOD_VALLEY"
1947,-2.14666666666667,-2.33,-2.95333333333333,-2.99,-1.62,-1.8425,-2.24,-2.105,6.33982222222222,3.6288,6.41853333333333,3.4101,6.9667,3.8784625,6.88126666666667,4.1272,"OAKWOOD_VALLEY"
1948,-1.24,-1.5525,-2.66,-2.745,1.68,1.4425,0.836666666666667,0.89,3.2984,1.4056,3.4038,1.4952,4.2616125,1.283825,4.12965,1.20689166666667,"OAKWOOD_VALLEY"
1949,-0.566666666666667,-0.8375,-1.32,-1.155,1.31666666666667,1.365,0.233333333333333,-0.405,0.748,0.307222222222222,0.6545,-0.53325,0.9673125,-0.552825,1.1055,0.3185,"OAKWOOD_VALLEY"
1950,-2.57,-2.4075,-1.98,-2.01,-2.14666666666667,-2.33,-2.95333333333333,-2.99,5.0886,6.33982222222222,5.1657,6.41853333333333,4.839075,6.9667,4.76685,6.88126666666667,"OAKWOOD_VALLEY"
1951,1.55333333333333,1.9,2.25,1.905,-1.24,-1.5525,-2.66,-2.745,3.495,3.2984,2.9591,3.4038,3.6195,4.2616125,4.275,4.12965,"OAKWOOD_VALLEY"
1952,1.27666666666667,1.77,2.86333333333333,2.67,-0.566666666666667,-0.8375,-1.32,-1.155,3.65552222222222,0.748,3.4087,0.6545,4.7259,0.9673125,5.0681,1.1055,"OAKWOOD_VALLEY"
1953,0.0133333333333333,0.4025,-0.276666666666667,-1.2,-2.57,-2.4075,-1.98,-2.01,-0.00368888888888888,5.0886,-0.016,5.1657,-0.483,4.839075,-0.111358333333333,4.76685,"OAKWOOD_VALLEY"
1954,0.0166666666666666,-0.415,-1.63333333333333,-1.595,1.55333333333333,1.9,2.25,1.905,-0.0272222222222222,3.495,-0.0265833333333333,2.9591,0.661925,3.6195,0.677833333333333,4.275,"OAKWOOD_VALLEY"
1955,-0.126666666666667,-0.1,-1.07666666666667,-1.605,1.27666666666667,1.77,2.86333333333333,2.67,0.136377777777778,3.65552222222222,0.2033,3.4087,0.1605,4.7259,0.107666666666667,5.0681,"OAKWOOD_VALLEY"
1956,0.11,1.185,3.54333333333333,3.11,0.0133333333333333,0.4025,-0.276666666666667,-1.2,0.389766666666667,-0.00368888888888888,0.3421,-0.016,3.68535,-0.483,4.19885,-0.111358333333333,"OAKWOOD_VALLEY"
1957,-0.696666666666667,-1.19,-2.5,-2.415,0.0166666666666666,-0.415,-1.63333333333333,-1.595,1.74166666666667,-0.0272222222222222,1.68245,-0.0265833333333333,2.87385,0.661925,2.975,0.677833333333333,"OAKWOOD_VALLEY"
1958,3.35,3.17,3.87,4.49,-0.126666666666667,-0.1,-1.07666666666667,-1.605,12.9645,0.136377777777778,15.0415,0.2033,14.2333,0.1605,12.2679,0.107666666666667,"OAKWOOD_VALLEY"
1959,0.333333333333333,-0.5,-2.78,-2.67,0.11,1.185,3.54333333333333,3.11,-0.926666666666667,0.389766666666667,-0.89,0.3421,1.335,3.68535,1.39,4.19885,"OAKWOOD_VALLEY"
1960,-3.00666666666667,-3.195,-3.50333333333333,-3.375,-0.696666666666667,-1.19,-2.5,-2.415,10.5333555555556,1.74166666666667,10.1475,1.68245,10.783125,2.87385,11.19315,2.975,"OAKWOOD_VALLEY"
1961,-2.45333333333333,-2.5325,-2.9,-2.965,3.35,3.17,3.87,4.49,7.11466666666667,12.9645,7.27413333333333,15.0415,7.5088625,14.2333,7.34425,12.2679,"OAKWOOD_VALLEY"
1962,-2.39333333333333,-2.54,-1.95333333333333,-1.44,0.333333333333333,-0.5,-2.78,-2.67,4.67497777777778,-0.926666666666667,3.4464,-0.89,3.6576,1.335,4.96146666666667,1.39,"OAKWOOD_VALLEY"
1963,3.49666666666667,3.1575,2.09,2.065,-3.00666666666667,-3.195,-3.50333333333333,-3.375,7.30803333333333,10.5333555555556,7.22061666666667,10.1475,6.5202375,10.783125,6.599175,11.19315,"OAKWOOD_VALLEY"
1964,2.01666666666667,1.8125,-0.906666666666667,-1.96,-2.45333333333333,-2.5325,-2.9,-2.965,-1.82844444444444,7.11466666666667,-3.95266666666667,7.27413333333333,-3.5525,7.5088625,-1.64333333333333,7.34425,"OAKWOOD_VALLEY"
1965,-0.113333333333333,0.3375,0.266666666666667,-0.445,-2.39333333333333,-2.54,-1.95333333333333,-1.44,-0.0302222222222222,4.67497777777778,0.0504333333333333,3.4464,-0.1501875,3.6576,0.09,4.96146666666667,"OAKWOOD_VALLEY"
1966,0.256666666666667,0.375,-0.186666666666667,-0.645,3.49666666666667,3.1575,2.09,2.065,-0.0479111111111111,7.30803333333333,-0.16555,7.22061666666667,-0.241875,6.5202375,-0.07,6.599175,"OAKWOOD_VALLEY"
1967,-1.73666666666667,-0.555,2.27333333333333,1.915,2.01666666666667,1.8125,-0.906666666666667,-1.96,-3.94802222222222,-1.82844444444444,-3.32571666666667,-3.95266666666667,-1.062825,-3.5525,-1.2617,-1.64333333333333,"OAKWOOD_VALLEY"
1968,1.80666666666667,1.5775,-0.843333333333333,-1.71,-0.113333333333333,0.3375,0.266666666666667,-0.445,-1.52362222222222,-0.0302222222222222,-3.0894,0.0504333333333333,-2.697525,-0.1501875,-1.33035833333333,0.09,"OAKWOOD_VALLEY"
1969,-1.44,-0.635,2.03666666666667,2.165,0.256666666666667,0.375,-0.186666666666667,-0.645,-2.9328,-0.0479111111111111,-3.1176,-0.16555,-1.374775,-0.241875,-1.29328333333333,-0.07,"OAKWOOD_VALLEY"
1970,0.213333333333333,0.8275,1.68333333333333,1.19,-1.73666666666667,-0.555,2.27333333333333,1.915,0.359111111111111,-3.94802222222222,0.253866666666667,-3.32571666666667,0.984725,-1.062825,1.39295833333333,-1.2617,"OAKWOOD_VALLEY"
1971,0.893333333333333,1.1525,1.1,0.685,1.80666666666667,1.5775,-0.843333333333333,-1.71,0.982666666666667,-1.52362222222222,0.611933333333333,-3.0894,0.7894625,-2.697525,1.26775,-1.33035833333333,"OAKWOOD_VALLEY"
1972,-1.75,-1.8225,-2.56,-2.82,-1.44,-0.635,2.03666666666667,2.165,4.48,-2.9328,4.935,-3.1176,5.13945,-1.374775,4.6656,-1.29328333333333,"OAKWOOD_VALLEY"
1973,2.09333333333333,2.6775,4.34666666666667,4.305,0.213333333333333,0.8275,1.68333333333333,1.19,9.09902222222222,0.359111111111111,9.0118,0.253866666666667,11.5266375,0.984725,11.6382,1.39295833333333,"OAKWOOD_VALLEY"
1974,2.76,3.08,3.60333333333333,3.385,0.893333333333333,1.1525,1.1,0.685,9.9452,0.982666666666667,9.3426,0.611933333333333,10.4258,0.7894625,11.0982666666667,1.26775,"OAKWOOD_VALLEY"
1975,0.59,-0.1325,-0.493333333333333,0.41,-1.75,-1.8225,-2.56,-2.82,-0.291066666666667,4.48,0.2419,4.935,-0.054325,5.13945,0.0653666666666667,4.6656,"OAKWOOD_VALLEY"
1976,0.773333333333333,0.1,-2.41,-2.655,2.09333333333333,2.6775,4.34666666666667,4.305,-1.86373333333333,9.09902222222222,-2.0532,9.0118,-0.2655,11.5266375,-0.241,11.6382,"OAKWOOD_VALLEY"
1977,-2.58333333333333,-2.81,-3.84,-4.015,2.76,3.08,3.60333333333333,3.385,9.92,9.9452,10.3720833333333,9.3426,11.28215,10.4258,10.7904,11.0982666666667,"OAKWOOD_VALLEY"
1978,-2.36666666666667,-1.915,0.986666666666667,1.76,0.59,-0.1325,-0.493333333333333,0.41,-2.33511111111111,-0.291066666666667,-4.16533333333333,0.2419,-3.3704,-0.054325,-1.88946666666667,0.0653666666666667,"OAKWOOD_VALLEY"
1979,-1.61666666666667,-1.6175,-1.33666666666667,-1.195,0.773333333333333,0.1,-2.41,-2.655,2.16094444444444,-1.86373333333333,1.93191666666667,-2.0532,1.9329125,-0.2655,2.16205833333333,-0.241,"OAKWOOD_VALLEY"
1980,0.59,0.8275,1.76,1.87,-2.58333333333333,-2.81,-3.84,-4.015,1.0384,9.92,1.1033,10.3720833333333,1.547425,11.28215,1.4564,10.7904,"OAKWOOD_VALLEY"
1981,-2.14333333333333,-2.23,-2.56666666666667,-2.605,-2.36666666666667,-1.915,0.986666666666667,1.76,5.50122222222222,-2.33511111111111,5.58338333333333,-4.16533333333333,5.80915,-3.3704,5.72366666666667,-1.88946666666667,"OAKWOOD_VALLEY"
1982,1.33,2.03,4.19666666666667,4.23,-1.61666666666667,-1.6175,-1.33666666666667,-1.195,5.58156666666667,2.16094444444444,5.6259,1.93191666666667,8.5869,1.9329125,8.51923333333333,2.16205833333333,"OAKWOOD_VALLEY"
1983,5.02666666666667,5.07,6.69333333333333,7.44,0.59,0.8275,1.76,1.87,33.6451555555556,1.0384,37.3984,1.1033,37.7208,1.547425,33.9352,1.4564,"OAKWOOD_VALLEY"
1984,5.85333333333333,5.7475,4.21666666666667,3.61,-2.14333333333333,-2.23,-2.56666666666667,-2.605,24.6815555555556,5.50122222222222,21.1305333333333,5.58338333333333,20.748475,5.80915,24.2352916666667,5.72366666666667,"OAKWOOD_VALLEY"
1985,2.66666666666667,2.405,1.23,1.035,1.33,2.03,4.19666666666667,4.23,3.28,5.58156666666667,2.76,5.6259,2.489175,8.5869,2.95815,8.51923333333333,"OAKWOOD_VALLEY"
1986,-1.71666666666667,-1.6125,1.42333333333333,2.785,5.02666666666667,5.07,6.69333333333333,7.44,-2.44338888888889,33.6451555555556,-4.78091666666667,37.3984,-4.4908125,37.7208,-2.295125,33.9352,"OAKWOOD_VALLEY"
1987,-1.63,-1.9525,-2.6,-2.44,5.85333333333333,5.7475,4.21666666666667,3.61,4.238,24.6815555555556,3.9772,21.1305333333333,4.7641,20.748475,5.0765,24.2352916666667,"OAKWOOD_VALLEY"
1988,-3.15666666666667,-2.9925,-3.25333333333333,-3.63,2.66666666666667,2.405,1.23,1.035,10.2696888888889,3.28,11.4587,2.76,10.862775,2.489175,9.7356,2.95815,"OAKWOOD_VALLEY"
1989,-3.20333333333333,-3.205,-2.95,-2.82,-1.71666666666667,-1.6125,1.42333333333333,2.785,9.44983333333333,-2.44338888888889,9.0334,-4.78091666666667,9.0381,-4.4908125,9.45475,-2.295125,"OAKWOOD_VALLEY"
1990,-1.74,-2.04,-3.24,-3.39,-1.63,-1.9525,-2.6,-2.44,5.6376,4.238,5.8986,3.9772,6.9156,4.7641,6.6096,5.0765,"OAKWOOD_VALLEY"
1991,-2.83666666666667,-3.06,-3.11333333333333,-2.805,-3.15666666666667,-2.9925,-3.25333333333333,-3.63,8.83148888888889,10.2696888888889,7.95685,11.4587,8.5833,10.862775,9.5268,9.7356,"OAKWOOD_VALLEY"
1992,-1.54333333333333,-1.8475,-2.05666666666667,-1.705,-3.20333333333333,-3.205,-2.95,-2.82,3.17412222222222,9.44983333333333,2.63138333333333,9.0334,3.1499875,9.0381,3.79969166666667,9.45475,"OAKWOOD_VALLEY"
1993,-2.35666666666667,-1.3325,1.44666666666667,1.3,-1.74,-2.04,-3.24,-3.39,-3.40931111111111,5.6376,-3.06366666666667,5.8986,-1.73225,6.9156,-1.92768333333333,6.6096,"OAKWOOD_VALLEY"
1994,-1.48333333333333,-1.695,-2.35333333333333,-2.365,-2.83666666666667,-3.06,-3.11333333333333,-2.805,3.49077777777778,8.83148888888889,3.50808333333333,7.95685,4.008675,8.5833,3.9889,9.5268,"OAKWOOD_VALLEY"
1995,0.563333333333333,1.31,3.23333333333333,3.075,-1.54333333333333,-1.8475,-2.05666666666667,-1.705,1.82144444444444,3.17412222222222,1.73225,2.63138333333333,4.02825,3.1499875,4.23566666666667,3.79969166666667,"OAKWOOD_VALLEY"
1996,1.61666666666667,1.6875,2.1,2.2,-2.35666666666667,-1.3325,1.44666666666667,1.3,3.395,-3.40931111111111,3.55666666666667,-3.06366666666667,3.7125,-1.73225,3.54375,-1.92768333333333,"OAKWOOD_VALLEY"
1997,2.82333333333333,3.1525,2.76666666666667,2.08,-1.48333333333333,-1.695,-2.35333333333333,-2.365,7.81122222222222,3.49077777777778,5.87253333333333,3.50808333333333,6.5572,4.008675,8.72191666666667,3.9889,"OAKWOOD_VALLEY"
1998,-1.49333333333333,-0.47,4.02666666666667,4.74,0.563333333333333,1.31,3.23333333333333,3.075,-6.01315555555555,1.82144444444444,-7.0784,1.73225,-2.2278,4.02825,-1.89253333333333,4.23566666666667,"OAKWOOD_VALLEY"
1999,3.14333333333333,2.8325,2.46333333333333,2.745,1.61666666666667,1.6875,2.1,2.2,7.74307777777778,3.395,8.62845,3.55666666666667,7.7752125,3.7125,6.97739166666667,3.54375,"OAKWOOD_VALLEY"
2000,-1.04666666666667,-1.1925,0.323333333333333,1.3,2.82333333333333,3.1525,2.76666666666667,2.08,-0.338422222222222,7.81122222222222,-1.36066666666667,5.87253333333333,-1.55025,6.5572,-0.385575,8.72191666666667,"OAKWOOD_VALLEY"
2001,0.5,-0.085,-1.47666666666667,-1.295,-1.49333333333333,-0.47,4.02666666666667,4.74,-0.738333333333333,-6.01315555555555,-0.6475,-7.0784,0.110075,-2.2278,0.125516666666667,-1.89253333333333,"OAKWOOD_VALLEY"
2002,-0.443333333333333,0.185,1.42666666666667,1.105,3.14333333333333,2.8325,2.46333333333333,2.745,-0.632488888888889,7.74307777777778,-0.489883333333333,8.62845,0.204425,7.7752125,0.263933333333333,6.97739166666667,"OAKWOOD_VALLEY"
2003,-0.54,0.255,1.70333333333333,1.235,-1.04666666666667,-1.1925,0.323333333333333,1.3,-0.9198,-0.338422222222222,-0.6669,-1.36066666666667,0.314925,-1.55025,0.43435,-0.385575,"OAKWOOD_VALLEY"
2004,-0.616666666666667,-0.5725,-0.146666666666667,0,0.5,-0.085,-1.47666666666667,-1.295,0.0904444444444445,-0.738333333333333,0,-0.6475,0,0.110075,0.0839666666666667,0.125516666666667,"OAKWOOD_VALLEY"
2005,-1.25333333333333,-0.615,1.27,1.255,-0.443333333333333,0.185,1.42666666666667,1.105,-1.59173333333333,-0.632488888888889,-1.57293333333333,-0.489883333333333,-0.771825,0.204425,-0.78105,0.263933333333333,"OAKWOOD_VALLEY"
2006,2.94333333333333,3.1,3.55333333333333,3.545,-0.54,0.255,1.70333333333333,1.235,10.4586444444444,-0.9198,10.4341166666667,-0.6669,10.9895,0.314925,11.0153333333333,0.43435,"OAKWOOD_VALLEY"
2007,1.89,0.9025,-2.05,-2.045,-0.616666666666667,-0.5725,-0.146666666666667,0,-3.8745,0.0904444444444445,-3.86505,0,-1.8456125,0,-1.850125,0.0839666666666667,"OAKWOOD_VALLEY"
2008,-2.2,-2.0075,-1.77333333333333,-1.945,-1.25333333333333,-0.615,1.27,1.255,3.90133333333333,-1.59173333333333,4.279,-1.57293333333333,3.9045875,-0.771825,3.55996666666667,-0.78105,"OAKWOOD_VALLEY"
2009,-3.66666666666667,-3.835,-3.33666666666667,-2.835,2.94333333333333,3.1,3.55333333333333,3.545,12.2344444444444,10.4586444444444,10.395,10.4341166666667,10.872225,10.9895,12.7961166666667,11.0153333333333,"OAKWOOD_VALLEY"
2010,0.533333333333333,0.56,0.0666666666666667,-0.22,1.89,0.9025,-2.05,-2.045,0.0355555555555556,-3.8745,-0.117333333333333,-3.86505,-0.1232,-1.8456125,0.0373333333333333,-1.850125,"OAKWOOD_VALLEY"
2011,1.98666666666667,1.805,1.85666666666667,2.155,-2.2,-2.0075,-1.77333333333333,-1.945,3.68857777777778,3.90133333333333,4.28126666666667,4.279,3.889775,3.9045875,3.35128333333333,3.55996666666667,"OAKWOOD_VALLEY"
2012,2.37333333333333,1.27,-1.88333333333333,-1.805,-3.66666666666667,-3.835,-3.33666666666667,-2.835,-4.46977777777778,12.2344444444444,-4.28386666666667,10.395,-2.29235,10.872225,-2.39183333333333,12.7961166666667,"OAKWOOD_VALLEY"
2013,0.733333333333333,0.815,-1.08666666666667,-2.16,0.533333333333333,0.56,0.0666666666666667,-0.22,-0.796888888888889,0.0355555555555556,-1.584,-0.117333333333333,-1.7604,-0.1232,-0.885633333333333,0.0373333333333333,"OAKWOOD_VALLEY"
2014,-3.37333333333333,-3.6575,-4.08333333333333,-3.87,1.98666666666667,1.805,1.85666666666667,2.155,13.7744444444444,3.68857777777778,13.0548,4.28126666666667,14.154525,3.889775,14.9347916666667,3.35128333333333,"OAKWOOD_VALLEY"
2015,-1.25666666666667,-0.695,-1.14333333333333,-2.21,2.37333333333333,1.27,-1.88333333333333,-1.805,1.43678888888889,-4.46977777777778,2.77723333333333,-4.28386666666667,1.53595,-2.29235,0.794616666666667,-2.39183333333333,"OAKWOOD_VALLEY"
2016,-4.11666666666667,-3.8075,-2.81666666666667,-2.785,0.733333333333333,0.815,-1.08666666666667,-2.16,11.5952777777778,-0.796888888888889,11.4649166666667,-1.584,10.6038875,-1.7604,10.7244583333333,-0.885633333333333,"OAKWOOD_VALLEY"
2017,-0.246666666666667,0.5875,3.74,4.065,-3.37333333333333,-3.6575,-4.08333333333333,-3.87,-0.922533333333333,13.7744444444444,-1.0027,13.0548,2.3881875,14.154525,2.19725,14.9347916666667,"OAKWOOD_VALLEY"
2018,-1.00666666666667,-1.395,-2.66,-2.71,-1.25666666666667,-0.695,-1.14333333333333,-2.21,2.67773333333333,1.43678888888889,2.72806666666667,2.77723333333333,3.78045,1.53595,3.7107,0.794616666666667,"OAKWOOD_VALLEY"
2019,-1.46333333333333,-1.4225,1.64,3.11,-4.11666666666667,-3.8075,-2.81666666666667,-2.785,-2.39986666666667,11.5952777777778,-4.55096666666667,11.4649166666667,-4.423975,10.6038875,-2.3329,10.7244583333333,"OAKWOOD_VALLEY"
2020,-0.516666666666667,-0.76,-2.07333333333333,-2.365,-0.246666666666667,0.5875,3.74,4.065,1.07122222222222,-0.922533333333333,1.22191666666667,-1.0027,1.7974,2.3881875,1.57573333333333,2.19725,"OAKWOOD_VALLEY"
2021,5.42666666666667,5.1625,2.97,2.27,-1.00666666666667,-1.395,-2.66,-2.71,16.1172,2.67773333333333,12.3185333333333,2.72806666666667,11.718875,3.78045,15.332625,3.7107,"OAKWOOD_VALLEY"
2022,-3.02333333333333,-1.5675,3.13666666666667,3.305,-1.46333333333333,-1.4225,1.64,3.11,-9.48318888888889,-2.39986666666667,-9.99211666666667,-4.55096666666667,-5.1805875,-4.423975,-4.916725,-2.3329,"OAKWOOD_VALLEY"
2023,-1.62333333333333,-1.5325,0.31,1.095,-0.516666666666667,-0.76,-2.07333333333333,-2.365,-0.503233333333333,1.07122222222222,-1.77755,1.22191666666667,-1.6780875,1.7974,-0.475075,1.57573333333333,"OAKWOOD_VALLEY"
2024,0.746666666666667,1.1525,2.72333333333333,2.9,5.42666666666667,5.1625,2.97,2.27,2.03342222222222,16.1172,2.16533333333333,12.3185333333333,3.34225,11.718875,3.13864166666667,15.332625,"OAKWOOD_VALLEY"
2025,0.733333333333333,0.8425,1.63,1.86,-3.02333333333333,-1.5675,3.13666666666667,3.305,1.19533333333333,-9.48318888888889,1.364,-9.99211666666667,1.56705,-5.1805875,1.373275,-4.916725,"OAKWOOD_VALLEY"
2026,-9999,-9999,-9999,-9999,-1.62333333333333,-1.5325,0.31,1.095,99980001,-0.503233333333333,99980001,-1.77755,99980001,-1.6780875,99980001,-0.475075,"OAKWOOD_VALLEY"
1896,-1.1,-0.5525,-0.343333333333333,-1.06,NA,NA,NA,NA,0.377666666666667,NA,1.166,NA,0.58565,NA,0.189691666666667,NA,"REDWOOD_CREEK"
1897,2.54,2.4125,2.55333333333333,2.815,NA,NA,NA,NA,6.48546666666667,NA,7.1501,NA,6.7911875,NA,6.15991666666667,NA,"REDWOOD_CREEK"
1898,-1.04,-1.2375,-1.98,-2.055,NA,NA,NA,NA,2.0592,NA,2.1372,NA,2.5430625,NA,2.45025,NA,"REDWOOD_CREEK"
1899,1.52,0.81,-0.63,-0.285,-1.1,-0.5525,-0.343333333333333,-1.06,-0.9576,0.377666666666667,-0.4332,1.166,-0.23085,0.58565,-0.5103,0.189691666666667,"REDWOOD_CREEK"
1900,3.68666666666667,3.655,2.69333333333333,2.26,2.54,2.4125,2.55333333333333,2.815,9.92942222222222,6.48546666666667,8.33186666666667,7.1501,8.2603,6.7911875,9.84413333333333,6.15991666666667,"REDWOOD_CREEK"
1901,1.34,1.2875,0.53,0.23,-1.04,-1.2375,-1.98,-2.055,0.7102,2.0592,0.3082,2.1372,0.296125,2.5430625,0.682375,2.45025,"REDWOOD_CREEK"
1902,-0.35,-0.6075,1.30666666666667,2.65,1.52,0.81,-0.63,-0.285,-0.457333333333333,-0.9576,-0.9275,-0.4332,-1.609875,-0.23085,-0.7938,-0.5103,"REDWOOD_CREEK"
1903,3.79,3.705,3.26666666666667,3.175,3.68666666666667,3.655,2.69333333333333,2.26,12.3806666666667,9.92942222222222,12.03325,8.33186666666667,11.763375,8.2603,12.103,9.84413333333333,"REDWOOD_CREEK"
1904,0.21,-0.17,1.58666666666667,3.035,1.34,1.2875,0.53,0.23,0.3332,0.7102,0.63735,0.3082,-0.51595,0.296125,-0.269733333333333,0.682375,"REDWOOD_CREEK"
1905,5.43666666666667,5.1725,3.95333333333333,3.74,-0.35,-0.6075,1.30666666666667,2.65,21.4929555555556,-0.457333333333333,20.3331333333333,-0.9275,19.34515,-1.609875,20.4486166666667,-0.7938,"REDWOOD_CREEK"
1906,1.45333333333333,1.3875,1.82333333333333,2.14,3.79,3.705,3.26666666666667,3.175,2.64991111111111,12.3806666666667,3.11013333333333,12.03325,2.96925,11.763375,2.529875,12.103,"REDWOOD_CREEK"
1907,3.66,3.6025,4.02,4.315,0.21,-0.17,1.58666666666667,3.035,14.7132,0.3332,15.7929,0.63735,15.5447875,-0.51595,14.48205,-0.269733333333333,"REDWOOD_CREEK"
1908,1.93,1.7375,0.23,-0.235,5.43666666666667,5.1725,3.95333333333333,3.74,0.4439,21.4929555555556,-0.45355,20.3331333333333,-0.4083125,19.34515,0.399625,20.4486166666667,"REDWOOD_CREEK"
1909,-1.45666666666667,-0.405,3.31333333333333,3.595,1.45333333333333,1.3875,1.82333333333333,2.14,-4.82642222222222,2.64991111111111,-5.23671666666667,3.11013333333333,-1.455975,2.96925,-1.3419,2.529875,"REDWOOD_CREEK"
1910,1.21,1.2325,0.996666666666667,0.845,3.66,3.6025,4.02,4.315,1.20596666666667,14.7132,1.02245,15.7929,1.0414625,15.5447875,1.22839166666667,14.48205,"REDWOOD_CREEK"
1911,-2.25666666666667,-1.9,-0.0633333333333333,0.32,1.93,1.7375,0.23,-0.235,0.142922222222222,0.4439,-0.722133333333333,-0.45355,-0.608,-0.4083125,0.120333333333333,0.399625,"REDWOOD_CREEK"
1912,-0.796666666666667,-1.1775,-2.58333333333333,-2.715,-1.45666666666667,-0.405,3.31333333333333,3.595,2.05805555555556,-4.82642222222222,2.16295,-5.23671666666667,3.1969125,-1.455975,3.041875,-1.3419,"REDWOOD_CREEK"
1913,3.34666666666667,3.175,1.60666666666667,1.08,1.21,1.2325,0.996666666666667,0.845,5.37697777777778,1.20596666666667,3.6144,1.02245,3.429,1.0414625,5.10116666666667,1.22839166666667,"REDWOOD_CREEK"
1914,-0.253333333333333,0.91,3.75333333333333,3.43,-2.25666666666667,-1.9,-0.0633333333333333,0.32,-0.950844444444444,0.142922222222222,-0.868933333333333,-0.722133333333333,3.1213,-0.608,3.41553333333333,0.120333333333333,"REDWOOD_CREEK"
1915,-0.396666666666667,-0.065,1.83333333333333,2.285,-0.796666666666667,-1.1775,-2.58333333333333,-2.715,-0.727222222222222,2.05805555555556,-0.906383333333333,2.16295,-0.148525,3.1969125,-0.119166666666667,3.041875,"REDWOOD_CREEK"
1916,2.15,2.615,3.31666666666667,2.97,3.34666666666667,3.175,1.60666666666667,1.08,7.13083333333333,5.37697777777778,6.3855,3.6144,7.76655,3.429,8.67308333333333,5.10116666666667,"REDWOOD_CREEK"
1917,-0.903333333333333,-1.01,-1.06333333333333,-0.93,-0.253333333333333,0.91,3.75333333333333,3.43,0.960544444444445,-0.950844444444444,0.8401,-0.868933333333333,0.9393,3.1213,1.07396666666667,3.41553333333333,"REDWOOD_CREEK"
1918,-2.70666666666667,-2.9225,-3.33,-3.21,-0.396666666666667,-0.065,1.83333333333333,2.285,9.0132,-0.727222222222222,8.6884,-0.906383333333333,9.381225,-0.148525,9.731925,-0.119166666666667,"REDWOOD_CREEK"
1919,2.68,2.4575,2.71666666666667,3.18,2.15,2.615,3.31666666666667,2.97,7.28066666666667,7.13083333333333,8.5224,6.3855,7.81485,7.76655,6.67620833333333,8.67308333333333,"REDWOOD_CREEK"
1920,-2.32666666666667,-2.5275,-3.33666666666667,-3.44,-0.903333333333333,-1.01,-1.06333333333333,-0.93,7.76331111111111,0.960544444444445,8.00373333333333,0.8401,8.6946,0.9393,8.433425,1.07396666666667,"REDWOOD_CREEK"
1921,2.19666666666667,2.5275,2.45666666666667,1.925,-2.70666666666667,-2.9225,-3.33,-3.21,5.39647777777778,9.0132,4.22858333333333,8.6884,4.8654375,9.381225,6.209225,9.731925,"REDWOOD_CREEK"
1922,-2.14333333333333,-2.095,-1.19333333333333,-0.815,2.68,2.4575,2.71666666666667,3.18,2.55771111111111,7.28066666666667,1.74681666666667,8.5224,1.707425,7.81485,2.50003333333333,6.67620833333333,"REDWOOD_CREEK"
1923,1.04,1.055,-0.83,-1.795,-2.32666666666667,-2.5275,-3.33666666666667,-3.44,-0.8632,7.76331111111111,-1.8668,8.00373333333333,-1.893725,8.6946,-0.87565,8.433425,"REDWOOD_CREEK"
1924,-1.39,-1.705,-2.96666666666667,-3.125,2.19666666666667,2.5275,2.45666666666667,1.925,4.12366666666667,5.39647777777778,4.34375,4.22858333333333,5.328125,4.8654375,5.05816666666667,6.209225,"REDWOOD_CREEK"
1925,-0.273333333333333,0.115,1.91666666666667,2.235,-2.14333333333333,-2.095,-1.19333333333333,-0.815,-0.523888888888889,2.55771111111111,-0.6109,1.74681666666667,0.257025,1.707425,0.220416666666667,2.50003333333333,"REDWOOD_CREEK"
1926,2.17,1.845,0.19,-0.15,1.04,1.055,-0.83,-1.795,0.4123,-0.8632,-0.3255,-1.8668,-0.27675,-1.893725,0.35055,-0.87565,"REDWOOD_CREEK"
1927,2.24,2.27,2.63,2.765,-1.39,-1.705,-2.96666666666667,-3.125,5.8912,4.12366666666667,6.1936,4.34375,6.27655,5.328125,5.9701,5.05816666666667,"REDWOOD_CREEK"
1928,1.61666666666667,1.445,0.426666666666667,0.175,-0.273333333333333,0.115,1.91666666666667,2.235,0.689777777777778,-0.523888888888889,0.282916666666667,-0.6109,0.252875,0.257025,0.616533333333333,0.220416666666667,"REDWOOD_CREEK"
1929,-1.13,-1.2425,-1.96333333333333,-2.155,2.17,1.845,0.19,-0.15,2.21856666666667,0.4123,2.43515,-0.3255,2.6775875,-0.27675,2.43944166666667,0.35055,"REDWOOD_CREEK"
1930,-1.67666666666667,-1.675,-1.73,-1.76,2.24,2.27,2.63,2.765,2.90063333333333,5.8912,2.95093333333333,6.1936,2.948,6.27655,2.89775,5.9701,"REDWOOD_CREEK"
1931,-2.16,-2.2775,-3.18,-3.455,1.61666666666667,1.445,0.426666666666667,0.175,6.8688,0.689777777777778,7.4628,0.282916666666667,7.8687625,0.252875,7.24245,0.616533333333333,"REDWOOD_CREEK"
1932,-0.79,-0.245,0.213333333333333,-0.375,-1.13,-1.2425,-1.96333333333333,-2.155,-0.168533333333333,2.21856666666667,0.29625,2.43515,0.0918750000000001,2.6775875,-0.0522666666666667,2.43944166666667,"REDWOOD_CREEK"
1933,-2.19,-2.165,-2.41666666666667,-2.58,-1.67666666666667,-1.675,-1.73,-1.76,5.2925,2.90063333333333,5.6502,2.95093333333333,5.5857,2.948,5.23208333333333,2.89775,"REDWOOD_CREEK"
1934,0.34,0.1675,-0.573333333333333,-0.685,-2.16,-2.2775,-3.18,-3.455,-0.194933333333333,6.8688,-0.2329,7.4628,-0.1147375,7.8687625,-0.0960333333333333,7.24245,"REDWOOD_CREEK"
1935,-1.35666666666667,-1.1875,-0.92,-1.04,-0.79,-0.245,0.213333333333333,-0.375,1.24813333333333,-0.168533333333333,1.41093333333333,0.29625,1.235,0.0918750000000001,1.0925,-0.0522666666666667,"REDWOOD_CREEK"
1936,-1.34333333333333,-1.38,0.246666666666667,1.115,-2.19,-2.165,-2.41666666666667,-2.58,-0.331355555555555,5.2925,-1.49781666666667,5.6502,-1.5387,5.5857,-0.3404,5.23208333333333,"REDWOOD_CREEK"
1937,-1.83,-1.9025,-0.473333333333333,0.35,0.34,0.1675,-0.573333333333333,-0.685,0.8662,-0.194933333333333,-0.6405,-0.2329,-0.665875,-0.1147375,0.900516666666667,-0.0960333333333333,"REDWOOD_CREEK"
1938,1.61,1.67,3.31,4.04,-1.35666666666667,-1.1875,-0.92,-1.04,5.3291,1.24813333333333,6.5044,1.41093333333333,6.7468,1.235,5.5277,1.0925,"REDWOOD_CREEK"
1939,0.413333333333333,-0.2425,-2.53,-2.69,-1.34333333333333,-1.38,0.246666666666667,1.115,-1.04573333333333,-0.331355555555555,-1.11186666666667,-1.49781666666667,0.652325,-1.5387,0.613525,-0.3404,"REDWOOD_CREEK"
1940,-3.32,-3.0525,1.24333333333333,2.99,-1.83,-1.9025,-0.473333333333333,0.35,-4.12786666666667,0.8662,-9.9268,-0.6405,-9.126975,-0.665875,-3.795275,0.900516666666667,"REDWOOD_CREEK"
1941,1.92666666666667,2.1475,3.36666666666667,3.645,1.61,1.67,3.31,4.04,6.48644444444444,5.3291,7.0227,6.5044,7.8276375,6.7468,7.22991666666667,5.5277,"REDWOOD_CREEK"
1942,3.7,3.6375,3.42333333333333,3.41,0.413333333333333,-0.2425,-2.53,-2.69,12.6663333333333,-1.04573333333333,12.617,-1.11186666666667,12.403875,0.652325,12.452375,0.613525,"REDWOOD_CREEK"
1943,3.7,3.8525,3.63666666666667,3.3,-3.32,-3.0525,1.24333333333333,2.99,13.4556666666667,-4.12786666666667,12.21,-9.9268,12.71325,-9.126975,14.0102583333333,-3.795275,"REDWOOD_CREEK"
1944,-0.843333333333333,-1.1675,-2.01666666666667,-1.955,1.92666666666667,2.1475,3.36666666666667,3.645,1.70072222222222,6.48644444444444,1.64871666666667,7.0227,2.2824625,7.8276375,2.35445833333333,7.22991666666667,"REDWOOD_CREEK"
1945,1.88666666666667,1.64,0.916666666666667,0.925,3.7,3.6375,3.42333333333333,3.41,1.72944444444444,12.6663333333333,1.74516666666667,12.617,1.517,12.403875,1.50333333333333,12.452375,"REDWOOD_CREEK"
1946,1.43,1.53,1.19333333333333,0.875,3.7,3.8525,3.63666666666667,3.3,1.70646666666667,13.4556666666667,1.25125,12.21,1.33875,12.71325,1.8258,14.0102583333333,"REDWOOD_CREEK"
1947,-2.33666666666667,-2.505,-3.09666666666667,-3.14,-0.843333333333333,-1.1675,-2.01666666666667,-1.955,7.23587777777778,1.70072222222222,7.33713333333333,1.64871666666667,7.8657,2.2824625,7.75715,2.35445833333333,"REDWOOD_CREEK"
1948,-1.47333333333333,-1.7525,-2.61666666666667,-2.63,1.88666666666667,1.64,0.916666666666667,0.925,3.85522222222222,1.72944444444444,3.87486666666667,1.74516666666667,4.609075,1.517,4.58570833333333,1.50333333333333,"REDWOOD_CREEK"
1949,-0.78,-0.9,-0.566666666666667,-0.22,1.43,1.53,1.19333333333333,0.875,0.442,1.70646666666667,0.1716,1.25125,0.198,1.33875,0.51,1.8258,"REDWOOD_CREEK"
1950,-2.56666666666667,-2.3875,-1.86333333333333,-1.87,-2.33666666666667,-2.505,-3.09666666666667,-3.14,4.78255555555555,7.23587777777778,4.79966666666667,7.33713333333333,4.464625,7.8657,4.44870833333333,7.75715,"REDWOOD_CREEK"
1951,1.49,1.8975,2.53666666666667,2.245,-1.47333333333333,-1.7525,-2.61666666666667,-2.63,3.77963333333333,3.85522222222222,3.34505,3.87486666666667,4.2598875,4.609075,4.813325,4.58570833333333,"REDWOOD_CREEK"
1952,1.38,1.7925,2.69666666666667,2.53,-0.78,-0.9,-0.566666666666667,-0.22,3.7214,0.442,3.4914,0.1716,4.535025,0.198,4.833775,0.51,"REDWOOD_CREEK"
1953,-0.273333333333333,0.19,-0.243333333333333,-1.155,-2.56666666666667,-2.3875,-1.86333333333333,-1.87,0.0665111111111111,4.78255555555555,0.3157,4.79966666666667,-0.21945,4.464625,-0.0462333333333333,4.44870833333333,"REDWOOD_CREEK"
1954,0.18,-0.275,-1.57333333333333,-1.54,1.49,1.8975,2.53666666666667,2.245,-0.2832,3.77963333333333,-0.2772,3.34505,0.4235,4.2598875,0.432666666666666,4.813325,"REDWOOD_CREEK"
1955,-0.626666666666667,-0.62,-1.39666666666667,-1.795,1.38,1.7925,2.69666666666667,2.53,0.875244444444444,3.7214,1.12486666666667,3.4914,1.1129,4.535025,0.865933333333333,4.833775,"REDWOOD_CREEK"
1956,-0.0233333333333333,1.0275,3.30333333333333,2.865,-0.273333333333333,0.19,-0.243333333333333,-1.155,-0.0770777777777776,0.0665111111111111,-0.0668499999999999,0.3157,2.9437875,-0.21945,3.394175,-0.0462333333333333,"REDWOOD_CREEK"
1957,-0.48,-0.95,-2.12333333333333,-2.005,0.18,-0.275,-1.57333333333333,-1.54,1.0192,-0.2832,0.9624,-0.2772,1.90475,0.4235,2.01716666666667,0.432666666666666,"REDWOOD_CREEK"
1958,3.60666666666667,3.4475,3.99,4.5,-0.626666666666667,-0.62,-1.39666666666667,-1.795,14.3906,0.875244444444444,16.23,1.12486666666667,15.51375,1.1129,13.755525,0.865933333333333,"REDWOOD_CREEK"
1959,-0.1,-0.855,-2.91666666666667,-2.815,-0.0233333333333333,1.0275,3.30333333333333,2.865,0.291666666666667,-0.0770777777777776,0.2815,-0.0668499999999999,2.406825,2.9437875,2.49375,3.394175,"REDWOOD_CREEK"
1960,-3.64,-3.8,-4.04333333333333,-3.925,-0.48,-0.95,-2.12333333333333,-2.005,14.7177333333333,1.0192,14.287,0.9624,14.915,1.90475,15.3646666666667,2.01716666666667,"REDWOOD_CREEK"
1961,-3.09333333333333,-3.1725,-3.36,-3.335,3.60666666666667,3.4475,3.99,4.5,10.3936,14.3906,10.3162666666667,16.23,10.5802875,15.51375,10.6596,13.755525,"REDWOOD_CREEK"
1962,-2.92333333333333,-3.0575,-2.62333333333333,-2.205,-0.1,-0.855,-2.91666666666667,-2.815,7.66887777777778,0.291666666666667,6.44595,0.2815,6.7417875,2.406825,8.02084166666667,2.49375,"REDWOOD_CREEK"
1963,3.55,3.1975,2.02333333333333,1.965,-3.64,-3.8,-4.04333333333333,-3.925,7.18283333333333,14.7177333333333,6.97575,14.287,6.2830875,14.915,6.46960833333333,15.3646666666667,"REDWOOD_CREEK"
1964,1.88666666666667,1.685,-0.973333333333333,-2,-3.09333333333333,-3.1725,-3.36,-3.335,-1.83635555555556,10.3936,-3.77333333333333,10.3162666666667,-3.37,10.5802875,-1.64006666666667,10.6596,"REDWOOD_CREEK"
1965,-0.05,0.3575,0.24,-0.43,-2.92333333333333,-3.0575,-2.62333333333333,-2.205,-0.012,7.66887777777778,0.0215,6.44595,-0.153725,6.7417875,0.0858,8.02084166666667,"REDWOOD_CREEK"
1966,0.0766666666666667,0.1625,-0.0666666666666667,-0.31,3.55,3.1975,2.02333333333333,1.965,-0.00511111111111111,7.18283333333333,-0.0237666666666667,6.97575,-0.050375,6.2830875,-0.0108333333333333,6.46960833333333,"REDWOOD_CREEK"
1967,-1.84,-0.72,1.95333333333333,1.61,1.88666666666667,1.685,-0.973333333333333,-2,-3.59413333333333,-1.83635555555556,-2.9624,-3.77333333333333,-1.1592,-3.37,-1.4064,-1.64006666666667,"REDWOOD_CREEK"
1968,1.92666666666667,1.6625,-0.0366666666666666,-0.49,-0.05,0.3575,0.24,-0.43,-0.0706444444444444,-0.012,-0.944066666666667,0.0215,-0.814625,-0.153725,-0.0609583333333333,0.0858,"REDWOOD_CREEK"
1969,-1.33333333333333,-0.56,1.90666666666667,1.98,0.0766666666666667,0.1625,-0.0666666666666667,-0.31,-2.54222222222222,-0.00511111111111111,-2.64,-0.0237666666666667,-1.1088,-0.050375,-1.06773333333333,-0.0108333333333333,"REDWOOD_CREEK"
1970,0.336666666666667,0.92,1.71,1.23,-1.84,-0.72,1.95333333333333,1.61,0.5757,-3.59413333333333,0.4141,-2.9624,1.1316,-1.1592,1.5732,-1.4064,"REDWOOD_CREEK"
1971,0.63,0.845,-0.49,-1.48,1.92666666666667,1.6625,-0.0366666666666666,-0.49,-0.3087,-0.0706444444444444,-0.9324,-0.944066666666667,-1.2506,-0.814625,-0.41405,-0.0609583333333333,"REDWOOD_CREEK"
1972,-1.60666666666667,-1.62,-2.12666666666667,-2.36,-1.33333333333333,-0.56,1.90666666666667,1.98,3.41684444444444,-2.54222222222222,3.79173333333333,-2.64,3.8232,-1.1088,3.4452,-1.06773333333333,"REDWOOD_CREEK"
1973,3.18333333333333,3.51,4.32333333333333,4.24,0.336666666666667,0.92,1.71,1.23,13.7626111111111,0.5757,13.4973333333333,0.4141,14.8824,1.1316,15.1749,1.5732,"REDWOOD_CREEK"
1974,4.35666666666667,4.495,4.41666666666667,4.17,0.63,0.845,-0.49,-1.48,19.2419444444444,-0.3087,18.1673,-0.9324,18.74415,-1.2506,19.8529166666667,-0.41405,"REDWOOD_CREEK"
1975,1.42333333333333,0.515,-0.326666666666667,0.615,-1.60666666666667,-1.62,-2.12666666666667,-2.36,-0.464955555555555,3.41684444444444,0.87535,3.79173333333333,0.316725,3.8232,-0.168233333333333,3.4452,"REDWOOD_CREEK"
1976,0.723333333333333,0.075,-2.42333333333333,-2.7,3.18333333333333,3.51,4.32333333333333,4.24,-1.75287777777778,13.7626111111111,-1.953,13.4973333333333,-0.2025,14.8824,-0.18175,15.1749,"REDWOOD_CREEK"
1977,-2.02666666666667,-2.2775,-3.49666666666667,-3.73,4.35666666666667,4.495,4.41666666666667,4.17,7.08657777777778,19.2419444444444,7.55946666666667,18.1673,8.495075,18.74415,7.96365833333333,19.8529166666667,"REDWOOD_CREEK"
1978,-1.91333333333333,-1.5975,0.606666666666667,1.235,1.42333333333333,0.515,-0.326666666666667,0.615,-1.16075555555556,-0.464955555555555,-2.36296666666667,0.87535,-1.9729125,0.316725,-0.96915,-0.168233333333333,"REDWOOD_CREEK"
1979,-2.07666666666667,-2.1075,-1.97333333333333,-1.86,0.723333333333333,0.075,-2.42333333333333,-2.7,4.09795555555556,-1.75287777777778,3.8626,-1.953,3.91995,-0.2025,4.1588,-0.18175,"REDWOOD_CREEK"
1980,-0.183333333333333,0.24,1.52,1.525,-2.02666666666667,-2.2775,-3.49666666666667,-3.73,-0.278666666666667,7.08657777777778,-0.279583333333333,7.55946666666667,0.366,8.495075,0.3648,7.96365833333333,"REDWOOD_CREEK"
1981,-2.23,-2.325,-2.59666666666667,-2.59,-1.91333333333333,-1.5975,0.606666666666667,1.235,5.79056666666667,-1.16075555555556,5.7757,-2.36296666666667,6.02175,-1.9729125,6.03725,-0.96915,"REDWOOD_CREEK"
1982,0.986666666666667,1.5675,3.56,3.685,-2.07666666666667,-2.1075,-1.97333333333333,-1.86,3.51253333333333,4.09795555555556,3.63586666666667,3.8626,5.7762375,3.91995,5.5803,4.1588,"REDWOOD_CREEK"
1983,4.54333333333333,4.5275,5.94,6.67,-0.183333333333333,0.24,1.52,1.525,26.9874,-0.278666666666667,30.3040333333333,-0.279583333333333,30.198425,0.366,26.89335,0.3648,"REDWOOD_CREEK"
1984,5.09,4.9775,3.47,2.885,-2.23,-2.325,-2.59666666666667,-2.59,17.6623,5.79056666666667,14.68465,5.7757,14.3600875,6.02175,17.271925,6.03725,"REDWOOD_CREEK"
1985,2.71666666666667,2.4525,1.22666666666667,1.01,0.986666666666667,1.5675,3.56,3.685,3.33244444444444,3.51253333333333,2.74383333333333,3.63586666666667,2.477025,5.7762375,3.0084,5.5803,"REDWOOD_CREEK"
1986,-1.75,-1.6025,1.47333333333333,2.79,4.54333333333333,4.5275,5.94,6.67,-2.57833333333333,26.9874,-4.8825,30.3040333333333,-4.470975,30.198425,-2.36101666666667,26.89335,"REDWOOD_CREEK"
1987,-1.61333333333333,-1.9125,-2.48666666666667,-2.325,5.09,4.9775,3.47,2.885,4.01182222222222,17.6623,3.751,14.68465,4.4465625,14.3600875,4.75575,17.271925,"REDWOOD_CREEK"
1988,-3.26333333333333,-3.03,-3.07666666666667,-3.45,2.71666666666667,2.4525,1.22666666666667,1.01,10.0401888888889,3.33244444444444,11.2585,2.74383333333333,10.4535,2.477025,9.3223,3.0084,"REDWOOD_CREEK"
1989,-2.90666666666667,-2.855,-2.43333333333333,-2.3,-1.75,-1.6025,1.47333333333333,2.79,7.07288888888889,-2.57833333333333,6.68533333333333,-4.8825,6.5665,-4.470975,6.94716666666667,-2.36101666666667,"REDWOOD_CREEK"
1990,-1.84,-2.12,-3.27,-3.425,-1.61333333333333,-1.9125,-2.48666666666667,-2.325,6.0168,4.01182222222222,6.302,3.751,7.261,4.4465625,6.9324,4.75575,"REDWOOD_CREEK"
1991,-2.55,-2.7825,-2.91,-2.625,-3.26333333333333,-3.03,-3.07666666666667,-3.45,7.4205,10.0401888888889,6.69375,11.2585,7.3040625,10.4535,8.097075,9.3223,"REDWOOD_CREEK"
1992,-0.396666666666667,-0.835,-1.60666666666667,-1.335,-2.90666666666667,-2.855,-2.43333333333333,-2.3,0.637311111111111,7.07288888888889,0.52955,6.68533333333333,1.114725,6.5665,1.34156666666667,6.94716666666667,"REDWOOD_CREEK"
1993,-2.25666666666667,-1.8875,0.396666666666667,0.985,-1.84,-2.12,-3.27,-3.425,-0.895144444444444,6.0168,-2.22281666666667,6.302,-1.8591875,7.261,-0.748708333333333,6.9324,"REDWOOD_CREEK"
1994,-1.08,-1.28,-1.97,-2.015,-2.55,-2.7825,-2.91,-2.625,2.1276,7.4205,2.1762,6.69375,2.5792,7.3040625,2.5216,8.097075,"REDWOOD_CREEK"
1995,0.6,1.29,3.06333333333333,2.915,-0.396666666666667,-0.835,-1.60666666666667,-1.335,1.838,0.637311111111111,1.749,0.52955,3.76035,1.114725,3.9517,1.34156666666667,"REDWOOD_CREEK"
1996,1.59,1.66,2.01333333333333,2.085,-2.25666666666667,-1.8875,0.396666666666667,0.985,3.2012,-0.895144444444444,3.31515,-2.22281666666667,3.4611,-1.8591875,3.34213333333333,-0.748708333333333,"REDWOOD_CREEK"
1997,2.51333333333333,2.6825,1.92333333333333,1.29,-1.08,-1.28,-1.97,-2.015,4.83397777777778,2.1276,3.2422,2.1762,3.460425,2.5792,5.15934166666667,2.5216,"REDWOOD_CREEK"
1998,-1.77666666666667,-0.775,3.52333333333333,4.17,0.6,1.29,3.06333333333333,2.915,-6.25978888888889,1.838,-7.4087,1.749,-3.23175,3.76035,-2.73058333333333,3.9517,"REDWOOD_CREEK"
1999,2.73,2.4375,2.14666666666667,2.44,1.59,1.66,2.01333333333333,2.085,5.8604,3.2012,6.6612,3.31515,5.9475,3.4611,5.2325,3.34213333333333,"REDWOOD_CREEK"
2000,-1.01666666666667,-1.185,0.173333333333333,1.105,2.51333333333333,2.6825,1.92333333333333,1.29,-0.176222222222222,4.83397777777778,-1.12341666666667,3.2422,-1.309425,3.460425,-0.2054,5.15934166666667,"REDWOOD_CREEK"
2001,0.52,-0.04,-1.54666666666667,-1.46,-1.77666666666667,-0.775,3.52333333333333,4.17,-0.804266666666667,-6.25978888888889,-0.7592,-7.4087,0.0584,-3.23175,0.0618666666666666,-2.73058333333333,"REDWOOD_CREEK"
2002,-0.716666666666667,-0.0250000000000001,1.49,1.21,2.73,2.4375,2.14666666666667,2.44,-1.06783333333333,5.8604,-0.867166666666667,6.6612,-0.0302500000000001,5.9475,-0.0372500000000001,5.2325,"REDWOOD_CREEK"
2003,-0.743333333333334,0.14,1.84333333333333,1.37,-1.01666666666667,-1.185,0.173333333333333,1.105,-1.37021111111111,-0.176222222222222,-1.01836666666667,-1.12341666666667,0.1918,-1.309425,0.258066666666666,-0.2054,"REDWOOD_CREEK"
2004,-1.42,-1.3625,-1.16333333333333,-1.15,0.52,-0.04,-1.54666666666667,-1.46,1.65193333333333,-0.804266666666667,1.633,-0.7592,1.566875,0.0584,1.58504166666667,0.0618666666666666,"REDWOOD_CREEK"
2005,-1.86,-1.6325,-0.2,0.175,-0.716666666666667,-0.0250000000000001,1.49,1.21,0.372,-1.06783333333333,-0.3255,-0.867166666666667,-0.2856875,-0.0302500000000001,0.3265,-0.0372500000000001,"REDWOOD_CREEK"
2006,2.4,2.565,3.01666666666667,2.995,-0.743333333333334,0.14,1.84333333333333,1.37,7.24,-1.37021111111111,7.188,-1.01836666666667,7.682175,0.1918,7.73775,0.258066666666666,"REDWOOD_CREEK"
2007,1.52666666666667,0.6675,-1.94666666666667,-1.965,-1.42,-1.3625,-1.16333333333333,-1.15,-2.97191111111111,1.65193333333333,-2.9999,1.633,-1.3116375,1.566875,-1.2994,1.58504166666667,"REDWOOD_CREEK"
2008,-2.01666666666667,-1.8475,-1.66666666666667,-1.83,-1.86,-1.6325,-0.2,0.175,3.36111111111111,0.372,3.6905,-0.3255,3.380925,-0.2856875,3.07916666666667,0.3265,"REDWOOD_CREEK"
2009,-3.92666666666667,-4.095,-3.70666666666667,-3.26,2.4,2.565,3.01666666666667,2.995,14.5548444444444,7.24,12.8009333333333,7.188,13.3497,7.682175,15.1788,7.73775,"REDWOOD_CREEK"
2010,0.476666666666667,0.5125,0.1,-0.16,1.52666666666667,0.6675,-1.94666666666667,-1.965,0.0476666666666667,-2.97191111111111,-0.0762666666666667,-2.9999,-0.082,-1.3116375,0.05125,-1.2994,"REDWOOD_CREEK"
2011,2.39,2.2225,2.21,2.455,-2.01666666666667,-1.8475,-1.66666666666667,-1.83,5.2819,3.36111111111111,5.86745,3.6905,5.4562375,3.380925,4.911725,3.07916666666667,"REDWOOD_CREEK"
2012,2.98333333333333,2.475,-0.876666666666667,-1.79,-3.92666666666667,-4.095,-3.70666666666667,-3.26,-2.61538888888889,14.5548444444444,-5.34016666666667,12.8009333333333,-4.43025,13.3497,-2.16975,15.1788,"REDWOOD_CREEK"
2013,0.47,0.5675,-1.15666666666667,-2.165,0.476666666666667,0.5125,0.1,-0.16,-0.543633333333333,0.0476666666666667,-1.01755,-0.0762666666666667,-1.2286375,-0.082,-0.656408333333333,0.05125,"REDWOOD_CREEK"
2014,-3.28666666666667,-3.5275,-3.85,-3.65,2.39,2.2225,2.21,2.455,12.6536666666667,5.2819,11.9963333333333,5.86745,12.875375,5.4562375,13.580875,4.911725,"REDWOOD_CREEK"
2015,-1.2,-0.65,-1.12333333333333,-2.185,2.98333333333333,2.475,-0.876666666666667,-1.79,1.348,-2.61538888888889,2.622,-5.34016666666667,1.42025,-4.43025,0.730166666666667,-2.16975,"REDWOOD_CREEK"
2016,-4.06,-3.77,-2.9,-2.9,0.47,0.5675,-1.15666666666667,-2.165,11.774,-0.543633333333333,11.774,-1.01755,10.933,-1.2286375,10.933,-0.656408333333333,"REDWOOD_CREEK"
2017,-1.15666666666667,-0.0975,3.67666666666667,3.975,-3.28666666666667,-3.5275,-3.85,-3.65,-4.25267777777778,12.6536666666667,-4.59775,11.9963333333333,-0.3875625,12.875375,-0.358475,13.580875,"REDWOOD_CREEK"
2018,-1.15666666666667,-1.5325,-2.74,-2.78,-1.2,-0.65,-1.12333333333333,-2.185,3.16926666666667,1.348,3.21553333333333,2.622,4.26035,1.42025,4.19905,0.730166666666667,"REDWOOD_CREEK"
2019,-1.70666666666667,-1.6775,1.46,2.985,-4.06,-3.77,-2.9,-2.9,-2.49173333333333,11.774,-5.0944,11.774,-5.0073375,10.933,-2.44915,10.933,"REDWOOD_CREEK"
2020,-0.62,-0.8575,-2.12,-2.395,-1.15666666666667,-0.0975,3.67666666666667,3.975,1.3144,-4.25267777777778,1.4849,-4.59775,2.0537125,-0.3875625,1.8179,-0.358475,"REDWOOD_CREEK"
2021,5.35,5.0725,2.85,2.155,-1.15666666666667,-1.5325,-2.74,-2.78,15.2475,3.16926666666667,11.52925,3.21553333333333,10.9312375,4.26035,14.456625,4.19905,"REDWOOD_CREEK"
2022,-2.95333333333333,-2.4,0.473333333333333,1.08,-1.70666666666667,-1.6775,1.46,2.985,-1.39791111111111,-2.49173333333333,-3.1896,-5.0944,-2.592,-5.0073375,-1.136,-2.44915,"REDWOOD_CREEK"
2023,-1.41333333333333,-1.34,0.186666666666667,0.84,-0.62,-0.8575,-2.12,-2.395,-0.263822222222222,1.3144,-1.1872,1.4849,-1.1256,2.0537125,-0.250133333333333,1.8179,"REDWOOD_CREEK"
2024,0.606666666666667,0.9925,2.43,2.57,5.35,5.0725,2.85,2.155,1.4742,15.2475,1.55913333333333,11.52925,2.550725,10.9312375,2.411775,14.456625,"REDWOOD_CREEK"
2025,0.623333333333333,0.7275,1.35333333333333,1.51,-2.95333333333333,-2.4,0.473333333333333,1.08,0.843577777777778,-1.39791111111111,0.941233333333333,-3.1896,1.098525,-2.592,0.98455,-1.136,"REDWOOD_CREEK"
2026,-9999,-9999,-9999,-9999,-1.41333333333333,-1.34,0.186666666666667,0.84,99980001,-0.263822222222222,99980001,-1.1872,99980001,-1.1256,99980001,-0.250133333333333,"REDWOOD_CREEK"
1896,-1.26666666666667,-0.6625,-0.35,-1.1,NA,NA,NA,NA,0.443333333333333,NA,1.39333333333333,NA,0.72875,NA,0.231875,NA,"RODEO_LAGOON"
1897,2.75333333333333,2.6225,2.76,3.025,NA,NA,NA,NA,7.5992,NA,8.32883333333333,NA,7.9330625,NA,7.2381,NA,"RODEO_LAGOON"
1898,-0.916666666666667,-1.17,-2.09,-2.17,NA,NA,NA,NA,1.91583333333333,NA,1.98916666666667,NA,2.5389,NA,2.4453,NA,"RODEO_LAGOON"
1899,0.566666666666667,0.0625000000000001,-0.666666666666667,-0.275,-1.26666666666667,-0.6625,-0.35,-1.1,-0.377777777777778,0.443333333333333,-0.155833333333333,1.39333333333333,-0.0171875,0.72875,-0.0416666666666667,0.231875,"RODEO_LAGOON"
1900,3.72333333333333,3.675,2.55666666666667,2.07,2.75333333333333,2.6225,2.76,3.025,9.51932222222222,7.5992,7.7073,8.32883333333333,7.60725,7.9330625,9.39575,7.2381,"RODEO_LAGOON"
1901,1.44666666666667,1.4075,0.66,0.345,-0.916666666666667,-1.17,-2.09,-2.17,0.9548,1.91583333333333,0.4991,1.98916666666667,0.4855875,2.5389,0.92895,2.4453,"RODEO_LAGOON"
1902,0.31,-0.16,0.77,1.94,0.566666666666667,0.0625000000000001,-0.666666666666667,-0.275,0.2387,-0.377777777777778,0.6014,-0.155833333333333,-0.3104,-0.0171875,-0.1232,-0.0416666666666667,"RODEO_LAGOON"
1903,2.96666666666667,2.9025,2.56666666666667,2.495,3.72333333333333,3.675,2.55666666666667,2.07,7.61444444444444,9.51932222222222,7.40183333333333,7.7073,7.2417375,7.60725,7.44975,9.39575,"RODEO_LAGOON"
1904,0.166666666666667,-0.2175,1.37,2.74,1.44666666666667,1.4075,0.66,0.345,0.228333333333333,0.9548,0.456666666666667,0.4991,-0.59595,0.4855875,-0.297975,0.92895,"RODEO_LAGOON"
1905,5.36,5.1,3.92666666666667,3.73,0.31,-0.16,0.77,1.94,21.0469333333333,0.2387,19.9928,0.6014,19.023,-0.3104,20.026,-0.1232,"RODEO_LAGOON"
1906,1.75,1.6275,1.89,2.205,2.96666666666667,2.9025,2.56666666666667,2.495,3.3075,7.61444444444444,3.85875,7.40183333333333,3.5886375,7.2417375,3.075975,7.44975,"RODEO_LAGOON"
1907,3.48333333333333,3.455,4.01666666666667,4.34,0.166666666666667,-0.2175,1.37,2.74,13.9913888888889,0.228333333333333,15.1176666666667,0.456666666666667,14.9947,-0.59595,13.8775833333333,-0.297975,"RODEO_LAGOON"
1908,1.59666666666667,1.4125,0.00666666666666671,-0.42,5.36,5.1,3.92666666666667,3.73,0.0106444444444445,21.0469333333333,-0.6706,19.9928,-0.59325,19.023,0.00941666666666673,20.026,"RODEO_LAGOON"
1909,-1.7,-0.63,3.21666666666667,3.535,1.75,1.6275,1.89,2.205,-5.46833333333333,3.3075,-6.0095,3.85875,-2.22705,3.5886375,-2.0265,3.075975,"RODEO_LAGOON"
1910,0.56,0.7225,0.89,0.73,3.48333333333333,3.455,4.01666666666667,4.34,0.4984,13.9913888888889,0.4088,15.1176666666667,0.527425,14.9947,0.643025,13.8775833333333,"RODEO_LAGOON"
1911,-2.24,-1.2025,1.82333333333333,1.78,1.59666666666667,1.4125,0.00666666666666671,-0.42,-4.08426666666667,0.0106444444444445,-3.9872,-0.6706,-2.14045,-0.59325,-2.19255833333333,0.00941666666666673,"RODEO_LAGOON"
1912,-0.736666666666667,-1.155,-2.73,-2.89,-1.7,-0.63,3.21666666666667,3.535,2.0111,-5.46833333333333,2.12896666666667,-6.0095,3.33795,-2.22705,3.15315,-2.0265,"RODEO_LAGOON"
1913,2.8,2.585,0.246666666666667,-0.6,0.56,0.7225,0.89,0.73,0.690666666666667,0.4984,-1.68,0.4088,-1.551,0.527425,0.637633333333333,0.643025,"RODEO_LAGOON"
1914,-0.226666666666667,0.9675,3.89,3.56,-2.24,-1.2025,1.82333333333333,1.78,-0.881733333333333,-4.08426666666667,-0.806933333333333,-3.9872,3.4443,-2.14045,3.763575,-2.19255833333333,"RODEO_LAGOON"
1915,-0.59,-0.225,1.73333333333333,2.165,-0.736666666666667,-1.155,-2.73,-2.89,-1.02266666666667,2.0111,-1.27735,2.12896666666667,-0.487125,3.33795,-0.39,3.15315,"RODEO_LAGOON"
1916,2.06666666666667,2.615,3.49333333333333,3.11,2.8,2.585,0.246666666666667,-0.6,7.21955555555556,0.690666666666667,6.42733333333333,-1.68,8.13265,-1.551,9.13506666666667,0.637633333333333,"RODEO_LAGOON"
1917,-0.836666666666667,-0.955,-1.06666666666667,-0.945,-0.226666666666667,0.9675,3.89,3.56,0.892444444444444,-0.881733333333333,0.79065,-0.806933333333333,0.902475,3.4443,1.01866666666667,3.763575,"RODEO_LAGOON"
1918,-2.69666666666667,-2.925,-3.33666666666667,-3.2,-0.59,-0.225,1.73333333333333,2.165,8.99787777777778,-1.02266666666667,8.62933333333333,-1.27735,9.36,-0.487125,9.75975,-0.39,"RODEO_LAGOON"
1919,2.96333333333333,2.6875,2.76,3.21,2.06666666666667,2.615,3.49333333333333,3.11,8.1788,7.21955555555556,9.5123,6.42733333333333,8.626875,8.13265,7.4175,9.13506666666667,"RODEO_LAGOON"
1920,-2.25666666666667,-2.4975,-3.38,-3.46,-0.836666666666667,-0.955,-1.06666666666667,-0.945,7.62753333333333,0.892444444444444,7.80806666666667,0.79065,8.64135,0.902475,8.44155,1.01866666666667,"RODEO_LAGOON"
1921,1.93666666666667,2.28,2.24666666666667,1.715,-2.69666666666667,-2.925,-3.33666666666667,-3.2,4.35104444444444,8.99787777777778,3.32138333333333,8.62933333333333,3.9102,9.36,5.1224,9.75975,"RODEO_LAGOON"
1922,-1.81,-1.78,-1.1,-0.805,2.96333333333333,2.6875,2.76,3.21,1.991,8.1788,1.45705,9.5123,1.4329,8.626875,1.958,7.4175,"RODEO_LAGOON"
1923,1.28,1.365,-0.636666666666667,-1.765,-2.25666666666667,-2.4975,-3.38,-3.46,-0.814933333333333,7.62753333333333,-2.2592,7.80806666666667,-2.409225,8.64135,-0.86905,8.44155,"RODEO_LAGOON"
1924,-1.38666666666667,-1.715,-3.09333333333333,-3.29,1.93666666666667,2.28,2.24666666666667,1.715,4.28942222222222,4.35104444444444,4.56213333333333,3.32138333333333,5.64235,3.9102,5.30506666666667,5.1224,"RODEO_LAGOON"
1925,-1.65666666666667,-1.69,0.546666666666667,1.715,-1.81,-1.78,-1.1,-0.805,-0.905644444444444,1.991,-2.84118333333333,1.45705,-2.89835,1.4329,-0.923866666666667,1.958,"RODEO_LAGOON"
1926,2.13666666666667,1.7825,0.03,-0.315,1.28,1.365,-0.636666666666667,-1.765,0.0641000000000001,-0.814933333333333,-0.67305,-2.2592,-0.5614875,-2.409225,0.053475,-0.86905,"RODEO_LAGOON"
1927,1.82666666666667,1.7925,2.04666666666667,2.225,-1.38666666666667,-1.715,-3.09333333333333,-3.29,3.73857777777778,4.28942222222222,4.06433333333333,4.56213333333333,3.9883125,5.64235,3.66865,5.30506666666667,"RODEO_LAGOON"
1928,1.33,1.14,0.0466666666666667,-0.215,-1.65666666666667,-1.69,0.546666666666667,1.715,0.0620666666666667,-0.905644444444444,-0.28595,-2.84118333333333,-0.2451,-2.89835,0.0532,-0.923866666666667,"RODEO_LAGOON"
1929,-1.04666666666667,-1.1775,-2.01666666666667,-2.24,2.13666666666667,1.7825,0.03,-0.315,2.11077777777778,0.0641000000000001,2.34453333333333,-0.67305,2.6376,-0.5614875,2.374625,0.053475,"RODEO_LAGOON"
1930,-1.75666666666667,-1.7775,-1.89666666666667,-1.925,1.82666666666667,1.7925,2.04666666666667,2.225,3.33181111111111,3.73857777777778,3.38158333333333,4.06433333333333,3.4216875,3.9883125,3.371325,3.66865,"RODEO_LAGOON"
1931,-2.2,-2.37,-3.44,-3.72,1.33,1.14,0.0466666666666667,-0.215,7.568,0.0620666666666667,8.184,-0.28595,8.8164,-0.2451,8.1528,0.0532,"RODEO_LAGOON"
1932,-1.04666666666667,-0.4475,0.213333333333333,-0.355,-1.04666666666667,-1.1775,-2.01666666666667,-2.24,-0.223288888888889,2.11077777777778,0.371566666666667,2.34453333333333,0.1588625,2.6376,-0.0954666666666667,2.374625,"RODEO_LAGOON"
1933,-2.71,-2.6475,-2.80666666666667,-2.98,-1.75666666666667,-1.7775,-1.89666666666667,-1.925,7.60606666666667,3.33181111111111,8.0758,3.38158333333333,7.88955,3.4216875,7.43065,3.371325,"RODEO_LAGOON"
1934,-1.38666666666667,-1.6,-2.31,-2.345,-2.2,-2.37,-3.44,-3.72,3.2032,7.568,3.25173333333333,8.184,3.752,8.8164,3.696,8.1528,"RODEO_LAGOON"
1935,-2.15666666666667,-1.9225,-1.44666666666667,-1.56,-1.04666666666667,-0.4475,0.213333333333333,-0.355,3.11997777777778,-0.223288888888889,3.3644,0.371566666666667,2.9991,0.1588625,2.78121666666667,-0.0954666666666667,"RODEO_LAGOON"
1936,-0.676666666666667,-0.865,0.25,1.09,-2.71,-2.6475,-2.80666666666667,-2.98,-0.169166666666667,7.60606666666667,-0.737566666666667,8.0758,-0.94285,7.88955,-0.21625,7.43065,"RODEO_LAGOON"
1937,-2.11333333333333,-2.1525,-0.483333333333333,0.41,-1.38666666666667,-1.6,-2.31,-2.345,1.02144444444444,3.2032,-0.866466666666666,3.25173333333333,-0.882525,3.752,1.040375,3.696,"RODEO_LAGOON"
1938,1.16333333333333,1.1875,2.77333333333333,3.53,-2.15666666666667,-1.9225,-1.44666666666667,-1.56,3.22631111111111,3.11997777777778,4.10656666666667,3.3644,4.191875,2.9991,3.29333333333333,2.78121666666667,"RODEO_LAGOON"
1939,0.54,-0.1025,-2.38333333333333,-2.56,-0.676666666666667,-0.865,0.25,1.09,-1.287,-0.169166666666667,-1.3824,-0.737566666666667,0.2624,-0.94285,0.244291666666667,-0.21625,"RODEO_LAGOON"
1940,-2.98333333333333,-2.785,1.10666666666667,2.755,-2.11333333333333,-2.1525,-0.483333333333333,0.41,-3.30155555555556,1.02144444444444,-8.21908333333333,-0.866466666666666,-7.672675,-0.882525,-3.08206666666667,1.040375,"RODEO_LAGOON"
1941,1.33,1.625,3.01666666666667,3.27,1.16333333333333,1.1875,2.77333333333333,3.53,4.01216666666667,3.22631111111111,4.3491,4.10656666666667,5.31375,4.191875,4.90208333333333,3.29333333333333,"RODEO_LAGOON"
1942,3.17666666666667,3.1925,3.1,3.03,0.54,-0.1025,-2.38333333333333,-2.56,9.84766666666667,-1.287,9.6253,-1.3824,9.673275,0.2624,9.89675,0.244291666666667,"RODEO_LAGOON"
1943,3.55,3.6725,3.26,2.87,-2.98333333333333,-2.785,1.10666666666667,2.755,11.573,-3.30155555555556,10.1885,-8.21908333333333,10.540075,-7.672675,11.97235,-3.08206666666667,"RODEO_LAGOON"
1944,-1.59,-1.8175,-2.21666666666667,-2.075,1.33,1.625,3.01666666666667,3.27,3.5245,4.01216666666667,3.29925,4.3491,3.7713125,5.31375,4.02879166666667,4.90208333333333,"RODEO_LAGOON"
1945,1.67333333333333,1.4375,0.88,0.955,3.17666666666667,3.1925,3.1,3.03,1.47253333333333,9.84766666666667,1.59803333333333,9.6253,1.3728125,9.673275,1.265,9.89675,"RODEO_LAGOON"
1946,1.33666666666667,1.39,0.273333333333333,-0.365,3.55,3.6725,3.26,2.87,0.365355555555556,11.573,-0.487883333333333,10.1885,-0.50735,10.540075,0.379933333333333,11.97235,"RODEO_LAGOON"
1947,-2.19,-2.375,-3,-3.035,-1.59,-1.8175,-2.21666666666667,-2.075,6.57,3.5245,6.64665,3.29925,7.208125,3.7713125,7.125,4.02879166666667,"RODEO_LAGOON"
1948,-1.28,-1.5925,-2.70666666666667,-2.795,1.67333333333333,1.4375,0.88,0.955,3.46453333333333,1.47253333333333,3.5776,1.59803333333333,4.4510375,1.3728125,4.31036666666667,1.265,"RODEO_LAGOON"
1949,-0.976666666666667,-1.165,-1.39333333333333,-1.225,1.33666666666667,1.39,0.273333333333333,-0.365,1.36082222222222,0.365355555555556,1.19641666666667,-0.487883333333333,1.427125,-0.50735,1.62323333333333,0.379933333333333,"RODEO_LAGOON"
1950,-2.59333333333333,-2.4325,-2.03,-2.07,-2.19,-2.375,-3,-3.035,5.26446666666667,6.57,5.3682,6.64665,5.035275,7.208125,4.937975,7.125,"RODEO_LAGOON"
1951,1.68,2.025,2.36666666666667,2.02,-1.28,-1.5925,-2.70666666666667,-2.795,3.976,3.46453333333333,3.3936,3.5776,4.0905,4.4510375,4.7925,4.31036666666667,"RODEO_LAGOON"
1952,1.47666666666667,1.9925,3.17333333333333,2.99,-0.976666666666667,-1.165,-1.39333333333333,-1.225,4.68595555555556,1.36082222222222,4.41523333333333,1.19641666666667,5.957575,1.427125,6.32286666666667,1.62323333333333,"RODEO_LAGOON"
1953,0.706666666666667,0.92,-0.283333333333333,-1.205,-2.59333333333333,-2.4325,-2.03,-2.07,-0.200222222222222,5.26446666666667,-0.851533333333333,5.3682,-1.1086,5.035275,-0.260666666666667,4.937975,"RODEO_LAGOON"
1954,0.0333333333333333,-0.4125,-1.66666666666667,-1.625,1.68,2.025,2.36666666666667,2.02,-0.0555555555555555,3.976,-0.0541666666666666,3.3936,0.6703125,4.0905,0.6875,4.7925,"RODEO_LAGOON"
1955,-0.143333333333333,-0.105,-1.07333333333333,-1.615,1.47666666666667,1.9925,3.17333333333333,2.99,0.153844444444444,4.68595555555556,0.231483333333333,4.41523333333333,0.169575,5.957575,0.1127,6.32286666666667,"RODEO_LAGOON"
1956,0.176666666666667,1.2,3.41,2.98,0.706666666666667,0.92,-0.283333333333333,-1.205,0.602433333333334,-0.200222222222222,0.526466666666667,-0.851533333333333,3.576,-1.1086,4.092,-0.260666666666667,"RODEO_LAGOON"
1957,-0.516666666666667,-1.015,-2.34,-2.255,0.0333333333333333,-0.4125,-1.66666666666667,-1.625,1.209,-0.0555555555555555,1.16508333333333,-0.0541666666666666,2.288825,0.6703125,2.3751,0.6875,"RODEO_LAGOON"
1958,3.31333333333333,3.14,3.90333333333333,4.545,-0.143333333333333,-0.105,-1.07333333333333,-1.615,12.9330444444444,0.153844444444444,15.0591,0.231483333333333,14.2713,0.169575,12.2564666666667,0.1127,"RODEO_LAGOON"
1959,0.37,-0.475,-2.79666666666667,-2.69,0.176666666666667,1.2,3.41,2.98,-1.03476666666667,0.602433333333334,-0.9953,0.526466666666667,1.27775,3.576,1.32841666666667,4.092,"RODEO_LAGOON"
1960,-3.08666666666667,-3.27,-3.53666666666667,-3.395,-0.516666666666667,-1.015,-2.34,-2.255,10.9165111111111,1.209,10.4792333333333,1.16508333333333,11.10165,2.288825,11.5649,2.3751,"RODEO_LAGOON"
1961,-2.40333333333333,-2.485,-2.85666666666667,-2.92,3.31333333333333,3.14,3.90333333333333,4.545,6.86552222222222,12.9330444444444,7.01773333333333,15.0591,7.2562,14.2713,7.09881666666667,12.2564666666667,"RODEO_LAGOON"
1962,-2.34333333333333,-2.4875,-1.88666666666667,-1.37,0.37,-0.475,-2.79666666666667,-2.69,4.42108888888889,-1.03476666666667,3.21036666666667,-0.9953,3.407875,1.27775,4.69308333333333,1.32841666666667,"RODEO_LAGOON"
1963,3.50666666666667,3.17,2.11666666666667,2.095,-3.08666666666667,-3.27,-3.53666666666667,-3.395,7.42244444444444,10.9165111111111,7.34646666666667,10.4792333333333,6.64115,11.10165,6.70983333333333,11.5649,"RODEO_LAGOON"
1964,2.02,1.8225,-0.89,-1.95,-2.40333333333333,-2.485,-2.85666666666667,-2.92,-1.7978,6.86552222222222,-3.939,7.01773333333333,-3.553875,7.2562,-1.622025,7.09881666666667,"RODEO_LAGOON"
1965,-0.133333333333333,0.3625,0.363333333333333,-0.38,-2.34333333333333,-2.4875,-1.88666666666667,-1.37,-0.0484444444444444,4.42108888888889,0.0506666666666667,3.21036666666667,-0.13775,3.407875,0.131708333333333,4.69308333333333,"RODEO_LAGOON"
1966,0.296666666666667,0.42,-0.186666666666667,-0.675,3.50666666666667,3.17,2.11666666666667,2.095,-0.0553777777777778,7.42244444444444,-0.20025,7.34646666666667,-0.2835,6.64115,-0.0784,6.70983333333333,"RODEO_LAGOON"
1967,-1.84666666666667,-0.655,2.21333333333333,1.86,2.02,1.8225,-0.89,-1.95,-4.08728888888889,-1.7978,-3.4348,-3.939,-1.2183,-3.553875,-1.44973333333333,-1.622025,"RODEO_LAGOON"
1968,1.66666666666667,1.45,-0.873333333333333,-1.71,-0.133333333333333,0.3625,0.363333333333333,-0.38,-1.45555555555556,-0.0484444444444444,-2.85,0.0506666666666667,-2.4795,-0.13775,-1.26633333333333,0.131708333333333,"RODEO_LAGOON"
1969,-1.52,-0.68,2.1,2.23,0.296666666666667,0.42,-0.186666666666667,-0.675,-3.192,-0.0553777777777778,-3.3896,-0.20025,-1.5164,-0.2835,-1.428,-0.0784,"RODEO_LAGOON"
1970,0.2,0.7275,0.73,-0.0600000000000001,-1.84666666666667,-0.655,2.21333333333333,1.86,0.146,-4.08728888888889,-0.012,-3.4348,-0.04365,-1.2183,0.531075,-1.44973333333333,"RODEO_LAGOON"
1971,0.943333333333333,1.215,1.19,0.77,1.66666666666667,1.45,-0.873333333333333,-1.71,1.12256666666667,-1.45555555555556,0.726366666666667,-2.85,0.93555,-2.4795,1.44585,-1.26633333333333,"RODEO_LAGOON"
1972,-1.75333333333333,-1.825,-2.56,-2.82,-1.52,-0.68,2.1,2.23,4.48853333333333,-3.192,4.9444,-3.3896,5.1465,-1.5164,4.672,-1.428,"RODEO_LAGOON"
1973,3.08,3.4725,4.56,4.515,0.2,0.7275,0.73,-0.0600000000000001,14.0448,0.146,13.9062,-0.012,15.6783375,-0.04365,15.8346,0.531075,"RODEO_LAGOON"
1974,2.31333333333333,2.61,3.15666666666667,2.985,0.943333333333333,1.215,1.19,0.77,7.30242222222222,1.12256666666667,6.9053,0.726366666666667,7.79085,0.93555,8.2389,1.44585,"RODEO_LAGOON"
1975,0.45,-0.2375,-0.473333333333333,0.44,-1.75333333333333,-1.825,-2.56,-2.82,-0.213,4.48853333333333,0.198,4.9444,-0.1045,5.1465,0.112416666666667,4.672,"RODEO_LAGOON"
1976,0.843333333333333,0.1475,-2.43,-2.675,3.08,3.4725,4.56,4.515,-2.0493,14.0448,-2.25591666666667,13.9062,-0.3945625,15.6783375,-0.358425,15.8346,"RODEO_LAGOON"
1977,-2.49,-2.7225,-3.78666666666667,-3.97,2.31333333333333,2.61,3.15666666666667,2.985,9.4288,7.30242222222222,9.8853,6.9053,10.808325,7.79085,10.3092,8.2389,"RODEO_LAGOON"
1978,-2.28,-1.2425,1.90333333333333,1.92,0.45,-0.2375,-0.473333333333333,0.44,-4.3396,-0.213,-4.3776,0.198,-2.3856,-0.1045,-2.36489166666667,0.112416666666667,"RODEO_LAGOON"
1979,-1.69,-1.67,-1.3,-1.145,0.843333333333333,0.1475,-2.43,-2.675,2.197,-2.0493,1.93505,-2.25591666666667,1.91215,-0.3945625,2.171,-0.358425,"RODEO_LAGOON"
1980,0.636666666666667,0.885,1.87333333333333,1.995,-2.49,-2.7225,-3.78666666666667,-3.97,1.19268888888889,9.4288,1.27015,9.8853,1.765575,10.808325,1.6579,10.3092,"RODEO_LAGOON"
1981,-2.17333333333333,-2.26,-2.57666666666667,-2.605,-2.28,-1.2425,1.90333333333333,1.92,5.59995555555556,-4.3396,5.66153333333333,-4.3776,5.8873,-2.3856,5.82326666666667,-2.36489166666667,"RODEO_LAGOON"
1982,1.50333333333333,2.255,4.63333333333333,4.695,-1.69,-1.67,-1.3,-1.145,6.96544444444444,2.197,7.05815,1.93505,10.587225,1.91215,10.4481666666667,2.171,"RODEO_LAGOON"
1983,5.39666666666667,5.465,7.06,7.755,0.636666666666667,0.885,1.87333333333333,1.995,38.1004666666667,1.19268888888889,41.85115,1.27015,42.381075,1.765575,38.5829,1.6579,"RODEO_LAGOON"
1984,6,5.9075,4.38666666666667,3.765,-2.17333333333333,-2.26,-2.57666666666667,-2.605,26.32,5.59995555555556,22.59,5.66153333333333,22.2417375,5.8873,25.9142333333333,5.82326666666667,"RODEO_LAGOON"
1985,2.89,2.6225,1.42666666666667,1.23,1.50333333333333,2.255,4.63333333333333,4.695,4.12306666666667,6.96544444444444,3.5547,7.05815,3.225675,10.587225,3.74143333333333,10.4481666666667,"RODEO_LAGOON"
1986,-1.63,-1.5275,1.45666666666667,2.795,5.39666666666667,5.465,7.06,7.755,-2.37436666666667,38.1004666666667,-4.55585,41.85115,-4.2693625,42.381075,-2.22505833333333,38.5829,"RODEO_LAGOON"
1987,-1.63666666666667,-1.96,-2.57666666666667,-2.4,6,5.9075,4.38666666666667,3.765,4.21714444444444,26.32,3.928,22.59,4.704,22.2417375,5.05026666666667,25.9142333333333,"RODEO_LAGOON"
1988,-3.11666666666667,-2.9475,-3.2,-3.58,2.89,2.6225,1.42666666666667,1.23,9.97333333333333,4.12306666666667,11.1576666666667,3.5547,10.55205,3.225675,9.432,3.74143333333333,"RODEO_LAGOON"
1989,-3.03,-3.0125,-2.73333333333333,-2.62,-1.63,-1.5275,1.45666666666667,2.795,8.282,-2.37436666666667,7.9386,-4.55585,7.89275,-4.2693625,8.23416666666667,-2.22505833333333,"RODEO_LAGOON"
1990,-1.74333333333333,-2.0425,-3.26,-3.42,-1.63666666666667,-1.96,-2.57666666666667,-2.4,5.68326666666667,4.21714444444444,5.9622,3.928,6.98535,4.704,6.65855,5.05026666666667,"RODEO_LAGOON"
1991,-2.86666666666667,-3.0925,-3.19,-2.9,-3.11666666666667,-2.9475,-3.2,-3.58,9.14466666666667,9.97333333333333,8.31333333333333,11.1576666666667,8.96825,10.55205,9.865075,9.432,"RODEO_LAGOON"
1992,-1.53,-1.84,-2.06,-1.705,-3.03,-3.0125,-2.73333333333333,-2.62,3.1518,8.282,2.60865,7.9386,3.1372,7.89275,3.7904,8.23416666666667,"RODEO_LAGOON"
1993,-2.36333333333333,-1.32,1.52666666666667,1.385,-1.74333333333333,-2.0425,-3.26,-3.42,-3.60802222222222,5.68326666666667,-3.27321666666667,5.9622,-1.8282,6.98535,-2.0152,6.65855,"RODEO_LAGOON"
1994,-1.44,-1.665,-2.35,-2.355,-2.86666666666667,-3.0925,-3.19,-2.9,3.384,9.14466666666667,3.3912,8.31333333333333,3.921075,8.96825,3.91275,9.865075,"RODEO_LAGOON"
1995,0.583333333333333,1.305,3.16333333333333,3.01,-1.53,-1.84,-2.06,-1.705,1.84527777777778,3.1518,1.75583333333333,2.60865,3.92805,3.1372,4.12815,3.7904,"RODEO_LAGOON"
1996,1.7,1.78,2.23333333333333,2.34,-2.36333333333333,-1.32,1.52666666666667,1.385,3.79666666666667,-3.60802222222222,3.978,-3.27321666666667,4.1652,-1.8282,3.97533333333333,-2.0152,"RODEO_LAGOON"
1997,2.89,3.24,2.89333333333333,2.195,-1.44,-1.665,-2.35,-2.355,8.36173333333333,3.384,6.34355,3.3912,7.1118,3.921075,9.3744,3.91275,"RODEO_LAGOON"
1998,-1.53333333333333,-0.4925,4.07,4.79,0.583333333333333,1.305,3.16333333333333,3.01,-6.24066666666667,1.84527777777778,-7.34466666666667,1.75583333333333,-2.359075,3.92805,-2.004475,4.12815,"RODEO_LAGOON"
1999,3.16666666666667,2.865,2.54666666666667,2.84,1.7,1.78,2.23333333333333,2.34,8.06444444444444,3.79666666666667,8.99333333333333,3.978,8.1366,4.1652,7.2962,3.97533333333333,"RODEO_LAGOON"
2000,-1.08333333333333,-1.215,0.34,1.315,2.89,3.24,2.89333333333333,2.195,-0.368333333333333,8.36173333333333,-1.42458333333333,6.34355,-1.597725,7.1118,-0.4131,9.3744,"RODEO_LAGOON"
2001,0.593333333333333,-0.025,-1.52333333333333,-1.345,-1.53333333333333,-0.4925,4.07,4.79,-0.903844444444444,-6.24066666666667,-0.798033333333333,-7.34466666666667,0.033625,-2.359075,0.0380833333333334,-2.004475,"RODEO_LAGOON"
2002,-0.38,0.25,1.48666666666667,1.16,3.16666666666667,2.865,2.54666666666667,2.84,-0.564933333333333,8.06444444444444,-0.4408,8.99333333333333,0.29,8.1366,0.371666666666667,7.2962,"RODEO_LAGOON"
2003,-0.69,0.0425,0.66,-0.13,-1.08333333333333,-1.215,0.34,1.315,-0.4554,-0.368333333333333,0.0897,-1.42458333333333,-0.005525,-1.597725,0.02805,-0.4131,"RODEO_LAGOON"
2004,-0.676666666666667,-0.6125,-0.123333333333333,0.025,0.593333333333333,-0.025,-1.52333333333333,-1.345,0.0834555555555555,-0.903844444444444,-0.0169166666666667,-0.798033333333333,-0.0153125,0.033625,0.0755416666666667,0.0380833333333334,"RODEO_LAGOON"
2005,-0.533333333333333,-0.03,1.45666666666667,1.445,-0.38,0.25,1.48666666666667,1.16,-0.776888888888889,-0.564933333333333,-0.770666666666667,-0.4408,-0.04335,0.29,-0.0437,0.371666666666667,"RODEO_LAGOON"
2006,2.91333333333333,3.08,3.58,3.58,-0.69,0.0425,0.66,-0.13,10.4297333333333,-0.4554,10.4297333333333,0.0897,11.0264,-0.005525,11.0264,0.02805,"RODEO_LAGOON"
2007,1.81666666666667,0.85,-2.01666666666667,-2,-0.676666666666667,-0.6125,-0.123333333333333,0.025,-3.66361111111111,0.0834555555555555,-3.63333333333333,-0.0169166666666667,-1.7,-0.0153125,-1.71416666666667,0.0755416666666667,"RODEO_LAGOON"
2008,-2.14333333333333,-1.9375,-1.67333333333333,-1.85,-0.533333333333333,-0.03,1.45666666666667,1.445,3.58651111111111,-0.776888888888889,3.96516666666667,-0.770666666666667,3.584375,-0.04335,3.24208333333333,-0.0437,"RODEO_LAGOON"
2009,-3.75333333333333,-3.9225,-3.4,-2.885,2.91333333333333,3.08,3.58,3.58,12.7613333333333,10.4297333333333,10.8283666666667,10.4297333333333,11.3164125,11.0264,13.3365,11.0264,"RODEO_LAGOON"
2010,0.626666666666667,0.645,0.12,-0.17,1.81666666666667,0.85,-2.01666666666667,-2,0.0752,-3.66361111111111,-0.106533333333333,-3.63333333333333,-0.10965,-1.7,0.0774,-1.71416666666667,"RODEO_LAGOON"
2011,2.02,1.8225,1.82,2.115,-2.14333333333333,-1.9375,-1.67333333333333,-1.85,3.6764,3.58651111111111,4.2723,3.96516666666667,3.8545875,3.584375,3.31695,3.24208333333333,"RODEO_LAGOON"
2012,2.67333333333333,2.1675,-0.92,-1.705,-3.75333333333333,-3.9225,-3.4,-2.885,-2.45946666666667,12.7613333333333,-4.55803333333333,10.8283666666667,-3.6955875,11.3164125,-1.9941,13.3365,"RODEO_LAGOON"
2013,1.49333333333333,1.4975,-0.946666666666667,-2.175,0.626666666666667,0.645,0.12,-0.17,-1.41368888888889,0.0752,-3.248,-0.106533333333333,-3.2570625,-0.10965,-1.41763333333333,0.0774,"RODEO_LAGOON"
2014,-3.25666666666667,-3.5575,-4.01,-3.785,2.02,1.8225,1.82,2.115,13.0592333333333,3.6764,12.3264833333333,4.2723,13.4651375,3.8545875,14.265575,3.31695,"RODEO_LAGOON"
2015,-1.13,-0.595,-1.14333333333333,-2.22,2.67333333333333,2.1675,-0.92,-1.705,1.29196666666667,-2.45946666666667,2.5086,-4.55803333333333,1.3209,-3.6955875,0.680283333333333,-1.9941,"RODEO_LAGOON"
2016,-4.08,-3.81,-2.89333333333333,-2.84,1.49333333333333,1.4975,-0.946666666666667,-2.175,11.8048,-1.41368888888889,11.5872,-3.248,10.8204,-3.2570625,11.0236,-1.41763333333333,"RODEO_LAGOON"
2017,-0.0733333333333333,0.6875,3.52666666666667,3.805,-3.25666666666667,-3.5575,-4.01,-3.785,-0.258622222222222,13.0592333333333,-0.279033333333333,12.3264833333333,2.6159375,13.4651375,2.42458333333333,14.265575,"RODEO_LAGOON"
2018,-0.29,-0.84,-2.59333333333333,-2.645,-1.13,-0.595,-1.14333333333333,-2.22,0.752066666666667,1.29196666666667,0.76705,2.5086,2.2218,1.3209,2.1784,0.680283333333333,"RODEO_LAGOON"
2019,-1.09,-1.0775,1.47333333333333,2.73,-4.08,-3.81,-2.89333333333333,-2.84,-1.60593333333333,11.8048,-2.9757,11.5872,-2.941575,10.8204,-1.58751666666667,11.0236,"RODEO_LAGOON"
2020,-0.71,-0.9675,-2.29,-2.565,-0.0733333333333333,0.6875,3.52666666666667,3.805,1.6259,-0.258622222222222,1.82115,-0.279033333333333,2.4816375,2.6159375,2.215575,2.42458333333333,"RODEO_LAGOON"
2021,5.02666666666667,4.78,2.68666666666667,2.01,-0.29,-0.84,-2.59333333333333,-2.645,13.5049777777778,0.752066666666667,10.1036,0.76705,9.6078,2.2218,12.8422666666667,2.1784,"RODEO_LAGOON"
2022,-2.43333333333333,-1.0375,3.52,3.705,-1.09,-1.0775,1.47333333333333,2.73,-8.56533333333333,-1.60593333333333,-9.0155,-2.9757,-3.8439375,-2.941575,-3.652,-1.58751666666667,"RODEO_LAGOON"
2023,0.223333333333333,-0.0325,0.57,1.255,-0.71,-0.9675,-2.29,-2.565,0.1273,1.6259,0.280283333333333,1.82115,-0.0407875,2.4816375,-0.018525,2.215575,"RODEO_LAGOON"
2024,0.826666666666667,1.2025,2.75,2.96,5.02666666666667,4.78,2.68666666666667,2.01,2.27333333333333,13.5049777777778,2.44693333333333,10.1036,3.5594,9.6078,3.306875,12.8422666666667,"RODEO_LAGOON"
2025,0.893333333333333,0.96,1.6,1.82,-2.43333333333333,-1.0375,3.52,3.705,1.42933333333333,-8.56533333333333,1.62586666666667,-9.0155,1.7472,-3.8439375,1.536,-3.652,"RODEO_LAGOON"
2026,-9999,-9999,-9999,-9999,0.223333333333333,-0.0325,0.57,1.255,99980001,0.1273,99980001,0.280283333333333,99980001,-0.0407875,99980001,-0.018525,"RODEO_LAGOON"
1896,-1.1,-0.5525,-0.343333333333333,-1.06,NA,NA,NA,NA,0.377666666666667,NA,1.166,NA,0.58565,NA,0.189691666666667,NA,"TENNESSEE_VALLEY"
1897,2.54,2.4125,2.55333333333333,2.815,NA,NA,NA,NA,6.48546666666667,NA,7.1501,NA,6.7911875,NA,6.15991666666667,NA,"TENNESSEE_VALLEY"
1898,-1.04,-1.2375,-1.98,-2.055,NA,NA,NA,NA,2.0592,NA,2.1372,NA,2.5430625,NA,2.45025,NA,"TENNESSEE_VALLEY"
1899,1.52,0.81,-0.63,-0.285,-1.1,-0.5525,-0.343333333333333,-1.06,-0.9576,0.377666666666667,-0.4332,1.166,-0.23085,0.58565,-0.5103,0.189691666666667,"TENNESSEE_VALLEY"
1900,3.68666666666667,3.655,2.69333333333333,2.26,2.54,2.4125,2.55333333333333,2.815,9.92942222222222,6.48546666666667,8.33186666666667,7.1501,8.2603,6.7911875,9.84413333333333,6.15991666666667,"TENNESSEE_VALLEY"
1901,1.34,1.2875,0.53,0.23,-1.04,-1.2375,-1.98,-2.055,0.7102,2.0592,0.3082,2.1372,0.296125,2.5430625,0.682375,2.45025,"TENNESSEE_VALLEY"
1902,-0.35,-0.6075,1.30666666666667,2.65,1.52,0.81,-0.63,-0.285,-0.457333333333333,-0.9576,-0.9275,-0.4332,-1.609875,-0.23085,-0.7938,-0.5103,"TENNESSEE_VALLEY"
1903,3.79,3.705,3.26666666666667,3.175,3.68666666666667,3.655,2.69333333333333,2.26,12.3806666666667,9.92942222222222,12.03325,8.33186666666667,11.763375,8.2603,12.103,9.84413333333333,"TENNESSEE_VALLEY"
1904,0.21,-0.17,1.58666666666667,3.035,1.34,1.2875,0.53,0.23,0.3332,0.7102,0.63735,0.3082,-0.51595,0.296125,-0.269733333333333,0.682375,"TENNESSEE_VALLEY"
1905,5.43666666666667,5.1725,3.95333333333333,3.74,-0.35,-0.6075,1.30666666666667,2.65,21.4929555555556,-0.457333333333333,20.3331333333333,-0.9275,19.34515,-1.609875,20.4486166666667,-0.7938,"TENNESSEE_VALLEY"
1906,1.45333333333333,1.3875,1.82333333333333,2.14,3.79,3.705,3.26666666666667,3.175,2.64991111111111,12.3806666666667,3.11013333333333,12.03325,2.96925,11.763375,2.529875,12.103,"TENNESSEE_VALLEY"
1907,3.66,3.6025,4.02,4.315,0.21,-0.17,1.58666666666667,3.035,14.7132,0.3332,15.7929,0.63735,15.5447875,-0.51595,14.48205,-0.269733333333333,"TENNESSEE_VALLEY"
1908,1.93,1.7375,0.23,-0.235,5.43666666666667,5.1725,3.95333333333333,3.74,0.4439,21.4929555555556,-0.45355,20.3331333333333,-0.4083125,19.34515,0.399625,20.4486166666667,"TENNESSEE_VALLEY"
1909,-1.45666666666667,-0.405,3.31333333333333,3.595,1.45333333333333,1.3875,1.82333333333333,2.14,-4.82642222222222,2.64991111111111,-5.23671666666667,3.11013333333333,-1.455975,2.96925,-1.3419,2.529875,"TENNESSEE_VALLEY"
1910,1.21,1.2325,0.996666666666667,0.845,3.66,3.6025,4.02,4.315,1.20596666666667,14.7132,1.02245,15.7929,1.0414625,15.5447875,1.22839166666667,14.48205,"TENNESSEE_VALLEY"
1911,-2.25666666666667,-1.9,-0.0633333333333333,0.32,1.93,1.7375,0.23,-0.235,0.142922222222222,0.4439,-0.722133333333333,-0.45355,-0.608,-0.4083125,0.120333333333333,0.399625,"TENNESSEE_VALLEY"
1912,-0.796666666666667,-1.1775,-2.58333333333333,-2.715,-1.45666666666667,-0.405,3.31333333333333,3.595,2.05805555555556,-4.82642222222222,2.16295,-5.23671666666667,3.1969125,-1.455975,3.041875,-1.3419,"TENNESSEE_VALLEY"
1913,3.34666666666667,3.175,1.60666666666667,1.08,1.21,1.2325,0.996666666666667,0.845,5.37697777777778,1.20596666666667,3.6144,1.02245,3.429,1.0414625,5.10116666666667,1.22839166666667,"TENNESSEE_VALLEY"
1914,-0.253333333333333,0.91,3.75333333333333,3.43,-2.25666666666667,-1.9,-0.0633333333333333,0.32,-0.950844444444444,0.142922222222222,-0.868933333333333,-0.722133333333333,3.1213,-0.608,3.41553333333333,0.120333333333333,"TENNESSEE_VALLEY"
1915,-0.396666666666667,-0.065,1.83333333333333,2.285,-0.796666666666667,-1.1775,-2.58333333333333,-2.715,-0.727222222222222,2.05805555555556,-0.906383333333333,2.16295,-0.148525,3.1969125,-0.119166666666667,3.041875,"TENNESSEE_VALLEY"
1916,2.15,2.615,3.31666666666667,2.97,3.34666666666667,3.175,1.60666666666667,1.08,7.13083333333333,5.37697777777778,6.3855,3.6144,7.76655,3.429,8.67308333333333,5.10116666666667,"TENNESSEE_VALLEY"
1917,-0.903333333333333,-1.01,-1.06333333333333,-0.93,-0.253333333333333,0.91,3.75333333333333,3.43,0.960544444444445,-0.950844444444444,0.8401,-0.868933333333333,0.9393,3.1213,1.07396666666667,3.41553333333333,"TENNESSEE_VALLEY"
1918,-2.70666666666667,-2.9225,-3.33,-3.21,-0.396666666666667,-0.065,1.83333333333333,2.285,9.0132,-0.727222222222222,8.6884,-0.906383333333333,9.381225,-0.148525,9.731925,-0.119166666666667,"TENNESSEE_VALLEY"
1919,2.68,2.4575,2.71666666666667,3.18,2.15,2.615,3.31666666666667,2.97,7.28066666666667,7.13083333333333,8.5224,6.3855,7.81485,7.76655,6.67620833333333,8.67308333333333,"TENNESSEE_VALLEY"
1920,-2.32666666666667,-2.5275,-3.33666666666667,-3.44,-0.903333333333333,-1.01,-1.06333333333333,-0.93,7.76331111111111,0.960544444444445,8.00373333333333,0.8401,8.6946,0.9393,8.433425,1.07396666666667,"TENNESSEE_VALLEY"
1921,2.19666666666667,2.5275,2.45666666666667,1.925,-2.70666666666667,-2.9225,-3.33,-3.21,5.39647777777778,9.0132,4.22858333333333,8.6884,4.8654375,9.381225,6.209225,9.731925,"TENNESSEE_VALLEY"
1922,-2.14333333333333,-2.095,-1.19333333333333,-0.815,2.68,2.4575,2.71666666666667,3.18,2.55771111111111,7.28066666666667,1.74681666666667,8.5224,1.707425,7.81485,2.50003333333333,6.67620833333333,"TENNESSEE_VALLEY"
1923,1.04,1.055,-0.83,-1.795,-2.32666666666667,-2.5275,-3.33666666666667,-3.44,-0.8632,7.76331111111111,-1.8668,8.00373333333333,-1.893725,8.6946,-0.87565,8.433425,"TENNESSEE_VALLEY"
1924,-1.39,-1.705,-2.96666666666667,-3.125,2.19666666666667,2.5275,2.45666666666667,1.925,4.12366666666667,5.39647777777778,4.34375,4.22858333333333,5.328125,4.8654375,5.05816666666667,6.209225,"TENNESSEE_VALLEY"
1925,-0.273333333333333,0.115,1.91666666666667,2.235,-2.14333333333333,-2.095,-1.19333333333333,-0.815,-0.523888888888889,2.55771111111111,-0.6109,1.74681666666667,0.257025,1.707425,0.220416666666667,2.50003333333333,"TENNESSEE_VALLEY"
1926,2.17,1.845,0.19,-0.15,1.04,1.055,-0.83,-1.795,0.4123,-0.8632,-0.3255,-1.8668,-0.27675,-1.893725,0.35055,-0.87565,"TENNESSEE_VALLEY"
1927,2.24,2.27,2.63,2.765,-1.39,-1.705,-2.96666666666667,-3.125,5.8912,4.12366666666667,6.1936,4.34375,6.27655,5.328125,5.9701,5.05816666666667,"TENNESSEE_VALLEY"
1928,1.61666666666667,1.445,0.426666666666667,0.175,-0.273333333333333,0.115,1.91666666666667,2.235,0.689777777777778,-0.523888888888889,0.282916666666667,-0.6109,0.252875,0.257025,0.616533333333333,0.220416666666667,"TENNESSEE_VALLEY"
1929,-1.13,-1.2425,-1.96333333333333,-2.155,2.17,1.845,0.19,-0.15,2.21856666666667,0.4123,2.43515,-0.3255,2.6775875,-0.27675,2.43944166666667,0.35055,"TENNESSEE_VALLEY"
1930,-1.67666666666667,-1.675,-1.73,-1.76,2.24,2.27,2.63,2.765,2.90063333333333,5.8912,2.95093333333333,6.1936,2.948,6.27655,2.89775,5.9701,"TENNESSEE_VALLEY"
1931,-2.16,-2.2775,-3.18,-3.455,1.61666666666667,1.445,0.426666666666667,0.175,6.8688,0.689777777777778,7.4628,0.282916666666667,7.8687625,0.252875,7.24245,0.616533333333333,"TENNESSEE_VALLEY"
1932,-0.79,-0.245,0.213333333333333,-0.375,-1.13,-1.2425,-1.96333333333333,-2.155,-0.168533333333333,2.21856666666667,0.29625,2.43515,0.0918750000000001,2.6775875,-0.0522666666666667,2.43944166666667,"TENNESSEE_VALLEY"
1933,-2.19,-2.165,-2.41666666666667,-2.58,-1.67666666666667,-1.675,-1.73,-1.76,5.2925,2.90063333333333,5.6502,2.95093333333333,5.5857,2.948,5.23208333333333,2.89775,"TENNESSEE_VALLEY"
1934,0.34,0.1675,-0.573333333333333,-0.685,-2.16,-2.2775,-3.18,-3.455,-0.194933333333333,6.8688,-0.2329,7.4628,-0.1147375,7.8687625,-0.0960333333333333,7.24245,"TENNESSEE_VALLEY"
1935,-1.35666666666667,-1.1875,-0.92,-1.04,-0.79,-0.245,0.213333333333333,-0.375,1.24813333333333,-0.168533333333333,1.41093333333333,0.29625,1.235,0.0918750000000001,1.0925,-0.0522666666666667,"TENNESSEE_VALLEY"
1936,-1.34333333333333,-1.38,0.246666666666667,1.115,-2.19,-2.165,-2.41666666666667,-2.58,-0.331355555555555,5.2925,-1.49781666666667,5.6502,-1.5387,5.5857,-0.3404,5.23208333333333,"TENNESSEE_VALLEY"
1937,-1.83,-1.9025,-0.473333333333333,0.35,0.34,0.1675,-0.573333333333333,-0.685,0.8662,-0.194933333333333,-0.6405,-0.2329,-0.665875,-0.1147375,0.900516666666667,-0.0960333333333333,"TENNESSEE_VALLEY"
1938,1.61,1.67,3.31,4.04,-1.35666666666667,-1.1875,-0.92,-1.04,5.3291,1.24813333333333,6.5044,1.41093333333333,6.7468,1.235,5.5277,1.0925,"TENNESSEE_VALLEY"
1939,0.413333333333333,-0.2425,-2.53,-2.69,-1.34333333333333,-1.38,0.246666666666667,1.115,-1.04573333333333,-0.331355555555555,-1.11186666666667,-1.49781666666667,0.652325,-1.5387,0.613525,-0.3404,"TENNESSEE_VALLEY"
1940,-3.32,-3.0525,1.24333333333333,2.99,-1.83,-1.9025,-0.473333333333333,0.35,-4.12786666666667,0.8662,-9.9268,-0.6405,-9.126975,-0.665875,-3.795275,0.900516666666667,"TENNESSEE_VALLEY"
1941,1.92666666666667,2.1475,3.36666666666667,3.645,1.61,1.67,3.31,4.04,6.48644444444444,5.3291,7.0227,6.5044,7.8276375,6.7468,7.22991666666667,5.5277,"TENNESSEE_VALLEY"
1942,3.7,3.6375,3.42333333333333,3.41,0.413333333333333,-0.2425,-2.53,-2.69,12.6663333333333,-1.04573333333333,12.617,-1.11186666666667,12.403875,0.652325,12.452375,0.613525,"TENNESSEE_VALLEY"
1943,3.7,3.8525,3.63666666666667,3.3,-3.32,-3.0525,1.24333333333333,2.99,13.4556666666667,-4.12786666666667,12.21,-9.9268,12.71325,-9.126975,14.0102583333333,-3.795275,"TENNESSEE_VALLEY"
1944,-0.843333333333333,-1.1675,-2.01666666666667,-1.955,1.92666666666667,2.1475,3.36666666666667,3.645,1.70072222222222,6.48644444444444,1.64871666666667,7.0227,2.2824625,7.8276375,2.35445833333333,7.22991666666667,"TENNESSEE_VALLEY"
1945,1.88666666666667,1.64,0.916666666666667,0.925,3.7,3.6375,3.42333333333333,3.41,1.72944444444444,12.6663333333333,1.74516666666667,12.617,1.517,12.403875,1.50333333333333,12.452375,"TENNESSEE_VALLEY"
1946,1.43,1.53,1.19333333333333,0.875,3.7,3.8525,3.63666666666667,3.3,1.70646666666667,13.4556666666667,1.25125,12.21,1.33875,12.71325,1.8258,14.0102583333333,"TENNESSEE_VALLEY"
1947,-2.33666666666667,-2.505,-3.09666666666667,-3.14,-0.843333333333333,-1.1675,-2.01666666666667,-1.955,7.23587777777778,1.70072222222222,7.33713333333333,1.64871666666667,7.8657,2.2824625,7.75715,2.35445833333333,"TENNESSEE_VALLEY"
1948,-1.47333333333333,-1.7525,-2.61666666666667,-2.63,1.88666666666667,1.64,0.916666666666667,0.925,3.85522222222222,1.72944444444444,3.87486666666667,1.74516666666667,4.609075,1.517,4.58570833333333,1.50333333333333,"TENNESSEE_VALLEY"
1949,-0.78,-0.9,-0.566666666666667,-0.22,1.43,1.53,1.19333333333333,0.875,0.442,1.70646666666667,0.1716,1.25125,0.198,1.33875,0.51,1.8258,"TENNESSEE_VALLEY"
1950,-2.56666666666667,-2.3875,-1.86333333333333,-1.87,-2.33666666666667,-2.505,-3.09666666666667,-3.14,4.78255555555555,7.23587777777778,4.79966666666667,7.33713333333333,4.464625,7.8657,4.44870833333333,7.75715,"TENNESSEE_VALLEY"
1951,1.49,1.8975,2.53666666666667,2.245,-1.47333333333333,-1.7525,-2.61666666666667,-2.63,3.77963333333333,3.85522222222222,3.34505,3.87486666666667,4.2598875,4.609075,4.813325,4.58570833333333,"TENNESSEE_VALLEY"
1952,1.38,1.7925,2.69666666666667,2.53,-0.78,-0.9,-0.566666666666667,-0.22,3.7214,0.442,3.4914,0.1716,4.535025,0.198,4.833775,0.51,"TENNESSEE_VALLEY"
1953,-0.273333333333333,0.19,-0.243333333333333,-1.155,-2.56666666666667,-2.3875,-1.86333333333333,-1.87,0.0665111111111111,4.78255555555555,0.3157,4.79966666666667,-0.21945,4.464625,-0.0462333333333333,4.44870833333333,"TENNESSEE_VALLEY"
1954,0.18,-0.275,-1.57333333333333,-1.54,1.49,1.8975,2.53666666666667,2.245,-0.2832,3.77963333333333,-0.2772,3.34505,0.4235,4.2598875,0.432666666666666,4.813325,"TENNESSEE_VALLEY"
1955,-0.626666666666667,-0.62,-1.39666666666667,-1.795,1.38,1.7925,2.69666666666667,2.53,0.875244444444444,3.7214,1.12486666666667,3.4914,1.1129,4.535025,0.865933333333333,4.833775,"TENNESSEE_VALLEY"
1956,-0.0233333333333333,1.0275,3.30333333333333,2.865,-0.273333333333333,0.19,-0.243333333333333,-1.155,-0.0770777777777776,0.0665111111111111,-0.0668499999999999,0.3157,2.9437875,-0.21945,3.394175,-0.0462333333333333,"TENNESSEE_VALLEY"
1957,-0.48,-0.95,-2.12333333333333,-2.005,0.18,-0.275,-1.57333333333333,-1.54,1.0192,-0.2832,0.9624,-0.2772,1.90475,0.4235,2.01716666666667,0.432666666666666,"TENNESSEE_VALLEY"
1958,3.60666666666667,3.4475,3.99,4.5,-0.626666666666667,-0.62,-1.39666666666667,-1.795,14.3906,0.875244444444444,16.23,1.12486666666667,15.51375,1.1129,13.755525,0.865933333333333,"TENNESSEE_VALLEY"
1959,-0.1,-0.855,-2.91666666666667,-2.815,-0.0233333333333333,1.0275,3.30333333333333,2.865,0.291666666666667,-0.0770777777777776,0.2815,-0.0668499999999999,2.406825,2.9437875,2.49375,3.394175,"TENNESSEE_VALLEY"
1960,-3.64,-3.8,-4.04333333333333,-3.925,-0.48,-0.95,-2.12333333333333,-2.005,14.7177333333333,1.0192,14.287,0.9624,14.915,1.90475,15.3646666666667,2.01716666666667,"TENNESSEE_VALLEY"
1961,-3.09333333333333,-3.1725,-3.36,-3.335,3.60666666666667,3.4475,3.99,4.5,10.3936,14.3906,10.3162666666667,16.23,10.5802875,15.51375,10.6596,13.755525,"TENNESSEE_VALLEY"
1962,-2.92333333333333,-3.0575,-2.62333333333333,-2.205,-0.1,-0.855,-2.91666666666667,-2.815,7.66887777777778,0.291666666666667,6.44595,0.2815,6.7417875,2.406825,8.02084166666667,2.49375,"TENNESSEE_VALLEY"
1963,3.55,3.1975,2.02333333333333,1.965,-3.64,-3.8,-4.04333333333333,-3.925,7.18283333333333,14.7177333333333,6.97575,14.287,6.2830875,14.915,6.46960833333333,15.3646666666667,"TENNESSEE_VALLEY"
1964,1.88666666666667,1.685,-0.973333333333333,-2,-3.09333333333333,-3.1725,-3.36,-3.335,-1.83635555555556,10.3936,-3.77333333333333,10.3162666666667,-3.37,10.5802875,-1.64006666666667,10.6596,"TENNESSEE_VALLEY"
1965,-0.05,0.3575,0.24,-0.43,-2.92333333333333,-3.0575,-2.62333333333333,-2.205,-0.012,7.66887777777778,0.0215,6.44595,-0.153725,6.7417875,0.0858,8.02084166666667,"TENNESSEE_VALLEY"
1966,0.0766666666666667,0.1625,-0.0666666666666667,-0.31,3.55,3.1975,2.02333333333333,1.965,-0.00511111111111111,7.18283333333333,-0.0237666666666667,6.97575,-0.050375,6.2830875,-0.0108333333333333,6.46960833333333,"TENNESSEE_VALLEY"
1967,-1.84,-0.72,1.95333333333333,1.61,1.88666666666667,1.685,-0.973333333333333,-2,-3.59413333333333,-1.83635555555556,-2.9624,-3.77333333333333,-1.1592,-3.37,-1.4064,-1.64006666666667,"TENNESSEE_VALLEY"
1968,1.92666666666667,1.6625,-0.0366666666666666,-0.49,-0.05,0.3575,0.24,-0.43,-0.0706444444444444,-0.012,-0.944066666666667,0.0215,-0.814625,-0.153725,-0.0609583333333333,0.0858,"TENNESSEE_VALLEY"
1969,-1.33333333333333,-0.56,1.90666666666667,1.98,0.0766666666666667,0.1625,-0.0666666666666667,-0.31,-2.54222222222222,-0.00511111111111111,-2.64,-0.0237666666666667,-1.1088,-0.050375,-1.06773333333333,-0.0108333333333333,"TENNESSEE_VALLEY"
1970,0.336666666666667,0.92,1.71,1.23,-1.84,-0.72,1.95333333333333,1.61,0.5757,-3.59413333333333,0.4141,-2.9624,1.1316,-1.1592,1.5732,-1.4064,"TENNESSEE_VALLEY"
1971,0.63,0.845,-0.49,-1.48,1.92666666666667,1.6625,-0.0366666666666666,-0.49,-0.3087,-0.0706444444444444,-0.9324,-0.944066666666667,-1.2506,-0.814625,-0.41405,-0.0609583333333333,"TENNESSEE_VALLEY"
1972,-1.60666666666667,-1.62,-2.12666666666667,-2.36,-1.33333333333333,-0.56,1.90666666666667,1.98,3.41684444444444,-2.54222222222222,3.79173333333333,-2.64,3.8232,-1.1088,3.4452,-1.06773333333333,"TENNESSEE_VALLEY"
1973,3.18333333333333,3.51,4.32333333333333,4.24,0.336666666666667,0.92,1.71,1.23,13.7626111111111,0.5757,13.4973333333333,0.4141,14.8824,1.1316,15.1749,1.5732,"TENNESSEE_VALLEY"
1974,4.35666666666667,4.495,4.41666666666667,4.17,0.63,0.845,-0.49,-1.48,19.2419444444444,-0.3087,18.1673,-0.9324,18.74415,-1.2506,19.8529166666667,-0.41405,"TENNESSEE_VALLEY"
1975,1.42333333333333,0.515,-0.326666666666667,0.615,-1.60666666666667,-1.62,-2.12666666666667,-2.36,-0.464955555555555,3.41684444444444,0.87535,3.79173333333333,0.316725,3.8232,-0.168233333333333,3.4452,"TENNESSEE_VALLEY"
1976,0.723333333333333,0.075,-2.42333333333333,-2.7,3.18333333333333,3.51,4.32333333333333,4.24,-1.75287777777778,13.7626111111111,-1.953,13.4973333333333,-0.2025,14.8824,-0.18175,15.1749,"TENNESSEE_VALLEY"
1977,-2.02666666666667,-2.2775,-3.49666666666667,-3.73,4.35666666666667,4.495,4.41666666666667,4.17,7.08657777777778,19.2419444444444,7.55946666666667,18.1673,8.495075,18.74415,7.96365833333333,19.8529166666667,"TENNESSEE_VALLEY"
1978,-1.91333333333333,-1.5975,0.606666666666667,1.235,1.42333333333333,0.515,-0.326666666666667,0.615,-1.16075555555556,-0.464955555555555,-2.36296666666667,0.87535,-1.9729125,0.316725,-0.96915,-0.168233333333333,"TENNESSEE_VALLEY"
1979,-2.07666666666667,-2.1075,-1.97333333333333,-1.86,0.723333333333333,0.075,-2.42333333333333,-2.7,4.09795555555556,-1.75287777777778,3.8626,-1.953,3.91995,-0.2025,4.1588,-0.18175,"TENNESSEE_VALLEY"
1980,-0.183333333333333,0.24,1.52,1.525,-2.02666666666667,-2.2775,-3.49666666666667,-3.73,-0.278666666666667,7.08657777777778,-0.279583333333333,7.55946666666667,0.366,8.495075,0.3648,7.96365833333333,"TENNESSEE_VALLEY"
1981,-2.23,-2.325,-2.59666666666667,-2.59,-1.91333333333333,-1.5975,0.606666666666667,1.235,5.79056666666667,-1.16075555555556,5.7757,-2.36296666666667,6.02175,-1.9729125,6.03725,-0.96915,"TENNESSEE_VALLEY"
1982,0.986666666666667,1.5675,3.56,3.685,-2.07666666666667,-2.1075,-1.97333333333333,-1.86,3.51253333333333,4.09795555555556,3.63586666666667,3.8626,5.7762375,3.91995,5.5803,4.1588,"TENNESSEE_VALLEY"
1983,4.54333333333333,4.5275,5.94,6.67,-0.183333333333333,0.24,1.52,1.525,26.9874,-0.278666666666667,30.3040333333333,-0.279583333333333,30.198425,0.366,26.89335,0.3648,"TENNESSEE_VALLEY"
1984,5.09,4.9775,3.47,2.885,-2.23,-2.325,-2.59666666666667,-2.59,17.6623,5.79056666666667,14.68465,5.7757,14.3600875,6.02175,17.271925,6.03725,"TENNESSEE_VALLEY"
1985,2.71666666666667,2.4525,1.22666666666667,1.01,0.986666666666667,1.5675,3.56,3.685,3.33244444444444,3.51253333333333,2.74383333333333,3.63586666666667,2.477025,5.7762375,3.0084,5.5803,"TENNESSEE_VALLEY"
1986,-1.75,-1.6025,1.47333333333333,2.79,4.54333333333333,4.5275,5.94,6.67,-2.57833333333333,26.9874,-4.8825,30.3040333333333,-4.470975,30.198425,-2.36101666666667,26.89335,"TENNESSEE_VALLEY"
1987,-1.61333333333333,-1.9125,-2.48666666666667,-2.325,5.09,4.9775,3.47,2.885,4.01182222222222,17.6623,3.751,14.68465,4.4465625,14.3600875,4.75575,17.271925,"TENNESSEE_VALLEY"
1988,-3.26333333333333,-3.03,-3.07666666666667,-3.45,2.71666666666667,2.4525,1.22666666666667,1.01,10.0401888888889,3.33244444444444,11.2585,2.74383333333333,10.4535,2.477025,9.3223,3.0084,"TENNESSEE_VALLEY"
1989,-2.90666666666667,-2.855,-2.43333333333333,-2.3,-1.75,-1.6025,1.47333333333333,2.79,7.07288888888889,-2.57833333333333,6.68533333333333,-4.8825,6.5665,-4.470975,6.94716666666667,-2.36101666666667,"TENNESSEE_VALLEY"
1990,-1.84,-2.12,-3.27,-3.425,-1.61333333333333,-1.9125,-2.48666666666667,-2.325,6.0168,4.01182222222222,6.302,3.751,7.261,4.4465625,6.9324,4.75575,"TENNESSEE_VALLEY"
1991,-2.55,-2.7825,-2.91,-2.625,-3.26333333333333,-3.03,-3.07666666666667,-3.45,7.4205,10.0401888888889,6.69375,11.2585,7.3040625,10.4535,8.097075,9.3223,"TENNESSEE_VALLEY"
1992,-0.396666666666667,-0.835,-1.60666666666667,-1.335,-2.90666666666667,-2.855,-2.43333333333333,-2.3,0.637311111111111,7.07288888888889,0.52955,6.68533333333333,1.114725,6.5665,1.34156666666667,6.94716666666667,"TENNESSEE_VALLEY"
1993,-2.25666666666667,-1.8875,0.396666666666667,0.985,-1.84,-2.12,-3.27,-3.425,-0.895144444444444,6.0168,-2.22281666666667,6.302,-1.8591875,7.261,-0.748708333333333,6.9324,"TENNESSEE_VALLEY"
1994,-1.08,-1.28,-1.97,-2.015,-2.55,-2.7825,-2.91,-2.625,2.1276,7.4205,2.1762,6.69375,2.5792,7.3040625,2.5216,8.097075,"TENNESSEE_VALLEY"
1995,0.6,1.29,3.06333333333333,2.915,-0.396666666666667,-0.835,-1.60666666666667,-1.335,1.838,0.637311111111111,1.749,0.52955,3.76035,1.114725,3.9517,1.34156666666667,"TENNESSEE_VALLEY"
1996,1.59,1.66,2.01333333333333,2.085,-2.25666666666667,-1.8875,0.396666666666667,0.985,3.2012,-0.895144444444444,3.31515,-2.22281666666667,3.4611,-1.8591875,3.34213333333333,-0.748708333333333,"TENNESSEE_VALLEY"
1997,2.51333333333333,2.6825,1.92333333333333,1.29,-1.08,-1.28,-1.97,-2.015,4.83397777777778,2.1276,3.2422,2.1762,3.460425,2.5792,5.15934166666667,2.5216,"TENNESSEE_VALLEY"
1998,-1.77666666666667,-0.775,3.52333333333333,4.17,0.6,1.29,3.06333333333333,2.915,-6.25978888888889,1.838,-7.4087,1.749,-3.23175,3.76035,-2.73058333333333,3.9517,"TENNESSEE_VALLEY"
1999,2.73,2.4375,2.14666666666667,2.44,1.59,1.66,2.01333333333333,2.085,5.8604,3.2012,6.6612,3.31515,5.9475,3.4611,5.2325,3.34213333333333,"TENNESSEE_VALLEY"
2000,-1.01666666666667,-1.185,0.173333333333333,1.105,2.51333333333333,2.6825,1.92333333333333,1.29,-0.176222222222222,4.83397777777778,-1.12341666666667,3.2422,-1.309425,3.460425,-0.2054,5.15934166666667,"TENNESSEE_VALLEY"
2001,0.52,-0.04,-1.54666666666667,-1.46,-1.77666666666667,-0.775,3.52333333333333,4.17,-0.804266666666667,-6.25978888888889,-0.7592,-7.4087,0.0584,-3.23175,0.0618666666666666,-2.73058333333333,"TENNESSEE_VALLEY"
2002,-0.716666666666667,-0.0250000000000001,1.49,1.21,2.73,2.4375,2.14666666666667,2.44,-1.06783333333333,5.8604,-0.867166666666667,6.6612,-0.0302500000000001,5.9475,-0.0372500000000001,5.2325,"TENNESSEE_VALLEY"
2003,-0.743333333333334,0.14,1.84333333333333,1.37,-1.01666666666667,-1.185,0.173333333333333,1.105,-1.37021111111111,-0.176222222222222,-1.01836666666667,-1.12341666666667,0.1918,-1.309425,0.258066666666666,-0.2054,"TENNESSEE_VALLEY"
2004,-1.42,-1.3625,-1.16333333333333,-1.15,0.52,-0.04,-1.54666666666667,-1.46,1.65193333333333,-0.804266666666667,1.633,-0.7592,1.566875,0.0584,1.58504166666667,0.0618666666666666,"TENNESSEE_VALLEY"
2005,-1.86,-1.6325,-0.2,0.175,-0.716666666666667,-0.0250000000000001,1.49,1.21,0.372,-1.06783333333333,-0.3255,-0.867166666666667,-0.2856875,-0.0302500000000001,0.3265,-0.0372500000000001,"TENNESSEE_VALLEY"
2006,2.4,2.565,3.01666666666667,2.995,-0.743333333333334,0.14,1.84333333333333,1.37,7.24,-1.37021111111111,7.188,-1.01836666666667,7.682175,0.1918,7.73775,0.258066666666666,"TENNESSEE_VALLEY"
2007,1.52666666666667,0.6675,-1.94666666666667,-1.965,-1.42,-1.3625,-1.16333333333333,-1.15,-2.97191111111111,1.65193333333333,-2.9999,1.633,-1.3116375,1.566875,-1.2994,1.58504166666667,"TENNESSEE_VALLEY"
2008,-2.01666666666667,-1.8475,-1.66666666666667,-1.83,-1.86,-1.6325,-0.2,0.175,3.36111111111111,0.372,3.6905,-0.3255,3.380925,-0.2856875,3.07916666666667,0.3265,"TENNESSEE_VALLEY"
2009,-3.92666666666667,-4.095,-3.70666666666667,-3.26,2.4,2.565,3.01666666666667,2.995,14.5548444444444,7.24,12.8009333333333,7.188,13.3497,7.682175,15.1788,7.73775,"TENNESSEE_VALLEY"
2010,0.476666666666667,0.5125,0.1,-0.16,1.52666666666667,0.6675,-1.94666666666667,-1.965,0.0476666666666667,-2.97191111111111,-0.0762666666666667,-2.9999,-0.082,-1.3116375,0.05125,-1.2994,"TENNESSEE_VALLEY"
2011,2.39,2.2225,2.21,2.455,-2.01666666666667,-1.8475,-1.66666666666667,-1.83,5.2819,3.36111111111111,5.86745,3.6905,5.4562375,3.380925,4.911725,3.07916666666667,"TENNESSEE_VALLEY"
2012,2.98333333333333,2.475,-0.876666666666667,-1.79,-3.92666666666667,-4.095,-3.70666666666667,-3.26,-2.61538888888889,14.5548444444444,-5.34016666666667,12.8009333333333,-4.43025,13.3497,-2.16975,15.1788,"TENNESSEE_VALLEY"
2013,0.47,0.5675,-1.15666666666667,-2.165,0.476666666666667,0.5125,0.1,-0.16,-0.543633333333333,0.0476666666666667,-1.01755,-0.0762666666666667,-1.2286375,-0.082,-0.656408333333333,0.05125,"TENNESSEE_VALLEY"
2014,-3.28666666666667,-3.5275,-3.85,-3.65,2.39,2.2225,2.21,2.455,12.6536666666667,5.2819,11.9963333333333,5.86745,12.875375,5.4562375,13.580875,4.911725,"TENNESSEE_VALLEY"
2015,-1.2,-0.65,-1.12333333333333,-2.185,2.98333333333333,2.475,-0.876666666666667,-1.79,1.348,-2.61538888888889,2.622,-5.34016666666667,1.42025,-4.43025,0.730166666666667,-2.16975,"TENNESSEE_VALLEY"
2016,-4.06,-3.77,-2.9,-2.9,0.47,0.5675,-1.15666666666667,-2.165,11.774,-0.543633333333333,11.774,-1.01755,10.933,-1.2286375,10.933,-0.656408333333333,"TENNESSEE_VALLEY"
2017,-1.15666666666667,-0.0975,3.67666666666667,3.975,-3.28666666666667,-3.5275,-3.85,-3.65,-4.25267777777778,12.6536666666667,-4.59775,11.9963333333333,-0.3875625,12.875375,-0.358475,13.580875,"TENNESSEE_VALLEY"
2018,-1.15666666666667,-1.5325,-2.74,-2.78,-1.2,-0.65,-1.12333333333333,-2.185,3.16926666666667,1.348,3.21553333333333,2.622,4.26035,1.42025,4.19905,0.730166666666667,"TENNESSEE_VALLEY"
2019,-1.70666666666667,-1.6775,1.46,2.985,-4.06,-3.77,-2.9,-2.9,-2.49173333333333,11.774,-5.0944,11.774,-5.0073375,10.933,-2.44915,10.933,"TENNESSEE_VALLEY"
2020,-0.62,-0.8575,-2.12,-2.395,-1.15666666666667,-0.0975,3.67666666666667,3.975,1.3144,-4.25267777777778,1.4849,-4.59775,2.0537125,-0.3875625,1.8179,-0.358475,"TENNESSEE_VALLEY"
2021,5.35,5.0725,2.85,2.155,-1.15666666666667,-1.5325,-2.74,-2.78,15.2475,3.16926666666667,11.52925,3.21553333333333,10.9312375,4.26035,14.456625,4.19905,"TENNESSEE_VALLEY"
2022,-2.95333333333333,-2.4,0.473333333333333,1.08,-1.70666666666667,-1.6775,1.46,2.985,-1.39791111111111,-2.49173333333333,-3.1896,-5.0944,-2.592,-5.0073375,-1.136,-2.44915,"TENNESSEE_VALLEY"
2023,-1.41333333333333,-1.34,0.186666666666667,0.84,-0.62,-0.8575,-2.12,-2.395,-0.263822222222222,1.3144,-1.1872,1.4849,-1.1256,2.0537125,-0.250133333333333,1.8179,"TENNESSEE_VALLEY"
2024,0.606666666666667,0.9925,2.43,2.57,5.35,5.0725,2.85,2.155,1.4742,15.2475,1.55913333333333,11.52925,2.550725,10.9312375,2.411775,14.456625,"TENNESSEE_VALLEY"
2025,0.623333333333333,0.7275,1.35333333333333,1.51,-2.95333333333333,-2.4,0.473333333333333,1.08,0.843577777777778,-1.39791111111111,0.941233333333333,-3.1896,1.098525,-2.592,0.98455,-1.136,"TENNESSEE_VALLEY"
2026,-9999,-9999,-9999,-9999,-1.41333333333333,-1.34,0.186666666666667,0.84,99980001,-0.263822222222222,99980001,-1.1872,99980001,-1.1256,99980001,-0.250133333333333,"TENNESSEE_VALLEY"
1896,-1.22333333333333,-1.065,-0.996666666666667,-1.2,NA,NA,NA,NA,1.21925555555556,NA,1.468,NA,1.278,NA,1.06145,NA,"WILKINS_GULCH"
1897,2.58333333333333,2.4375,2.4,2.6,NA,NA,NA,NA,6.2,NA,6.71666666666667,NA,6.3375,NA,5.85,NA,"WILKINS_GULCH"
1898,-1.13666666666667,-1.255,-1.65666666666667,-1.68,NA,NA,NA,NA,1.88307777777778,NA,1.9096,NA,2.1084,NA,2.07911666666667,NA,"WILKINS_GULCH"
1899,1.66333333333333,1.4825,0.376666666666667,0.0950000000000001,-1.22333333333333,-1.065,-0.996666666666667,-1.2,0.626522222222222,1.21925555555556,0.158016666666667,1.468,0.1408375,1.278,0.558408333333333,1.06145,"WILKINS_GULCH"
1900,3.91,3.88,3.18666666666667,2.885,2.58333333333333,2.4375,2.4,2.6,12.4598666666667,6.2,11.28035,6.71666666666667,11.1938,6.3375,12.3642666666667,5.85,"WILKINS_GULCH"
1901,1.76333333333333,1.67,0.61,0.22,-1.13666666666667,-1.255,-1.65666666666667,-1.68,1.07563333333333,1.88307777777778,0.387933333333333,1.9096,0.3674,2.1084,1.0187,2.07911666666667,"WILKINS_GULCH"
1902,-0.32,-0.51,0.836666666666667,1.795,1.66333333333333,1.4825,0.376666666666667,0.0950000000000001,-0.267733333333333,0.626522222222222,-0.5744,0.158016666666667,-0.91545,0.1408375,-0.4267,0.558408333333333,"WILKINS_GULCH"
1903,4.15666666666667,4.0675,3.71333333333333,3.67,3.91,3.88,3.18666666666667,2.885,15.4350888888889,12.4598666666667,15.2549666666667,11.28035,14.927725,11.1938,15.1039833333333,12.3642666666667,"WILKINS_GULCH"
1904,0.146666666666667,-0.1425,1.37666666666667,2.57,1.76333333333333,1.67,0.61,0.22,0.201911111111111,1.07563333333333,0.376933333333333,0.387933333333333,-0.366225,0.3674,-0.196175,1.0187,"WILKINS_GULCH"
1905,5.5,5.215,3.96333333333333,3.765,-0.32,-0.51,0.836666666666667,1.795,21.7983333333333,-0.267733333333333,20.7075,-0.5744,19.634475,-0.91545,20.6687833333333,-0.4267,"WILKINS_GULCH"
1906,0.293333333333333,-0.045,0.193333333333333,0.82,4.15666666666667,4.0675,3.71333333333333,3.67,0.0567111111111111,15.4350888888889,0.240533333333333,15.2549666666667,-0.0369,14.927725,-0.00869999999999999,15.1039833333333,"WILKINS_GULCH"
1907,3.32333333333333,3.2225,3.51,3.805,0.146666666666667,-0.1425,1.37666666666667,2.57,11.6649,0.201911111111111,12.6452833333333,0.376933333333333,12.2616125,-0.366225,11.310975,-0.196175,"WILKINS_GULCH"
1908,2.09333333333333,1.9125,0.366666666666667,-0.135,5.5,5.215,3.96333333333333,3.765,0.767555555555556,21.7983333333333,-0.2826,20.7075,-0.2581875,19.634475,0.70125,20.6687833333333,"WILKINS_GULCH"
1909,-1.22333333333333,-0.4175,2.32,2.48,0.293333333333333,-0.045,0.193333333333333,0.82,-2.83813333333333,0.0567111111111111,-3.03386666666667,0.240533333333333,-1.0354,-0.0369,-0.9686,-0.00869999999999999,"WILKINS_GULCH"
1910,1.32333333333333,1.2975,0.976666666666667,0.855,3.32333333333333,3.2225,3.51,3.805,1.29245555555556,11.6649,1.13145,12.6452833333333,1.1093625,12.2616125,1.267225,11.310975,"WILKINS_GULCH"
1911,-2.35,-2.0975,-1.24666666666667,-1.2,2.09333333333333,1.9125,0.366666666666667,-0.135,2.92966666666667,0.767555555555556,2.82,-0.2826,2.517,-0.2581875,2.61488333333333,0.70125,"WILKINS_GULCH"
1912,-0.73,-1.0475,-2.04,-2.06,-1.22333333333333,-0.4175,2.32,2.48,1.4892,-2.83813333333333,1.5038,-3.03386666666667,2.15785,-1.0354,2.1369,-0.9686,"WILKINS_GULCH"
1913,3.83666666666667,3.67,2.28333333333333,1.84,1.32333333333333,1.2975,0.976666666666667,0.855,8.76038888888889,1.29245555555556,7.05946666666667,1.13145,6.7528,1.1093625,8.37983333333333,1.267225,"WILKINS_GULCH"
1914,-0.0633333333333334,0.8075,2.77333333333333,2.45,-2.35,-2.0975,-1.24666666666667,-1.2,-0.175644444444444,2.92966666666667,-0.155166666666667,2.82,1.978375,2.517,2.23946666666667,2.61488333333333,"WILKINS_GULCH"
1915,1.02,1.105,2.02666666666667,2.36,-0.73,-1.0475,-2.04,-2.06,2.0672,1.4892,2.4072,1.5038,2.6078,2.15785,2.23946666666667,2.1369,"WILKINS_GULCH"
1916,2.63666666666667,2.8925,3.05333333333333,2.75,3.83666666666667,3.67,2.28333333333333,1.84,8.05062222222222,8.76038888888889,7.25083333333333,7.05946666666667,7.954375,6.7528,8.83176666666667,8.37983333333333,"WILKINS_GULCH"
1917,-1.16333333333333,-1.245,-1.37,-1.31,-0.0633333333333334,0.8075,2.77333333333333,2.45,1.59376666666667,-0.175644444444444,1.52396666666667,-0.155166666666667,1.63095,1.978375,1.70565,2.23946666666667,"WILKINS_GULCH"
1918,-2.92333333333333,-3.1025,-3.27666666666667,-3.095,1.02,1.105,2.02666666666667,2.36,9.57878888888889,2.0672,9.04771666666667,2.4072,9.6022375,2.6078,10.1658583333333,2.23946666666667,"WILKINS_GULCH"
1919,2.67666666666667,2.49,2.51,2.8,2.63666666666667,2.8925,3.05333333333333,2.75,6.71843333333333,8.05062222222222,7.49466666666667,7.25083333333333,6.972,7.954375,6.2499,8.83176666666667,"WILKINS_GULCH"
1920,-2.32,-2.4575,-2.92333333333333,-2.95,-1.16333333333333,-1.245,-1.37,-1.31,6.78213333333333,1.59376666666667,6.844,1.52396666666667,7.249625,1.63095,7.18409166666667,1.70565,"WILKINS_GULCH"
1921,2.40333333333333,2.655,2.52333333333333,2.08,-2.92333333333333,-3.1025,-3.27666666666667,-3.095,6.06441111111111,9.57878888888889,4.99893333333333,9.04771666666667,5.5224,9.6022375,6.69945,10.1658583333333,"WILKINS_GULCH"
1922,-2.21,-2.1875,-1.6,-1.34,2.67666666666667,2.49,2.51,2.8,3.536,6.71843333333333,2.9614,7.49466666666667,2.93125,6.972,3.5,6.2499,"WILKINS_GULCH"
1923,1.05,0.995,-0.716666666666667,-1.49,-2.32,-2.4575,-2.92333333333333,-2.95,-0.7525,6.78213333333333,-1.5645,6.844,-1.48255,7.249625,-0.713083333333333,7.18409166666667,"WILKINS_GULCH"
1924,-1.36333333333333,-1.5525,-2.38,-2.51,2.40333333333333,2.655,2.52333333333333,2.08,3.24473333333333,6.06441111111111,3.42196666666667,4.99893333333333,3.896775,5.5224,3.69495,6.69945,"WILKINS_GULCH"
1925,0.126666666666667,0.51,1.97333333333333,2.13,-2.21,-2.1875,-1.6,-1.34,0.249955555555555,3.536,0.2698,2.9614,1.0863,2.93125,1.0064,3.5,"WILKINS_GULCH"
1926,2.20333333333333,1.9725,0.406666666666667,-0.03,1.05,0.995,-0.716666666666667,-1.49,0.896022222222222,-0.7525,-0.0661,-1.5645,-0.059175,-1.48255,0.80215,-0.713083333333333,"WILKINS_GULCH"
1927,2.27,2.3325,2.49666666666667,2.485,-1.36333333333333,-1.5525,-2.38,-2.51,5.66743333333333,3.24473333333333,5.64095,3.42196666666667,5.7962625,3.896775,5.823475,3.69495,"WILKINS_GULCH"
1928,1.60666666666667,1.46,1.06,1.08,0.126666666666667,0.51,1.97333333333333,2.13,1.70306666666667,0.249955555555555,1.7352,0.2698,1.5768,1.0863,1.5476,1.0064,"WILKINS_GULCH"
1929,-1.70333333333333,-1.78,-2.20666666666667,-2.305,2.20333333333333,1.9725,0.406666666666667,-0.03,3.75868888888889,0.896022222222222,3.92618333333333,-0.0661,4.1029,-0.059175,3.92786666666667,0.80215,"WILKINS_GULCH"
1930,-2.24,-2.195,-2.03,-2.015,2.27,2.3325,2.49666666666667,2.485,4.5472,5.66743333333333,4.5136,5.64095,4.422925,5.7962625,4.45585,5.823475,"WILKINS_GULCH"
1931,-2.37,-2.3875,-2.78666666666667,-2.96,1.60666666666667,1.46,1.06,1.08,6.6044,1.70306666666667,7.0152,1.7352,7.067,1.5768,6.65316666666667,1.5476,"WILKINS_GULCH"
1932,-0.82,-0.355,-0.00333333333333334,-0.525,-1.70333333333333,-1.78,-2.20666666666667,-2.305,0.00273333333333334,3.75868888888889,0.4305,3.92618333333333,0.186375,4.1029,0.00118333333333333,3.92786666666667,"WILKINS_GULCH"
1933,-1.79333333333333,-1.7775,-1.89,-1.97,-2.24,-2.195,-2.03,-2.015,3.3894,4.5472,3.53286666666667,4.5136,3.501675,4.422925,3.359475,4.45585,"WILKINS_GULCH"
1934,1.48,0.8425,-1.22333333333333,-1.3,-2.37,-2.3875,-2.78666666666667,-2.96,-1.81053333333333,6.6044,-1.924,7.0152,-1.09525,7.067,-1.03065833333333,6.65316666666667,"WILKINS_GULCH"
1935,-1.21666666666667,-1.095,-0.446666666666667,-0.305,-0.82,-0.355,-0.00333333333333334,-0.525,0.543444444444445,0.00273333333333334,0.371083333333333,0.4305,0.333975,0.186375,0.4891,0.00118333333333333,"WILKINS_GULCH"
1936,-1.71666666666667,-1.675,-1.18666666666667,-1.005,-1.79333333333333,-1.7775,-1.89,-1.97,2.03711111111111,3.3894,1.72525,3.53286666666667,1.683375,3.501675,1.98766666666667,3.359475,"WILKINS_GULCH"
1937,-2.02,-2.0725,-0.773333333333333,-0.045,1.48,0.8425,-1.22333333333333,-1.3,1.56213333333333,-1.81053333333333,0.0909000000000001,-1.924,0.0932625000000001,-1.09525,1.60273333333333,-1.03065833333333,"WILKINS_GULCH"
1938,1.41,1.4675,2.78333333333333,3.355,-1.21666666666667,-1.095,-0.446666666666667,-0.305,3.9245,0.543444444444445,4.73055,0.371083333333333,4.9234625,0.333975,4.08454166666667,0.4891,"WILKINS_GULCH"
1939,-0.783333333333333,-1.1225,-2.38666666666667,-2.51,-1.71666666666667,-1.675,-1.18666666666667,-1.005,1.86955555555556,2.03711111111111,1.96616666666667,1.72525,2.817475,1.683375,2.67903333333333,1.98766666666667,"WILKINS_GULCH"
1940,-3.58666666666667,-3.295,-0.253333333333333,0.83,-2.02,-2.0725,-0.773333333333333,-0.045,0.908622222222222,1.56213333333333,-2.97693333333333,0.0909000000000001,-2.73485,0.0932625000000001,0.834733333333333,1.60273333333333,"WILKINS_GULCH"
1941,2.35,2.5025,3.31666666666667,3.495,1.41,1.4675,2.78333333333333,3.355,7.79416666666667,3.9245,8.21325,4.73055,8.7462375,4.9234625,8.29995833333333,4.08454166666667,"WILKINS_GULCH"
1942,3.65,3.575,3.29,3.26,-0.783333333333333,-1.1225,-2.38666666666667,-2.51,12.0085,1.86955555555556,11.899,1.96616666666667,11.6545,2.817475,11.76175,2.67903333333333,"WILKINS_GULCH"
1943,3.32333333333333,3.42,3.22333333333333,2.98,-3.58666666666667,-3.295,-0.253333333333333,0.83,10.7122111111111,0.908622222222222,9.90353333333333,-2.97693333333333,10.1916,-2.73485,11.0238,0.834733333333333,"WILKINS_GULCH"
1944,-1.61666666666667,-1.715,-2.02333333333333,-2.03,2.35,2.5025,3.31666666666667,3.495,3.27105555555556,7.79416666666667,3.28183333333333,8.21325,3.48145,8.7462375,3.47001666666667,8.29995833333333,"WILKINS_GULCH"
1945,1.95,1.735,1.11666666666667,1.13,3.65,3.575,3.29,3.26,2.1775,12.0085,2.2035,11.899,1.96055,11.6545,1.93741666666667,11.76175,"WILKINS_GULCH"
1946,1.41,1.435,0.443333333333333,-0.09,3.32333333333333,3.42,3.22333333333333,2.98,0.6251,10.7122111111111,-0.1269,9.90353333333333,-0.12915,10.1916,0.636183333333333,11.0238,"WILKINS_GULCH"
1947,-2.66333333333333,-2.7575,-2.95,-2.905,-1.61666666666667,-1.715,-2.02333333333333,-2.03,7.85683333333333,3.27105555555556,7.73698333333333,3.28183333333333,8.0105375,3.48145,8.134625,3.47001666666667,"WILKINS_GULCH"
1948,0.693333333333333,0.2,-1.4,-1.46,1.95,1.735,1.11666666666667,1.13,-0.970666666666667,2.1775,-1.01226666666667,2.2035,-0.292,1.96055,-0.28,1.93741666666667,"WILKINS_GULCH"
1949,-1.01333333333333,-1.14,-0.686666666666667,-0.27,1.41,1.435,0.443333333333333,-0.09,0.695822222222222,0.6251,0.2736,-0.1269,0.3078,-0.12915,0.7828,0.636183333333333,"WILKINS_GULCH"
1950,-3.01,-2.8525,-2.27,-2.215,-2.66333333333333,-2.7575,-2.95,-2.905,6.8327,7.85683333333333,6.66715,7.73698333333333,6.3182875,8.0105375,6.475175,8.134625,"WILKINS_GULCH"
1951,1.23,1.55,1.95333333333333,1.675,0.693333333333333,0.2,-1.4,-1.46,2.4026,-0.970666666666667,2.06025,-1.01226666666667,2.59625,-0.292,3.02766666666667,-0.28,"WILKINS_GULCH"
1952,1.32666666666667,1.595,2.13333333333333,2,-1.01333333333333,-1.14,-0.686666666666667,-0.27,2.83022222222222,0.695822222222222,2.65333333333333,0.2736,3.19,0.3078,3.40266666666667,0.7828,"WILKINS_GULCH"
1953,-0.493333333333333,-0.05,-0.00999999999999997,-0.655,-3.01,-2.8525,-2.27,-2.215,0.00493333333333332,6.8327,0.323133333333333,6.66715,0.03275,6.3182875,0.000499999999999998,6.475175,"WILKINS_GULCH"
1954,0.17,-0.1775,-1.08,-1.01,1.23,1.55,1.95333333333333,1.675,-0.1836,2.4026,-0.1717,2.06025,0.179275,2.59625,0.1917,3.02766666666667,"WILKINS_GULCH"
1955,-0.406666666666667,-0.525,-1.5,-1.81,1.32666666666667,1.595,2.13333333333333,2,0.61,2.83022222222222,0.736066666666667,2.65333333333333,0.95025,3.19,0.7875,3.40266666666667,"WILKINS_GULCH"
1956,-0.683333333333333,0.1725,2.17333333333333,1.89,-0.493333333333333,-0.05,-0.00999999999999997,-0.655,-1.48511111111111,0.00493333333333332,-1.2915,0.323133333333333,0.326025,0.03275,0.3749,0.000499999999999998,"WILKINS_GULCH"
1957,-0.313333333333333,-0.63,-1.4,-1.31,0.17,-0.1775,-1.08,-1.01,0.438666666666667,-0.1836,0.410466666666667,-0.1717,0.8253,0.179275,0.882,0.1917,"WILKINS_GULCH"
1958,4.35333333333333,4.1325,4.02333333333333,4.3,-0.406666666666667,-0.525,-1.5,-1.81,17.5149111111111,0.61,18.7193333333333,0.736066666666667,17.76975,0.95025,16.626425,0.7875,"WILKINS_GULCH"
1959,-1.28,-1.6175,-2.62,-2.615,-0.683333333333333,0.1725,2.17333333333333,1.89,3.3536,-1.48511111111111,3.3472,-1.2915,4.2297625,0.326025,4.23785,0.3749,"WILKINS_GULCH"
1960,-3.2,-3.265,-3.1,-2.92,-0.313333333333333,-0.63,-1.4,-1.31,9.92,0.438666666666667,9.344,0.410466666666667,9.5338,0.8253,10.1215,0.882,"WILKINS_GULCH"
1961,-2.55,-2.585,-2.53333333333333,-2.455,4.35333333333333,4.1325,4.02333333333333,4.3,6.46,17.5149111111111,6.26025,18.7193333333333,6.346175,17.76975,6.54866666666667,16.626425,"WILKINS_GULCH"
1962,-2.82333333333333,-2.895,-2.41333333333333,-2.065,-1.28,-1.6175,-2.62,-2.615,6.81364444444444,3.3536,5.83018333333333,3.3472,5.978175,4.2297625,6.9866,4.23785,"WILKINS_GULCH"
1963,3.03333333333333,2.75,1.75666666666667,1.685,-3.2,-3.265,-3.1,-2.92,5.32855555555556,9.92,5.11116666666667,9.344,4.63375,9.5338,4.83083333333333,10.1215,"WILKINS_GULCH"
1964,1.99,1.8025,-0.696666666666667,-1.665,-2.55,-2.585,-2.53333333333333,-2.455,-1.38636666666667,6.46,-3.31335,6.26025,-3.0011625,6.346175,-1.25574166666667,6.54866666666667,"WILKINS_GULCH"
1965,0.636666666666667,0.8475,0.33,-0.245,-2.82333333333333,-2.895,-2.41333333333333,-2.065,0.2101,6.81364444444444,-0.155983333333333,5.83018333333333,-0.2076375,5.978175,0.279675,6.9866,"WILKINS_GULCH"
1966,-0.936666666666667,-0.6375,-0.29,-0.565,3.03333333333333,2.75,1.75666666666667,1.685,0.271633333333333,5.32855555555556,0.529216666666667,5.11116666666667,0.3601875,4.63375,0.184875,4.83083333333333,"WILKINS_GULCH"
1967,-1.96,-0.8825,1.88333333333333,1.65,1.99,1.8025,-0.696666666666667,-1.665,-3.69133333333333,-1.38636666666667,-3.234,-3.31335,-1.456125,-3.0011625,-1.66204166666667,-1.25574166666667,"WILKINS_GULCH"
1968,1.69666666666667,1.5125,0.106666666666667,-0.32,0.636666666666667,0.8475,0.33,-0.245,0.180977777777778,0.2101,-0.542933333333333,-0.155983333333333,-0.484,-0.2076375,0.161333333333333,0.279675,"WILKINS_GULCH"
1969,-0.48,0.1325,1.80666666666667,1.725,-0.936666666666667,-0.6375,-0.29,-0.565,-0.8672,0.271633333333333,-0.828,0.529216666666667,0.2285625,0.3601875,0.239383333333333,0.184875,"WILKINS_GULCH"
1970,-0.133333333333333,0.525,1.77666666666667,1.415,-1.96,-0.8825,1.88333333333333,1.65,-0.236888888888889,-3.69133333333333,-0.188666666666667,-3.234,0.742875,-1.456125,0.93275,-1.66204166666667,"WILKINS_GULCH"
1971,0.793333333333333,1.0175,1.12333333333333,0.84,1.69666666666667,1.5125,0.106666666666667,-0.32,0.891177777777778,0.180977777777778,0.6664,-0.542933333333333,0.8547,-0.484,1.14299166666667,0.161333333333333,"WILKINS_GULCH"
1972,-1.75666666666667,-1.785,-2.21333333333333,-2.385,-0.48,0.1325,1.80666666666667,1.725,3.88808888888889,-0.8672,4.18965,-0.828,4.257225,0.2285625,3.9508,0.239383333333333,"WILKINS_GULCH"
1973,3.25,3.475,3.82666666666667,3.665,-0.133333333333333,0.525,1.77666666666667,1.415,12.4366666666667,-0.236888888888889,11.91125,-0.188666666666667,12.735875,0.742875,13.2976666666667,0.93275,"WILKINS_GULCH"
1974,3.03,3.33,3.99,3.87,0.793333333333333,1.0175,1.12333333333333,0.84,12.0897,0.891177777777778,11.7261,0.6664,12.8871,0.8547,13.2867,1.14299166666667,"WILKINS_GULCH"
1975,0.26,-0.32,-0.383333333333333,0.455,-1.75666666666667,-1.785,-2.21333333333333,-2.385,-0.0996666666666667,3.88808888888889,0.1183,4.18965,-0.1456,4.257225,0.122666666666667,3.9508,"WILKINS_GULCH"
1976,0.63,0.0775,-1.89666666666667,-2.055,3.25,3.475,3.82666666666667,3.665,-1.1949,12.4366666666667,-1.29465,11.91125,-0.1592625,12.735875,-0.146991666666667,13.2976666666667,"WILKINS_GULCH"
1977,-1.99333333333333,-2.2075,-3.06666666666667,-3.175,3.03,3.33,3.99,3.87,6.11288888888889,12.0897,6.32883333333333,11.7261,7.0088125,12.8871,6.76966666666667,13.2867,"WILKINS_GULCH"
1978,-1.47333333333333,-0.7875,1.21333333333333,1.185,0.26,-0.32,-0.383333333333333,0.455,-1.78764444444444,-0.0996666666666667,-1.7459,0.1183,-0.9331875,-0.1456,-0.9555,0.122666666666667,"WILKINS_GULCH"
1979,-2.34666666666667,-2.345,-2.17333333333333,-2.09,0.63,0.0775,-1.89666666666667,-2.055,5.10008888888889,-1.1949,4.90453333333333,-1.29465,4.90105,-0.1592625,5.09646666666667,-0.146991666666667,"WILKINS_GULCH"
1980,0.973333333333333,1.18,1.54333333333333,1.415,-1.99333333333333,-2.2075,-3.06666666666667,-3.175,1.50217777777778,6.11288888888889,1.37726666666667,6.32883333333333,1.6697,7.0088125,1.82113333333333,6.76966666666667,"WILKINS_GULCH"
1981,-2.26666666666667,-2.2925,-2.14,-2.025,-1.47333333333333,-0.7875,1.21333333333333,1.185,4.85066666666667,-1.78764444444444,4.59,-1.7459,4.6423125,-0.9331875,4.90595,-0.9555,"WILKINS_GULCH"
1982,0.953333333333333,1.5,3.35666666666667,3.465,-2.34666666666667,-2.345,-2.17333333333333,-2.09,3.20002222222222,5.10008888888889,3.3033,4.90453333333333,5.1975,4.90105,5.035,5.09646666666667,"WILKINS_GULCH"
1983,4.59666666666667,4.5675,5.71,6.325,0.973333333333333,1.18,1.54333333333333,1.415,26.2469666666667,1.50217777777778,29.0739166666667,1.37726666666667,28.8894375,1.6697,26.080425,1.82113333333333,"WILKINS_GULCH"
1984,4.53,4.4275,3.19,2.725,-2.26666666666667,-2.2925,-2.14,-2.025,14.4507,4.85066666666667,12.34425,4.59,12.0649375,4.6423125,14.123725,4.90595,"WILKINS_GULCH"
1985,2.92,2.7175,1.74333333333333,1.56,0.953333333333333,1.5,3.35666666666667,3.465,5.09053333333333,3.20002222222222,4.5552,3.3033,4.2393,5.1975,4.73750833333333,5.035,"WILKINS_GULCH"
1986,-1.91,-1.74,1.14333333333333,2.33,4.59666666666667,4.5675,5.71,6.325,-2.18376666666667,26.2469666666667,-4.4503,29.0739166666667,-4.0542,28.8894375,-1.9894,26.080425,"WILKINS_GULCH"
1987,-2.04,-2.21,-2.42,-2.27,4.53,4.4275,3.19,2.725,4.9368,14.4507,4.6308,12.34425,5.0167,12.0649375,5.3482,14.123725,"WILKINS_GULCH"
1988,-3.62,-3.36,-3.07333333333333,-3.32,2.92,2.7175,1.74333333333333,1.56,11.1254666666667,5.09053333333333,12.0184,4.5552,11.1552,4.2393,10.3264,4.73750833333333,"WILKINS_GULCH"
1989,-2.26,-2.21,-0.863333333333333,-0.265,-1.91,-1.74,1.14333333333333,2.33,1.95113333333333,-2.18376666666667,0.5989,-4.4503,0.58565,-4.0542,1.90796666666667,-1.9894,"WILKINS_GULCH"
1990,-1.09666666666667,-1.32,-2.31333333333333,-2.475,-2.04,-2.21,-2.42,-2.27,2.53695555555556,4.9368,2.71425,4.6308,3.267,5.0167,3.0536,5.3482,"WILKINS_GULCH"
1991,-1.84333333333333,-2.0275,-0.97,-0.165,-3.62,-3.36,-3.07333333333333,-3.32,1.78803333333333,11.1254666666667,0.30415,12.0184,0.3345375,11.1552,1.966675,10.3264,"WILKINS_GULCH"
1992,0.41,-0.1075,-1.31666666666667,-1.145,-2.26,-2.21,-0.863333333333333,-0.265,-0.539833333333333,1.95113333333333,-0.46945,0.5989,0.1230875,0.58565,0.141541666666667,1.90796666666667,"WILKINS_GULCH"
1993,-1.30666666666667,-0.6825,0.603333333333333,0.31,-1.09666666666667,-1.32,-2.31333333333333,-2.475,-0.788355555555555,2.53695555555556,-0.405066666666667,2.71425,-0.211575,3.267,-0.411775,3.0536,"WILKINS_GULCH"
1994,-0.943333333333333,-1.105,-1.71333333333333,-1.775,-1.84333333333333,-2.0275,-0.97,-0.165,1.61624444444444,1.78803333333333,1.67441666666667,0.30415,1.961375,0.3345375,1.89323333333333,1.966675,"WILKINS_GULCH"
1995,0.673333333333333,1.28,3.07333333333333,3.06,0.41,-0.1075,-1.31666666666667,-1.145,2.06937777777778,-0.539833333333333,2.0604,-0.46945,3.9168,0.1230875,3.93386666666667,0.141541666666667,"WILKINS_GULCH"
1996,1.89666666666667,1.9225,2.09,2.135,-1.30666666666667,-0.6825,0.603333333333333,0.31,3.96403333333333,-0.788355555555555,4.04938333333333,-0.405066666666667,4.1045375,-0.211575,4.018025,-0.411775,"WILKINS_GULCH"
1997,2.39666666666667,2.4475,0.913333333333333,0.07,-0.943333333333333,-1.105,-1.71333333333333,-1.775,2.18895555555556,1.61624444444444,0.167766666666667,1.67441666666667,0.171325,1.961375,2.23538333333333,1.89323333333333,"WILKINS_GULCH"
1998,-1.46666666666667,-0.625,2.46666666666667,2.75,0.673333333333333,1.28,3.07333333333333,3.06,-3.61777777777778,2.06937777777778,-4.03333333333333,2.0604,-1.71875,3.9168,-1.54166666666667,3.93386666666667,"WILKINS_GULCH"
1999,2.13333333333333,1.87,1.32666666666667,1.45,1.89666666666667,1.9225,2.09,2.135,2.83022222222222,3.96403333333333,3.09333333333333,4.04938333333333,2.7115,4.1045375,2.48086666666667,4.018025,"WILKINS_GULCH"
2000,-1.92,-1.985,-1.73,-1.505,2.39666666666667,2.4475,0.913333333333333,0.07,3.3216,2.18895555555556,2.8896,0.167766666666667,2.987425,0.171325,3.43405,2.23538333333333,"WILKINS_GULCH"
2001,0.466666666666667,-2.77555756156289e-17,-1.56,-1.64,-1.46666666666667,-0.625,2.46666666666667,2.75,-0.728,-3.61777777777778,-0.765333333333333,-4.03333333333333,4.55191440096314e-17,-1.71875,4.32986979603811e-17,-1.54166666666667,"WILKINS_GULCH"
2002,-2.27333333333333,-1.9925,-1.37333333333333,-1.485,2.13333333333333,1.87,1.32666666666667,1.45,3.12204444444444,2.83022222222222,3.3759,3.09333333333333,2.9588625,2.7115,2.73636666666667,2.48086666666667,"WILKINS_GULCH"
2003,-2.51333333333333,-2.125,-1.4,-1.62,-1.92,-1.985,-1.73,-1.505,3.51866666666667,3.3216,4.0716,2.8896,3.4425,2.987425,2.975,3.43405,"WILKINS_GULCH"
2004,-1.53333333333333,-1.4625,-1.36333333333333,-1.42,0.466666666666667,-2.77555756156289e-17,-1.56,-1.64,2.09044444444444,-0.728,2.17733333333333,-0.765333333333333,2.07675,4.55191440096314e-17,1.993875,4.32986979603811e-17,"WILKINS_GULCH"
2005,-1.75,-1.5525,-0.243333333333333,0.115,-2.27333333333333,-1.9925,-1.37333333333333,-1.485,0.425833333333333,3.12204444444444,-0.20125,3.3759,-0.1785375,2.9588625,0.377775,2.73636666666667,"WILKINS_GULCH"
2006,2.15333333333333,2.235,2.48,2.48,-2.51333333333333,-2.125,-1.4,-1.62,5.34026666666667,3.51866666666667,5.34026666666667,4.0716,5.5428,3.4425,5.5428,2.975,"WILKINS_GULCH"
2007,0.76,-0.0375000000000001,-2.45666666666667,-2.47,-1.53333333333333,-1.4625,-1.36333333333333,-1.42,-1.86706666666667,2.09044444444444,-1.8772,2.17733333333333,0.0926250000000001,2.07675,0.0921250000000002,1.993875,"WILKINS_GULCH"
2008,-2.03666666666667,-1.9025,-1.82,-1.98,-1.75,-1.5525,-0.243333333333333,0.115,3.70673333333333,0.425833333333333,4.0326,-0.20125,3.76695,-0.1785375,3.46255,0.377775,"WILKINS_GULCH"
2009,-4.40333333333333,-4.49,-3.97666666666667,-3.59,2.15333333333333,2.235,2.48,2.48,17.5105888888889,5.34026666666667,15.8079666666667,5.34026666666667,16.1191,5.5428,17.8552333333333,5.5428,"WILKINS_GULCH"
2010,1.32,1.29,1.01,0.915,0.76,-0.0375000000000001,-2.45666666666667,-2.47,1.3332,-1.86706666666667,1.2078,-1.8772,1.18035,0.0926250000000001,1.3029,0.0921250000000002,"WILKINS_GULCH"
2011,2.84,2.6275,2.48333333333333,2.73,-2.03666666666667,-1.9025,-1.82,-1.98,7.05266666666667,3.70673333333333,7.7532,4.0326,7.173075,3.76695,6.52495833333333,3.46255,"WILKINS_GULCH"
2012,4.13,3.695,2.35333333333333,2.335,-4.40333333333333,-4.49,-3.97666666666667,-3.59,9.71926666666667,17.5105888888889,9.64355,15.8079666666667,8.627825,16.1191,8.69556666666667,17.8552333333333,"WILKINS_GULCH"
2013,0.403333333333333,0.4525,-0.973333333333333,-1.76,1.32,1.29,1.01,0.915,-0.392577777777778,1.3332,-0.709866666666667,1.2078,-0.7964,1.18035,-0.440433333333333,1.3029,"WILKINS_GULCH"
2014,-2.68,-2.8075,-2.89666666666667,-2.75,2.84,2.6275,2.48333333333333,2.73,7.76306666666667,7.05266666666667,7.37,7.7532,7.720625,7.173075,8.13239166666667,6.52495833333333,"WILKINS_GULCH"
2015,-1.95666666666667,-1.7875,-1.82666666666667,-2.1,4.13,3.695,2.35333333333333,2.335,3.57417777777778,9.71926666666667,4.109,9.64355,3.75375,8.627825,3.26516666666667,8.69556666666667,"WILKINS_GULCH"
2016,-3.50666666666667,-3.27,-2.35333333333333,-2.25,0.403333333333333,0.4525,-0.973333333333333,-1.76,8.25235555555556,-0.392577777777778,7.89,-0.709866666666667,7.3575,-0.7964,7.6954,-0.440433333333333,"WILKINS_GULCH"
2017,1.25666666666667,1.825,4.01,4.25,-2.68,-2.8075,-2.89666666666667,-2.75,5.03923333333333,7.76306666666667,5.34083333333333,7.37,7.75625,7.720625,7.31825,8.13239166666667,"WILKINS_GULCH"
2018,-2.50666666666667,-2.5675,-2.39666666666667,-2.22,-1.95666666666667,-1.7875,-1.82666666666667,-2.1,6.00764444444444,3.57417777777778,5.5648,4.109,5.69985,3.75375,6.15344166666667,3.26516666666667,"WILKINS_GULCH"
2019,-2.02,-1.965,0.623333333333333,1.835,-3.50666666666667,-3.27,-2.35333333333333,-2.25,-1.25913333333333,8.25235555555556,-3.7067,7.89,-3.605775,7.3575,-1.22485,7.6954,"WILKINS_GULCH"
2020,-0.636666666666667,-0.775,-1.7,-1.955,1.25666666666667,1.825,4.01,4.25,1.08233333333333,5.03923333333333,1.24468333333333,5.34083333333333,1.515125,7.75625,1.3175,7.31825,"WILKINS_GULCH"
2021,5,4.6775,2.64,2.105,-2.50666666666667,-2.5675,-2.39666666666667,-2.22,13.2,6.00764444444444,10.525,5.5648,9.8461375,5.69985,12.3486,6.15344166666667,"WILKINS_GULCH"
2022,-2.12333333333333,-1.765,0.49,1.08,-2.02,-1.965,0.623333333333333,1.835,-1.04043333333333,-1.25913333333333,-2.2932,-3.7067,-1.9062,-3.605775,-0.86485,-1.22485,"WILKINS_GULCH"
2023,-1.37,-1.335,-0.54,-0.195,-0.636666666666667,-0.775,-1.7,-1.955,0.7398,1.08233333333333,0.26715,1.24468333333333,0.260325,1.515125,0.7209,1.3175,"WILKINS_GULCH"
2024,0.67,0.9075,1.78,1.86,5,4.6775,2.64,2.105,1.1926,13.2,1.2462,10.525,1.68795,9.8461375,1.61535,12.3486,"WILKINS_GULCH"
2025,0.696666666666667,0.7425,0.503333333333333,0.315,-2.12333333333333,-1.765,0.49,1.08,0.350655555555556,-1.04043333333333,0.21945,-2.2932,0.2338875,-1.9062,0.373725,-0.86485,"WILKINS_GULCH"
2026,-9999,-9999,-9999,-9999,-1.37,-1.335,-0.54,-0.195,99980001,0.7398,99980001,0.26715,99980001,0.260325,99980001,0.7209,"WILKINS_GULCH"
