"site_id","watershed","is_core_watershed","year","egg_masses_annual","n_egg_records_annual","egg_status_annual","staff_mean_oct_mar","staff_max_oct_mar","staff_start_janmar","staff_mean_janmar","staff_mean_prev_oct_dec","n_staff_records_oct_mar","hydroperiod"
"AC01","AUDUBON CANYON",0,1997,NA,NA,"not_surveyed",NA,NA,NA,NA,NA,NA,"seasonal"
"AC01","AUDUBON CANYON",0,1998,NA,NA,"not_surveyed",NA,NA,NA,NA,NA,NA,"seasonal"
"AC01","AUDUBON CANYON",0,1999,NA,NA,"not_surveyed",NA,NA,NA,NA,NA,NA,"seasonal"
"AC01","AUDUBON CANYON",0,2000,NA,NA,"not_surveyed",NA,NA,NA,NA,NA,NA,"seasonal"
"AC01","AUDUBON CANYON",0,2001,NA,NA,"not_surveyed",NA,NA,NA,NA,NA,NA,"seasonal"
"AC01","AUDUBON CANYON",0,2002,NA,NA,"not_surveyed",NA,NA,NA,NA,NA,NA,"seasonal"
"AC01","AUDUBON CANYON",0,2003,NA,NA,"not_surveyed",NA,NA,NA,NA,NA,NA,"seasonal"
"AC01","AUDUBON CANYON",0,2004,NA,NA,"not_surveyed",NA,NA,NA,NA,NA,NA,"seasonal"
"AC01","AUDUBON CANYON",0,2005,NA,NA,"not_surveyed",NA,NA,NA,NA,NA,NA,"seasonal"
"AC01","AUDUBON CANYON",0,2006,NA,NA,"not_surveyed",NA,NA,NA,NA,NA,NA,"seasonal"
"AC01","AUDUBON CANYON",0,2007,NA,NA,"not_surveyed",NA,NA,NA,NA,NA,NA,"seasonal"
"AC01","AUDUBON CANYON",0,2008,NA,NA,"not_surveyed",NA,NA,NA,NA,NA,NA,"seasonal"
"AC01","AUDUBON CANYON",0,2009,NA,NA,"not_surveyed",NA,NA,NA,NA,NA,NA,"seasonal"
"AC01","AUDUBON CANYON",0,2010,NA,NA,"not_surveyed",NA,NA,NA,NA,NA,NA,"seasonal"
"AC01","AUDUBON CANYON",0,2011,NA,NA,"not_surveyed",NA,NA,NA,NA,NA,NA,"seasonal"
"AC01","AUDUBON CANYON",0,2012,NA,NA,"not_surveyed",NA,NA,NA,NA,NA,NA,"seasonal"
"AC01","AUDUBON CANYON",0,2013,NA,NA,"not_surveyed",NA,NA,NA,NA,NA,NA,"seasonal"
"AC01","AUDUBON CANYON",0,2014,NA,NA,"not_surveyed",NA,NA,NA,NA,NA,NA,"seasonal"
"AC01","AUDUBON CANYON",0,2015,NA,NA,"not_surveyed",NA,NA,NA,NA,NA,NA,"seasonal"
"AC01","AUDUBON CANYON",0,2016,NA,NA,"not_surveyed",NA,NA,NA,NA,NA,NA,"seasonal"
"AC01","AUDUBON CANYON",0,2017,NA,NA,"not_surveyed",NA,NA,NA,NA,NA,NA,"seasonal"
"AC01","AUDUBON CANYON",0,2018,NA,NA,"not_surveyed",NA,NA,NA,NA,NA,NA,"seasonal"
"AC01","AUDUBON CANYON",0,2019,NA,NA,"not_surveyed",NA,NA,NA,NA,NA,NA,"seasonal"
"AC01","AUDUBON CANYON",0,2020,NA,NA,"not_surveyed",NA,NA,NA,NA,NA,NA,"seasonal"
"AC01","AUDUBON CANYON",0,2021,NA,NA,"not_surveyed",NA,NA,NA,NA,NA,NA,"seasonal"
"AC01","AUDUBON CANYON",0,2022,0,1,"surveyed_zero",NA,NA,NA,NA,NA,NA,"seasonal"
"AC01","AUDUBON CANYON",0,2023,0,2,"surveyed_zero",NA,NA,NA,NA,NA,NA,"seasonal"
"AC01","AUDUBON CANYON",0,2024,NA,NA,"not_surveyed",NA,NA,NA,NA,NA,NA,"seasonal"
"AC01","AUDUBON CANYON",0,2025,NA,NA,"not_surveyed",NA,NA,NA,NA,NA,NA,"seasonal"
"AC02","GARDEN CLUB CANYON",0,1997,NA,NA,"not_surveyed",NA,NA,NA,NA,NA,NA,"seasonal"
"AC02","GARDEN CLUB CANYON",0,1998,NA,NA,"not_surveyed",NA,NA,NA,NA,NA,NA,"seasonal"
"AC02","GARDEN CLUB CANYON",0,1999,NA,NA,"not_surveyed",NA,NA,NA,NA,NA,NA,"seasonal"
"AC02","GARDEN CLUB CANYON",0,2000,NA,NA,"not_surveyed",NA,NA,NA,NA,NA,NA,"seasonal"
"AC02","GARDEN CLUB CANYON",0,2001,NA,NA,"not_surveyed",NA,NA,NA,NA,NA,NA,"seasonal"
"AC02","GARDEN CLUB CANYON",0,2002,NA,NA,"not_surveyed",NA,NA,NA,NA,NA,NA,"seasonal"
"AC02","GARDEN CLUB CANYON",0,2003,NA,NA,"not_surveyed",NA,NA,NA,NA,NA,NA,"seasonal"
"AC02","GARDEN CLUB CANYON",0,2004,NA,NA,"not_surveyed",NA,NA,NA,NA,NA,NA,"seasonal"
"AC02","GARDEN CLUB CANYON",0,2005,NA,NA,"not_surveyed",NA,NA,NA,NA,NA,NA,"seasonal"
"AC02","GARDEN CLUB CANYON",0,2006,NA,NA,"not_surveyed",NA,NA,NA,NA,NA,NA,"seasonal"
"AC02","GARDEN CLUB CANYON",0,2007,NA,NA,"not_surveyed",NA,NA,NA,NA,NA,NA,"seasonal"
"AC02","GARDEN CLUB CANYON",0,2008,NA,NA,"not_surveyed",NA,NA,NA,NA,NA,NA,"seasonal"
"AC02","GARDEN CLUB CANYON",0,2009,NA,NA,"not_surveyed",NA,NA,NA,NA,NA,NA,"seasonal"
"AC02","GARDEN CLUB CANYON",0,2010,NA,NA,"not_surveyed",NA,NA,NA,NA,NA,NA,"seasonal"
"AC02","GARDEN CLUB CANYON",0,2011,NA,NA,"not_surveyed",NA,NA,NA,NA,NA,NA,"seasonal"
"AC02","GARDEN CLUB CANYON",0,2012,NA,NA,"not_surveyed",NA,NA,NA,NA,NA,NA,"seasonal"
"AC02","GARDEN CLUB CANYON",0,2013,NA,NA,"not_surveyed",NA,NA,NA,NA,NA,NA,"seasonal"
"AC02","GARDEN CLUB CANYON",0,2014,NA,NA,"not_surveyed",NA,NA,NA,NA,NA,NA,"seasonal"
"AC02","GARDEN CLUB CANYON",0,2015,NA,NA,"not_surveyed",NA,NA,NA,NA,NA,NA,"seasonal"
"AC02","GARDEN CLUB CANYON",0,2016,NA,NA,"not_surveyed",NA,NA,NA,NA,NA,NA,"seasonal"
"AC02","GARDEN CLUB CANYON",0,2017,NA,NA,"not_surveyed",NA,NA,NA,NA,NA,NA,"seasonal"
"AC02","GARDEN CLUB CANYON",0,2018,NA,NA,"not_surveyed",NA,NA,NA,NA,NA,NA,"seasonal"
"AC02","GARDEN CLUB CANYON",0,2019,NA,NA,"not_surveyed",NA,NA,NA,NA,NA,NA,"seasonal"
"AC02","GARDEN CLUB CANYON",0,2020,NA,NA,"not_surveyed",NA,NA,NA,NA,NA,NA,"seasonal"
"AC02","GARDEN CLUB CANYON",0,2021,NA,NA,"not_surveyed",NA,NA,NA,NA,NA,NA,"seasonal"
"AC02","GARDEN CLUB CANYON",0,2022,0,1,"surveyed_zero",NA,NA,NA,NA,NA,NA,"seasonal"
"AC02","GARDEN CLUB CANYON",0,2023,0,2,"surveyed_zero",NA,NA,NA,NA,NA,NA,"seasonal"
"AC02","GARDEN CLUB CANYON",0,2024,NA,NA,"not_surveyed",NA,NA,NA,NA,NA,NA,"seasonal"
"AC02","GARDEN CLUB CANYON",0,2025,NA,NA,"not_surveyed",NA,NA,NA,NA,NA,NA,"seasonal"
"EC01","EASKOOT CREEK",0,1997,NA,NA,"not_surveyed",NA,NA,NA,NA,NA,NA,"perennial"
"EC01","EASKOOT CREEK",0,1998,NA,NA,"not_surveyed",NA,NA,NA,NA,NA,NA,"perennial"
"EC01","EASKOOT CREEK",0,1999,NA,NA,"not_surveyed",NA,NA,NA,NA,NA,NA,"perennial"
"EC01","EASKOOT CREEK",0,2000,NA,NA,"not_surveyed",NA,NA,NA,NA,NA,NA,"perennial"
"EC01","EASKOOT CREEK",0,2001,0,2,"surveyed_zero",NA,NA,NA,NA,NA,NA,"perennial"
"EC01","EASKOOT CREEK",0,2002,NA,NA,"not_surveyed",NA,NA,NA,NA,NA,NA,"perennial"
"EC01","EASKOOT CREEK",0,2003,NA,NA,"not_surveyed",NA,NA,NA,NA,NA,NA,"perennial"
"EC01","EASKOOT CREEK",0,2004,NA,NA,"not_surveyed",NA,NA,NA,NA,NA,NA,"perennial"
"EC01","EASKOOT CREEK",0,2005,NA,NA,"not_surveyed",NA,NA,NA,NA,NA,NA,"perennial"
"EC01","EASKOOT CREEK",0,2006,NA,NA,"not_surveyed",NA,NA,NA,NA,NA,NA,"perennial"
"EC01","EASKOOT CREEK",0,2007,NA,NA,"not_surveyed",NA,NA,NA,NA,NA,NA,"perennial"
"EC01","EASKOOT CREEK",0,2008,NA,NA,"not_surveyed",NA,NA,NA,NA,NA,NA,"perennial"
"EC01","EASKOOT CREEK",0,2009,NA,NA,"not_surveyed",NA,NA,NA,NA,NA,NA,"perennial"
"EC01","EASKOOT CREEK",0,2010,NA,NA,"not_surveyed",NA,NA,NA,NA,NA,NA,"perennial"
"EC01","EASKOOT CREEK",0,2011,NA,NA,"not_surveyed",NA,NA,NA,NA,NA,NA,"perennial"
"EC01","EASKOOT CREEK",0,2012,NA,NA,"not_surveyed",NA,NA,NA,NA,NA,NA,"perennial"
"EC01","EASKOOT CREEK",0,2013,NA,NA,"not_surveyed",NA,NA,NA,NA,NA,NA,"perennial"
"EC01","EASKOOT CREEK",0,2014,NA,NA,"not_surveyed",NA,NA,NA,NA,NA,NA,"perennial"
"EC01","EASKOOT CREEK",0,2015,NA,NA,"not_surveyed",NA,NA,NA,NA,NA,NA,"perennial"
"EC01","EASKOOT CREEK",0,2016,NA,NA,"not_surveyed",NA,NA,NA,NA,NA,NA,"perennial"
"EC01","EASKOOT CREEK",0,2017,NA,NA,"not_surveyed",NA,NA,NA,NA,NA,NA,"perennial"
"EC01","EASKOOT CREEK",0,2018,NA,NA,"not_surveyed",NA,NA,NA,NA,NA,NA,"perennial"
"EC01","EASKOOT CREEK",0,2019,NA,NA,"not_surveyed",NA,NA,NA,NA,NA,NA,"perennial"
"EC01","EASKOOT CREEK",0,2020,NA,NA,"not_surveyed",NA,NA,NA,NA,NA,NA,"perennial"
"EC01","EASKOOT CREEK",0,2021,0,2,"surveyed_zero",NA,NA,NA,NA,NA,NA,"perennial"
"EC01","EASKOOT CREEK",0,2022,NA,NA,"not_surveyed",NA,NA,NA,NA,NA,NA,"perennial"
"EC01","EASKOOT CREEK",0,2023,NA,NA,"not_surveyed",NA,NA,NA,NA,NA,NA,"perennial"
"EC01","EASKOOT CREEK",0,2024,NA,NA,"not_surveyed",NA,NA,NA,NA,NA,NA,"perennial"
"EC01","EASKOOT CREEK",0,2025,NA,NA,"not_surveyed",NA,NA,NA,NA,NA,NA,"perennial"
"EC02","EASKOOT CREEK",0,1997,NA,NA,"not_surveyed",NA,NA,NA,NA,NA,NA,"seasonal"
"EC02","EASKOOT CREEK",0,1998,NA,NA,"not_surveyed",NA,NA,NA,NA,NA,NA,"seasonal"
"EC02","EASKOOT CREEK",0,1999,NA,NA,"not_surveyed",NA,NA,NA,NA,NA,NA,"seasonal"
"EC02","EASKOOT CREEK",0,2000,NA,NA,"not_surveyed",NA,NA,NA,NA,NA,NA,"seasonal"
"EC02","EASKOOT CREEK",0,2001,0,2,"surveyed_zero",NA,NA,NA,NA,NA,NA,"seasonal"
"EC02","EASKOOT CREEK",0,2002,NA,NA,"not_surveyed",NA,NA,NA,NA,NA,NA,"seasonal"
"EC02","EASKOOT CREEK",0,2003,NA,NA,"not_surveyed",NA,NA,NA,NA,NA,NA,"seasonal"
"EC02","EASKOOT CREEK",0,2004,NA,NA,"not_surveyed",NA,NA,NA,NA,NA,NA,"seasonal"
"EC02","EASKOOT CREEK",0,2005,NA,NA,"not_surveyed",NA,NA,NA,NA,NA,NA,"seasonal"
"EC02","EASKOOT CREEK",0,2006,NA,NA,"not_surveyed",NA,NA,NA,NA,NA,NA,"seasonal"
"EC02","EASKOOT CREEK",0,2007,NA,NA,"not_surveyed",NA,NA,NA,NA,NA,NA,"seasonal"
"EC02","EASKOOT CREEK",0,2008,NA,NA,"not_surveyed",NA,NA,NA,NA,NA,NA,"seasonal"
"EC02","EASKOOT CREEK",0,2009,NA,NA,"not_surveyed",NA,NA,NA,NA,NA,NA,"seasonal"
"EC02","EASKOOT CREEK",0,2010,NA,NA,"not_surveyed",NA,NA,NA,NA,NA,NA,"seasonal"
"EC02","EASKOOT CREEK",0,2011,NA,NA,"not_surveyed",NA,NA,NA,NA,NA,NA,"seasonal"
"EC02","EASKOOT CREEK",0,2012,NA,NA,"not_surveyed",NA,NA,NA,NA,NA,NA,"seasonal"
"EC02","EASKOOT CREEK",0,2013,NA,NA,"not_surveyed",NA,NA,NA,NA,NA,NA,"seasonal"
"EC02","EASKOOT CREEK",0,2014,NA,NA,"not_surveyed",NA,NA,NA,NA,NA,NA,"seasonal"
"EC02","EASKOOT CREEK",0,2015,NA,NA,"not_surveyed",NA,NA,NA,NA,NA,NA,"seasonal"
"EC02","EASKOOT CREEK",0,2016,NA,NA,"not_surveyed",NA,NA,NA,NA,NA,NA,"seasonal"
"EC02","EASKOOT CREEK",0,2017,NA,NA,"not_surveyed",NA,NA,NA,NA,NA,NA,"seasonal"
"EC02","EASKOOT CREEK",0,2018,NA,NA,"not_surveyed",NA,NA,NA,NA,NA,NA,"seasonal"
"EC02","EASKOOT CREEK",0,2019,NA,NA,"not_surveyed",NA,NA,NA,NA,NA,NA,"seasonal"
"EC02","EASKOOT CREEK",0,2020,NA,NA,"not_surveyed",NA,NA,NA,NA,NA,NA,"seasonal"
"EC02","EASKOOT CREEK",0,2021,NA,NA,"not_surveyed",NA,NA,NA,NA,NA,NA,"seasonal"
"EC02","EASKOOT CREEK",0,2022,NA,NA,"not_surveyed",NA,NA,NA,NA,NA,NA,"seasonal"
"EC02","EASKOOT CREEK",0,2023,NA,NA,"not_surveyed",NA,NA,NA,NA,NA,NA,"seasonal"
"EC02","EASKOOT CREEK",0,2024,NA,NA,"not_surveyed",NA,NA,NA,NA,NA,NA,"seasonal"
"EC02","EASKOOT CREEK",0,2025,NA,NA,"not_surveyed",NA,NA,NA,NA,NA,NA,"seasonal"
"KC01","KANOFF CREEK",1,1997,NA,NA,"not_surveyed",NA,NA,NA,NA,NA,NA,"seasonal"
"KC01","KANOFF CREEK",1,1998,NA,NA,"not_surveyed",NA,NA,NA,NA,NA,NA,"seasonal"
"KC01","KANOFF CREEK",1,1999,NA,NA,"not_surveyed",NA,NA,NA,NA,NA,NA,"seasonal"
"KC01","KANOFF CREEK",1,2000,NA,NA,"not_surveyed",NA,NA,NA,NA,NA,NA,"seasonal"
"KC01","KANOFF CREEK",1,2001,NA,NA,"not_surveyed",NA,NA,NA,NA,NA,NA,"seasonal"
"KC01","KANOFF CREEK",1,2002,NA,NA,"not_surveyed",NA,NA,NA,NA,NA,NA,"seasonal"
"KC01","KANOFF CREEK",1,2003,NA,NA,"not_surveyed",NA,NA,NA,NA,NA,NA,"seasonal"
"KC01","KANOFF CREEK",1,2004,NA,NA,"not_surveyed",NA,NA,NA,NA,NA,NA,"seasonal"
"KC01","KANOFF CREEK",1,2005,NA,NA,"not_surveyed",NA,NA,NA,NA,NA,NA,"seasonal"
"KC01","KANOFF CREEK",1,2006,NA,NA,"not_surveyed",NA,NA,NA,NA,NA,NA,"seasonal"
"KC01","KANOFF CREEK",1,2007,NA,NA,"not_surveyed",NA,NA,NA,NA,NA,NA,"seasonal"
"KC01","KANOFF CREEK",1,2008,NA,NA,"not_surveyed",NA,NA,NA,NA,NA,NA,"seasonal"
"KC01","KANOFF CREEK",1,2009,NA,NA,"not_surveyed",NA,NA,NA,NA,NA,NA,"seasonal"
"KC01","KANOFF CREEK",1,2010,NA,NA,"not_surveyed",NA,NA,NA,NA,NA,NA,"seasonal"
"KC01","KANOFF CREEK",1,2011,NA,NA,"not_surveyed",NA,NA,NA,NA,NA,NA,"seasonal"
"KC01","KANOFF CREEK",1,2012,5,5,"surveyed_nonzero",NA,NA,NA,NA,NA,NA,"seasonal"
"KC01","KANOFF CREEK",1,2013,31,31,"surveyed_nonzero",4.75,10.75,2.5,4.75,NA,5,"seasonal"
"KC01","KANOFF CREEK",1,2014,28,17,"surveyed_nonzero",2.125,2.25,2.25,2.25,2,2,"seasonal"
"KC01","KANOFF CREEK",1,2015,57,59,"surveyed_nonzero",1.95875,2.45,2.15,1.95875,NA,4,"seasonal"
"KC01","KANOFF CREEK",1,2016,29,29,"surveyed_nonzero",1.94714285714286,2.54,2.19,2.17,1.65,7,"seasonal"
"KC01","KANOFF CREEK",1,2017,34,36,"surveyed_nonzero",NA,NA,NA,NA,NA,NA,"seasonal"
"KC01","KANOFF CREEK",1,2018,167,150,"surveyed_nonzero",NA,NA,NA,NA,NA,NA,"seasonal"
"KC01","KANOFF CREEK",1,2019,70,103,"surveyed_nonzero",NA,NA,NA,NA,NA,NA,"seasonal"
"KC01","KANOFF CREEK",1,2020,155,209,"surveyed_nonzero",NA,NA,NA,NA,NA,NA,"seasonal"
"KC01","KANOFF CREEK",1,2021,129,138,"surveyed_nonzero",NA,NA,NA,NA,NA,NA,"seasonal"
"KC01","KANOFF CREEK",1,2022,85,87,"surveyed_nonzero",NA,NA,NA,NA,NA,NA,"seasonal"
"KC01","KANOFF CREEK",1,2023,67,75,"surveyed_nonzero",NA,NA,NA,NA,NA,NA,"seasonal"
"KC01","KANOFF CREEK",1,2024,67,71,"surveyed_nonzero",2.69,2.8,2.6,2.69,NA,5,"seasonal"
"KC01","KANOFF CREEK",1,2025,34,38,"surveyed_nonzero",2.59714285714286,2.8,2.7,2.72,2.43333333333333,7,"seasonal"
"KC02","KANOFF CREEK",1,1997,NA,NA,"not_surveyed",NA,NA,NA,NA,NA,NA,"seasonal"
"KC02","KANOFF CREEK",1,1998,NA,NA,"not_surveyed",NA,NA,NA,NA,NA,NA,"seasonal"
"KC02","KANOFF CREEK",1,1999,NA,NA,"not_surveyed",NA,NA,NA,NA,NA,NA,"seasonal"
"KC02","KANOFF CREEK",1,2000,NA,NA,"not_surveyed",NA,NA,NA,NA,NA,NA,"seasonal"
"KC02","KANOFF CREEK",1,2001,NA,NA,"not_surveyed",NA,NA,NA,NA,NA,NA,"seasonal"
"KC02","KANOFF CREEK",1,2002,NA,NA,"not_surveyed",NA,NA,NA,NA,NA,NA,"seasonal"
"KC02","KANOFF CREEK",1,2003,NA,NA,"not_surveyed",NA,NA,NA,NA,NA,NA,"seasonal"
"KC02","KANOFF CREEK",1,2004,NA,NA,"not_surveyed",NA,NA,NA,NA,NA,NA,"seasonal"
"KC02","KANOFF CREEK",1,2005,NA,NA,"not_surveyed",NA,NA,NA,NA,NA,NA,"seasonal"
"KC02","KANOFF CREEK",1,2006,NA,NA,"not_surveyed",NA,NA,NA,NA,NA,NA,"seasonal"
"KC02","KANOFF CREEK",1,2007,NA,NA,"not_surveyed",NA,NA,NA,NA,NA,NA,"seasonal"
"KC02","KANOFF CREEK",1,2008,NA,NA,"not_surveyed",NA,NA,NA,NA,NA,NA,"seasonal"
"KC02","KANOFF CREEK",1,2009,NA,NA,"not_surveyed",NA,NA,NA,NA,NA,NA,"seasonal"
"KC02","KANOFF CREEK",1,2010,NA,NA,"not_surveyed",NA,NA,NA,NA,NA,NA,"seasonal"
"KC02","KANOFF CREEK",1,2011,NA,NA,"not_surveyed",NA,NA,NA,NA,NA,NA,"seasonal"
"KC02","KANOFF CREEK",1,2012,NA,NA,"not_surveyed",NA,NA,NA,NA,NA,NA,"seasonal"
"KC02","KANOFF CREEK",1,2013,1,4,"surveyed_nonzero",NA,NA,NA,NA,NA,NA,"seasonal"
"KC02","KANOFF CREEK",1,2014,0,1,"surveyed_zero",NA,NA,NA,NA,NA,NA,"seasonal"
"KC02","KANOFF CREEK",1,2015,0,7,"surveyed_zero",NA,NA,NA,NA,NA,NA,"seasonal"
"KC02","KANOFF CREEK",1,2016,0,5,"surveyed_zero",NA,NA,NA,NA,NA,NA,"seasonal"
"KC02","KANOFF CREEK",1,2017,2,12,"surveyed_nonzero",NA,NA,NA,NA,NA,NA,"seasonal"
"KC02","KANOFF CREEK",1,2018,0,10,"surveyed_zero",NA,NA,NA,NA,NA,NA,"seasonal"
"KC02","KANOFF CREEK",1,2019,2,6,"surveyed_nonzero",NA,NA,NA,NA,NA,NA,"seasonal"
"KC02","KANOFF CREEK",1,2020,0,9,"surveyed_zero",NA,NA,NA,NA,NA,NA,"seasonal"
"KC02","KANOFF CREEK",1,2021,0,9,"surveyed_zero",NA,NA,NA,NA,NA,NA,"seasonal"
"KC02","KANOFF CREEK",1,2022,0,9,"surveyed_zero",NA,NA,NA,NA,NA,NA,"seasonal"
"KC02","KANOFF CREEK",1,2023,0,9,"surveyed_zero",NA,NA,NA,NA,NA,NA,"seasonal"
"KC02","KANOFF CREEK",1,2024,0,6,"surveyed_zero",NA,NA,NA,NA,NA,NA,"seasonal"
"KC02","KANOFF CREEK",1,2025,0,6,"surveyed_zero",NA,NA,NA,NA,NA,NA,"seasonal"
"KC03","KANOFF CREEK",1,1997,NA,NA,"not_surveyed",NA,NA,NA,NA,NA,NA,"seasonal"
"KC03","KANOFF CREEK",1,1998,NA,NA,"not_surveyed",NA,NA,NA,NA,NA,NA,"seasonal"
"KC03","KANOFF CREEK",1,1999,NA,NA,"not_surveyed",NA,NA,NA,NA,NA,NA,"seasonal"
"KC03","KANOFF CREEK",1,2000,NA,NA,"not_surveyed",NA,NA,NA,NA,NA,NA,"seasonal"
"KC03","KANOFF CREEK",1,2001,NA,NA,"not_surveyed",NA,NA,NA,NA,NA,NA,"seasonal"
"KC03","KANOFF CREEK",1,2002,NA,NA,"not_surveyed",NA,NA,NA,NA,NA,NA,"seasonal"
"KC03","KANOFF CREEK",1,2003,NA,NA,"not_surveyed",NA,NA,NA,NA,NA,NA,"seasonal"
"KC03","KANOFF CREEK",1,2004,NA,NA,"not_surveyed",NA,NA,NA,NA,NA,NA,"seasonal"
"KC03","KANOFF CREEK",1,2005,NA,NA,"not_surveyed",NA,NA,NA,NA,NA,NA,"seasonal"
"KC03","KANOFF CREEK",1,2006,NA,NA,"not_surveyed",NA,NA,NA,NA,NA,NA,"seasonal"
"KC03","KANOFF CREEK",1,2007,NA,NA,"not_surveyed",NA,NA,NA,NA,NA,NA,"seasonal"
"KC03","KANOFF CREEK",1,2008,NA,NA,"not_surveyed",NA,NA,NA,NA,NA,NA,"seasonal"
"KC03","KANOFF CREEK",1,2009,NA,NA,"not_surveyed",NA,NA,NA,NA,NA,NA,"seasonal"
"KC03","KANOFF CREEK",1,2010,NA,NA,"not_surveyed",NA,NA,NA,NA,NA,NA,"seasonal"
"KC03","KANOFF CREEK",1,2011,NA,NA,"not_surveyed",NA,NA,NA,NA,NA,NA,"seasonal"
"KC03","KANOFF CREEK",1,2012,0,1,"surveyed_zero",NA,NA,NA,NA,NA,NA,"seasonal"
"KC03","KANOFF CREEK",1,2013,0,3,"surveyed_zero",NA,NA,NA,NA,NA,NA,"seasonal"
"KC03","KANOFF CREEK",1,2014,0,1,"surveyed_zero",NA,NA,NA,NA,NA,NA,"seasonal"
"KC03","KANOFF CREEK",1,2015,0,6,"surveyed_zero",NA,NA,NA,NA,NA,NA,"seasonal"
"KC03","KANOFF CREEK",1,2016,0,5,"surveyed_zero",NA,NA,NA,NA,NA,NA,"seasonal"
"KC03","KANOFF CREEK",1,2017,14,21,"surveyed_nonzero",NA,NA,NA,NA,NA,NA,"seasonal"
"KC03","KANOFF CREEK",1,2018,0,11,"surveyed_zero",NA,NA,NA,NA,NA,NA,"seasonal"
"KC03","KANOFF CREEK",1,2019,0,6,"surveyed_zero",NA,NA,NA,NA,NA,NA,"seasonal"
"KC03","KANOFF CREEK",1,2020,0,8,"surveyed_zero",NA,NA,NA,NA,NA,NA,"seasonal"
"KC03","KANOFF CREEK",1,2021,0,7,"surveyed_zero",NA,NA,NA,NA,NA,NA,"seasonal"
"KC03","KANOFF CREEK",1,2022,0,9,"surveyed_zero",NA,NA,NA,NA,NA,NA,"seasonal"
"KC03","KANOFF CREEK",1,2023,0,9,"surveyed_zero",NA,NA,NA,NA,NA,NA,"seasonal"
"KC03","KANOFF CREEK",1,2024,0,6,"surveyed_zero",NA,NA,NA,NA,NA,NA,"seasonal"
"KC03","KANOFF CREEK",1,2025,0,7,"surveyed_zero",NA,NA,NA,NA,NA,NA,"seasonal"
"KC04","KANOFF CREEK",1,1997,NA,NA,"not_surveyed",NA,NA,NA,NA,NA,NA,"seasonal"
"KC04","KANOFF CREEK",1,1998,NA,NA,"not_surveyed",NA,NA,NA,NA,NA,NA,"seasonal"
"KC04","KANOFF CREEK",1,1999,NA,NA,"not_surveyed",NA,NA,NA,NA,NA,NA,"seasonal"
"KC04","KANOFF CREEK",1,2000,NA,NA,"not_surveyed",NA,NA,NA,NA,NA,NA,"seasonal"
"KC04","KANOFF CREEK",1,2001,NA,NA,"not_surveyed",NA,NA,NA,NA,NA,NA,"seasonal"
"KC04","KANOFF CREEK",1,2002,NA,NA,"not_surveyed",NA,NA,NA,NA,NA,NA,"seasonal"
"KC04","KANOFF CREEK",1,2003,NA,NA,"not_surveyed",NA,NA,NA,NA,NA,NA,"seasonal"
"KC04","KANOFF CREEK",1,2004,NA,NA,"not_surveyed",NA,NA,NA,NA,NA,NA,"seasonal"
"KC04","KANOFF CREEK",1,2005,NA,NA,"not_surveyed",NA,NA,NA,NA,NA,NA,"seasonal"
"KC04","KANOFF CREEK",1,2006,NA,NA,"not_surveyed",NA,NA,NA,NA,NA,NA,"seasonal"
"KC04","KANOFF CREEK",1,2007,NA,NA,"not_surveyed",NA,NA,NA,NA,NA,NA,"seasonal"
"KC04","KANOFF CREEK",1,2008,NA,NA,"not_surveyed",NA,NA,NA,NA,NA,NA,"seasonal"
"KC04","KANOFF CREEK",1,2009,NA,NA,"not_surveyed",NA,NA,NA,NA,NA,NA,"seasonal"
"KC04","KANOFF CREEK",1,2010,NA,NA,"not_surveyed",NA,NA,NA,NA,NA,NA,"seasonal"
"KC04","KANOFF CREEK",1,2011,NA,NA,"not_surveyed",NA,NA,NA,NA,NA,NA,"seasonal"
"KC04","KANOFF CREEK",1,2012,NA,NA,"not_surveyed",NA,NA,NA,NA,NA,NA,"seasonal"
"KC04","KANOFF CREEK",1,2013,NA,NA,"not_surveyed",NA,NA,NA,NA,NA,NA,"seasonal"
"KC04","KANOFF CREEK",1,2014,NA,NA,"not_surveyed",NA,NA,NA,NA,NA,NA,"seasonal"
"KC04","KANOFF CREEK",1,2015,NA,NA,"not_surveyed",NA,NA,NA,NA,NA,NA,"seasonal"
"KC04","KANOFF CREEK",1,2016,NA,NA,"not_surveyed",NA,NA,NA,NA,NA,NA,"seasonal"
"KC04","KANOFF CREEK",1,2017,0,3,"surveyed_zero",NA,NA,NA,NA,NA,NA,"seasonal"
"KC04","KANOFF CREEK",1,2018,NA,NA,"not_surveyed",NA,NA,NA,NA,NA,NA,"seasonal"
"KC04","KANOFF CREEK",1,2019,NA,NA,"not_surveyed",NA,NA,NA,NA,NA,NA,"seasonal"
"KC04","KANOFF CREEK",1,2020,0,1,"surveyed_zero",NA,NA,NA,NA,NA,NA,"seasonal"
"KC04","KANOFF CREEK",1,2021,NA,NA,"not_surveyed",NA,NA,NA,NA,NA,NA,"seasonal"
"KC04","KANOFF CREEK",1,2022,0,1,"surveyed_zero",NA,NA,NA,NA,NA,NA,"seasonal"
"KC04","KANOFF CREEK",1,2023,NA,NA,"not_surveyed",NA,NA,NA,NA,NA,NA,"seasonal"
"KC04","KANOFF CREEK",1,2024,NA,NA,"not_surveyed",NA,NA,NA,NA,NA,NA,"seasonal"
"KC04","KANOFF CREEK",1,2025,NA,NA,"not_surveyed",NA,NA,NA,NA,NA,NA,"seasonal"
"LS01","LAGUNA SALADA",1,1997,NA,NA,"not_surveyed",NA,NA,NA,NA,NA,NA,"perennial"
"LS01","LAGUNA SALADA",1,1998,NA,NA,"not_surveyed",NA,NA,NA,NA,NA,NA,"perennial"
"LS01","LAGUNA SALADA",1,1999,NA,NA,"not_surveyed",NA,NA,NA,NA,NA,NA,"perennial"
"LS01","LAGUNA SALADA",1,2000,NA,NA,"not_surveyed",NA,NA,NA,NA,NA,NA,"perennial"
"LS01","LAGUNA SALADA",1,2001,NA,NA,"not_surveyed",NA,NA,NA,NA,NA,NA,"perennial"
"LS01","LAGUNA SALADA",1,2002,NA,NA,"not_surveyed",NA,NA,NA,NA,NA,NA,"perennial"
"LS01","LAGUNA SALADA",1,2003,42,41,"surveyed_nonzero",NA,NA,NA,NA,NA,NA,"perennial"
"LS01","LAGUNA SALADA",1,2004,55,57,"surveyed_nonzero",NA,NA,NA,NA,NA,NA,"perennial"
"LS01","LAGUNA SALADA",1,2005,16,17,"surveyed_nonzero",NA,NA,NA,NA,NA,NA,"perennial"
"LS01","LAGUNA SALADA",1,2006,43,46,"surveyed_nonzero",NA,NA,NA,NA,NA,NA,"perennial"
"LS01","LAGUNA SALADA",1,2007,27,31,"surveyed_nonzero",3.675,10,10,3.675,NA,4,"perennial"
"LS01","LAGUNA SALADA",1,2008,85,93,"surveyed_nonzero",3.01714285714286,3.63,0.95,3.01714285714286,NA,7,"perennial"
"LS01","LAGUNA SALADA",1,2009,57,68,"surveyed_nonzero",2.21538461538462,3.7,1.2,2.48,1.33333333333333,13,"perennial"
"LS01","LAGUNA SALADA",1,2010,21,22,"surveyed_nonzero",1.851,2.9,1.8,2.6,1.102,10,"perennial"
"LS01","LAGUNA SALADA",1,2011,55,28,"surveyed_nonzero",2.38571428571429,2.8,2.1,2.5,1.7,7,"perennial"
"LS01","LAGUNA SALADA",1,2012,55,65,"surveyed_nonzero",1.825,2.5,1.9,1.825,NA,8,"perennial"
"LS01","LAGUNA SALADA",1,2013,23,29,"surveyed_nonzero",1.99714285714286,2.3,1.6,2.01333333333333,1.9,7,"perennial"
"LS01","LAGUNA SALADA",1,2014,10,22,"surveyed_nonzero",1.415,2.1,0.68,1.35714285714286,1.55,10,"perennial"
"LS01","LAGUNA SALADA",1,2015,29,49,"surveyed_nonzero",2.17166666666667,2.84,2.48,2.64307692307692,0.946,18,"perennial"
"LS01","LAGUNA SALADA",1,2016,11,24,"surveyed_nonzero",2.15571428571429,2.72,1.9,2.08666666666667,2.24777777777778,21,"perennial"
"LS01","LAGUNA SALADA",1,2017,1,27,"surveyed_nonzero",2.62414285714286,4.68,1.8,2.77705555555556,1.70666666666667,21,"perennial"
"LS01","LAGUNA SALADA",1,2018,9,27,"surveyed_nonzero",1.70952380952381,2.1,1.28,1.670625,1.834,21,"perennial"
"LS01","LAGUNA SALADA",1,2019,1,19,"surveyed_nonzero",2.1875,3.08,2.42,2.39384615384615,1.29333333333333,16,"perennial"
"LS01","LAGUNA SALADA",1,2020,11,22,"surveyed_nonzero",1.74166666666667,2.38,1.98,1.80538461538462,1.576,18,"perennial"
"LS01","LAGUNA SALADA",1,2021,3,11,"surveyed_nonzero",1.87,2.1,1.6,1.84222222222222,1.95333333333333,12,"perennial"
"LS01","LAGUNA SALADA",1,2022,2,23,"surveyed_nonzero",2.34636363636364,2.5,2.1,2.34636363636364,NA,11,"perennial"
"LS01","LAGUNA SALADA",1,2023,7,21,"surveyed_nonzero",2.8104,4.48,4.12,3.23714285714286,2.26727272727273,25,"perennial"
"LS01","LAGUNA SALADA",1,2024,NA,NA,"not_surveyed",1.4825,1.7,NA,NA,1.4825,4,"perennial"
"LS01","LAGUNA SALADA",1,2025,6,15,"surveyed_nonzero",1.715,2.1,1.6,1.715,NA,6,"perennial"
"LS02","LAGUNA SALADA",1,1997,NA,NA,"not_surveyed",NA,NA,NA,NA,NA,NA,"perennial"
"LS02","LAGUNA SALADA",1,1998,NA,NA,"not_surveyed",NA,NA,NA,NA,NA,NA,"perennial"
"LS02","LAGUNA SALADA",1,1999,NA,NA,"not_surveyed",NA,NA,NA,NA,NA,NA,"perennial"
"LS02","LAGUNA SALADA",1,2000,NA,NA,"not_surveyed",NA,NA,NA,NA,NA,NA,"perennial"
"LS02","LAGUNA SALADA",1,2001,NA,NA,"not_surveyed",NA,NA,NA,NA,NA,NA,"perennial"
"LS02","LAGUNA SALADA",1,2002,NA,NA,"not_surveyed",NA,NA,NA,NA,NA,NA,"perennial"
"LS02","LAGUNA SALADA",1,2003,0,1,"surveyed_zero",NA,NA,NA,NA,NA,NA,"perennial"
"LS02","LAGUNA SALADA",1,2004,NA,NA,"not_surveyed",NA,NA,NA,NA,NA,NA,"perennial"
"LS02","LAGUNA SALADA",1,2005,NA,NA,"not_surveyed",NA,NA,NA,NA,NA,NA,"perennial"
"LS02","LAGUNA SALADA",1,2006,NA,NA,"not_surveyed",NA,NA,NA,NA,NA,NA,"perennial"
"LS02","LAGUNA SALADA",1,2007,NA,NA,"not_surveyed",NA,NA,NA,NA,NA,NA,"perennial"
"LS02","LAGUNA SALADA",1,2008,NA,NA,"not_surveyed",NA,NA,NA,NA,NA,NA,"perennial"
"LS02","LAGUNA SALADA",1,2009,NA,NA,"not_surveyed",NA,NA,NA,NA,NA,NA,"perennial"
"LS02","LAGUNA SALADA",1,2010,NA,NA,"not_surveyed",NA,NA,NA,NA,NA,NA,"perennial"
"LS02","LAGUNA SALADA",1,2011,NA,NA,"not_surveyed",NA,NA,NA,NA,NA,NA,"perennial"
"LS02","LAGUNA SALADA",1,2012,NA,NA,"not_surveyed",NA,NA,NA,NA,NA,NA,"perennial"
"LS02","LAGUNA SALADA",1,2013,NA,NA,"not_surveyed",NA,NA,NA,NA,NA,NA,"perennial"
"LS02","LAGUNA SALADA",1,2014,NA,NA,"not_surveyed",NA,NA,NA,NA,NA,NA,"perennial"
"LS02","LAGUNA SALADA",1,2015,NA,NA,"not_surveyed",NA,NA,NA,NA,NA,NA,"perennial"
"LS02","LAGUNA SALADA",1,2016,NA,NA,"not_surveyed",NA,NA,NA,NA,NA,NA,"perennial"
"LS02","LAGUNA SALADA",1,2017,NA,NA,"not_surveyed",NA,NA,NA,NA,NA,NA,"perennial"
"LS02","LAGUNA SALADA",1,2018,NA,NA,"not_surveyed",NA,NA,NA,NA,NA,NA,"perennial"
"LS02","LAGUNA SALADA",1,2019,NA,NA,"not_surveyed",NA,NA,NA,NA,NA,NA,"perennial"
"LS02","LAGUNA SALADA",1,2020,NA,NA,"not_surveyed",NA,NA,NA,NA,NA,NA,"perennial"
"LS02","LAGUNA SALADA",1,2021,NA,NA,"not_surveyed",NA,NA,NA,NA,NA,NA,"perennial"
"LS02","LAGUNA SALADA",1,2022,NA,NA,"not_surveyed",NA,NA,NA,NA,NA,NA,"perennial"
"LS02","LAGUNA SALADA",1,2023,NA,NA,"not_surveyed",NA,NA,NA,NA,NA,NA,"perennial"
"LS02","LAGUNA SALADA",1,2024,NA,NA,"not_surveyed",NA,NA,NA,NA,NA,NA,"perennial"
"LS02","LAGUNA SALADA",1,2025,NA,NA,"not_surveyed",NA,NA,NA,NA,NA,NA,"perennial"
"LS03","LAGUNA SALADA",1,1997,NA,NA,"not_surveyed",NA,NA,NA,NA,NA,NA,"perennial"
"LS03","LAGUNA SALADA",1,1998,NA,NA,"not_surveyed",NA,NA,NA,NA,NA,NA,"perennial"
"LS03","LAGUNA SALADA",1,1999,NA,NA,"not_surveyed",NA,NA,NA,NA,NA,NA,"perennial"
"LS03","LAGUNA SALADA",1,2000,NA,NA,"not_surveyed",NA,NA,NA,NA,NA,NA,"perennial"
"LS03","LAGUNA SALADA",1,2001,NA,NA,"not_surveyed",NA,NA,NA,NA,NA,NA,"perennial"
"LS03","LAGUNA SALADA",1,2002,NA,NA,"not_surveyed",NA,NA,NA,NA,NA,NA,"perennial"
"LS03","LAGUNA SALADA",1,2003,NA,NA,"not_surveyed",NA,NA,NA,NA,NA,NA,"perennial"
"LS03","LAGUNA SALADA",1,2004,NA,NA,"not_surveyed",NA,NA,NA,NA,NA,NA,"perennial"
"LS03","LAGUNA SALADA",1,2005,NA,NA,"not_surveyed",NA,NA,NA,NA,NA,NA,"perennial"
"LS03","LAGUNA SALADA",1,2006,2,2,"surveyed_nonzero",NA,NA,NA,NA,NA,NA,"perennial"
"LS03","LAGUNA SALADA",1,2007,NA,NA,"not_surveyed",NA,NA,NA,NA,NA,NA,"perennial"
"LS03","LAGUNA SALADA",1,2008,NA,NA,"not_surveyed",NA,NA,NA,NA,NA,NA,"perennial"
"LS03","LAGUNA SALADA",1,2009,11,11,"surveyed_nonzero",NA,NA,NA,NA,NA,NA,"perennial"
"LS03","LAGUNA SALADA",1,2010,NA,NA,"not_surveyed",NA,NA,NA,NA,NA,NA,"perennial"
"LS03","LAGUNA SALADA",1,2011,NA,NA,"not_surveyed",NA,NA,NA,NA,NA,NA,"perennial"
"LS03","LAGUNA SALADA",1,2012,NA,NA,"not_surveyed",NA,NA,NA,NA,NA,NA,"perennial"
"LS03","LAGUNA SALADA",1,2013,NA,NA,"not_surveyed",NA,NA,NA,NA,NA,NA,"perennial"
"LS03","LAGUNA SALADA",1,2014,NA,NA,"not_surveyed",NA,NA,NA,NA,NA,NA,"perennial"
"LS03","LAGUNA SALADA",1,2015,NA,NA,"not_surveyed",NA,NA,NA,NA,NA,NA,"perennial"
"LS03","LAGUNA SALADA",1,2016,NA,NA,"not_surveyed",NA,NA,NA,NA,NA,NA,"perennial"
"LS03","LAGUNA SALADA",1,2017,NA,NA,"not_surveyed",NA,NA,NA,NA,NA,NA,"perennial"
"LS03","LAGUNA SALADA",1,2018,NA,NA,"not_surveyed",NA,NA,NA,NA,NA,NA,"perennial"
"LS03","LAGUNA SALADA",1,2019,NA,NA,"not_surveyed",NA,NA,NA,NA,NA,NA,"perennial"
"LS03","LAGUNA SALADA",1,2020,NA,NA,"not_surveyed",NA,NA,NA,NA,NA,NA,"perennial"
"LS03","LAGUNA SALADA",1,2021,NA,NA,"not_surveyed",NA,NA,NA,NA,NA,NA,"perennial"
"LS03","LAGUNA SALADA",1,2022,NA,NA,"not_surveyed",NA,NA,NA,NA,NA,NA,"perennial"
"LS03","LAGUNA SALADA",1,2023,NA,NA,"not_surveyed",NA,NA,NA,NA,NA,NA,"perennial"
"LS03","LAGUNA SALADA",1,2024,NA,NA,"not_surveyed",NA,NA,NA,NA,NA,NA,"perennial"
"LS03","LAGUNA SALADA",1,2025,NA,NA,"not_surveyed",NA,NA,NA,NA,NA,NA,"perennial"
"LS04","LAGUNA SALADA",1,1997,NA,NA,"not_surveyed",NA,NA,NA,NA,NA,NA,"perennial"
"LS04","LAGUNA SALADA",1,1998,NA,NA,"not_surveyed",NA,NA,NA,NA,NA,NA,"perennial"
"LS04","LAGUNA SALADA",1,1999,NA,NA,"not_surveyed",NA,NA,NA,NA,NA,NA,"perennial"
"LS04","LAGUNA SALADA",1,2000,NA,NA,"not_surveyed",NA,NA,NA,NA,NA,NA,"perennial"
"LS04","LAGUNA SALADA",1,2001,NA,NA,"not_surveyed",NA,NA,NA,NA,NA,NA,"perennial"
"LS04","LAGUNA SALADA",1,2002,NA,NA,"not_surveyed",NA,NA,NA,NA,NA,NA,"perennial"
"LS04","LAGUNA SALADA",1,2003,2,2,"surveyed_nonzero",NA,NA,NA,NA,NA,NA,"perennial"
"LS04","LAGUNA SALADA",1,2004,NA,NA,"not_surveyed",NA,NA,NA,NA,NA,NA,"perennial"
"LS04","LAGUNA SALADA",1,2005,NA,NA,"not_surveyed",NA,NA,NA,NA,NA,NA,"perennial"
"LS04","LAGUNA SALADA",1,2006,NA,NA,"not_surveyed",NA,NA,NA,NA,NA,NA,"perennial"
"LS04","LAGUNA SALADA",1,2007,NA,NA,"not_surveyed",NA,NA,NA,NA,NA,NA,"perennial"
"LS04","LAGUNA SALADA",1,2008,4,6,"surveyed_nonzero",3.4,3.4,3.4,3.4,NA,1,"perennial"
"LS04","LAGUNA SALADA",1,2009,NA,NA,"not_surveyed",NA,NA,NA,NA,NA,NA,"perennial"
"LS04","LAGUNA SALADA",1,2010,1,4,"surveyed_nonzero",NA,NA,NA,NA,NA,NA,"perennial"
"LS04","LAGUNA SALADA",1,2011,7,11,"surveyed_nonzero",NA,NA,NA,NA,NA,NA,"perennial"
"LS04","LAGUNA SALADA",1,2012,1,13,"surveyed_nonzero",1.56857142857143,2.3,1.9,1.44666666666667,2.3,7,"perennial"
"LS04","LAGUNA SALADA",1,2013,5,11,"surveyed_nonzero",1.87666666666667,2.3,0.68,1.872,1.9,6,"perennial"
"LS04","LAGUNA SALADA",1,2014,6,14,"surveyed_nonzero",1.47444444444444,1.92,0.76,1.53142857142857,1.275,9,"perennial"
"LS04","LAGUNA SALADA",1,2015,6,29,"surveyed_nonzero",2.23470588235294,2.84,2.48,2.64307692307692,0.9075,17,"perennial"
"LS04","LAGUNA SALADA",1,2016,1,15,"surveyed_nonzero",2.10809523809524,2.72,1.9,2.08666666666667,2.13666666666667,21,"perennial"
"LS04","LAGUNA SALADA",1,2017,0,27,"surveyed_zero",2.62414285714286,4.68,1.8,2.77705555555556,1.70666666666667,21,"perennial"
"LS04","LAGUNA SALADA",1,2018,0,21,"surveyed_zero",1.70952380952381,2.1,1.28,1.670625,1.834,21,"perennial"
"LS04","LAGUNA SALADA",1,2019,0,19,"surveyed_zero",2.1875,3.08,2.42,2.39384615384615,1.29333333333333,16,"perennial"
"LS04","LAGUNA SALADA",1,2020,0,16,"surveyed_zero",1.74166666666667,2.38,1.98,1.80538461538462,1.576,18,"perennial"
"LS04","LAGUNA SALADA",1,2021,0,9,"surveyed_zero",1.87,2.1,1.6,1.84222222222222,1.95333333333333,12,"perennial"
"LS04","LAGUNA SALADA",1,2022,0,22,"surveyed_zero",2.34636363636364,2.5,2.1,2.34636363636364,NA,11,"perennial"
"LS04","LAGUNA SALADA",1,2023,3,20,"surveyed_nonzero",2.81708333333333,4.48,4.12,3.28230769230769,2.26727272727273,24,"perennial"
"LS04","LAGUNA SALADA",1,2024,NA,NA,"not_surveyed",1.4825,1.7,NA,NA,1.4825,4,"perennial"
"LS04","LAGUNA SALADA",1,2025,0,11,"surveyed_zero",NA,NA,NA,NA,NA,NA,"perennial"
"LS05","LAGUNA SALADA",1,1997,NA,NA,"not_surveyed",NA,NA,NA,NA,NA,NA,"perennial"
"LS05","LAGUNA SALADA",1,1998,NA,NA,"not_surveyed",NA,NA,NA,NA,NA,NA,"perennial"
"LS05","LAGUNA SALADA",1,1999,NA,NA,"not_surveyed",NA,NA,NA,NA,NA,NA,"perennial"
"LS05","LAGUNA SALADA",1,2000,NA,NA,"not_surveyed",NA,NA,NA,NA,NA,NA,"perennial"
"LS05","LAGUNA SALADA",1,2001,NA,NA,"not_surveyed",NA,NA,NA,NA,NA,NA,"perennial"
"LS05","LAGUNA SALADA",1,2002,NA,NA,"not_surveyed",NA,NA,NA,NA,NA,NA,"perennial"
"LS05","LAGUNA SALADA",1,2003,NA,NA,"not_surveyed",NA,NA,NA,NA,NA,NA,"perennial"
"LS05","LAGUNA SALADA",1,2004,0,3,"surveyed_zero",NA,NA,NA,NA,NA,NA,"perennial"
"LS05","LAGUNA SALADA",1,2005,3,7,"surveyed_nonzero",NA,NA,NA,NA,NA,NA,"perennial"
"LS05","LAGUNA SALADA",1,2006,9,12,"surveyed_nonzero",NA,NA,NA,NA,NA,NA,"perennial"
"LS05","LAGUNA SALADA",1,2007,3,6,"surveyed_nonzero",3.2,3.2,NA,NA,3.2,1,"perennial"
"LS05","LAGUNA SALADA",1,2008,26,5,"surveyed_nonzero",NA,NA,NA,NA,NA,NA,"perennial"
"LS05","LAGUNA SALADA",1,2009,7,9,"surveyed_nonzero",3,3,3,3,NA,1,"perennial"
"LS05","LAGUNA SALADA",1,2010,0,3,"surveyed_zero",4.05,4.7,4.5,4.48333333333333,2.75,4,"perennial"
"LS05","LAGUNA SALADA",1,2011,1,6,"surveyed_nonzero",4.53333333333333,4.6,4.5,4.53333333333333,NA,3,"perennial"
"LS05","LAGUNA SALADA",1,2012,0,3,"surveyed_zero",3.6,3.75,3.3,3.525,3.75,3,"perennial"
"LS05","LAGUNA SALADA",1,2013,10,13,"surveyed_nonzero",NA,NA,NA,NA,NA,NA,"perennial"
"LS05","LAGUNA SALADA",1,2014,2,5,"surveyed_nonzero",3.41666666666667,3.75,3.25,3.5,3.25,3,"perennial"
"LS05","LAGUNA SALADA",1,2015,1,6,"surveyed_nonzero",3.80666666666667,4.05,3.78,3.80666666666667,NA,3,"perennial"
"LS05","LAGUNA SALADA",1,2016,0,8,"surveyed_zero",3.76,4.2,4.1,3.74,3.8,6,"perennial"
"LS05","LAGUNA SALADA",1,2017,2,10,"surveyed_nonzero",2.87,4.32,4.32,4.29,1.45,4,"perennial"
"LS05","LAGUNA SALADA",1,2018,0,3,"surveyed_zero",NA,NA,NA,NA,NA,NA,"perennial"
"LS05","LAGUNA SALADA",1,2019,0,6,"surveyed_zero",0,0,0,0,NA,1,"perennial"
"LS05","LAGUNA SALADA",1,2020,0,5,"surveyed_zero",0,0,NA,NA,0,2,"perennial"
"LS05","LAGUNA SALADA",1,2021,0,7,"surveyed_zero",NA,NA,NA,NA,NA,NA,"perennial"
"LS05","LAGUNA SALADA",1,2022,0,11,"surveyed_zero",NA,NA,NA,NA,NA,NA,"perennial"
"LS05","LAGUNA SALADA",1,2023,0,7,"surveyed_zero",0,0,0,0,NA,1,"perennial"
"LS05","LAGUNA SALADA",1,2024,0,7,"surveyed_zero",4.02857142857143,4.2,3.9,4.02857142857143,NA,7,"perennial"
"LS05","LAGUNA SALADA",1,2025,0,5,"surveyed_zero",4.07,4.2,4,4.07,NA,5,"perennial"
"LS06","LAGUNA SALADA",1,1997,NA,NA,"not_surveyed",NA,NA,NA,NA,NA,NA,"seasonal"
"LS06","LAGUNA SALADA",1,1998,NA,NA,"not_surveyed",NA,NA,NA,NA,NA,NA,"seasonal"
"LS06","LAGUNA SALADA",1,1999,NA,NA,"not_surveyed",NA,NA,NA,NA,NA,NA,"seasonal"
"LS06","LAGUNA SALADA",1,2000,NA,NA,"not_surveyed",NA,NA,NA,NA,NA,NA,"seasonal"
"LS06","LAGUNA SALADA",1,2001,NA,NA,"not_surveyed",NA,NA,NA,NA,NA,NA,"seasonal"
"LS06","LAGUNA SALADA",1,2002,NA,NA,"not_surveyed",NA,NA,NA,NA,NA,NA,"seasonal"
"LS06","LAGUNA SALADA",1,2003,NA,NA,"not_surveyed",NA,NA,NA,NA,NA,NA,"seasonal"
"LS06","LAGUNA SALADA",1,2004,NA,NA,"not_surveyed",NA,NA,NA,NA,NA,NA,"seasonal"
"LS06","LAGUNA SALADA",1,2005,0,5,"surveyed_zero",NA,NA,NA,NA,NA,NA,"seasonal"
"LS06","LAGUNA SALADA",1,2006,3,7,"surveyed_nonzero",3.5375,4,4,3.5375,NA,4,"seasonal"
"LS06","LAGUNA SALADA",1,2007,0,5,"surveyed_zero",NA,NA,NA,NA,NA,NA,"seasonal"
"LS06","LAGUNA SALADA",1,2008,2,5,"surveyed_nonzero",NA,NA,NA,NA,NA,NA,"seasonal"
"LS06","LAGUNA SALADA",1,2009,0,4,"surveyed_zero",2.95,4.1,4,2.95,NA,3,"seasonal"
"LS06","LAGUNA SALADA",1,2010,0,2,"surveyed_zero",1.3,1.3,NA,NA,1.3,1,"seasonal"
"LS06","LAGUNA SALADA",1,2011,21,23,"surveyed_nonzero",2.8,2.8,NA,NA,2.8,1,"seasonal"
"LS06","LAGUNA SALADA",1,2012,10,11,"surveyed_nonzero",2.175,3.25,1.1,2.175,NA,2,"seasonal"
"LS06","LAGUNA SALADA",1,2013,7,10,"surveyed_nonzero",NA,NA,NA,NA,NA,NA,"seasonal"
"LS06","LAGUNA SALADA",1,2014,0,4,"surveyed_zero",0.75,1.25,0.75,0.75,NA,3,"seasonal"
"LS06","LAGUNA SALADA",1,2015,3,6,"surveyed_nonzero",3.36,4.18,3.58,3.36,NA,4,"seasonal"
"LS06","LAGUNA SALADA",1,2016,0,8,"surveyed_zero",3.99833333333333,4.56,4.1,4.21,3.575,6,"seasonal"
"LS06","LAGUNA SALADA",1,2017,9,14,"surveyed_nonzero",2.955,4.54,4.54,2.955,NA,2,"seasonal"
"LS06","LAGUNA SALADA",1,2018,0,3,"surveyed_zero",NA,NA,NA,NA,NA,NA,"seasonal"
"LS06","LAGUNA SALADA",1,2019,0,6,"surveyed_zero",0,0,0,0,NA,1,"seasonal"
"LS06","LAGUNA SALADA",1,2020,0,7,"surveyed_zero",0,0,NA,NA,0,2,"seasonal"
"LS06","LAGUNA SALADA",1,2021,0,8,"surveyed_zero",NA,NA,NA,NA,NA,NA,"seasonal"
"LS06","LAGUNA SALADA",1,2022,15,16,"surveyed_nonzero",NA,NA,NA,NA,NA,NA,"seasonal"
"LS06","LAGUNA SALADA",1,2023,22,16,"surveyed_nonzero",0,0,0,0,NA,1,"seasonal"
"LS06","LAGUNA SALADA",1,2024,6,11,"surveyed_nonzero",4.15714285714286,4.5,3.4,4.15714285714286,NA,7,"seasonal"
"LS06","LAGUNA SALADA",1,2025,10,12,"surveyed_nonzero",4.396,4.5,4.4,4.396,NA,5,"seasonal"
"LS07","LAGUNA SALADA",1,1997,NA,NA,"not_surveyed",NA,NA,NA,NA,NA,NA,"seasonal"
"LS07","LAGUNA SALADA",1,1998,NA,NA,"not_surveyed",NA,NA,NA,NA,NA,NA,"seasonal"
"LS07","LAGUNA SALADA",1,1999,NA,NA,"not_surveyed",NA,NA,NA,NA,NA,NA,"seasonal"
"LS07","LAGUNA SALADA",1,2000,NA,NA,"not_surveyed",NA,NA,NA,NA,NA,NA,"seasonal"
"LS07","LAGUNA SALADA",1,2001,NA,NA,"not_surveyed",NA,NA,NA,NA,NA,NA,"seasonal"
"LS07","LAGUNA SALADA",1,2002,NA,NA,"not_surveyed",NA,NA,NA,NA,NA,NA,"seasonal"
"LS07","LAGUNA SALADA",1,2003,NA,NA,"not_surveyed",NA,NA,NA,NA,NA,NA,"seasonal"
"LS07","LAGUNA SALADA",1,2004,0,3,"surveyed_zero",NA,NA,NA,NA,NA,NA,"seasonal"
"LS07","LAGUNA SALADA",1,2005,0,2,"surveyed_zero",NA,NA,NA,NA,NA,NA,"seasonal"
"LS07","LAGUNA SALADA",1,2006,0,5,"surveyed_zero",NA,NA,NA,NA,NA,NA,"seasonal"
"LS07","LAGUNA SALADA",1,2007,NA,NA,"not_surveyed",NA,NA,NA,NA,NA,NA,"seasonal"
"LS07","LAGUNA SALADA",1,2008,0,5,"surveyed_zero",NA,NA,NA,NA,NA,NA,"seasonal"
"LS07","LAGUNA SALADA",1,2009,5,8,"surveyed_nonzero",5.25,5.25,5.25,5.25,NA,1,"seasonal"
"LS07","LAGUNA SALADA",1,2010,3,7,"surveyed_nonzero",5.3,5.3,5.3,5.3,NA,1,"seasonal"
"LS07","LAGUNA SALADA",1,2011,42,42,"surveyed_nonzero",5.1,5.3,5.25,5.1,NA,3,"seasonal"
"LS07","LAGUNA SALADA",1,2012,76,52,"surveyed_nonzero",3.11666666666667,3.25,3.25,3.11666666666667,NA,3,"seasonal"
"LS07","LAGUNA SALADA",1,2013,58,61,"surveyed_nonzero",5,5,5,5,NA,1,"seasonal"
"LS07","LAGUNA SALADA",1,2014,5,6,"surveyed_nonzero",0.25,0.25,0.25,0.25,NA,2,"seasonal"
"LS07","LAGUNA SALADA",1,2015,21,22,"surveyed_nonzero",3.775,4.2,4,3.775,NA,4,"seasonal"
"LS07","LAGUNA SALADA",1,2016,8,13,"surveyed_nonzero",4.21666666666667,5.16,4.68,4.7125,3.225,6,"seasonal"
"LS07","LAGUNA SALADA",1,2017,7,13,"surveyed_nonzero",NA,NA,NA,NA,NA,NA,"seasonal"
"LS07","LAGUNA SALADA",1,2018,3,5,"surveyed_nonzero",NA,NA,NA,NA,NA,NA,"seasonal"
"LS07","LAGUNA SALADA",1,2019,0,6,"surveyed_zero",0,0,0,0,NA,1,"seasonal"
"LS07","LAGUNA SALADA",1,2020,8,10,"surveyed_nonzero",0,0,NA,NA,0,2,"seasonal"
"LS07","LAGUNA SALADA",1,2021,0,8,"surveyed_zero",NA,NA,NA,NA,NA,NA,"seasonal"
"LS07","LAGUNA SALADA",1,2022,38,42,"surveyed_nonzero",NA,NA,NA,NA,NA,NA,"seasonal"
"LS07","LAGUNA SALADA",1,2023,30,27,"surveyed_nonzero",0,0,0,0,NA,1,"seasonal"
"LS07","LAGUNA SALADA",1,2024,11,11,"surveyed_nonzero",4.44285714285714,5.2,2.7,4.44285714285714,NA,7,"seasonal"
"LS07","LAGUNA SALADA",1,2025,37,29,"surveyed_nonzero",4.756,5.2,4.7,4.756,NA,5,"seasonal"
"LS08","LAGUNA SALADA",1,1997,NA,NA,"not_surveyed",NA,NA,NA,NA,NA,NA,"perennial"
"LS08","LAGUNA SALADA",1,1998,NA,NA,"not_surveyed",NA,NA,NA,NA,NA,NA,"perennial"
"LS08","LAGUNA SALADA",1,1999,NA,NA,"not_surveyed",NA,NA,NA,NA,NA,NA,"perennial"
"LS08","LAGUNA SALADA",1,2000,NA,NA,"not_surveyed",NA,NA,NA,NA,NA,NA,"perennial"
"LS08","LAGUNA SALADA",1,2001,NA,NA,"not_surveyed",NA,NA,NA,NA,NA,NA,"perennial"
"LS08","LAGUNA SALADA",1,2002,NA,NA,"not_surveyed",NA,NA,NA,NA,NA,NA,"perennial"
"LS08","LAGUNA SALADA",1,2003,NA,NA,"not_surveyed",NA,NA,NA,NA,NA,NA,"perennial"
"LS08","LAGUNA SALADA",1,2004,NA,NA,"not_surveyed",NA,NA,NA,NA,NA,NA,"perennial"
"LS08","LAGUNA SALADA",1,2005,NA,NA,"not_surveyed",NA,NA,NA,NA,NA,NA,"perennial"
"LS08","LAGUNA SALADA",1,2006,NA,NA,"not_surveyed",NA,NA,NA,NA,NA,NA,"perennial"
"LS08","LAGUNA SALADA",1,2007,NA,NA,"not_surveyed",NA,NA,NA,NA,NA,NA,"perennial"
"LS08","LAGUNA SALADA",1,2008,4,5,"surveyed_nonzero",NA,NA,NA,NA,NA,NA,"perennial"
"LS08","LAGUNA SALADA",1,2009,13,13,"surveyed_nonzero",2.75,2.75,2.75,2.75,NA,1,"perennial"
"LS08","LAGUNA SALADA",1,2010,0,3,"surveyed_zero",2.8,2.8,NA,NA,2.8,1,"perennial"
"LS08","LAGUNA SALADA",1,2011,65,67,"surveyed_nonzero",3.8,4.5,4.5,4.5,3.1,2,"perennial"
"LS08","LAGUNA SALADA",1,2012,10,10,"surveyed_nonzero",5.5,5.5,5.5,5.5,NA,1,"perennial"
"LS08","LAGUNA SALADA",1,2013,18,20,"surveyed_nonzero",NA,NA,NA,NA,NA,NA,"perennial"
"LS08","LAGUNA SALADA",1,2014,0,3,"surveyed_zero",2.1,3.15,2.75,2.95,0.4,3,"perennial"
"LS08","LAGUNA SALADA",1,2015,10,14,"surveyed_nonzero",4.9575,5.2,5.18,4.9575,NA,4,"perennial"
"LS08","LAGUNA SALADA",1,2016,4,9,"surveyed_nonzero",4.84333333333333,5.6,3.8,5.15,4.23,6,"perennial"
"LS08","LAGUNA SALADA",1,2017,13,18,"surveyed_nonzero",2.15,2.2,NA,NA,2.15,2,"perennial"
"LS08","LAGUNA SALADA",1,2018,5,7,"surveyed_nonzero",NA,NA,NA,NA,NA,NA,"perennial"
"LS08","LAGUNA SALADA",1,2019,1,6,"surveyed_nonzero",0,0,0,0,NA,1,"perennial"
"LS08","LAGUNA SALADA",1,2020,0,8,"surveyed_zero",0,0,NA,NA,0,2,"perennial"
"LS08","LAGUNA SALADA",1,2021,3,10,"surveyed_nonzero",NA,NA,NA,NA,NA,NA,"perennial"
"LS08","LAGUNA SALADA",1,2022,7,14,"surveyed_nonzero",NA,NA,NA,NA,NA,NA,"perennial"
"LS08","LAGUNA SALADA",1,2023,32,18,"surveyed_nonzero",1.21,2.42,0,1.21,NA,2,"perennial"
"LS08","LAGUNA SALADA",1,2024,0,7,"surveyed_zero",4.40714285714286,5.65,3.8,4.40714285714286,NA,7,"perennial"
"LS08","LAGUNA SALADA",1,2025,2,7,"surveyed_nonzero",5.59833333333333,5.66,5.55,5.59833333333333,NA,6,"perennial"
"LS09","LAGUNA SALADA",1,1997,NA,NA,"not_surveyed",NA,NA,NA,NA,NA,NA,"perennial"
"LS09","LAGUNA SALADA",1,1998,NA,NA,"not_surveyed",NA,NA,NA,NA,NA,NA,"perennial"
"LS09","LAGUNA SALADA",1,1999,NA,NA,"not_surveyed",NA,NA,NA,NA,NA,NA,"perennial"
"LS09","LAGUNA SALADA",1,2000,NA,NA,"not_surveyed",NA,NA,NA,NA,NA,NA,"perennial"
"LS09","LAGUNA SALADA",1,2001,NA,NA,"not_surveyed",NA,NA,NA,NA,NA,NA,"perennial"
"LS09","LAGUNA SALADA",1,2002,NA,NA,"not_surveyed",NA,NA,NA,NA,NA,NA,"perennial"
"LS09","LAGUNA SALADA",1,2003,NA,NA,"not_surveyed",NA,NA,NA,NA,NA,NA,"perennial"
"LS09","LAGUNA SALADA",1,2004,NA,NA,"not_surveyed",NA,NA,NA,NA,NA,NA,"perennial"
"LS09","LAGUNA SALADA",1,2005,NA,NA,"not_surveyed",NA,NA,NA,NA,NA,NA,"perennial"
"LS09","LAGUNA SALADA",1,2006,NA,NA,"not_surveyed",NA,NA,NA,NA,NA,NA,"perennial"
"LS09","LAGUNA SALADA",1,2007,NA,NA,"not_surveyed",NA,NA,NA,NA,NA,NA,"perennial"
"LS09","LAGUNA SALADA",1,2008,NA,NA,"not_surveyed",NA,NA,NA,NA,NA,NA,"perennial"
"LS09","LAGUNA SALADA",1,2009,1,2,"surveyed_nonzero",NA,NA,NA,NA,NA,NA,"perennial"
"LS09","LAGUNA SALADA",1,2010,0,9,"surveyed_zero",NA,NA,NA,NA,NA,NA,"perennial"
"LS09","LAGUNA SALADA",1,2011,1,7,"surveyed_nonzero",NA,NA,NA,NA,NA,NA,"perennial"
"LS09","LAGUNA SALADA",1,2012,0,2,"surveyed_zero",NA,NA,NA,NA,NA,NA,"perennial"
"LS09","LAGUNA SALADA",1,2013,0,6,"surveyed_zero",NA,NA,NA,NA,NA,NA,"perennial"
"LS09","LAGUNA SALADA",1,2014,0,4,"surveyed_zero",NA,NA,NA,NA,NA,NA,"perennial"
"LS09","LAGUNA SALADA",1,2015,0,6,"surveyed_zero",NA,NA,NA,NA,NA,NA,"perennial"
"LS09","LAGUNA SALADA",1,2016,0,7,"surveyed_zero",2.31,2.62,2,2.31,NA,2,"perennial"
"LS09","LAGUNA SALADA",1,2017,0,5,"surveyed_zero",NA,NA,NA,NA,NA,NA,"perennial"
"LS09","LAGUNA SALADA",1,2018,0,3,"surveyed_zero",NA,NA,NA,NA,NA,NA,"perennial"
"LS09","LAGUNA SALADA",1,2019,0,6,"surveyed_zero",0,0,0,0,NA,1,"perennial"
"LS09","LAGUNA SALADA",1,2020,0,4,"surveyed_zero",0,0,0,0,0,3,"perennial"
"LS09","LAGUNA SALADA",1,2021,0,5,"surveyed_zero",NA,NA,NA,NA,NA,NA,"perennial"
"LS09","LAGUNA SALADA",1,2022,0,10,"surveyed_zero",NA,NA,NA,NA,NA,NA,"perennial"
"LS09","LAGUNA SALADA",1,2023,0,7,"surveyed_zero",0,0,0,0,NA,1,"perennial"
"LS09","LAGUNA SALADA",1,2024,0,7,"surveyed_zero",NA,NA,NA,NA,NA,NA,"perennial"
"LS09","LAGUNA SALADA",1,2025,0,6,"surveyed_zero",NA,NA,NA,NA,NA,NA,"perennial"
"LS11","LAGUNA SALADA",1,1997,NA,NA,"not_surveyed",NA,NA,NA,NA,NA,NA,"perennial"
"LS11","LAGUNA SALADA",1,1998,NA,NA,"not_surveyed",NA,NA,NA,NA,NA,NA,"perennial"
"LS11","LAGUNA SALADA",1,1999,NA,NA,"not_surveyed",NA,NA,NA,NA,NA,NA,"perennial"
"LS11","LAGUNA SALADA",1,2000,NA,NA,"not_surveyed",NA,NA,NA,NA,NA,NA,"perennial"
"LS11","LAGUNA SALADA",1,2001,NA,NA,"not_surveyed",NA,NA,NA,NA,NA,NA,"perennial"
"LS11","LAGUNA SALADA",1,2002,NA,NA,"not_surveyed",NA,NA,NA,NA,NA,NA,"perennial"
"LS11","LAGUNA SALADA",1,2003,NA,NA,"not_surveyed",NA,NA,NA,NA,NA,NA,"perennial"
"LS11","LAGUNA SALADA",1,2004,NA,NA,"not_surveyed",NA,NA,NA,NA,NA,NA,"perennial"
"LS11","LAGUNA SALADA",1,2005,NA,NA,"not_surveyed",NA,NA,NA,NA,NA,NA,"perennial"
"LS11","LAGUNA SALADA",1,2006,NA,NA,"not_surveyed",NA,NA,NA,NA,NA,NA,"perennial"
"LS11","LAGUNA SALADA",1,2007,NA,NA,"not_surveyed",NA,NA,NA,NA,NA,NA,"perennial"
"LS11","LAGUNA SALADA",1,2008,20,22,"surveyed_nonzero",3.4,3.4,3.4,3.4,NA,1,"perennial"
"LS11","LAGUNA SALADA",1,2009,NA,NA,"not_surveyed",NA,NA,NA,NA,NA,NA,"perennial"
"LS11","LAGUNA SALADA",1,2010,12,15,"surveyed_nonzero",NA,NA,NA,NA,NA,NA,"perennial"
"LS11","LAGUNA SALADA",1,2011,108,21,"surveyed_nonzero",NA,NA,NA,NA,NA,NA,"perennial"
"LS11","LAGUNA SALADA",1,2012,96,80,"surveyed_nonzero",2.9375,8.5,1.9,2.9375,NA,4,"perennial"
"LS11","LAGUNA SALADA",1,2013,90,95,"surveyed_nonzero",1.83,2.1,1.6,1.816,1.9,6,"perennial"
"LS11","LAGUNA SALADA",1,2014,74,84,"surveyed_nonzero",1.44583333333333,2.1,0.68,1.425,1.4875,12,"perennial"
"LS11","LAGUNA SALADA",1,2015,167,179,"surveyed_nonzero",2.23470588235294,2.84,2.48,2.64307692307692,0.9075,17,"perennial"
"LS11","LAGUNA SALADA",1,2016,111,118,"surveyed_nonzero",2.161,2.72,1.9,2.09,2.24777777777778,20,"perennial"
"LS11","LAGUNA SALADA",1,2017,75,96,"surveyed_nonzero",2.62414285714286,4.68,1.8,2.77705555555556,1.70666666666667,21,"perennial"
"LS11","LAGUNA SALADA",1,2018,7,24,"surveyed_nonzero",1.70952380952381,2.1,1.28,1.670625,1.834,21,"perennial"
"LS11","LAGUNA SALADA",1,2019,60,73,"surveyed_nonzero",2.1875,3.08,2.42,2.39384615384615,1.29333333333333,16,"perennial"
"LS11","LAGUNA SALADA",1,2020,0,16,"surveyed_zero",1.74166666666667,2.38,1.98,1.80538461538462,1.576,18,"perennial"
"LS11","LAGUNA SALADA",1,2021,0,9,"surveyed_zero",1.87,2.1,1.6,1.84222222222222,1.95333333333333,12,"perennial"
"LS11","LAGUNA SALADA",1,2022,0,22,"surveyed_zero",2.34636363636364,2.5,2.1,2.34636363636364,NA,11,"perennial"
"LS11","LAGUNA SALADA",1,2023,2,18,"surveyed_nonzero",2.8104,4.48,4.12,3.23714285714286,2.26727272727273,25,"perennial"
"LS11","LAGUNA SALADA",1,2024,NA,NA,"not_surveyed",1.4825,1.7,NA,NA,1.4825,4,"perennial"
"LS11","LAGUNA SALADA",1,2025,5,13,"surveyed_nonzero",NA,NA,NA,NA,NA,NA,"perennial"
"LS12","LAGUNA SALADA",1,1997,NA,NA,"not_surveyed",NA,NA,NA,NA,NA,NA,"seasonal"
"LS12","LAGUNA SALADA",1,1998,NA,NA,"not_surveyed",NA,NA,NA,NA,NA,NA,"seasonal"
"LS12","LAGUNA SALADA",1,1999,NA,NA,"not_surveyed",NA,NA,NA,NA,NA,NA,"seasonal"
"LS12","LAGUNA SALADA",1,2000,NA,NA,"not_surveyed",NA,NA,NA,NA,NA,NA,"seasonal"
"LS12","LAGUNA SALADA",1,2001,NA,NA,"not_surveyed",NA,NA,NA,NA,NA,NA,"seasonal"
"LS12","LAGUNA SALADA",1,2002,NA,NA,"not_surveyed",NA,NA,NA,NA,NA,NA,"seasonal"
"LS12","LAGUNA SALADA",1,2003,NA,NA,"not_surveyed",NA,NA,NA,NA,NA,NA,"seasonal"
"LS12","LAGUNA SALADA",1,2004,NA,NA,"not_surveyed",NA,NA,NA,NA,NA,NA,"seasonal"
"LS12","LAGUNA SALADA",1,2005,NA,NA,"not_surveyed",NA,NA,NA,NA,NA,NA,"seasonal"
"LS12","LAGUNA SALADA",1,2006,NA,NA,"not_surveyed",NA,NA,NA,NA,NA,NA,"seasonal"
"LS12","LAGUNA SALADA",1,2007,NA,NA,"not_surveyed",NA,NA,NA,NA,NA,NA,"seasonal"
"LS12","LAGUNA SALADA",1,2008,NA,NA,"not_surveyed",NA,NA,NA,NA,NA,NA,"seasonal"
"LS12","LAGUNA SALADA",1,2009,NA,NA,"not_surveyed",NA,NA,NA,NA,NA,NA,"seasonal"
"LS12","LAGUNA SALADA",1,2010,NA,NA,"not_surveyed",NA,NA,NA,NA,NA,NA,"seasonal"
"LS12","LAGUNA SALADA",1,2011,NA,NA,"not_surveyed",NA,NA,NA,NA,NA,NA,"seasonal"
"LS12","LAGUNA SALADA",1,2012,NA,NA,"not_surveyed",NA,NA,NA,NA,NA,NA,"seasonal"
"LS12","LAGUNA SALADA",1,2013,NA,NA,"not_surveyed",NA,NA,NA,NA,NA,NA,"seasonal"
"LS12","LAGUNA SALADA",1,2014,NA,NA,"not_surveyed",NA,NA,NA,NA,NA,NA,"seasonal"
"LS12","LAGUNA SALADA",1,2015,NA,NA,"not_surveyed",NA,NA,NA,NA,NA,NA,"seasonal"
"LS12","LAGUNA SALADA",1,2016,0,16,"surveyed_zero",NA,NA,NA,NA,NA,NA,"seasonal"
"LS12","LAGUNA SALADA",1,2017,0,27,"surveyed_zero",NA,NA,NA,NA,NA,NA,"seasonal"
"LS12","LAGUNA SALADA",1,2018,0,21,"surveyed_zero",NA,NA,NA,NA,NA,NA,"seasonal"
"LS12","LAGUNA SALADA",1,2019,0,19,"surveyed_zero",NA,NA,NA,NA,NA,NA,"seasonal"
"LS12","LAGUNA SALADA",1,2020,0,16,"surveyed_zero",NA,NA,NA,NA,NA,NA,"seasonal"
"LS12","LAGUNA SALADA",1,2021,0,8,"surveyed_zero",NA,NA,NA,NA,NA,NA,"seasonal"
"LS12","LAGUNA SALADA",1,2022,0,22,"surveyed_zero",NA,NA,NA,NA,NA,NA,"seasonal"
"LS12","LAGUNA SALADA",1,2023,1,18,"surveyed_nonzero",NA,NA,NA,NA,NA,NA,"seasonal"
"LS12","LAGUNA SALADA",1,2024,NA,NA,"not_surveyed",NA,NA,NA,NA,NA,NA,"seasonal"
"LS12","LAGUNA SALADA",1,2025,0,11,"surveyed_zero",NA,NA,NA,NA,NA,NA,"seasonal"
"MC01","MILAGRA CREEK",1,1997,NA,NA,"not_surveyed",NA,NA,NA,NA,NA,NA,"seasonal"
"MC01","MILAGRA CREEK",1,1998,NA,NA,"not_surveyed",NA,NA,NA,NA,NA,NA,"seasonal"
"MC01","MILAGRA CREEK",1,1999,0,1,"surveyed_zero",NA,NA,NA,NA,NA,NA,"seasonal"
"MC01","MILAGRA CREEK",1,2000,NA,NA,"not_surveyed",NA,NA,NA,NA,NA,NA,"seasonal"
"MC01","MILAGRA CREEK",1,2001,27,26,"surveyed_nonzero",1.88,1.88,1.88,1.88,NA,1,"seasonal"
"MC01","MILAGRA CREEK",1,2002,85,86,"surveyed_nonzero",0.84,0.84,NA,NA,0.84,1,"seasonal"
"MC01","MILAGRA CREEK",1,2003,59,61,"surveyed_nonzero",4.035,4.14,4.14,4.035,NA,2,"seasonal"
"MC01","MILAGRA CREEK",1,2004,40,43,"surveyed_nonzero",3.552,4.6,4.3,4.275,0.66,5,"seasonal"
"MC01","MILAGRA CREEK",1,2005,39,40,"surveyed_nonzero",1.54,1.54,NA,NA,1.54,1,"seasonal"
"MC01","MILAGRA CREEK",1,2006,31,33,"surveyed_nonzero",1.68,1.68,NA,NA,1.68,1,"seasonal"
"MC01","MILAGRA CREEK",1,2007,35,37,"surveyed_nonzero",0,0,0,0,NA,1,"seasonal"
"MC01","MILAGRA CREEK",1,2008,71,11,"surveyed_nonzero",NA,NA,NA,NA,NA,NA,"seasonal"
"MC01","MILAGRA CREEK",1,2009,12,16,"surveyed_nonzero",NA,NA,NA,NA,NA,NA,"seasonal"
"MC01","MILAGRA CREEK",1,2010,0,4,"surveyed_zero",NA,NA,NA,NA,NA,NA,"seasonal"
"MC01","MILAGRA CREEK",1,2011,51,54,"surveyed_nonzero",NA,NA,NA,NA,NA,NA,"seasonal"
"MC01","MILAGRA CREEK",1,2012,19,22,"surveyed_nonzero",NA,NA,NA,NA,NA,NA,"seasonal"
"MC01","MILAGRA CREEK",1,2013,35,36,"surveyed_nonzero",NA,NA,NA,NA,NA,NA,"seasonal"
"MC01","MILAGRA CREEK",1,2014,39,40,"surveyed_nonzero",0.7225,2.4,0.08,0.163333333333333,2.4,4,"seasonal"
"MC01","MILAGRA CREEK",1,2015,91,79,"surveyed_nonzero",1.99333333333333,2.36,2.36,1.99333333333333,NA,3,"seasonal"
"MC01","MILAGRA CREEK",1,2016,67,29,"surveyed_nonzero",2.484,3.4,1.8,2.76,2.07,5,"seasonal"
"MC01","MILAGRA CREEK",1,2017,20,24,"surveyed_nonzero",NA,NA,NA,NA,NA,NA,"seasonal"
"MC01","MILAGRA CREEK",1,2018,95,78,"surveyed_nonzero",NA,NA,NA,NA,NA,NA,"seasonal"
"MC01","MILAGRA CREEK",1,2019,26,8,"surveyed_nonzero",NA,NA,NA,NA,NA,NA,"seasonal"
"MC01","MILAGRA CREEK",1,2020,123,116,"surveyed_nonzero",0,0,NA,NA,0,1,"seasonal"
"MC01","MILAGRA CREEK",1,2021,51,50,"surveyed_nonzero",0,0,NA,NA,0,1,"seasonal"
"MC01","MILAGRA CREEK",1,2022,1,9,"surveyed_nonzero",NA,NA,NA,NA,NA,NA,"seasonal"
"MC01","MILAGRA CREEK",1,2023,0,7,"surveyed_zero",0,0,0,0,NA,1,"seasonal"
"MC01","MILAGRA CREEK",1,2024,0,7,"surveyed_zero",2.475,3.5,1,2.475,NA,6,"seasonal"
"MC01","MILAGRA CREEK",1,2025,0,5,"surveyed_zero",3.14833333333333,3.42,3,3.14833333333333,NA,6,"seasonal"
"OL01","OLEMA CREEK",0,1997,NA,NA,"not_surveyed",NA,NA,NA,NA,NA,NA,"perennial"
"OL01","OLEMA CREEK",0,1998,NA,NA,"not_surveyed",NA,NA,NA,NA,NA,NA,"perennial"
"OL01","OLEMA CREEK",0,1999,NA,NA,"not_surveyed",NA,NA,NA,NA,NA,NA,"perennial"
"OL01","OLEMA CREEK",0,2000,NA,NA,"not_surveyed",NA,NA,NA,NA,NA,NA,"perennial"
"OL01","OLEMA CREEK",0,2001,NA,NA,"not_surveyed",NA,NA,NA,NA,NA,NA,"perennial"
"OL01","OLEMA CREEK",0,2002,NA,NA,"not_surveyed",NA,NA,NA,NA,NA,NA,"perennial"
"OL01","OLEMA CREEK",0,2003,NA,NA,"not_surveyed",NA,NA,NA,NA,NA,NA,"perennial"
"OL01","OLEMA CREEK",0,2004,NA,NA,"not_surveyed",NA,NA,NA,NA,NA,NA,"perennial"
"OL01","OLEMA CREEK",0,2005,NA,NA,"not_surveyed",NA,NA,NA,NA,NA,NA,"perennial"
"OL01","OLEMA CREEK",0,2006,NA,NA,"not_surveyed",NA,NA,NA,NA,NA,NA,"perennial"
"OL01","OLEMA CREEK",0,2007,NA,NA,"not_surveyed",NA,NA,NA,NA,NA,NA,"perennial"
"OL01","OLEMA CREEK",0,2008,NA,NA,"not_surveyed",NA,NA,NA,NA,NA,NA,"perennial"
"OL01","OLEMA CREEK",0,2009,NA,NA,"not_surveyed",NA,NA,NA,NA,NA,NA,"perennial"
"OL01","OLEMA CREEK",0,2010,NA,NA,"not_surveyed",NA,NA,NA,NA,NA,NA,"perennial"
"OL01","OLEMA CREEK",0,2011,NA,NA,"not_surveyed",NA,NA,NA,NA,NA,NA,"perennial"
"OL01","OLEMA CREEK",0,2012,NA,NA,"not_surveyed",NA,NA,NA,NA,NA,NA,"perennial"
"OL01","OLEMA CREEK",0,2013,NA,NA,"not_surveyed",NA,NA,NA,NA,NA,NA,"perennial"
"OL01","OLEMA CREEK",0,2014,NA,NA,"not_surveyed",NA,NA,NA,NA,NA,NA,"perennial"
"OL01","OLEMA CREEK",0,2015,NA,NA,"not_surveyed",NA,NA,NA,NA,NA,NA,"perennial"
"OL01","OLEMA CREEK",0,2016,NA,NA,"not_surveyed",NA,NA,NA,NA,NA,NA,"perennial"
"OL01","OLEMA CREEK",0,2017,0,1,"surveyed_zero",NA,NA,NA,NA,NA,NA,"perennial"
"OL01","OLEMA CREEK",0,2018,0,2,"surveyed_zero",NA,NA,NA,NA,NA,NA,"perennial"
"OL01","OLEMA CREEK",0,2019,NA,NA,"not_surveyed",NA,NA,NA,NA,NA,NA,"perennial"
"OL01","OLEMA CREEK",0,2020,6,6,"surveyed_nonzero",NA,NA,NA,NA,NA,NA,"perennial"
"OL01","OLEMA CREEK",0,2021,NA,NA,"not_surveyed",NA,NA,NA,NA,NA,NA,"perennial"
"OL01","OLEMA CREEK",0,2022,NA,NA,"not_surveyed",NA,NA,NA,NA,NA,NA,"perennial"
"OL01","OLEMA CREEK",0,2023,17,17,"surveyed_nonzero",NA,NA,NA,NA,NA,NA,"perennial"
"OL01","OLEMA CREEK",0,2024,0,1,"surveyed_zero",NA,NA,NA,NA,NA,NA,"perennial"
"OL01","OLEMA CREEK",0,2025,0,2,"surveyed_zero",NA,NA,NA,NA,NA,NA,"perennial"
"OL02","OLEMA CREEK",0,1997,NA,NA,"not_surveyed",NA,NA,NA,NA,NA,NA,"perennial"
"OL02","OLEMA CREEK",0,1998,NA,NA,"not_surveyed",NA,NA,NA,NA,NA,NA,"perennial"
"OL02","OLEMA CREEK",0,1999,NA,NA,"not_surveyed",NA,NA,NA,NA,NA,NA,"perennial"
"OL02","OLEMA CREEK",0,2000,NA,NA,"not_surveyed",NA,NA,NA,NA,NA,NA,"perennial"
"OL02","OLEMA CREEK",0,2001,NA,NA,"not_surveyed",NA,NA,NA,NA,NA,NA,"perennial"
"OL02","OLEMA CREEK",0,2002,NA,NA,"not_surveyed",NA,NA,NA,NA,NA,NA,"perennial"
"OL02","OLEMA CREEK",0,2003,NA,NA,"not_surveyed",NA,NA,NA,NA,NA,NA,"perennial"
"OL02","OLEMA CREEK",0,2004,NA,NA,"not_surveyed",NA,NA,NA,NA,NA,NA,"perennial"
"OL02","OLEMA CREEK",0,2005,NA,NA,"not_surveyed",NA,NA,NA,NA,NA,NA,"perennial"
"OL02","OLEMA CREEK",0,2006,NA,NA,"not_surveyed",NA,NA,NA,NA,NA,NA,"perennial"
"OL02","OLEMA CREEK",0,2007,NA,NA,"not_surveyed",NA,NA,NA,NA,NA,NA,"perennial"
"OL02","OLEMA CREEK",0,2008,NA,NA,"not_surveyed",NA,NA,NA,NA,NA,NA,"perennial"
"OL02","OLEMA CREEK",0,2009,NA,NA,"not_surveyed",NA,NA,NA,NA,NA,NA,"perennial"
"OL02","OLEMA CREEK",0,2010,NA,NA,"not_surveyed",NA,NA,NA,NA,NA,NA,"perennial"
"OL02","OLEMA CREEK",0,2011,NA,NA,"not_surveyed",NA,NA,NA,NA,NA,NA,"perennial"
"OL02","OLEMA CREEK",0,2012,NA,NA,"not_surveyed",NA,NA,NA,NA,NA,NA,"perennial"
"OL02","OLEMA CREEK",0,2013,NA,NA,"not_surveyed",NA,NA,NA,NA,NA,NA,"perennial"
"OL02","OLEMA CREEK",0,2014,NA,NA,"not_surveyed",NA,NA,NA,NA,NA,NA,"perennial"
"OL02","OLEMA CREEK",0,2015,NA,NA,"not_surveyed",NA,NA,NA,NA,NA,NA,"perennial"
"OL02","OLEMA CREEK",0,2016,NA,NA,"not_surveyed",NA,NA,NA,NA,NA,NA,"perennial"
"OL02","OLEMA CREEK",0,2017,0,1,"surveyed_zero",NA,NA,NA,NA,NA,NA,"perennial"
"OL02","OLEMA CREEK",0,2018,NA,NA,"not_surveyed",NA,NA,NA,NA,NA,NA,"perennial"
"OL02","OLEMA CREEK",0,2019,NA,NA,"not_surveyed",NA,NA,NA,NA,NA,NA,"perennial"
"OL02","OLEMA CREEK",0,2020,NA,NA,"not_surveyed",NA,NA,NA,NA,NA,NA,"perennial"
"OL02","OLEMA CREEK",0,2021,NA,NA,"not_surveyed",NA,NA,NA,NA,NA,NA,"perennial"
"OL02","OLEMA CREEK",0,2022,NA,NA,"not_surveyed",NA,NA,NA,NA,NA,NA,"perennial"
"OL02","OLEMA CREEK",0,2023,NA,NA,"not_surveyed",NA,NA,NA,NA,NA,NA,"perennial"
"OL02","OLEMA CREEK",0,2024,NA,NA,"not_surveyed",NA,NA,NA,NA,NA,NA,"perennial"
"OL02","OLEMA CREEK",0,2025,NA,NA,"not_surveyed",NA,NA,NA,NA,NA,NA,"perennial"
"OV01","OAKWOOD VALLEY",1,1997,NA,NA,"not_surveyed",NA,NA,NA,NA,NA,NA,"seasonal"
"OV01","OAKWOOD VALLEY",1,1998,NA,NA,"not_surveyed",NA,NA,NA,NA,NA,NA,"seasonal"
"OV01","OAKWOOD VALLEY",1,1999,NA,NA,"not_surveyed",NA,NA,NA,NA,NA,NA,"seasonal"
"OV01","OAKWOOD VALLEY",1,2000,NA,NA,"not_surveyed",NA,NA,NA,NA,NA,NA,"seasonal"
"OV01","OAKWOOD VALLEY",1,2001,NA,NA,"not_surveyed",NA,NA,NA,NA,NA,NA,"seasonal"
"OV01","OAKWOOD VALLEY",1,2002,NA,NA,"not_surveyed",NA,NA,NA,NA,NA,NA,"seasonal"
"OV01","OAKWOOD VALLEY",1,2003,NA,NA,"not_surveyed",NA,NA,NA,NA,NA,NA,"seasonal"
"OV01","OAKWOOD VALLEY",1,2004,NA,NA,"not_surveyed",NA,NA,NA,NA,NA,NA,"seasonal"
"OV01","OAKWOOD VALLEY",1,2005,NA,NA,"not_surveyed",NA,NA,NA,NA,NA,NA,"seasonal"
"OV01","OAKWOOD VALLEY",1,2006,NA,NA,"not_surveyed",NA,NA,NA,NA,NA,NA,"seasonal"
"OV01","OAKWOOD VALLEY",1,2007,NA,NA,"not_surveyed",NA,NA,NA,NA,NA,NA,"seasonal"
"OV01","OAKWOOD VALLEY",1,2008,NA,NA,"not_surveyed",NA,NA,NA,NA,NA,NA,"seasonal"
"OV01","OAKWOOD VALLEY",1,2009,NA,NA,"not_surveyed",NA,NA,NA,NA,NA,NA,"seasonal"
"OV01","OAKWOOD VALLEY",1,2010,NA,NA,"not_surveyed",NA,NA,NA,NA,NA,NA,"seasonal"
"OV01","OAKWOOD VALLEY",1,2011,NA,NA,"not_surveyed",NA,NA,NA,NA,NA,NA,"seasonal"
"OV01","OAKWOOD VALLEY",1,2012,0,1,"surveyed_zero",NA,NA,NA,NA,NA,NA,"seasonal"
"OV01","OAKWOOD VALLEY",1,2013,NA,NA,"not_surveyed",NA,NA,NA,NA,NA,NA,"seasonal"
"OV01","OAKWOOD VALLEY",1,2014,NA,NA,"not_surveyed",NA,NA,NA,NA,NA,NA,"seasonal"
"OV01","OAKWOOD VALLEY",1,2015,NA,NA,"not_surveyed",NA,NA,NA,NA,NA,NA,"seasonal"
"OV01","OAKWOOD VALLEY",1,2016,NA,NA,"not_surveyed",NA,NA,NA,NA,NA,NA,"seasonal"
"OV01","OAKWOOD VALLEY",1,2017,NA,NA,"not_surveyed",NA,NA,NA,NA,NA,NA,"seasonal"
"OV01","OAKWOOD VALLEY",1,2018,0,2,"surveyed_zero",NA,NA,NA,NA,NA,NA,"seasonal"
"OV01","OAKWOOD VALLEY",1,2019,0,2,"surveyed_zero",NA,NA,NA,NA,NA,NA,"seasonal"
"OV01","OAKWOOD VALLEY",1,2020,0,3,"surveyed_zero",NA,NA,NA,NA,NA,NA,"seasonal"
"OV01","OAKWOOD VALLEY",1,2021,NA,NA,"not_surveyed",NA,NA,NA,NA,NA,NA,"seasonal"
"OV01","OAKWOOD VALLEY",1,2022,0,1,"surveyed_zero",NA,NA,NA,NA,NA,NA,"seasonal"
"OV01","OAKWOOD VALLEY",1,2023,0,2,"surveyed_zero",NA,NA,NA,NA,NA,NA,"seasonal"
"OV01","OAKWOOD VALLEY",1,2024,0,1,"surveyed_zero",NA,NA,NA,NA,NA,NA,"seasonal"
"OV01","OAKWOOD VALLEY",1,2025,0,3,"surveyed_zero",1,1,NA,NA,1,1,"seasonal"
"RC01","REDWOOD CREEK",1,1997,NA,NA,"not_surveyed",NA,NA,NA,NA,NA,NA,"perennial"
"RC01","REDWOOD CREEK",1,1998,NA,NA,"not_surveyed",NA,NA,NA,NA,NA,NA,"perennial"
"RC01","REDWOOD CREEK",1,1999,NA,NA,"not_surveyed",NA,NA,NA,NA,NA,NA,"perennial"
"RC01","REDWOOD CREEK",1,2000,NA,NA,"not_surveyed",NA,NA,NA,NA,NA,NA,"perennial"
"RC01","REDWOOD CREEK",1,2001,0,2,"surveyed_zero",0,0,0,0,NA,1,"perennial"
"RC01","REDWOOD CREEK",1,2002,NA,NA,"not_surveyed",NA,NA,NA,NA,NA,NA,"perennial"
"RC01","REDWOOD CREEK",1,2003,1,13,"surveyed_nonzero",NA,NA,NA,NA,NA,NA,"perennial"
"RC01","REDWOOD CREEK",1,2004,NA,NA,"not_surveyed",NA,NA,NA,NA,NA,NA,"perennial"
"RC01","REDWOOD CREEK",1,2005,0,5,"surveyed_zero",3.2675,3.48,3.48,3.2675,NA,4,"perennial"
"RC01","REDWOOD CREEK",1,2006,NA,NA,"not_surveyed",NA,NA,NA,NA,NA,NA,"perennial"
"RC01","REDWOOD CREEK",1,2007,NA,NA,"not_surveyed",NA,NA,NA,NA,NA,NA,"perennial"
"RC01","REDWOOD CREEK",1,2008,0,3,"surveyed_zero",NA,NA,NA,NA,NA,NA,"perennial"
"RC01","REDWOOD CREEK",1,2009,0,1,"surveyed_zero",NA,NA,NA,NA,NA,NA,"perennial"
"RC01","REDWOOD CREEK",1,2010,0,4,"surveyed_zero",NA,NA,NA,NA,NA,NA,"perennial"
"RC01","REDWOOD CREEK",1,2011,0,3,"surveyed_zero",2.3,2.7,1.9,2.3,NA,2,"perennial"
"RC01","REDWOOD CREEK",1,2012,NA,NA,"not_surveyed",NA,NA,NA,NA,NA,NA,"perennial"
"RC01","REDWOOD CREEK",1,2013,NA,NA,"not_surveyed",NA,NA,NA,NA,NA,NA,"perennial"
"RC01","REDWOOD CREEK",1,2014,NA,NA,"not_surveyed",NA,NA,NA,NA,NA,NA,"perennial"
"RC01","REDWOOD CREEK",1,2015,NA,NA,"not_surveyed",NA,NA,NA,NA,NA,NA,"perennial"
"RC01","REDWOOD CREEK",1,2016,NA,NA,"not_surveyed",NA,NA,NA,NA,NA,NA,"perennial"
"RC01","REDWOOD CREEK",1,2017,NA,NA,"not_surveyed",NA,NA,NA,NA,NA,NA,"perennial"
"RC01","REDWOOD CREEK",1,2018,NA,NA,"not_surveyed",NA,NA,NA,NA,NA,NA,"perennial"
"RC01","REDWOOD CREEK",1,2019,NA,NA,"not_surveyed",NA,NA,NA,NA,NA,NA,"perennial"
"RC01","REDWOOD CREEK",1,2020,NA,NA,"not_surveyed",NA,NA,NA,NA,NA,NA,"perennial"
"RC01","REDWOOD CREEK",1,2021,NA,NA,"not_surveyed",NA,NA,NA,NA,NA,NA,"perennial"
"RC01","REDWOOD CREEK",1,2022,NA,NA,"not_surveyed",NA,NA,NA,NA,NA,NA,"perennial"
"RC01","REDWOOD CREEK",1,2023,NA,NA,"not_surveyed",NA,NA,NA,NA,NA,NA,"perennial"
"RC01","REDWOOD CREEK",1,2024,NA,NA,"not_surveyed",NA,NA,NA,NA,NA,NA,"perennial"
"RC01","REDWOOD CREEK",1,2025,NA,NA,"not_surveyed",NA,NA,NA,NA,NA,NA,"perennial"
"RC02","REDWOOD CREEK",1,1997,0,1,"surveyed_zero",0,0,0,0,NA,1,"seasonal"
"RC02","REDWOOD CREEK",1,1998,NA,NA,"not_surveyed",NA,NA,NA,NA,NA,NA,"seasonal"
"RC02","REDWOOD CREEK",1,1999,0,5,"surveyed_zero",0,0,0,0,NA,3,"seasonal"
"RC02","REDWOOD CREEK",1,2000,0,2,"surveyed_zero",0,0,0,0,0,3,"seasonal"
"RC02","REDWOOD CREEK",1,2001,NA,NA,"not_surveyed",NA,NA,NA,NA,NA,NA,"seasonal"
"RC02","REDWOOD CREEK",1,2002,NA,NA,"not_surveyed",NA,NA,NA,NA,NA,NA,"seasonal"
"RC02","REDWOOD CREEK",1,2003,1,10,"surveyed_nonzero",0.6875,0.87,0.74,0.6875,NA,4,"seasonal"
"RC02","REDWOOD CREEK",1,2004,0,7,"surveyed_zero",NA,NA,NA,NA,NA,NA,"seasonal"
"RC02","REDWOOD CREEK",1,2005,0,5,"surveyed_zero",1.47,1.56,1.38,1.47,NA,2,"seasonal"
"RC02","REDWOOD CREEK",1,2006,NA,NA,"not_surveyed",NA,NA,NA,NA,NA,NA,"seasonal"
"RC02","REDWOOD CREEK",1,2007,NA,NA,"not_surveyed",NA,NA,NA,NA,NA,NA,"seasonal"
"RC02","REDWOOD CREEK",1,2008,NA,NA,"not_surveyed",NA,NA,NA,NA,NA,NA,"seasonal"
"RC02","REDWOOD CREEK",1,2009,0,2,"surveyed_zero",NA,NA,NA,NA,NA,NA,"seasonal"
"RC02","REDWOOD CREEK",1,2010,0,4,"surveyed_zero",NA,NA,NA,NA,NA,NA,"seasonal"
"RC02","REDWOOD CREEK",1,2011,NA,NA,"not_surveyed",NA,NA,NA,NA,NA,NA,"seasonal"
"RC02","REDWOOD CREEK",1,2012,NA,NA,"not_surveyed",NA,NA,NA,NA,NA,NA,"seasonal"
"RC02","REDWOOD CREEK",1,2013,NA,NA,"not_surveyed",NA,NA,NA,NA,NA,NA,"seasonal"
"RC02","REDWOOD CREEK",1,2014,NA,NA,"not_surveyed",NA,NA,NA,NA,NA,NA,"seasonal"
"RC02","REDWOOD CREEK",1,2015,NA,NA,"not_surveyed",NA,NA,NA,NA,NA,NA,"seasonal"
"RC02","REDWOOD CREEK",1,2016,NA,NA,"not_surveyed",NA,NA,NA,NA,NA,NA,"seasonal"
"RC02","REDWOOD CREEK",1,2017,NA,NA,"not_surveyed",NA,NA,NA,NA,NA,NA,"seasonal"
"RC02","REDWOOD CREEK",1,2018,NA,NA,"not_surveyed",NA,NA,NA,NA,NA,NA,"seasonal"
"RC02","REDWOOD CREEK",1,2019,NA,NA,"not_surveyed",NA,NA,NA,NA,NA,NA,"seasonal"
"RC02","REDWOOD CREEK",1,2020,0,1,"surveyed_zero",NA,NA,NA,NA,NA,NA,"seasonal"
"RC02","REDWOOD CREEK",1,2021,NA,NA,"not_surveyed",NA,NA,NA,NA,NA,NA,"seasonal"
"RC02","REDWOOD CREEK",1,2022,NA,NA,"not_surveyed",NA,NA,NA,NA,NA,NA,"seasonal"
"RC02","REDWOOD CREEK",1,2023,NA,NA,"not_surveyed",NA,NA,NA,NA,NA,NA,"seasonal"
"RC02","REDWOOD CREEK",1,2024,NA,NA,"not_surveyed",NA,NA,NA,NA,NA,NA,"seasonal"
"RC02","REDWOOD CREEK",1,2025,NA,NA,"not_surveyed",NA,NA,NA,NA,NA,NA,"seasonal"
"RC03","REDWOOD CREEK",1,1997,NA,NA,"not_surveyed",NA,NA,NA,NA,NA,NA,"seasonal"
"RC03","REDWOOD CREEK",1,1998,NA,NA,"not_surveyed",NA,NA,NA,NA,NA,NA,"seasonal"
"RC03","REDWOOD CREEK",1,1999,0,2,"surveyed_zero",NA,NA,NA,NA,NA,NA,"seasonal"
"RC03","REDWOOD CREEK",1,2000,0,2,"surveyed_zero",0,0,0,0,0,3,"seasonal"
"RC03","REDWOOD CREEK",1,2001,0,1,"surveyed_zero",0,0,0,0,NA,1,"seasonal"
"RC03","REDWOOD CREEK",1,2002,0,1,"surveyed_zero",0,0,0,0,NA,1,"seasonal"
"RC03","REDWOOD CREEK",1,2003,0,7,"surveyed_zero",NA,NA,NA,NA,NA,NA,"seasonal"
"RC03","REDWOOD CREEK",1,2004,NA,NA,"not_surveyed",1.56,1.56,NA,NA,1.56,1,"seasonal"
"RC03","REDWOOD CREEK",1,2005,0,5,"surveyed_zero",1.095,1.12,1.12,1.095,NA,2,"seasonal"
"RC03","REDWOOD CREEK",1,2006,0,4,"surveyed_zero",0.8,0.8,NA,NA,0.8,1,"seasonal"
"RC03","REDWOOD CREEK",1,2007,0,4,"surveyed_zero",NA,NA,NA,NA,NA,NA,"seasonal"
"RC03","REDWOOD CREEK",1,2008,NA,NA,"not_surveyed",NA,NA,NA,NA,NA,NA,"seasonal"
"RC03","REDWOOD CREEK",1,2009,NA,NA,"not_surveyed",NA,NA,NA,NA,NA,NA,"seasonal"
"RC03","REDWOOD CREEK",1,2010,0,3,"surveyed_zero",NA,NA,NA,NA,NA,NA,"seasonal"
"RC03","REDWOOD CREEK",1,2011,NA,NA,"not_surveyed",NA,NA,NA,NA,NA,NA,"seasonal"
"RC03","REDWOOD CREEK",1,2012,NA,NA,"not_surveyed",NA,NA,NA,NA,NA,NA,"seasonal"
"RC03","REDWOOD CREEK",1,2013,NA,NA,"not_surveyed",NA,NA,NA,NA,NA,NA,"seasonal"
"RC03","REDWOOD CREEK",1,2014,NA,NA,"not_surveyed",NA,NA,NA,NA,NA,NA,"seasonal"
"RC03","REDWOOD CREEK",1,2015,NA,NA,"not_surveyed",NA,NA,NA,NA,NA,NA,"seasonal"
"RC03","REDWOOD CREEK",1,2016,NA,NA,"not_surveyed",NA,NA,NA,NA,NA,NA,"seasonal"
"RC03","REDWOOD CREEK",1,2017,NA,NA,"not_surveyed",NA,NA,NA,NA,NA,NA,"seasonal"
"RC03","REDWOOD CREEK",1,2018,NA,NA,"not_surveyed",NA,NA,NA,NA,NA,NA,"seasonal"
"RC03","REDWOOD CREEK",1,2019,NA,NA,"not_surveyed",NA,NA,NA,NA,NA,NA,"seasonal"
"RC03","REDWOOD CREEK",1,2020,NA,NA,"not_surveyed",NA,NA,NA,NA,NA,NA,"seasonal"
"RC03","REDWOOD CREEK",1,2021,NA,NA,"not_surveyed",NA,NA,NA,NA,NA,NA,"seasonal"
"RC03","REDWOOD CREEK",1,2022,NA,NA,"not_surveyed",NA,NA,NA,NA,NA,NA,"seasonal"
"RC03","REDWOOD CREEK",1,2023,NA,NA,"not_surveyed",NA,NA,NA,NA,NA,NA,"seasonal"
"RC03","REDWOOD CREEK",1,2024,NA,NA,"not_surveyed",NA,NA,NA,NA,NA,NA,"seasonal"
"RC03","REDWOOD CREEK",1,2025,NA,NA,"not_surveyed",NA,NA,NA,NA,NA,NA,"seasonal"
"RC04","REDWOOD CREEK",1,1997,NA,NA,"not_surveyed",NA,NA,NA,NA,NA,NA,"seasonal"
"RC04","REDWOOD CREEK",1,1998,NA,NA,"not_surveyed",NA,NA,NA,NA,NA,NA,"seasonal"
"RC04","REDWOOD CREEK",1,1999,NA,NA,"not_surveyed",NA,NA,NA,NA,NA,NA,"seasonal"
"RC04","REDWOOD CREEK",1,2000,0,2,"surveyed_zero",0,0,0,0,NA,2,"seasonal"
"RC04","REDWOOD CREEK",1,2001,NA,NA,"not_surveyed",NA,NA,NA,NA,NA,NA,"seasonal"
"RC04","REDWOOD CREEK",1,2002,0,1,"surveyed_zero",0,0,0,0,NA,1,"seasonal"
"RC04","REDWOOD CREEK",1,2003,NA,NA,"not_surveyed",NA,NA,NA,NA,NA,NA,"seasonal"
"RC04","REDWOOD CREEK",1,2004,NA,NA,"not_surveyed",NA,NA,NA,NA,NA,NA,"seasonal"
"RC04","REDWOOD CREEK",1,2005,NA,NA,"not_surveyed",NA,NA,NA,NA,NA,NA,"seasonal"
"RC04","REDWOOD CREEK",1,2006,0,1,"surveyed_zero",NA,NA,NA,NA,NA,NA,"seasonal"
"RC04","REDWOOD CREEK",1,2007,NA,NA,"not_surveyed",NA,NA,NA,NA,NA,NA,"seasonal"
"RC04","REDWOOD CREEK",1,2008,NA,NA,"not_surveyed",NA,NA,NA,NA,NA,NA,"seasonal"
"RC04","REDWOOD CREEK",1,2009,NA,NA,"not_surveyed",NA,NA,NA,NA,NA,NA,"seasonal"
"RC04","REDWOOD CREEK",1,2010,NA,NA,"not_surveyed",NA,NA,NA,NA,NA,NA,"seasonal"
"RC04","REDWOOD CREEK",1,2011,NA,NA,"not_surveyed",NA,NA,NA,NA,NA,NA,"seasonal"
"RC04","REDWOOD CREEK",1,2012,NA,NA,"not_surveyed",NA,NA,NA,NA,NA,NA,"seasonal"
"RC04","REDWOOD CREEK",1,2013,NA,NA,"not_surveyed",NA,NA,NA,NA,NA,NA,"seasonal"
"RC04","REDWOOD CREEK",1,2014,NA,NA,"not_surveyed",NA,NA,NA,NA,NA,NA,"seasonal"
"RC04","REDWOOD CREEK",1,2015,NA,NA,"not_surveyed",NA,NA,NA,NA,NA,NA,"seasonal"
"RC04","REDWOOD CREEK",1,2016,NA,NA,"not_surveyed",NA,NA,NA,NA,NA,NA,"seasonal"
"RC04","REDWOOD CREEK",1,2017,NA,NA,"not_surveyed",NA,NA,NA,NA,NA,NA,"seasonal"
"RC04","REDWOOD CREEK",1,2018,NA,NA,"not_surveyed",NA,NA,NA,NA,NA,NA,"seasonal"
"RC04","REDWOOD CREEK",1,2019,NA,NA,"not_surveyed",NA,NA,NA,NA,NA,NA,"seasonal"
"RC04","REDWOOD CREEK",1,2020,NA,NA,"not_surveyed",NA,NA,NA,NA,NA,NA,"seasonal"
"RC04","REDWOOD CREEK",1,2021,NA,NA,"not_surveyed",NA,NA,NA,NA,NA,NA,"seasonal"
"RC04","REDWOOD CREEK",1,2022,NA,NA,"not_surveyed",NA,NA,NA,NA,NA,NA,"seasonal"
"RC04","REDWOOD CREEK",1,2023,NA,NA,"not_surveyed",NA,NA,NA,NA,NA,NA,"seasonal"
"RC04","REDWOOD CREEK",1,2024,NA,NA,"not_surveyed",NA,NA,NA,NA,NA,NA,"seasonal"
"RC04","REDWOOD CREEK",1,2025,NA,NA,"not_surveyed",NA,NA,NA,NA,NA,NA,"seasonal"
"RC05","REDWOOD CREEK",1,1997,NA,NA,"not_surveyed",NA,NA,NA,NA,NA,NA,"perennial"
"RC05","REDWOOD CREEK",1,1998,NA,NA,"not_surveyed",NA,NA,NA,NA,NA,NA,"perennial"
"RC05","REDWOOD CREEK",1,1999,0,2,"surveyed_zero",0,0,0,0,NA,1,"perennial"
"RC05","REDWOOD CREEK",1,2000,0,1,"surveyed_zero",0,0,0,0,0,2,"perennial"
"RC05","REDWOOD CREEK",1,2001,0,1,"surveyed_zero",NA,NA,NA,NA,NA,NA,"perennial"
"RC05","REDWOOD CREEK",1,2002,0,1,"surveyed_zero",0,0,0,0,NA,1,"perennial"
"RC05","REDWOOD CREEK",1,2003,NA,NA,"not_surveyed",NA,NA,NA,NA,NA,NA,"perennial"
"RC05","REDWOOD CREEK",1,2004,NA,NA,"not_surveyed",NA,NA,NA,NA,NA,NA,"perennial"
"RC05","REDWOOD CREEK",1,2005,0,1,"surveyed_zero",NA,NA,NA,NA,NA,NA,"perennial"
"RC05","REDWOOD CREEK",1,2006,NA,NA,"not_surveyed",NA,NA,NA,NA,NA,NA,"perennial"
"RC05","REDWOOD CREEK",1,2007,NA,NA,"not_surveyed",NA,NA,NA,NA,NA,NA,"perennial"
"RC05","REDWOOD CREEK",1,2008,NA,NA,"not_surveyed",NA,NA,NA,NA,NA,NA,"perennial"
"RC05","REDWOOD CREEK",1,2009,0,1,"surveyed_zero",NA,NA,NA,NA,NA,NA,"perennial"
"RC05","REDWOOD CREEK",1,2010,0,4,"surveyed_zero",NA,NA,NA,NA,NA,NA,"perennial"
"RC05","REDWOOD CREEK",1,2011,NA,NA,"not_surveyed",NA,NA,NA,NA,NA,NA,"perennial"
"RC05","REDWOOD CREEK",1,2012,NA,NA,"not_surveyed",NA,NA,NA,NA,NA,NA,"perennial"
"RC05","REDWOOD CREEK",1,2013,NA,NA,"not_surveyed",NA,NA,NA,NA,NA,NA,"perennial"
"RC05","REDWOOD CREEK",1,2014,NA,NA,"not_surveyed",NA,NA,NA,NA,NA,NA,"perennial"
"RC05","REDWOOD CREEK",1,2015,NA,NA,"not_surveyed",NA,NA,NA,NA,NA,NA,"perennial"
"RC05","REDWOOD CREEK",1,2016,NA,NA,"not_surveyed",NA,NA,NA,NA,NA,NA,"perennial"
"RC05","REDWOOD CREEK",1,2017,NA,NA,"not_surveyed",NA,NA,NA,NA,NA,NA,"perennial"
"RC05","REDWOOD CREEK",1,2018,NA,NA,"not_surveyed",NA,NA,NA,NA,NA,NA,"perennial"
"RC05","REDWOOD CREEK",1,2019,NA,NA,"not_surveyed",NA,NA,NA,NA,NA,NA,"perennial"
"RC05","REDWOOD CREEK",1,2020,NA,NA,"not_surveyed",NA,NA,NA,NA,NA,NA,"perennial"
"RC05","REDWOOD CREEK",1,2021,NA,NA,"not_surveyed",NA,NA,NA,NA,NA,NA,"perennial"
"RC05","REDWOOD CREEK",1,2022,NA,NA,"not_surveyed",NA,NA,NA,NA,NA,NA,"perennial"
"RC05","REDWOOD CREEK",1,2023,NA,NA,"not_surveyed",NA,NA,NA,NA,NA,NA,"perennial"
"RC05","REDWOOD CREEK",1,2024,NA,NA,"not_surveyed",NA,NA,NA,NA,NA,NA,"perennial"
"RC05","REDWOOD CREEK",1,2025,NA,NA,"not_surveyed",NA,NA,NA,NA,NA,NA,"perennial"
"RC06","REDWOOD CREEK",1,1997,NA,NA,"not_surveyed",NA,NA,NA,NA,NA,NA,"perennial"
"RC06","REDWOOD CREEK",1,1998,NA,NA,"not_surveyed",NA,NA,NA,NA,NA,NA,"perennial"
"RC06","REDWOOD CREEK",1,1999,NA,NA,"not_surveyed",NA,NA,NA,NA,NA,NA,"perennial"
"RC06","REDWOOD CREEK",1,2000,NA,NA,"not_surveyed",NA,NA,NA,NA,NA,NA,"perennial"
"RC06","REDWOOD CREEK",1,2001,NA,NA,"not_surveyed",NA,NA,NA,NA,NA,NA,"perennial"
"RC06","REDWOOD CREEK",1,2002,NA,NA,"not_surveyed",NA,NA,NA,NA,NA,NA,"perennial"
"RC06","REDWOOD CREEK",1,2003,NA,NA,"not_surveyed",NA,NA,NA,NA,NA,NA,"perennial"
"RC06","REDWOOD CREEK",1,2004,NA,NA,"not_surveyed",NA,NA,NA,NA,NA,NA,"perennial"
"RC06","REDWOOD CREEK",1,2005,NA,NA,"not_surveyed",NA,NA,NA,NA,NA,NA,"perennial"
"RC06","REDWOOD CREEK",1,2006,0,1,"surveyed_zero",NA,NA,NA,NA,NA,NA,"perennial"
"RC06","REDWOOD CREEK",1,2007,NA,NA,"not_surveyed",NA,NA,NA,NA,NA,NA,"perennial"
"RC06","REDWOOD CREEK",1,2008,NA,NA,"not_surveyed",NA,NA,NA,NA,NA,NA,"perennial"
"RC06","REDWOOD CREEK",1,2009,NA,NA,"not_surveyed",NA,NA,NA,NA,NA,NA,"perennial"
"RC06","REDWOOD CREEK",1,2010,0,1,"surveyed_zero",NA,NA,NA,NA,NA,NA,"perennial"
"RC06","REDWOOD CREEK",1,2011,NA,NA,"not_surveyed",NA,NA,NA,NA,NA,NA,"perennial"
"RC06","REDWOOD CREEK",1,2012,NA,NA,"not_surveyed",NA,NA,NA,NA,NA,NA,"perennial"
"RC06","REDWOOD CREEK",1,2013,NA,NA,"not_surveyed",NA,NA,NA,NA,NA,NA,"perennial"
"RC06","REDWOOD CREEK",1,2014,0,2,"surveyed_zero",NA,NA,NA,NA,NA,NA,"perennial"
"RC06","REDWOOD CREEK",1,2015,NA,NA,"not_surveyed",NA,NA,NA,NA,NA,NA,"perennial"
"RC06","REDWOOD CREEK",1,2016,NA,NA,"not_surveyed",NA,NA,NA,NA,NA,NA,"perennial"
"RC06","REDWOOD CREEK",1,2017,NA,NA,"not_surveyed",NA,NA,NA,NA,NA,NA,"perennial"
"RC06","REDWOOD CREEK",1,2018,NA,NA,"not_surveyed",NA,NA,NA,NA,NA,NA,"perennial"
"RC06","REDWOOD CREEK",1,2019,NA,NA,"not_surveyed",NA,NA,NA,NA,NA,NA,"perennial"
"RC06","REDWOOD CREEK",1,2020,NA,NA,"not_surveyed",NA,NA,NA,NA,NA,NA,"perennial"
"RC06","REDWOOD CREEK",1,2021,NA,NA,"not_surveyed",NA,NA,NA,NA,NA,NA,"perennial"
"RC06","REDWOOD CREEK",1,2022,NA,NA,"not_surveyed",NA,NA,NA,NA,NA,NA,"perennial"
"RC06","REDWOOD CREEK",1,2023,NA,NA,"not_surveyed",NA,NA,NA,NA,NA,NA,"perennial"
"RC06","REDWOOD CREEK",1,2024,NA,NA,"not_surveyed",NA,NA,NA,NA,NA,NA,"perennial"
"RC06","REDWOOD CREEK",1,2025,NA,NA,"not_surveyed",NA,NA,NA,NA,NA,NA,"perennial"
"RC07","REDWOOD CREEK",1,1997,NA,NA,"not_surveyed",NA,NA,NA,NA,NA,NA,"perennial"
"RC07","REDWOOD CREEK",1,1998,NA,NA,"not_surveyed",NA,NA,NA,NA,NA,NA,"perennial"
"RC07","REDWOOD CREEK",1,1999,NA,NA,"not_surveyed",NA,NA,NA,NA,NA,NA,"perennial"
"RC07","REDWOOD CREEK",1,2000,NA,NA,"not_surveyed",NA,NA,NA,NA,NA,NA,"perennial"
"RC07","REDWOOD CREEK",1,2001,NA,NA,"not_surveyed",NA,NA,NA,NA,NA,NA,"perennial"
"RC07","REDWOOD CREEK",1,2002,NA,NA,"not_surveyed",NA,NA,NA,NA,NA,NA,"perennial"
"RC07","REDWOOD CREEK",1,2003,NA,NA,"not_surveyed",NA,NA,NA,NA,NA,NA,"perennial"
"RC07","REDWOOD CREEK",1,2004,NA,NA,"not_surveyed",NA,NA,NA,NA,NA,NA,"perennial"
"RC07","REDWOOD CREEK",1,2005,NA,NA,"not_surveyed",NA,NA,NA,NA,NA,NA,"perennial"
"RC07","REDWOOD CREEK",1,2006,NA,NA,"not_surveyed",NA,NA,NA,NA,NA,NA,"perennial"
"RC07","REDWOOD CREEK",1,2007,NA,NA,"not_surveyed",NA,NA,NA,NA,NA,NA,"perennial"
"RC07","REDWOOD CREEK",1,2008,0,4,"surveyed_zero",NA,NA,NA,NA,NA,NA,"perennial"
"RC07","REDWOOD CREEK",1,2009,0,1,"surveyed_zero",NA,NA,NA,NA,NA,NA,"perennial"
"RC07","REDWOOD CREEK",1,2010,0,4,"surveyed_zero",NA,NA,NA,NA,NA,NA,"perennial"
"RC07","REDWOOD CREEK",1,2011,0,4,"surveyed_zero",12.4,12.8,12,12.4,NA,2,"perennial"
"RC07","REDWOOD CREEK",1,2012,4,7,"surveyed_nonzero",10.8,11.22,10.22,10.8,NA,3,"perennial"
"RC07","REDWOOD CREEK",1,2013,42,44,"surveyed_nonzero",10.815,11.3,11.3,11.3,10.33,2,"perennial"
"RC07","REDWOOD CREEK",1,2014,49,51,"surveyed_nonzero",3.1375,4.2,2.15,3.1375,NA,4,"perennial"
"RC07","REDWOOD CREEK",1,2015,67,69,"surveyed_nonzero",3.125,3.7,3.7,3.125,NA,4,"perennial"
"RC07","REDWOOD CREEK",1,2016,118,118,"surveyed_nonzero",4.175,5.4,4.28,3.9325,4.66,6,"perennial"
"RC07","REDWOOD CREEK",1,2017,130,179,"surveyed_nonzero",3.8825,5,4.4,4.72,2.48666666666667,8,"perennial"
"RC07","REDWOOD CREEK",1,2018,176,179,"surveyed_nonzero",3.665,4.84,NA,NA,3.665,4,"perennial"
"RC07","REDWOOD CREEK",1,2019,94,103,"surveyed_nonzero",NA,NA,NA,NA,NA,NA,"perennial"
"RC07","REDWOOD CREEK",1,2020,148,149,"surveyed_nonzero",0,0,NA,NA,0,1,"perennial"
"RC07","REDWOOD CREEK",1,2021,57,64,"surveyed_nonzero",NA,NA,NA,NA,NA,NA,"perennial"
"RC07","REDWOOD CREEK",1,2022,58,54,"surveyed_nonzero",NA,NA,NA,NA,NA,NA,"perennial"
"RC07","REDWOOD CREEK",1,2023,41,41,"surveyed_nonzero",NA,NA,NA,NA,NA,NA,"perennial"
"RC07","REDWOOD CREEK",1,2024,18,23,"surveyed_nonzero",4.51,4.84,4,4.51,NA,4,"perennial"
"RC07","REDWOOD CREEK",1,2025,20,20,"surveyed_nonzero",3.90666666666667,5.3,5.3,4.45,2.82,6,"perennial"
"RC08","REDWOOD CREEK",1,1997,NA,NA,"not_surveyed",NA,NA,NA,NA,NA,NA,"perennial"
"RC08","REDWOOD CREEK",1,1998,NA,NA,"not_surveyed",NA,NA,NA,NA,NA,NA,"perennial"
"RC08","REDWOOD CREEK",1,1999,NA,NA,"not_surveyed",NA,NA,NA,NA,NA,NA,"perennial"
"RC08","REDWOOD CREEK",1,2000,NA,NA,"not_surveyed",NA,NA,NA,NA,NA,NA,"perennial"
"RC08","REDWOOD CREEK",1,2001,NA,NA,"not_surveyed",NA,NA,NA,NA,NA,NA,"perennial"
"RC08","REDWOOD CREEK",1,2002,NA,NA,"not_surveyed",NA,NA,NA,NA,NA,NA,"perennial"
"RC08","REDWOOD CREEK",1,2003,NA,NA,"not_surveyed",NA,NA,NA,NA,NA,NA,"perennial"
"RC08","REDWOOD CREEK",1,2004,NA,NA,"not_surveyed",NA,NA,NA,NA,NA,NA,"perennial"
"RC08","REDWOOD CREEK",1,2005,NA,NA,"not_surveyed",NA,NA,NA,NA,NA,NA,"perennial"
"RC08","REDWOOD CREEK",1,2006,NA,NA,"not_surveyed",NA,NA,NA,NA,NA,NA,"perennial"
"RC08","REDWOOD CREEK",1,2007,NA,NA,"not_surveyed",NA,NA,NA,NA,NA,NA,"perennial"
"RC08","REDWOOD CREEK",1,2008,0,2,"surveyed_zero",NA,NA,NA,NA,NA,NA,"perennial"
"RC08","REDWOOD CREEK",1,2009,NA,NA,"not_surveyed",NA,NA,NA,NA,NA,NA,"perennial"
"RC08","REDWOOD CREEK",1,2010,0,2,"surveyed_zero",NA,NA,NA,NA,NA,NA,"perennial"
"RC08","REDWOOD CREEK",1,2011,0,1,"surveyed_zero",NA,NA,NA,NA,NA,NA,"perennial"
"RC08","REDWOOD CREEK",1,2012,NA,NA,"not_surveyed",NA,NA,NA,NA,NA,NA,"perennial"
"RC08","REDWOOD CREEK",1,2013,NA,NA,"not_surveyed",NA,NA,NA,NA,NA,NA,"perennial"
"RC08","REDWOOD CREEK",1,2014,NA,NA,"not_surveyed",NA,NA,NA,NA,NA,NA,"perennial"
"RC08","REDWOOD CREEK",1,2015,NA,NA,"not_surveyed",NA,NA,NA,NA,NA,NA,"perennial"
"RC08","REDWOOD CREEK",1,2016,NA,NA,"not_surveyed",NA,NA,NA,NA,NA,NA,"perennial"
"RC08","REDWOOD CREEK",1,2017,NA,NA,"not_surveyed",NA,NA,NA,NA,NA,NA,"perennial"
"RC08","REDWOOD CREEK",1,2018,NA,NA,"not_surveyed",NA,NA,NA,NA,NA,NA,"perennial"
"RC08","REDWOOD CREEK",1,2019,NA,NA,"not_surveyed",NA,NA,NA,NA,NA,NA,"perennial"
"RC08","REDWOOD CREEK",1,2020,NA,NA,"not_surveyed",NA,NA,NA,NA,NA,NA,"perennial"
"RC08","REDWOOD CREEK",1,2021,NA,NA,"not_surveyed",NA,NA,NA,NA,NA,NA,"perennial"
"RC08","REDWOOD CREEK",1,2022,NA,NA,"not_surveyed",NA,NA,NA,NA,NA,NA,"perennial"
"RC08","REDWOOD CREEK",1,2023,NA,NA,"not_surveyed",NA,NA,NA,NA,NA,NA,"perennial"
"RC08","REDWOOD CREEK",1,2024,NA,NA,"not_surveyed",NA,NA,NA,NA,NA,NA,"perennial"
"RC08","REDWOOD CREEK",1,2025,NA,NA,"not_surveyed",NA,NA,NA,NA,NA,NA,"perennial"
"RC09","REDWOOD CREEK",1,1997,NA,NA,"not_surveyed",NA,NA,NA,NA,NA,NA,"perennial"
"RC09","REDWOOD CREEK",1,1998,NA,NA,"not_surveyed",NA,NA,NA,NA,NA,NA,"perennial"
"RC09","REDWOOD CREEK",1,1999,NA,NA,"not_surveyed",NA,NA,NA,NA,NA,NA,"perennial"
"RC09","REDWOOD CREEK",1,2000,NA,NA,"not_surveyed",NA,NA,NA,NA,NA,NA,"perennial"
"RC09","REDWOOD CREEK",1,2001,NA,NA,"not_surveyed",NA,NA,NA,NA,NA,NA,"perennial"
"RC09","REDWOOD CREEK",1,2002,NA,NA,"not_surveyed",NA,NA,NA,NA,NA,NA,"perennial"
"RC09","REDWOOD CREEK",1,2003,NA,NA,"not_surveyed",NA,NA,NA,NA,NA,NA,"perennial"
"RC09","REDWOOD CREEK",1,2004,NA,NA,"not_surveyed",NA,NA,NA,NA,NA,NA,"perennial"
"RC09","REDWOOD CREEK",1,2005,NA,NA,"not_surveyed",NA,NA,NA,NA,NA,NA,"perennial"
"RC09","REDWOOD CREEK",1,2006,NA,NA,"not_surveyed",NA,NA,NA,NA,NA,NA,"perennial"
"RC09","REDWOOD CREEK",1,2007,NA,NA,"not_surveyed",NA,NA,NA,NA,NA,NA,"perennial"
"RC09","REDWOOD CREEK",1,2008,0,3,"surveyed_zero",NA,NA,NA,NA,NA,NA,"perennial"
"RC09","REDWOOD CREEK",1,2009,NA,NA,"not_surveyed",NA,NA,NA,NA,NA,NA,"perennial"
"RC09","REDWOOD CREEK",1,2010,0,2,"surveyed_zero",NA,NA,NA,NA,NA,NA,"perennial"
"RC09","REDWOOD CREEK",1,2011,NA,NA,"not_surveyed",NA,NA,NA,NA,NA,NA,"perennial"
"RC09","REDWOOD CREEK",1,2012,NA,NA,"not_surveyed",NA,NA,NA,NA,NA,NA,"perennial"
"RC09","REDWOOD CREEK",1,2013,NA,NA,"not_surveyed",NA,NA,NA,NA,NA,NA,"perennial"
"RC09","REDWOOD CREEK",1,2014,NA,NA,"not_surveyed",NA,NA,NA,NA,NA,NA,"perennial"
"RC09","REDWOOD CREEK",1,2015,NA,NA,"not_surveyed",NA,NA,NA,NA,NA,NA,"perennial"
"RC09","REDWOOD CREEK",1,2016,NA,NA,"not_surveyed",NA,NA,NA,NA,NA,NA,"perennial"
"RC09","REDWOOD CREEK",1,2017,NA,NA,"not_surveyed",NA,NA,NA,NA,NA,NA,"perennial"
"RC09","REDWOOD CREEK",1,2018,NA,NA,"not_surveyed",NA,NA,NA,NA,NA,NA,"perennial"
"RC09","REDWOOD CREEK",1,2019,NA,NA,"not_surveyed",NA,NA,NA,NA,NA,NA,"perennial"
"RC09","REDWOOD CREEK",1,2020,NA,NA,"not_surveyed",NA,NA,NA,NA,NA,NA,"perennial"
"RC09","REDWOOD CREEK",1,2021,NA,NA,"not_surveyed",NA,NA,NA,NA,NA,NA,"perennial"
"RC09","REDWOOD CREEK",1,2022,NA,NA,"not_surveyed",NA,NA,NA,NA,NA,NA,"perennial"
"RC09","REDWOOD CREEK",1,2023,NA,NA,"not_surveyed",NA,NA,NA,NA,NA,NA,"perennial"
"RC09","REDWOOD CREEK",1,2024,NA,NA,"not_surveyed",NA,NA,NA,NA,NA,NA,"perennial"
"RC09","REDWOOD CREEK",1,2025,NA,NA,"not_surveyed",NA,NA,NA,NA,NA,NA,"perennial"
"RC10","REDWOOD CREEK",1,1997,NA,NA,"not_surveyed",NA,NA,NA,NA,NA,NA,"seasonal"
"RC10","REDWOOD CREEK",1,1998,NA,NA,"not_surveyed",NA,NA,NA,NA,NA,NA,"seasonal"
"RC10","REDWOOD CREEK",1,1999,NA,NA,"not_surveyed",NA,NA,NA,NA,NA,NA,"seasonal"
"RC10","REDWOOD CREEK",1,2000,NA,NA,"not_surveyed",NA,NA,NA,NA,NA,NA,"seasonal"
"RC10","REDWOOD CREEK",1,2001,NA,NA,"not_surveyed",NA,NA,NA,NA,NA,NA,"seasonal"
"RC10","REDWOOD CREEK",1,2002,NA,NA,"not_surveyed",NA,NA,NA,NA,NA,NA,"seasonal"
"RC10","REDWOOD CREEK",1,2003,NA,NA,"not_surveyed",NA,NA,NA,NA,NA,NA,"seasonal"
"RC10","REDWOOD CREEK",1,2004,NA,NA,"not_surveyed",NA,NA,NA,NA,NA,NA,"seasonal"
"RC10","REDWOOD CREEK",1,2005,NA,NA,"not_surveyed",NA,NA,NA,NA,NA,NA,"seasonal"
"RC10","REDWOOD CREEK",1,2006,NA,NA,"not_surveyed",NA,NA,NA,NA,NA,NA,"seasonal"
"RC10","REDWOOD CREEK",1,2007,NA,NA,"not_surveyed",NA,NA,NA,NA,NA,NA,"seasonal"
"RC10","REDWOOD CREEK",1,2008,NA,NA,"not_surveyed",NA,NA,NA,NA,NA,NA,"seasonal"
"RC10","REDWOOD CREEK",1,2009,0,1,"surveyed_zero",NA,NA,NA,NA,NA,NA,"seasonal"
"RC10","REDWOOD CREEK",1,2010,0,4,"surveyed_zero",NA,NA,NA,NA,NA,NA,"seasonal"
"RC10","REDWOOD CREEK",1,2011,0,7,"surveyed_zero",5.98,5.98,5.98,5.98,NA,1,"seasonal"
"RC10","REDWOOD CREEK",1,2012,1,5,"surveyed_nonzero",5.31,5.7,4.6,5.18,5.7,4,"seasonal"
"RC10","REDWOOD CREEK",1,2013,2,6,"surveyed_nonzero",5.38,5.96,5.96,5.96,4.8,2,"seasonal"
"RC10","REDWOOD CREEK",1,2014,0,7,"surveyed_zero",5.91,5.91,NA,NA,5.91,1,"seasonal"
"RC10","REDWOOD CREEK",1,2015,0,5,"surveyed_zero",NA,NA,NA,NA,NA,NA,"seasonal"
"RC10","REDWOOD CREEK",1,2016,2,9,"surveyed_nonzero",5.42,5.9,5.3,5.59333333333333,4.9,4,"seasonal"
"RC10","REDWOOD CREEK",1,2017,4,11,"surveyed_nonzero",4.4,4.4,NA,NA,4.4,1,"seasonal"
"RC10","REDWOOD CREEK",1,2018,0,8,"surveyed_zero",3.18,3.18,NA,NA,3.18,1,"seasonal"
"RC10","REDWOOD CREEK",1,2019,2,6,"surveyed_nonzero",NA,NA,NA,NA,NA,NA,"seasonal"
"RC10","REDWOOD CREEK",1,2020,1,6,"surveyed_nonzero",NA,NA,NA,NA,NA,NA,"seasonal"
"RC10","REDWOOD CREEK",1,2021,1,8,"surveyed_nonzero",NA,NA,NA,NA,NA,NA,"seasonal"
"RC10","REDWOOD CREEK",1,2022,0,9,"surveyed_zero",NA,NA,NA,NA,NA,NA,"seasonal"
"RC10","REDWOOD CREEK",1,2023,9,13,"surveyed_nonzero",NA,NA,NA,NA,NA,NA,"seasonal"
"RC10","REDWOOD CREEK",1,2024,0,7,"surveyed_zero",NA,NA,NA,NA,NA,NA,"seasonal"
"RC10","REDWOOD CREEK",1,2025,0,1,"surveyed_zero",NA,NA,NA,NA,NA,NA,"seasonal"
"RC11","REDWOOD CREEK",1,1997,NA,NA,"not_surveyed",NA,NA,NA,NA,NA,NA,"seasonal"
"RC11","REDWOOD CREEK",1,1998,NA,NA,"not_surveyed",NA,NA,NA,NA,NA,NA,"seasonal"
"RC11","REDWOOD CREEK",1,1999,NA,NA,"not_surveyed",NA,NA,NA,NA,NA,NA,"seasonal"
"RC11","REDWOOD CREEK",1,2000,NA,NA,"not_surveyed",NA,NA,NA,NA,NA,NA,"seasonal"
"RC11","REDWOOD CREEK",1,2001,NA,NA,"not_surveyed",NA,NA,NA,NA,NA,NA,"seasonal"
"RC11","REDWOOD CREEK",1,2002,NA,NA,"not_surveyed",NA,NA,NA,NA,NA,NA,"seasonal"
"RC11","REDWOOD CREEK",1,2003,NA,NA,"not_surveyed",NA,NA,NA,NA,NA,NA,"seasonal"
"RC11","REDWOOD CREEK",1,2004,NA,NA,"not_surveyed",NA,NA,NA,NA,NA,NA,"seasonal"
"RC11","REDWOOD CREEK",1,2005,NA,NA,"not_surveyed",NA,NA,NA,NA,NA,NA,"seasonal"
"RC11","REDWOOD CREEK",1,2006,NA,NA,"not_surveyed",NA,NA,NA,NA,NA,NA,"seasonal"
"RC11","REDWOOD CREEK",1,2007,NA,NA,"not_surveyed",NA,NA,NA,NA,NA,NA,"seasonal"
"RC11","REDWOOD CREEK",1,2008,NA,NA,"not_surveyed",NA,NA,NA,NA,NA,NA,"seasonal"
"RC11","REDWOOD CREEK",1,2009,NA,NA,"not_surveyed",NA,NA,NA,NA,NA,NA,"seasonal"
"RC11","REDWOOD CREEK",1,2010,NA,NA,"not_surveyed",NA,NA,NA,NA,NA,NA,"seasonal"
"RC11","REDWOOD CREEK",1,2011,0,2,"surveyed_zero",NA,NA,NA,NA,NA,NA,"seasonal"
"RC11","REDWOOD CREEK",1,2012,0,5,"surveyed_zero",NA,NA,NA,NA,NA,NA,"seasonal"
"RC11","REDWOOD CREEK",1,2013,0,5,"surveyed_zero",NA,NA,NA,NA,NA,NA,"seasonal"
"RC11","REDWOOD CREEK",1,2014,0,6,"surveyed_zero",NA,NA,NA,NA,NA,NA,"seasonal"
"RC11","REDWOOD CREEK",1,2015,5,9,"surveyed_nonzero",2.1,2.1,NA,NA,2.1,1,"seasonal"
"RC11","REDWOOD CREEK",1,2016,9,18,"surveyed_nonzero",NA,NA,NA,NA,NA,NA,"seasonal"
"RC11","REDWOOD CREEK",1,2017,8,18,"surveyed_nonzero",0,0,0,0,NA,1,"seasonal"
"RC11","REDWOOD CREEK",1,2018,1,5,"surveyed_nonzero",0,0,0,0,NA,1,"seasonal"
"RC11","REDWOOD CREEK",1,2019,12,17,"surveyed_nonzero",NA,NA,NA,NA,NA,NA,"seasonal"
"RC11","REDWOOD CREEK",1,2020,22,32,"surveyed_nonzero",NA,NA,NA,NA,NA,NA,"seasonal"
"RC11","REDWOOD CREEK",1,2021,2,10,"surveyed_nonzero",NA,NA,NA,NA,NA,NA,"seasonal"
"RC11","REDWOOD CREEK",1,2022,17,22,"surveyed_nonzero",NA,NA,NA,NA,NA,NA,"seasonal"
"RC11","REDWOOD CREEK",1,2023,3,6,"surveyed_nonzero",NA,NA,NA,NA,NA,NA,"seasonal"
"RC11","REDWOOD CREEK",1,2024,1,7,"surveyed_nonzero",NA,NA,NA,NA,NA,NA,"seasonal"
"RC11","REDWOOD CREEK",1,2025,5,5,"surveyed_nonzero",NA,NA,NA,NA,NA,NA,"seasonal"
"RC12","REDWOOD CREEK",1,1997,NA,NA,"not_surveyed",NA,NA,NA,NA,NA,NA,"seasonal"
"RC12","REDWOOD CREEK",1,1998,NA,NA,"not_surveyed",NA,NA,NA,NA,NA,NA,"seasonal"
"RC12","REDWOOD CREEK",1,1999,NA,NA,"not_surveyed",NA,NA,NA,NA,NA,NA,"seasonal"
"RC12","REDWOOD CREEK",1,2000,NA,NA,"not_surveyed",NA,NA,NA,NA,NA,NA,"seasonal"
"RC12","REDWOOD CREEK",1,2001,NA,NA,"not_surveyed",NA,NA,NA,NA,NA,NA,"seasonal"
"RC12","REDWOOD CREEK",1,2002,NA,NA,"not_surveyed",NA,NA,NA,NA,NA,NA,"seasonal"
"RC12","REDWOOD CREEK",1,2003,NA,NA,"not_surveyed",NA,NA,NA,NA,NA,NA,"seasonal"
"RC12","REDWOOD CREEK",1,2004,NA,NA,"not_surveyed",NA,NA,NA,NA,NA,NA,"seasonal"
"RC12","REDWOOD CREEK",1,2005,NA,NA,"not_surveyed",NA,NA,NA,NA,NA,NA,"seasonal"
"RC12","REDWOOD CREEK",1,2006,NA,NA,"not_surveyed",NA,NA,NA,NA,NA,NA,"seasonal"
"RC12","REDWOOD CREEK",1,2007,NA,NA,"not_surveyed",NA,NA,NA,NA,NA,NA,"seasonal"
"RC12","REDWOOD CREEK",1,2008,NA,NA,"not_surveyed",NA,NA,NA,NA,NA,NA,"seasonal"
"RC12","REDWOOD CREEK",1,2009,NA,NA,"not_surveyed",NA,NA,NA,NA,NA,NA,"seasonal"
"RC12","REDWOOD CREEK",1,2010,NA,NA,"not_surveyed",NA,NA,NA,NA,NA,NA,"seasonal"
"RC12","REDWOOD CREEK",1,2011,0,3,"surveyed_zero",NA,NA,NA,NA,NA,NA,"seasonal"
"RC12","REDWOOD CREEK",1,2012,NA,NA,"not_surveyed",NA,NA,NA,NA,NA,NA,"seasonal"
"RC12","REDWOOD CREEK",1,2013,NA,NA,"not_surveyed",NA,NA,NA,NA,NA,NA,"seasonal"
"RC12","REDWOOD CREEK",1,2014,NA,NA,"not_surveyed",NA,NA,NA,NA,NA,NA,"seasonal"
"RC12","REDWOOD CREEK",1,2015,NA,NA,"not_surveyed",NA,NA,NA,NA,NA,NA,"seasonal"
"RC12","REDWOOD CREEK",1,2016,NA,NA,"not_surveyed",NA,NA,NA,NA,NA,NA,"seasonal"
"RC12","REDWOOD CREEK",1,2017,NA,NA,"not_surveyed",NA,NA,NA,NA,NA,NA,"seasonal"
"RC12","REDWOOD CREEK",1,2018,NA,NA,"not_surveyed",NA,NA,NA,NA,NA,NA,"seasonal"
"RC12","REDWOOD CREEK",1,2019,NA,NA,"not_surveyed",NA,NA,NA,NA,NA,NA,"seasonal"
"RC12","REDWOOD CREEK",1,2020,NA,NA,"not_surveyed",NA,NA,NA,NA,NA,NA,"seasonal"
"RC12","REDWOOD CREEK",1,2021,NA,NA,"not_surveyed",NA,NA,NA,NA,NA,NA,"seasonal"
"RC12","REDWOOD CREEK",1,2022,NA,NA,"not_surveyed",NA,NA,NA,NA,NA,NA,"seasonal"
"RC12","REDWOOD CREEK",1,2023,NA,NA,"not_surveyed",NA,NA,NA,NA,NA,NA,"seasonal"
"RC12","REDWOOD CREEK",1,2024,NA,NA,"not_surveyed",NA,NA,NA,NA,NA,NA,"seasonal"
"RC12","REDWOOD CREEK",1,2025,NA,NA,"not_surveyed",NA,NA,NA,NA,NA,NA,"seasonal"
"RC13","REDWOOD CREEK",1,1997,NA,NA,"not_surveyed",NA,NA,NA,NA,NA,NA,"perennial"
"RC13","REDWOOD CREEK",1,1998,NA,NA,"not_surveyed",NA,NA,NA,NA,NA,NA,"perennial"
"RC13","REDWOOD CREEK",1,1999,NA,NA,"not_surveyed",NA,NA,NA,NA,NA,NA,"perennial"
"RC13","REDWOOD CREEK",1,2000,NA,NA,"not_surveyed",NA,NA,NA,NA,NA,NA,"perennial"
"RC13","REDWOOD CREEK",1,2001,NA,NA,"not_surveyed",NA,NA,NA,NA,NA,NA,"perennial"
"RC13","REDWOOD CREEK",1,2002,NA,NA,"not_surveyed",NA,NA,NA,NA,NA,NA,"perennial"
"RC13","REDWOOD CREEK",1,2003,NA,NA,"not_surveyed",NA,NA,NA,NA,NA,NA,"perennial"
"RC13","REDWOOD CREEK",1,2004,NA,NA,"not_surveyed",NA,NA,NA,NA,NA,NA,"perennial"
"RC13","REDWOOD CREEK",1,2005,NA,NA,"not_surveyed",NA,NA,NA,NA,NA,NA,"perennial"
"RC13","REDWOOD CREEK",1,2006,NA,NA,"not_surveyed",NA,NA,NA,NA,NA,NA,"perennial"
"RC13","REDWOOD CREEK",1,2007,NA,NA,"not_surveyed",NA,NA,NA,NA,NA,NA,"perennial"
"RC13","REDWOOD CREEK",1,2008,NA,NA,"not_surveyed",NA,NA,NA,NA,NA,NA,"perennial"
"RC13","REDWOOD CREEK",1,2009,NA,NA,"not_surveyed",NA,NA,NA,NA,NA,NA,"perennial"
"RC13","REDWOOD CREEK",1,2010,NA,NA,"not_surveyed",NA,NA,NA,NA,NA,NA,"perennial"
"RC13","REDWOOD CREEK",1,2011,NA,NA,"not_surveyed",NA,NA,NA,NA,NA,NA,"perennial"
"RC13","REDWOOD CREEK",1,2012,0,3,"surveyed_zero",2.59,2.7,2.48,2.59,NA,2,"perennial"
"RC13","REDWOOD CREEK",1,2013,0,4,"surveyed_zero",2.51,2.68,2.68,2.52666666666667,2.46,4,"perennial"
"RC13","REDWOOD CREEK",1,2014,1,6,"surveyed_nonzero",2.9625,3.25,2.7,2.9625,NA,4,"perennial"
"RC13","REDWOOD CREEK",1,2015,0,5,"surveyed_zero",2.7,2.7,2.7,2.7,NA,1,"perennial"
"RC13","REDWOOD CREEK",1,2016,0,8,"surveyed_zero",2.67428571428571,2.9,2.6,2.648,2.74,7,"perennial"
"RC13","REDWOOD CREEK",1,2017,11,19,"surveyed_nonzero",2.842,3.05,3.05,2.9275,2.5,5,"perennial"
"RC13","REDWOOD CREEK",1,2018,3,9,"surveyed_nonzero",2.21333333333333,2.9,2.9,1.45,2.595,6,"perennial"
"RC13","REDWOOD CREEK",1,2019,4,7,"surveyed_nonzero",NA,NA,NA,NA,NA,NA,"perennial"
"RC13","REDWOOD CREEK",1,2020,0,7,"surveyed_zero",NA,NA,NA,NA,NA,NA,"perennial"
"RC13","REDWOOD CREEK",1,2021,0,5,"surveyed_zero",0,0,0,0,NA,1,"perennial"
"RC13","REDWOOD CREEK",1,2022,2,9,"surveyed_nonzero",NA,NA,NA,NA,NA,NA,"perennial"
"RC13","REDWOOD CREEK",1,2023,5,7,"surveyed_nonzero",NA,NA,NA,NA,NA,NA,"perennial"
"RC13","REDWOOD CREEK",1,2024,1,7,"surveyed_nonzero",2.96,3,2.9,2.96,NA,4,"perennial"
"RC13","REDWOOD CREEK",1,2025,0,2,"surveyed_zero",2.86,3,2.9,2.86,NA,5,"perennial"
"RC14","REDWOOD CREEK",1,1997,NA,NA,"not_surveyed",NA,NA,NA,NA,NA,NA,"perennial"
"RC14","REDWOOD CREEK",1,1998,0,1,"surveyed_zero",NA,NA,NA,NA,NA,NA,"perennial"
"RC14","REDWOOD CREEK",1,1999,NA,NA,"not_surveyed",NA,NA,NA,NA,NA,NA,"perennial"
"RC14","REDWOOD CREEK",1,2000,NA,NA,"not_surveyed",NA,NA,NA,NA,NA,NA,"perennial"
"RC14","REDWOOD CREEK",1,2001,NA,NA,"not_surveyed",NA,NA,NA,NA,NA,NA,"perennial"
"RC14","REDWOOD CREEK",1,2002,NA,NA,"not_surveyed",NA,NA,NA,NA,NA,NA,"perennial"
"RC14","REDWOOD CREEK",1,2003,NA,NA,"not_surveyed",NA,NA,NA,NA,NA,NA,"perennial"
"RC14","REDWOOD CREEK",1,2004,NA,NA,"not_surveyed",NA,NA,NA,NA,NA,NA,"perennial"
"RC14","REDWOOD CREEK",1,2005,NA,NA,"not_surveyed",NA,NA,NA,NA,NA,NA,"perennial"
"RC14","REDWOOD CREEK",1,2006,NA,NA,"not_surveyed",NA,NA,NA,NA,NA,NA,"perennial"
"RC14","REDWOOD CREEK",1,2007,NA,NA,"not_surveyed",NA,NA,NA,NA,NA,NA,"perennial"
"RC14","REDWOOD CREEK",1,2008,NA,NA,"not_surveyed",NA,NA,NA,NA,NA,NA,"perennial"
"RC14","REDWOOD CREEK",1,2009,NA,NA,"not_surveyed",NA,NA,NA,NA,NA,NA,"perennial"
"RC14","REDWOOD CREEK",1,2010,NA,NA,"not_surveyed",NA,NA,NA,NA,NA,NA,"perennial"
"RC14","REDWOOD CREEK",1,2011,NA,NA,"not_surveyed",NA,NA,NA,NA,NA,NA,"perennial"
"RC14","REDWOOD CREEK",1,2012,NA,NA,"not_surveyed",NA,NA,NA,NA,NA,NA,"perennial"
"RC14","REDWOOD CREEK",1,2013,0,3,"surveyed_zero",NA,NA,NA,NA,NA,NA,"perennial"
"RC14","REDWOOD CREEK",1,2014,3,8,"surveyed_nonzero",NA,NA,NA,NA,NA,NA,"perennial"
"RC14","REDWOOD CREEK",1,2015,2,5,"surveyed_nonzero",NA,NA,NA,NA,NA,NA,"perennial"
"RC14","REDWOOD CREEK",1,2016,0,8,"surveyed_zero",NA,NA,NA,NA,NA,NA,"perennial"
"RC14","REDWOOD CREEK",1,2017,0,7,"surveyed_zero",NA,NA,NA,NA,NA,NA,"perennial"
"RC14","REDWOOD CREEK",1,2018,1,9,"surveyed_nonzero",NA,NA,NA,NA,NA,NA,"perennial"
"RC14","REDWOOD CREEK",1,2019,0,5,"surveyed_zero",NA,NA,NA,NA,NA,NA,"perennial"
"RC14","REDWOOD CREEK",1,2020,0,6,"surveyed_zero",NA,NA,NA,NA,NA,NA,"perennial"
"RC14","REDWOOD CREEK",1,2021,0,6,"surveyed_zero",0,0,0,0,NA,1,"perennial"
"RC14","REDWOOD CREEK",1,2022,0,9,"surveyed_zero",NA,NA,NA,NA,NA,NA,"perennial"
"RC14","REDWOOD CREEK",1,2023,0,5,"surveyed_zero",NA,NA,NA,NA,NA,NA,"perennial"
"RC14","REDWOOD CREEK",1,2024,0,6,"surveyed_zero",NA,NA,NA,NA,NA,NA,"perennial"
"RC14","REDWOOD CREEK",1,2025,0,1,"surveyed_zero",NA,NA,NA,NA,NA,NA,"perennial"
"RC15","REDWOOD CREEK",1,1997,NA,NA,"not_surveyed",NA,NA,NA,NA,NA,NA,"seasonal"
"RC15","REDWOOD CREEK",1,1998,NA,NA,"not_surveyed",NA,NA,NA,NA,NA,NA,"seasonal"
"RC15","REDWOOD CREEK",1,1999,NA,NA,"not_surveyed",NA,NA,NA,NA,NA,NA,"seasonal"
"RC15","REDWOOD CREEK",1,2000,NA,NA,"not_surveyed",NA,NA,NA,NA,NA,NA,"seasonal"
"RC15","REDWOOD CREEK",1,2001,NA,NA,"not_surveyed",NA,NA,NA,NA,NA,NA,"seasonal"
"RC15","REDWOOD CREEK",1,2002,NA,NA,"not_surveyed",NA,NA,NA,NA,NA,NA,"seasonal"
"RC15","REDWOOD CREEK",1,2003,NA,NA,"not_surveyed",NA,NA,NA,NA,NA,NA,"seasonal"
"RC15","REDWOOD CREEK",1,2004,NA,NA,"not_surveyed",NA,NA,NA,NA,NA,NA,"seasonal"
"RC15","REDWOOD CREEK",1,2005,NA,NA,"not_surveyed",NA,NA,NA,NA,NA,NA,"seasonal"
"RC15","REDWOOD CREEK",1,2006,NA,NA,"not_surveyed",NA,NA,NA,NA,NA,NA,"seasonal"
"RC15","REDWOOD CREEK",1,2007,NA,NA,"not_surveyed",NA,NA,NA,NA,NA,NA,"seasonal"
"RC15","REDWOOD CREEK",1,2008,NA,NA,"not_surveyed",NA,NA,NA,NA,NA,NA,"seasonal"
"RC15","REDWOOD CREEK",1,2009,NA,NA,"not_surveyed",NA,NA,NA,NA,NA,NA,"seasonal"
"RC15","REDWOOD CREEK",1,2010,NA,NA,"not_surveyed",NA,NA,NA,NA,NA,NA,"seasonal"
"RC15","REDWOOD CREEK",1,2011,NA,NA,"not_surveyed",NA,NA,NA,NA,NA,NA,"seasonal"
"RC15","REDWOOD CREEK",1,2012,NA,NA,"not_surveyed",NA,NA,NA,NA,NA,NA,"seasonal"
"RC15","REDWOOD CREEK",1,2013,0,1,"surveyed_zero",NA,NA,NA,NA,NA,NA,"seasonal"
"RC15","REDWOOD CREEK",1,2014,0,2,"surveyed_zero",NA,NA,NA,NA,NA,NA,"seasonal"
"RC15","REDWOOD CREEK",1,2015,0,3,"surveyed_zero",NA,NA,NA,NA,NA,NA,"seasonal"
"RC15","REDWOOD CREEK",1,2016,1,9,"surveyed_nonzero",NA,NA,NA,NA,NA,NA,"seasonal"
"RC15","REDWOOD CREEK",1,2017,16,26,"surveyed_nonzero",NA,NA,NA,NA,NA,NA,"seasonal"
"RC15","REDWOOD CREEK",1,2018,4,8,"surveyed_nonzero",NA,NA,NA,NA,NA,NA,"seasonal"
"RC15","REDWOOD CREEK",1,2019,4,8,"surveyed_nonzero",NA,NA,NA,NA,NA,NA,"seasonal"
"RC15","REDWOOD CREEK",1,2020,37,21,"surveyed_nonzero",NA,NA,NA,NA,NA,NA,"seasonal"
"RC15","REDWOOD CREEK",1,2021,0,7,"surveyed_zero",0,0,0,0,NA,2,"seasonal"
"RC15","REDWOOD CREEK",1,2022,11,14,"surveyed_nonzero",NA,NA,NA,NA,NA,NA,"seasonal"
"RC15","REDWOOD CREEK",1,2023,36,36,"surveyed_nonzero",NA,NA,NA,NA,NA,NA,"seasonal"
"RC15","REDWOOD CREEK",1,2024,27,23,"surveyed_nonzero",NA,NA,NA,NA,NA,NA,"seasonal"
"RC15","REDWOOD CREEK",1,2025,7,7,"surveyed_nonzero",NA,NA,NA,NA,NA,NA,"seasonal"
"RC16","REDWOOD CREEK",1,1997,NA,NA,"not_surveyed",NA,NA,NA,NA,NA,NA,"seasonal"
"RC16","REDWOOD CREEK",1,1998,NA,NA,"not_surveyed",NA,NA,NA,NA,NA,NA,"seasonal"
"RC16","REDWOOD CREEK",1,1999,NA,NA,"not_surveyed",NA,NA,NA,NA,NA,NA,"seasonal"
"RC16","REDWOOD CREEK",1,2000,NA,NA,"not_surveyed",NA,NA,NA,NA,NA,NA,"seasonal"
"RC16","REDWOOD CREEK",1,2001,NA,NA,"not_surveyed",NA,NA,NA,NA,NA,NA,"seasonal"
"RC16","REDWOOD CREEK",1,2002,NA,NA,"not_surveyed",NA,NA,NA,NA,NA,NA,"seasonal"
"RC16","REDWOOD CREEK",1,2003,NA,NA,"not_surveyed",NA,NA,NA,NA,NA,NA,"seasonal"
"RC16","REDWOOD CREEK",1,2004,NA,NA,"not_surveyed",NA,NA,NA,NA,NA,NA,"seasonal"
"RC16","REDWOOD CREEK",1,2005,NA,NA,"not_surveyed",NA,NA,NA,NA,NA,NA,"seasonal"
"RC16","REDWOOD CREEK",1,2006,NA,NA,"not_surveyed",NA,NA,NA,NA,NA,NA,"seasonal"
"RC16","REDWOOD CREEK",1,2007,NA,NA,"not_surveyed",NA,NA,NA,NA,NA,NA,"seasonal"
"RC16","REDWOOD CREEK",1,2008,NA,NA,"not_surveyed",NA,NA,NA,NA,NA,NA,"seasonal"
"RC16","REDWOOD CREEK",1,2009,NA,NA,"not_surveyed",NA,NA,NA,NA,NA,NA,"seasonal"
"RC16","REDWOOD CREEK",1,2010,NA,NA,"not_surveyed",NA,NA,NA,NA,NA,NA,"seasonal"
"RC16","REDWOOD CREEK",1,2011,NA,NA,"not_surveyed",NA,NA,NA,NA,NA,NA,"seasonal"
"RC16","REDWOOD CREEK",1,2012,NA,NA,"not_surveyed",NA,NA,NA,NA,NA,NA,"seasonal"
"RC16","REDWOOD CREEK",1,2013,NA,NA,"not_surveyed",NA,NA,NA,NA,NA,NA,"seasonal"
"RC16","REDWOOD CREEK",1,2014,0,1,"surveyed_zero",NA,NA,NA,NA,NA,NA,"seasonal"
"RC16","REDWOOD CREEK",1,2015,0,4,"surveyed_zero",NA,NA,NA,NA,NA,NA,"seasonal"
"RC16","REDWOOD CREEK",1,2016,0,5,"surveyed_zero",NA,NA,NA,NA,NA,NA,"seasonal"
"RC16","REDWOOD CREEK",1,2017,0,7,"surveyed_zero",NA,NA,NA,NA,NA,NA,"seasonal"
"RC16","REDWOOD CREEK",1,2018,NA,NA,"not_surveyed",NA,NA,NA,NA,NA,NA,"seasonal"
"RC16","REDWOOD CREEK",1,2019,NA,NA,"not_surveyed",NA,NA,NA,NA,NA,NA,"seasonal"
"RC16","REDWOOD CREEK",1,2020,NA,NA,"not_surveyed",NA,NA,NA,NA,NA,NA,"seasonal"
"RC16","REDWOOD CREEK",1,2021,NA,NA,"not_surveyed",NA,NA,NA,NA,NA,NA,"seasonal"
"RC16","REDWOOD CREEK",1,2022,NA,NA,"not_surveyed",NA,NA,NA,NA,NA,NA,"seasonal"
"RC16","REDWOOD CREEK",1,2023,NA,NA,"not_surveyed",NA,NA,NA,NA,NA,NA,"seasonal"
"RC16","REDWOOD CREEK",1,2024,NA,NA,"not_surveyed",NA,NA,NA,NA,NA,NA,"seasonal"
"RC16","REDWOOD CREEK",1,2025,NA,NA,"not_surveyed",NA,NA,NA,NA,NA,NA,"seasonal"
"RC17","REDWOOD CREEK",1,1997,NA,NA,"not_surveyed",NA,NA,NA,NA,NA,NA,"seasonal"
"RC17","REDWOOD CREEK",1,1998,NA,NA,"not_surveyed",NA,NA,NA,NA,NA,NA,"seasonal"
"RC17","REDWOOD CREEK",1,1999,NA,NA,"not_surveyed",NA,NA,NA,NA,NA,NA,"seasonal"
"RC17","REDWOOD CREEK",1,2000,NA,NA,"not_surveyed",NA,NA,NA,NA,NA,NA,"seasonal"
"RC17","REDWOOD CREEK",1,2001,0,1,"surveyed_zero",0,0,0,0,NA,1,"seasonal"
"RC17","REDWOOD CREEK",1,2002,NA,NA,"not_surveyed",NA,NA,NA,NA,NA,NA,"seasonal"
"RC17","REDWOOD CREEK",1,2003,NA,NA,"not_surveyed",NA,NA,NA,NA,NA,NA,"seasonal"
"RC17","REDWOOD CREEK",1,2004,NA,NA,"not_surveyed",NA,NA,NA,NA,NA,NA,"seasonal"
"RC17","REDWOOD CREEK",1,2005,NA,NA,"not_surveyed",NA,NA,NA,NA,NA,NA,"seasonal"
"RC17","REDWOOD CREEK",1,2006,NA,NA,"not_surveyed",NA,NA,NA,NA,NA,NA,"seasonal"
"RC17","REDWOOD CREEK",1,2007,NA,NA,"not_surveyed",NA,NA,NA,NA,NA,NA,"seasonal"
"RC17","REDWOOD CREEK",1,2008,NA,NA,"not_surveyed",NA,NA,NA,NA,NA,NA,"seasonal"
"RC17","REDWOOD CREEK",1,2009,NA,NA,"not_surveyed",NA,NA,NA,NA,NA,NA,"seasonal"
"RC17","REDWOOD CREEK",1,2010,NA,NA,"not_surveyed",NA,NA,NA,NA,NA,NA,"seasonal"
"RC17","REDWOOD CREEK",1,2011,NA,NA,"not_surveyed",NA,NA,NA,NA,NA,NA,"seasonal"
"RC17","REDWOOD CREEK",1,2012,NA,NA,"not_surveyed",NA,NA,NA,NA,NA,NA,"seasonal"
"RC17","REDWOOD CREEK",1,2013,NA,NA,"not_surveyed",NA,NA,NA,NA,NA,NA,"seasonal"
"RC17","REDWOOD CREEK",1,2014,NA,NA,"not_surveyed",NA,NA,NA,NA,NA,NA,"seasonal"
"RC17","REDWOOD CREEK",1,2015,NA,NA,"not_surveyed",NA,NA,NA,NA,NA,NA,"seasonal"
"RC17","REDWOOD CREEK",1,2016,NA,NA,"not_surveyed",NA,NA,NA,NA,NA,NA,"seasonal"
"RC17","REDWOOD CREEK",1,2017,NA,NA,"not_surveyed",NA,NA,NA,NA,NA,NA,"seasonal"
"RC17","REDWOOD CREEK",1,2018,0,2,"surveyed_zero",NA,NA,NA,NA,NA,NA,"seasonal"
"RC17","REDWOOD CREEK",1,2019,0,3,"surveyed_zero",NA,NA,NA,NA,NA,NA,"seasonal"
"RC17","REDWOOD CREEK",1,2020,0,5,"surveyed_zero",NA,NA,NA,NA,NA,NA,"seasonal"
"RC17","REDWOOD CREEK",1,2021,0,2,"surveyed_zero",NA,NA,NA,NA,NA,NA,"seasonal"
"RC17","REDWOOD CREEK",1,2022,0,3,"surveyed_zero",NA,NA,NA,NA,NA,NA,"seasonal"
"RC17","REDWOOD CREEK",1,2023,0,1,"surveyed_zero",NA,NA,NA,NA,NA,NA,"seasonal"
"RC17","REDWOOD CREEK",1,2024,0,2,"surveyed_zero",NA,NA,NA,NA,NA,NA,"seasonal"
"RC17","REDWOOD CREEK",1,2025,NA,NA,"not_surveyed",NA,NA,NA,NA,NA,NA,"seasonal"
"RC18","REDWOOD CREEK",1,1997,NA,NA,"not_surveyed",NA,NA,NA,NA,NA,NA,"perennial"
"RC18","REDWOOD CREEK",1,1998,NA,NA,"not_surveyed",NA,NA,NA,NA,NA,NA,"perennial"
"RC18","REDWOOD CREEK",1,1999,NA,NA,"not_surveyed",NA,NA,NA,NA,NA,NA,"perennial"
"RC18","REDWOOD CREEK",1,2000,NA,NA,"not_surveyed",NA,NA,NA,NA,NA,NA,"perennial"
"RC18","REDWOOD CREEK",1,2001,NA,NA,"not_surveyed",NA,NA,NA,NA,NA,NA,"perennial"
"RC18","REDWOOD CREEK",1,2002,NA,NA,"not_surveyed",NA,NA,NA,NA,NA,NA,"perennial"
"RC18","REDWOOD CREEK",1,2003,NA,NA,"not_surveyed",NA,NA,NA,NA,NA,NA,"perennial"
"RC18","REDWOOD CREEK",1,2004,NA,NA,"not_surveyed",NA,NA,NA,NA,NA,NA,"perennial"
"RC18","REDWOOD CREEK",1,2005,NA,NA,"not_surveyed",NA,NA,NA,NA,NA,NA,"perennial"
"RC18","REDWOOD CREEK",1,2006,NA,NA,"not_surveyed",NA,NA,NA,NA,NA,NA,"perennial"
"RC18","REDWOOD CREEK",1,2007,NA,NA,"not_surveyed",NA,NA,NA,NA,NA,NA,"perennial"
"RC18","REDWOOD CREEK",1,2008,NA,NA,"not_surveyed",NA,NA,NA,NA,NA,NA,"perennial"
"RC18","REDWOOD CREEK",1,2009,NA,NA,"not_surveyed",NA,NA,NA,NA,NA,NA,"perennial"
"RC18","REDWOOD CREEK",1,2010,NA,NA,"not_surveyed",NA,NA,NA,NA,NA,NA,"perennial"
"RC18","REDWOOD CREEK",1,2011,NA,NA,"not_surveyed",NA,NA,NA,NA,NA,NA,"perennial"
"RC18","REDWOOD CREEK",1,2012,NA,NA,"not_surveyed",NA,NA,NA,NA,NA,NA,"perennial"
"RC18","REDWOOD CREEK",1,2013,NA,NA,"not_surveyed",NA,NA,NA,NA,NA,NA,"perennial"
"RC18","REDWOOD CREEK",1,2014,0,1,"surveyed_zero",0,0,0,0,NA,1,"perennial"
"RC18","REDWOOD CREEK",1,2015,NA,NA,"not_surveyed",NA,NA,NA,NA,NA,NA,"perennial"
"RC18","REDWOOD CREEK",1,2016,0,1,"surveyed_zero",NA,NA,NA,NA,NA,NA,"perennial"
"RC18","REDWOOD CREEK",1,2017,0,6,"surveyed_zero",NA,NA,NA,NA,NA,NA,"perennial"
"RC18","REDWOOD CREEK",1,2018,0,1,"surveyed_zero",NA,NA,NA,NA,NA,NA,"perennial"
"RC18","REDWOOD CREEK",1,2019,0,1,"surveyed_zero",NA,NA,NA,NA,NA,NA,"perennial"
"RC18","REDWOOD CREEK",1,2020,0,1,"surveyed_zero",NA,NA,NA,NA,NA,NA,"perennial"
"RC18","REDWOOD CREEK",1,2021,0,1,"surveyed_zero",NA,NA,NA,NA,NA,NA,"perennial"
"RC18","REDWOOD CREEK",1,2022,NA,NA,"not_surveyed",NA,NA,NA,NA,NA,NA,"perennial"
"RC18","REDWOOD CREEK",1,2023,NA,NA,"not_surveyed",NA,NA,NA,NA,NA,NA,"perennial"
"RC18","REDWOOD CREEK",1,2024,NA,NA,"not_surveyed",NA,NA,NA,NA,NA,NA,"perennial"
"RC18","REDWOOD CREEK",1,2025,NA,NA,"not_surveyed",NA,NA,NA,NA,NA,NA,"perennial"
"RC19","REDWOOD CREEK",1,1997,NA,NA,"not_surveyed",NA,NA,NA,NA,NA,NA,"seasonal"
"RC19","REDWOOD CREEK",1,1998,NA,NA,"not_surveyed",NA,NA,NA,NA,NA,NA,"seasonal"
"RC19","REDWOOD CREEK",1,1999,NA,NA,"not_surveyed",NA,NA,NA,NA,NA,NA,"seasonal"
"RC19","REDWOOD CREEK",1,2000,NA,NA,"not_surveyed",NA,NA,NA,NA,NA,NA,"seasonal"
"RC19","REDWOOD CREEK",1,2001,NA,NA,"not_surveyed",NA,NA,NA,NA,NA,NA,"seasonal"
"RC19","REDWOOD CREEK",1,2002,NA,NA,"not_surveyed",NA,NA,NA,NA,NA,NA,"seasonal"
"RC19","REDWOOD CREEK",1,2003,NA,NA,"not_surveyed",NA,NA,NA,NA,NA,NA,"seasonal"
"RC19","REDWOOD CREEK",1,2004,NA,NA,"not_surveyed",NA,NA,NA,NA,NA,NA,"seasonal"
"RC19","REDWOOD CREEK",1,2005,NA,NA,"not_surveyed",NA,NA,NA,NA,NA,NA,"seasonal"
"RC19","REDWOOD CREEK",1,2006,NA,NA,"not_surveyed",NA,NA,NA,NA,NA,NA,"seasonal"
"RC19","REDWOOD CREEK",1,2007,NA,NA,"not_surveyed",NA,NA,NA,NA,NA,NA,"seasonal"
"RC19","REDWOOD CREEK",1,2008,NA,NA,"not_surveyed",NA,NA,NA,NA,NA,NA,"seasonal"
"RC19","REDWOOD CREEK",1,2009,NA,NA,"not_surveyed",NA,NA,NA,NA,NA,NA,"seasonal"
"RC19","REDWOOD CREEK",1,2010,NA,NA,"not_surveyed",NA,NA,NA,NA,NA,NA,"seasonal"
"RC19","REDWOOD CREEK",1,2011,NA,NA,"not_surveyed",NA,NA,NA,NA,NA,NA,"seasonal"
"RC19","REDWOOD CREEK",1,2012,NA,NA,"not_surveyed",NA,NA,NA,NA,NA,NA,"seasonal"
"RC19","REDWOOD CREEK",1,2013,NA,NA,"not_surveyed",NA,NA,NA,NA,NA,NA,"seasonal"
"RC19","REDWOOD CREEK",1,2014,NA,NA,"not_surveyed",NA,NA,NA,NA,NA,NA,"seasonal"
"RC19","REDWOOD CREEK",1,2015,0,2,"surveyed_zero",NA,NA,NA,NA,NA,NA,"seasonal"
"RC19","REDWOOD CREEK",1,2016,0,1,"surveyed_zero",NA,NA,NA,NA,NA,NA,"seasonal"
"RC19","REDWOOD CREEK",1,2017,NA,NA,"not_surveyed",NA,NA,NA,NA,NA,NA,"seasonal"
"RC19","REDWOOD CREEK",1,2018,NA,NA,"not_surveyed",NA,NA,NA,NA,NA,NA,"seasonal"
"RC19","REDWOOD CREEK",1,2019,NA,NA,"not_surveyed",NA,NA,NA,NA,NA,NA,"seasonal"
"RC19","REDWOOD CREEK",1,2020,NA,NA,"not_surveyed",NA,NA,NA,NA,NA,NA,"seasonal"
"RC19","REDWOOD CREEK",1,2021,NA,NA,"not_surveyed",NA,NA,NA,NA,NA,NA,"seasonal"
"RC19","REDWOOD CREEK",1,2022,0,1,"surveyed_zero",NA,NA,NA,NA,NA,NA,"seasonal"
"RC19","REDWOOD CREEK",1,2023,NA,NA,"not_surveyed",NA,NA,NA,NA,NA,NA,"seasonal"
"RC19","REDWOOD CREEK",1,2024,NA,NA,"not_surveyed",NA,NA,NA,NA,NA,NA,"seasonal"
"RC19","REDWOOD CREEK",1,2025,NA,NA,"not_surveyed",NA,NA,NA,NA,NA,NA,"seasonal"
"RC20","REDWOOD CREEK",1,1997,NA,NA,"not_surveyed",NA,NA,NA,NA,NA,NA,"perennial"
"RC20","REDWOOD CREEK",1,1998,NA,NA,"not_surveyed",NA,NA,NA,NA,NA,NA,"perennial"
"RC20","REDWOOD CREEK",1,1999,NA,NA,"not_surveyed",NA,NA,NA,NA,NA,NA,"perennial"
"RC20","REDWOOD CREEK",1,2000,NA,NA,"not_surveyed",NA,NA,NA,NA,NA,NA,"perennial"
"RC20","REDWOOD CREEK",1,2001,NA,NA,"not_surveyed",NA,NA,NA,NA,NA,NA,"perennial"
"RC20","REDWOOD CREEK",1,2002,NA,NA,"not_surveyed",NA,NA,NA,NA,NA,NA,"perennial"
"RC20","REDWOOD CREEK",1,2003,NA,NA,"not_surveyed",NA,NA,NA,NA,NA,NA,"perennial"
"RC20","REDWOOD CREEK",1,2004,NA,NA,"not_surveyed",NA,NA,NA,NA,NA,NA,"perennial"
"RC20","REDWOOD CREEK",1,2005,NA,NA,"not_surveyed",NA,NA,NA,NA,NA,NA,"perennial"
"RC20","REDWOOD CREEK",1,2006,NA,NA,"not_surveyed",NA,NA,NA,NA,NA,NA,"perennial"
"RC20","REDWOOD CREEK",1,2007,NA,NA,"not_surveyed",NA,NA,NA,NA,NA,NA,"perennial"
"RC20","REDWOOD CREEK",1,2008,NA,NA,"not_surveyed",NA,NA,NA,NA,NA,NA,"perennial"
"RC20","REDWOOD CREEK",1,2009,NA,NA,"not_surveyed",NA,NA,NA,NA,NA,NA,"perennial"
"RC20","REDWOOD CREEK",1,2010,NA,NA,"not_surveyed",NA,NA,NA,NA,NA,NA,"perennial"
"RC20","REDWOOD CREEK",1,2011,NA,NA,"not_surveyed",NA,NA,NA,NA,NA,NA,"perennial"
"RC20","REDWOOD CREEK",1,2012,NA,NA,"not_surveyed",NA,NA,NA,NA,NA,NA,"perennial"
"RC20","REDWOOD CREEK",1,2013,NA,NA,"not_surveyed",NA,NA,NA,NA,NA,NA,"perennial"
"RC20","REDWOOD CREEK",1,2014,NA,NA,"not_surveyed",NA,NA,NA,NA,NA,NA,"perennial"
"RC20","REDWOOD CREEK",1,2015,21,21,"surveyed_nonzero",NA,NA,NA,NA,NA,NA,"perennial"
"RC20","REDWOOD CREEK",1,2016,0,4,"surveyed_zero",NA,NA,NA,NA,NA,NA,"perennial"
"RC20","REDWOOD CREEK",1,2017,8,29,"surveyed_nonzero",NA,NA,NA,NA,NA,NA,"perennial"
"RC20","REDWOOD CREEK",1,2018,6,12,"surveyed_nonzero",1.89,2.34,NA,NA,1.89,2,"perennial"
"RC20","REDWOOD CREEK",1,2019,75,79,"surveyed_nonzero",NA,NA,NA,NA,NA,NA,"perennial"
"RC20","REDWOOD CREEK",1,2020,32,44,"surveyed_nonzero",0,0,NA,NA,0,1,"perennial"
"RC20","REDWOOD CREEK",1,2021,108,106,"surveyed_nonzero",NA,NA,NA,NA,NA,NA,"perennial"
"RC20","REDWOOD CREEK",1,2022,66,69,"surveyed_nonzero",0,0,NA,NA,0,1,"perennial"
"RC20","REDWOOD CREEK",1,2023,59,41,"surveyed_nonzero",NA,NA,NA,NA,NA,NA,"perennial"
"RC20","REDWOOD CREEK",1,2024,33,30,"surveyed_nonzero",0.05,0.05,0.05,0.05,NA,1,"perennial"
"RC20","REDWOOD CREEK",1,2025,0,1,"surveyed_zero",2.1,2.1,2.1,2.1,NA,1,"perennial"
"RC21","REDWOOD CREEK",1,1997,NA,NA,"not_surveyed",NA,NA,NA,NA,NA,NA,"perennial"
"RC21","REDWOOD CREEK",1,1998,NA,NA,"not_surveyed",NA,NA,NA,NA,NA,NA,"perennial"
"RC21","REDWOOD CREEK",1,1999,NA,NA,"not_surveyed",NA,NA,NA,NA,NA,NA,"perennial"
"RC21","REDWOOD CREEK",1,2000,NA,NA,"not_surveyed",NA,NA,NA,NA,NA,NA,"perennial"
"RC21","REDWOOD CREEK",1,2001,NA,NA,"not_surveyed",NA,NA,NA,NA,NA,NA,"perennial"
"RC21","REDWOOD CREEK",1,2002,NA,NA,"not_surveyed",NA,NA,NA,NA,NA,NA,"perennial"
"RC21","REDWOOD CREEK",1,2003,NA,NA,"not_surveyed",NA,NA,NA,NA,NA,NA,"perennial"
"RC21","REDWOOD CREEK",1,2004,NA,NA,"not_surveyed",NA,NA,NA,NA,NA,NA,"perennial"
"RC21","REDWOOD CREEK",1,2005,NA,NA,"not_surveyed",NA,NA,NA,NA,NA,NA,"perennial"
"RC21","REDWOOD CREEK",1,2006,NA,NA,"not_surveyed",NA,NA,NA,NA,NA,NA,"perennial"
"RC21","REDWOOD CREEK",1,2007,NA,NA,"not_surveyed",NA,NA,NA,NA,NA,NA,"perennial"
"RC21","REDWOOD CREEK",1,2008,NA,NA,"not_surveyed",NA,NA,NA,NA,NA,NA,"perennial"
"RC21","REDWOOD CREEK",1,2009,NA,NA,"not_surveyed",NA,NA,NA,NA,NA,NA,"perennial"
"RC21","REDWOOD CREEK",1,2010,NA,NA,"not_surveyed",NA,NA,NA,NA,NA,NA,"perennial"
"RC21","REDWOOD CREEK",1,2011,NA,NA,"not_surveyed",NA,NA,NA,NA,NA,NA,"perennial"
"RC21","REDWOOD CREEK",1,2012,NA,NA,"not_surveyed",NA,NA,NA,NA,NA,NA,"perennial"
"RC21","REDWOOD CREEK",1,2013,NA,NA,"not_surveyed",NA,NA,NA,NA,NA,NA,"perennial"
"RC21","REDWOOD CREEK",1,2014,NA,NA,"not_surveyed",NA,NA,NA,NA,NA,NA,"perennial"
"RC21","REDWOOD CREEK",1,2015,NA,NA,"not_surveyed",NA,NA,NA,NA,NA,NA,"perennial"
"RC21","REDWOOD CREEK",1,2016,NA,NA,"not_surveyed",NA,NA,NA,NA,NA,NA,"perennial"
"RC21","REDWOOD CREEK",1,2017,NA,NA,"not_surveyed",NA,NA,NA,NA,NA,NA,"perennial"
"RC21","REDWOOD CREEK",1,2018,0,1,"surveyed_zero",NA,NA,NA,NA,NA,NA,"perennial"
"RC21","REDWOOD CREEK",1,2019,NA,NA,"not_surveyed",NA,NA,NA,NA,NA,NA,"perennial"
"RC21","REDWOOD CREEK",1,2020,NA,NA,"not_surveyed",NA,NA,NA,NA,NA,NA,"perennial"
"RC21","REDWOOD CREEK",1,2021,NA,NA,"not_surveyed",NA,NA,NA,NA,NA,NA,"perennial"
"RC21","REDWOOD CREEK",1,2022,1,2,"surveyed_nonzero",NA,NA,NA,NA,NA,NA,"perennial"
"RC21","REDWOOD CREEK",1,2023,NA,NA,"not_surveyed",NA,NA,NA,NA,NA,NA,"perennial"
"RC21","REDWOOD CREEK",1,2024,0,1,"surveyed_zero",NA,NA,NA,NA,NA,NA,"perennial"
"RC21","REDWOOD CREEK",1,2025,14,14,"surveyed_nonzero",2.8,2.8,2.8,2.8,NA,1,"perennial"
"RC22","REDWOOD CREEK",1,1997,NA,NA,"not_surveyed",NA,NA,NA,NA,NA,NA,"seasonal"
"RC22","REDWOOD CREEK",1,1998,NA,NA,"not_surveyed",NA,NA,NA,NA,NA,NA,"seasonal"
"RC22","REDWOOD CREEK",1,1999,NA,NA,"not_surveyed",NA,NA,NA,NA,NA,NA,"seasonal"
"RC22","REDWOOD CREEK",1,2000,NA,NA,"not_surveyed",NA,NA,NA,NA,NA,NA,"seasonal"
"RC22","REDWOOD CREEK",1,2001,NA,NA,"not_surveyed",NA,NA,NA,NA,NA,NA,"seasonal"
"RC22","REDWOOD CREEK",1,2002,NA,NA,"not_surveyed",NA,NA,NA,NA,NA,NA,"seasonal"
"RC22","REDWOOD CREEK",1,2003,NA,NA,"not_surveyed",NA,NA,NA,NA,NA,NA,"seasonal"
"RC22","REDWOOD CREEK",1,2004,NA,NA,"not_surveyed",NA,NA,NA,NA,NA,NA,"seasonal"
"RC22","REDWOOD CREEK",1,2005,NA,NA,"not_surveyed",NA,NA,NA,NA,NA,NA,"seasonal"
"RC22","REDWOOD CREEK",1,2006,NA,NA,"not_surveyed",NA,NA,NA,NA,NA,NA,"seasonal"
"RC22","REDWOOD CREEK",1,2007,NA,NA,"not_surveyed",NA,NA,NA,NA,NA,NA,"seasonal"
"RC22","REDWOOD CREEK",1,2008,NA,NA,"not_surveyed",NA,NA,NA,NA,NA,NA,"seasonal"
"RC22","REDWOOD CREEK",1,2009,NA,NA,"not_surveyed",NA,NA,NA,NA,NA,NA,"seasonal"
"RC22","REDWOOD CREEK",1,2010,NA,NA,"not_surveyed",NA,NA,NA,NA,NA,NA,"seasonal"
"RC22","REDWOOD CREEK",1,2011,NA,NA,"not_surveyed",NA,NA,NA,NA,NA,NA,"seasonal"
"RC22","REDWOOD CREEK",1,2012,NA,NA,"not_surveyed",NA,NA,NA,NA,NA,NA,"seasonal"
"RC22","REDWOOD CREEK",1,2013,NA,NA,"not_surveyed",NA,NA,NA,NA,NA,NA,"seasonal"
"RC22","REDWOOD CREEK",1,2014,NA,NA,"not_surveyed",NA,NA,NA,NA,NA,NA,"seasonal"
"RC22","REDWOOD CREEK",1,2015,NA,NA,"not_surveyed",NA,NA,NA,NA,NA,NA,"seasonal"
"RC22","REDWOOD CREEK",1,2016,NA,NA,"not_surveyed",NA,NA,NA,NA,NA,NA,"seasonal"
"RC22","REDWOOD CREEK",1,2017,NA,NA,"not_surveyed",NA,NA,NA,NA,NA,NA,"seasonal"
"RC22","REDWOOD CREEK",1,2018,NA,NA,"not_surveyed",NA,NA,NA,NA,NA,NA,"seasonal"
"RC22","REDWOOD CREEK",1,2019,NA,NA,"not_surveyed",NA,NA,NA,NA,NA,NA,"seasonal"
"RC22","REDWOOD CREEK",1,2020,NA,NA,"not_surveyed",NA,NA,NA,NA,NA,NA,"seasonal"
"RC22","REDWOOD CREEK",1,2021,NA,NA,"not_surveyed",NA,NA,NA,NA,NA,NA,"seasonal"
"RC22","REDWOOD CREEK",1,2022,NA,NA,"not_surveyed",NA,NA,NA,NA,NA,NA,"seasonal"
"RC22","REDWOOD CREEK",1,2023,NA,NA,"not_surveyed",NA,NA,NA,NA,NA,NA,"seasonal"
"RC22","REDWOOD CREEK",1,2024,NA,NA,"not_surveyed",NA,NA,NA,NA,NA,NA,"seasonal"
"RC22","REDWOOD CREEK",1,2025,NA,NA,"not_surveyed",3.8,3.8,3.8,3.8,NA,1,"seasonal"
"RC23","REDWOOD CREEK",1,1997,NA,NA,"not_surveyed",NA,NA,NA,NA,NA,NA,"seasonal"
"RC23","REDWOOD CREEK",1,1998,NA,NA,"not_surveyed",NA,NA,NA,NA,NA,NA,"seasonal"
"RC23","REDWOOD CREEK",1,1999,NA,NA,"not_surveyed",NA,NA,NA,NA,NA,NA,"seasonal"
"RC23","REDWOOD CREEK",1,2000,NA,NA,"not_surveyed",NA,NA,NA,NA,NA,NA,"seasonal"
"RC23","REDWOOD CREEK",1,2001,NA,NA,"not_surveyed",NA,NA,NA,NA,NA,NA,"seasonal"
"RC23","REDWOOD CREEK",1,2002,NA,NA,"not_surveyed",NA,NA,NA,NA,NA,NA,"seasonal"
"RC23","REDWOOD CREEK",1,2003,NA,NA,"not_surveyed",NA,NA,NA,NA,NA,NA,"seasonal"
"RC23","REDWOOD CREEK",1,2004,NA,NA,"not_surveyed",NA,NA,NA,NA,NA,NA,"seasonal"
"RC23","REDWOOD CREEK",1,2005,NA,NA,"not_surveyed",NA,NA,NA,NA,NA,NA,"seasonal"
"RC23","REDWOOD CREEK",1,2006,NA,NA,"not_surveyed",NA,NA,NA,NA,NA,NA,"seasonal"
"RC23","REDWOOD CREEK",1,2007,NA,NA,"not_surveyed",NA,NA,NA,NA,NA,NA,"seasonal"
"RC23","REDWOOD CREEK",1,2008,NA,NA,"not_surveyed",NA,NA,NA,NA,NA,NA,"seasonal"
"RC23","REDWOOD CREEK",1,2009,NA,NA,"not_surveyed",NA,NA,NA,NA,NA,NA,"seasonal"
"RC23","REDWOOD CREEK",1,2010,NA,NA,"not_surveyed",NA,NA,NA,NA,NA,NA,"seasonal"
"RC23","REDWOOD CREEK",1,2011,NA,NA,"not_surveyed",NA,NA,NA,NA,NA,NA,"seasonal"
"RC23","REDWOOD CREEK",1,2012,NA,NA,"not_surveyed",NA,NA,NA,NA,NA,NA,"seasonal"
"RC23","REDWOOD CREEK",1,2013,NA,NA,"not_surveyed",NA,NA,NA,NA,NA,NA,"seasonal"
"RC23","REDWOOD CREEK",1,2014,NA,NA,"not_surveyed",NA,NA,NA,NA,NA,NA,"seasonal"
"RC23","REDWOOD CREEK",1,2015,NA,NA,"not_surveyed",NA,NA,NA,NA,NA,NA,"seasonal"
"RC23","REDWOOD CREEK",1,2016,NA,NA,"not_surveyed",NA,NA,NA,NA,NA,NA,"seasonal"
"RC23","REDWOOD CREEK",1,2017,0,4,"surveyed_zero",NA,NA,NA,NA,NA,NA,"seasonal"
"RC23","REDWOOD CREEK",1,2018,NA,NA,"not_surveyed",NA,NA,NA,NA,NA,NA,"seasonal"
"RC23","REDWOOD CREEK",1,2019,NA,NA,"not_surveyed",NA,NA,NA,NA,NA,NA,"seasonal"
"RC23","REDWOOD CREEK",1,2020,NA,NA,"not_surveyed",NA,NA,NA,NA,NA,NA,"seasonal"
"RC23","REDWOOD CREEK",1,2021,NA,NA,"not_surveyed",NA,NA,NA,NA,NA,NA,"seasonal"
"RC23","REDWOOD CREEK",1,2022,NA,NA,"not_surveyed",NA,NA,NA,NA,NA,NA,"seasonal"
"RC23","REDWOOD CREEK",1,2023,NA,NA,"not_surveyed",NA,NA,NA,NA,NA,NA,"seasonal"
"RC23","REDWOOD CREEK",1,2024,NA,NA,"not_surveyed",NA,NA,NA,NA,NA,NA,"seasonal"
"RC23","REDWOOD CREEK",1,2025,NA,NA,"not_surveyed",NA,NA,NA,NA,NA,NA,"seasonal"
"RC24","REDWOOD CREEK",1,1997,NA,NA,"not_surveyed",NA,NA,NA,NA,NA,NA,"seasonal"
"RC24","REDWOOD CREEK",1,1998,NA,NA,"not_surveyed",NA,NA,NA,NA,NA,NA,"seasonal"
"RC24","REDWOOD CREEK",1,1999,NA,NA,"not_surveyed",NA,NA,NA,NA,NA,NA,"seasonal"
"RC24","REDWOOD CREEK",1,2000,NA,NA,"not_surveyed",NA,NA,NA,NA,NA,NA,"seasonal"
"RC24","REDWOOD CREEK",1,2001,NA,NA,"not_surveyed",NA,NA,NA,NA,NA,NA,"seasonal"
"RC24","REDWOOD CREEK",1,2002,NA,NA,"not_surveyed",NA,NA,NA,NA,NA,NA,"seasonal"
"RC24","REDWOOD CREEK",1,2003,NA,NA,"not_surveyed",NA,NA,NA,NA,NA,NA,"seasonal"
"RC24","REDWOOD CREEK",1,2004,NA,NA,"not_surveyed",NA,NA,NA,NA,NA,NA,"seasonal"
"RC24","REDWOOD CREEK",1,2005,NA,NA,"not_surveyed",NA,NA,NA,NA,NA,NA,"seasonal"
"RC24","REDWOOD CREEK",1,2006,NA,NA,"not_surveyed",NA,NA,NA,NA,NA,NA,"seasonal"
"RC24","REDWOOD CREEK",1,2007,NA,NA,"not_surveyed",NA,NA,NA,NA,NA,NA,"seasonal"
"RC24","REDWOOD CREEK",1,2008,NA,NA,"not_surveyed",NA,NA,NA,NA,NA,NA,"seasonal"
"RC24","REDWOOD CREEK",1,2009,NA,NA,"not_surveyed",NA,NA,NA,NA,NA,NA,"seasonal"
"RC24","REDWOOD CREEK",1,2010,NA,NA,"not_surveyed",NA,NA,NA,NA,NA,NA,"seasonal"
"RC24","REDWOOD CREEK",1,2011,NA,NA,"not_surveyed",NA,NA,NA,NA,NA,NA,"seasonal"
"RC24","REDWOOD CREEK",1,2012,NA,NA,"not_surveyed",NA,NA,NA,NA,NA,NA,"seasonal"
"RC24","REDWOOD CREEK",1,2013,NA,NA,"not_surveyed",NA,NA,NA,NA,NA,NA,"seasonal"
"RC24","REDWOOD CREEK",1,2014,NA,NA,"not_surveyed",NA,NA,NA,NA,NA,NA,"seasonal"
"RC24","REDWOOD CREEK",1,2015,NA,NA,"not_surveyed",NA,NA,NA,NA,NA,NA,"seasonal"
"RC24","REDWOOD CREEK",1,2016,NA,NA,"not_surveyed",NA,NA,NA,NA,NA,NA,"seasonal"
"RC24","REDWOOD CREEK",1,2017,4,6,"surveyed_nonzero",NA,NA,NA,NA,NA,NA,"seasonal"
"RC24","REDWOOD CREEK",1,2018,0,2,"surveyed_zero",NA,NA,NA,NA,NA,NA,"seasonal"
"RC24","REDWOOD CREEK",1,2019,0,3,"surveyed_zero",NA,NA,NA,NA,NA,NA,"seasonal"
"RC24","REDWOOD CREEK",1,2020,0,8,"surveyed_zero",NA,NA,NA,NA,NA,NA,"seasonal"
"RC24","REDWOOD CREEK",1,2021,0,2,"surveyed_zero",NA,NA,NA,NA,NA,NA,"seasonal"
"RC24","REDWOOD CREEK",1,2022,0,3,"surveyed_zero",NA,NA,NA,NA,NA,NA,"seasonal"
"RC24","REDWOOD CREEK",1,2023,2,6,"surveyed_nonzero",NA,NA,NA,NA,NA,NA,"seasonal"
"RC24","REDWOOD CREEK",1,2024,4,10,"surveyed_nonzero",NA,NA,NA,NA,NA,NA,"seasonal"
"RC24","REDWOOD CREEK",1,2025,0,1,"surveyed_zero",0,0,0,0,NA,1,"seasonal"
"RC25","REDWOOD CREEK",1,1997,NA,NA,"not_surveyed",NA,NA,NA,NA,NA,NA,"seasonal"
"RC25","REDWOOD CREEK",1,1998,NA,NA,"not_surveyed",NA,NA,NA,NA,NA,NA,"seasonal"
"RC25","REDWOOD CREEK",1,1999,0,3,"surveyed_zero",0,0,0,0,NA,3,"seasonal"
"RC25","REDWOOD CREEK",1,2000,NA,NA,"not_surveyed",NA,NA,NA,NA,NA,NA,"seasonal"
"RC25","REDWOOD CREEK",1,2001,0,1,"surveyed_zero",NA,NA,NA,NA,NA,NA,"seasonal"
"RC25","REDWOOD CREEK",1,2002,0,1,"surveyed_zero",0,0,0,0,0,2,"seasonal"
"RC25","REDWOOD CREEK",1,2003,NA,NA,"not_surveyed",NA,NA,NA,NA,NA,NA,"seasonal"
"RC25","REDWOOD CREEK",1,2004,NA,NA,"not_surveyed",NA,NA,NA,NA,NA,NA,"seasonal"
"RC25","REDWOOD CREEK",1,2005,NA,NA,"not_surveyed",NA,NA,NA,NA,NA,NA,"seasonal"
"RC25","REDWOOD CREEK",1,2006,NA,NA,"not_surveyed",NA,NA,NA,NA,NA,NA,"seasonal"
"RC25","REDWOOD CREEK",1,2007,NA,NA,"not_surveyed",NA,NA,NA,NA,NA,NA,"seasonal"
"RC25","REDWOOD CREEK",1,2008,NA,NA,"not_surveyed",NA,NA,NA,NA,NA,NA,"seasonal"
"RC25","REDWOOD CREEK",1,2009,NA,NA,"not_surveyed",NA,NA,NA,NA,NA,NA,"seasonal"
"RC25","REDWOOD CREEK",1,2010,NA,NA,"not_surveyed",NA,NA,NA,NA,NA,NA,"seasonal"
"RC25","REDWOOD CREEK",1,2011,NA,NA,"not_surveyed",NA,NA,NA,NA,NA,NA,"seasonal"
"RC25","REDWOOD CREEK",1,2012,NA,NA,"not_surveyed",NA,NA,NA,NA,NA,NA,"seasonal"
"RC25","REDWOOD CREEK",1,2013,NA,NA,"not_surveyed",NA,NA,NA,NA,NA,NA,"seasonal"
"RC25","REDWOOD CREEK",1,2014,NA,NA,"not_surveyed",NA,NA,NA,NA,NA,NA,"seasonal"
"RC25","REDWOOD CREEK",1,2015,NA,NA,"not_surveyed",NA,NA,NA,NA,NA,NA,"seasonal"
"RC25","REDWOOD CREEK",1,2016,NA,NA,"not_surveyed",NA,NA,NA,NA,NA,NA,"seasonal"
"RC25","REDWOOD CREEK",1,2017,33,42,"surveyed_nonzero",0,0,0,0,NA,1,"seasonal"
"RC25","REDWOOD CREEK",1,2018,0,2,"surveyed_zero",NA,NA,NA,NA,NA,NA,"seasonal"
"RC25","REDWOOD CREEK",1,2019,2,4,"surveyed_nonzero",NA,NA,NA,NA,NA,NA,"seasonal"
"RC25","REDWOOD CREEK",1,2020,23,29,"surveyed_nonzero",NA,NA,NA,NA,NA,NA,"seasonal"
"RC25","REDWOOD CREEK",1,2021,0,2,"surveyed_zero",0,0,0,0,NA,1,"seasonal"
"RC25","REDWOOD CREEK",1,2022,19,11,"surveyed_nonzero",NA,NA,NA,NA,NA,NA,"seasonal"
"RC25","REDWOOD CREEK",1,2023,25,22,"surveyed_nonzero",NA,NA,NA,NA,NA,NA,"seasonal"
"RC25","REDWOOD CREEK",1,2024,17,17,"surveyed_nonzero",NA,NA,NA,NA,NA,NA,"seasonal"
"RC25","REDWOOD CREEK",1,2025,12,13,"surveyed_nonzero",NA,NA,NA,NA,NA,NA,"seasonal"
"RC26","REDWOOD CREEK",1,1997,NA,NA,"not_surveyed",NA,NA,NA,NA,NA,NA,"seasonal"
"RC26","REDWOOD CREEK",1,1998,NA,NA,"not_surveyed",NA,NA,NA,NA,NA,NA,"seasonal"
"RC26","REDWOOD CREEK",1,1999,NA,NA,"not_surveyed",NA,NA,NA,NA,NA,NA,"seasonal"
"RC26","REDWOOD CREEK",1,2000,NA,NA,"not_surveyed",NA,NA,NA,NA,NA,NA,"seasonal"
"RC26","REDWOOD CREEK",1,2001,0,1,"surveyed_zero",0,0,0,0,NA,1,"seasonal"
"RC26","REDWOOD CREEK",1,2002,NA,NA,"not_surveyed",NA,NA,NA,NA,NA,NA,"seasonal"
"RC26","REDWOOD CREEK",1,2003,NA,NA,"not_surveyed",NA,NA,NA,NA,NA,NA,"seasonal"
"RC26","REDWOOD CREEK",1,2004,NA,NA,"not_surveyed",NA,NA,NA,NA,NA,NA,"seasonal"
"RC26","REDWOOD CREEK",1,2005,NA,NA,"not_surveyed",NA,NA,NA,NA,NA,NA,"seasonal"
"RC26","REDWOOD CREEK",1,2006,NA,NA,"not_surveyed",NA,NA,NA,NA,NA,NA,"seasonal"
"RC26","REDWOOD CREEK",1,2007,NA,NA,"not_surveyed",NA,NA,NA,NA,NA,NA,"seasonal"
"RC26","REDWOOD CREEK",1,2008,NA,NA,"not_surveyed",NA,NA,NA,NA,NA,NA,"seasonal"
"RC26","REDWOOD CREEK",1,2009,NA,NA,"not_surveyed",NA,NA,NA,NA,NA,NA,"seasonal"
"RC26","REDWOOD CREEK",1,2010,NA,NA,"not_surveyed",NA,NA,NA,NA,NA,NA,"seasonal"
"RC26","REDWOOD CREEK",1,2011,NA,NA,"not_surveyed",NA,NA,NA,NA,NA,NA,"seasonal"
"RC26","REDWOOD CREEK",1,2012,NA,NA,"not_surveyed",NA,NA,NA,NA,NA,NA,"seasonal"
"RC26","REDWOOD CREEK",1,2013,NA,NA,"not_surveyed",NA,NA,NA,NA,NA,NA,"seasonal"
"RC26","REDWOOD CREEK",1,2014,NA,NA,"not_surveyed",NA,NA,NA,NA,NA,NA,"seasonal"
"RC26","REDWOOD CREEK",1,2015,NA,NA,"not_surveyed",NA,NA,NA,NA,NA,NA,"seasonal"
"RC26","REDWOOD CREEK",1,2016,NA,NA,"not_surveyed",NA,NA,NA,NA,NA,NA,"seasonal"
"RC26","REDWOOD CREEK",1,2017,NA,NA,"not_surveyed",NA,NA,NA,NA,NA,NA,"seasonal"
"RC26","REDWOOD CREEK",1,2018,0,1,"surveyed_zero",NA,NA,NA,NA,NA,NA,"seasonal"
"RC26","REDWOOD CREEK",1,2019,0,3,"surveyed_zero",NA,NA,NA,NA,NA,NA,"seasonal"
"RC26","REDWOOD CREEK",1,2020,0,4,"surveyed_zero",NA,NA,NA,NA,NA,NA,"seasonal"
"RC26","REDWOOD CREEK",1,2021,0,2,"surveyed_zero",0,0,0,0,NA,1,"seasonal"
"RC26","REDWOOD CREEK",1,2022,0,3,"surveyed_zero",NA,NA,NA,NA,NA,NA,"seasonal"
"RC26","REDWOOD CREEK",1,2023,0,5,"surveyed_zero",NA,NA,NA,NA,NA,NA,"seasonal"
"RC26","REDWOOD CREEK",1,2024,0,2,"surveyed_zero",NA,NA,NA,NA,NA,NA,"seasonal"
"RC26","REDWOOD CREEK",1,2025,0,1,"surveyed_zero",NA,NA,NA,NA,NA,NA,"seasonal"
"RC27","REDWOOD CREEK",1,1997,NA,NA,"not_surveyed",NA,NA,NA,NA,NA,NA,"seasonal"
"RC27","REDWOOD CREEK",1,1998,0,1,"surveyed_zero",0,0,0,0,NA,1,"seasonal"
"RC27","REDWOOD CREEK",1,1999,0,3,"surveyed_zero",0,0,0,0,NA,2,"seasonal"
"RC27","REDWOOD CREEK",1,2000,0,1,"surveyed_zero",0,0,0,0,NA,1,"seasonal"
"RC27","REDWOOD CREEK",1,2001,NA,NA,"not_surveyed",NA,NA,NA,NA,NA,NA,"seasonal"
"RC27","REDWOOD CREEK",1,2002,0,3,"surveyed_zero",0,0,0,0,NA,1,"seasonal"
"RC27","REDWOOD CREEK",1,2003,NA,NA,"not_surveyed",0,0,NA,NA,0,2,"seasonal"
"RC27","REDWOOD CREEK",1,2004,NA,NA,"not_surveyed",NA,NA,NA,NA,NA,NA,"seasonal"
"RC27","REDWOOD CREEK",1,2005,NA,NA,"not_surveyed",NA,NA,NA,NA,NA,NA,"seasonal"
"RC27","REDWOOD CREEK",1,2006,NA,NA,"not_surveyed",NA,NA,NA,NA,NA,NA,"seasonal"
"RC27","REDWOOD CREEK",1,2007,NA,NA,"not_surveyed",NA,NA,NA,NA,NA,NA,"seasonal"
"RC27","REDWOOD CREEK",1,2008,NA,NA,"not_surveyed",NA,NA,NA,NA,NA,NA,"seasonal"
"RC27","REDWOOD CREEK",1,2009,NA,NA,"not_surveyed",NA,NA,NA,NA,NA,NA,"seasonal"
"RC27","REDWOOD CREEK",1,2010,NA,NA,"not_surveyed",NA,NA,NA,NA,NA,NA,"seasonal"
"RC27","REDWOOD CREEK",1,2011,NA,NA,"not_surveyed",NA,NA,NA,NA,NA,NA,"seasonal"
"RC27","REDWOOD CREEK",1,2012,NA,NA,"not_surveyed",NA,NA,NA,NA,NA,NA,"seasonal"
"RC27","REDWOOD CREEK",1,2013,NA,NA,"not_surveyed",NA,NA,NA,NA,NA,NA,"seasonal"
"RC27","REDWOOD CREEK",1,2014,NA,NA,"not_surveyed",NA,NA,NA,NA,NA,NA,"seasonal"
"RC27","REDWOOD CREEK",1,2015,NA,NA,"not_surveyed",NA,NA,NA,NA,NA,NA,"seasonal"
"RC27","REDWOOD CREEK",1,2016,NA,NA,"not_surveyed",NA,NA,NA,NA,NA,NA,"seasonal"
"RC27","REDWOOD CREEK",1,2017,NA,NA,"not_surveyed",NA,NA,NA,NA,NA,NA,"seasonal"
"RC27","REDWOOD CREEK",1,2018,NA,NA,"not_surveyed",NA,NA,NA,NA,NA,NA,"seasonal"
"RC27","REDWOOD CREEK",1,2019,NA,NA,"not_surveyed",NA,NA,NA,NA,NA,NA,"seasonal"
"RC27","REDWOOD CREEK",1,2020,NA,NA,"not_surveyed",NA,NA,NA,NA,NA,NA,"seasonal"
"RC27","REDWOOD CREEK",1,2021,NA,NA,"not_surveyed",NA,NA,NA,NA,NA,NA,"seasonal"
"RC27","REDWOOD CREEK",1,2022,NA,NA,"not_surveyed",NA,NA,NA,NA,NA,NA,"seasonal"
"RC27","REDWOOD CREEK",1,2023,NA,NA,"not_surveyed",NA,NA,NA,NA,NA,NA,"seasonal"
"RC27","REDWOOD CREEK",1,2024,NA,NA,"not_surveyed",NA,NA,NA,NA,NA,NA,"seasonal"
"RC27","REDWOOD CREEK",1,2025,NA,NA,"not_surveyed",NA,NA,NA,NA,NA,NA,"seasonal"
"RC28","REDWOOD CREEK",1,1997,1,1,"surveyed_nonzero",NA,NA,NA,NA,NA,NA,"seasonal"
"RC28","REDWOOD CREEK",1,1998,NA,NA,"not_surveyed",NA,NA,NA,NA,NA,NA,"seasonal"
"RC28","REDWOOD CREEK",1,1999,0,5,"surveyed_zero",0,0,0,0,NA,3,"seasonal"
"RC28","REDWOOD CREEK",1,2000,0,2,"surveyed_zero",0,0,0,0,0,3,"seasonal"
"RC28","REDWOOD CREEK",1,2001,0,2,"surveyed_zero",0,0,0,0,NA,1,"seasonal"
"RC28","REDWOOD CREEK",1,2002,0,2,"surveyed_zero",0,0,0,0,NA,1,"seasonal"
"RC28","REDWOOD CREEK",1,2003,NA,NA,"not_surveyed",0,0,NA,NA,0,1,"seasonal"
"RC28","REDWOOD CREEK",1,2004,NA,NA,"not_surveyed",NA,NA,NA,NA,NA,NA,"seasonal"
"RC28","REDWOOD CREEK",1,2005,NA,NA,"not_surveyed",NA,NA,NA,NA,NA,NA,"seasonal"
"RC28","REDWOOD CREEK",1,2006,NA,NA,"not_surveyed",NA,NA,NA,NA,NA,NA,"seasonal"
"RC28","REDWOOD CREEK",1,2007,NA,NA,"not_surveyed",NA,NA,NA,NA,NA,NA,"seasonal"
"RC28","REDWOOD CREEK",1,2008,NA,NA,"not_surveyed",NA,NA,NA,NA,NA,NA,"seasonal"
"RC28","REDWOOD CREEK",1,2009,NA,NA,"not_surveyed",NA,NA,NA,NA,NA,NA,"seasonal"
"RC28","REDWOOD CREEK",1,2010,NA,NA,"not_surveyed",NA,NA,NA,NA,NA,NA,"seasonal"
"RC28","REDWOOD CREEK",1,2011,NA,NA,"not_surveyed",NA,NA,NA,NA,NA,NA,"seasonal"
"RC28","REDWOOD CREEK",1,2012,NA,NA,"not_surveyed",NA,NA,NA,NA,NA,NA,"seasonal"
"RC28","REDWOOD CREEK",1,2013,NA,NA,"not_surveyed",NA,NA,NA,NA,NA,NA,"seasonal"
"RC28","REDWOOD CREEK",1,2014,NA,NA,"not_surveyed",NA,NA,NA,NA,NA,NA,"seasonal"
"RC28","REDWOOD CREEK",1,2015,NA,NA,"not_surveyed",NA,NA,NA,NA,NA,NA,"seasonal"
"RC28","REDWOOD CREEK",1,2016,NA,NA,"not_surveyed",NA,NA,NA,NA,NA,NA,"seasonal"
"RC28","REDWOOD CREEK",1,2017,NA,NA,"not_surveyed",NA,NA,NA,NA,NA,NA,"seasonal"
"RC28","REDWOOD CREEK",1,2018,NA,NA,"not_surveyed",NA,NA,NA,NA,NA,NA,"seasonal"
"RC28","REDWOOD CREEK",1,2019,NA,NA,"not_surveyed",NA,NA,NA,NA,NA,NA,"seasonal"
"RC28","REDWOOD CREEK",1,2020,NA,NA,"not_surveyed",NA,NA,NA,NA,NA,NA,"seasonal"
"RC28","REDWOOD CREEK",1,2021,NA,NA,"not_surveyed",NA,NA,NA,NA,NA,NA,"seasonal"
"RC28","REDWOOD CREEK",1,2022,NA,NA,"not_surveyed",NA,NA,NA,NA,NA,NA,"seasonal"
"RC28","REDWOOD CREEK",1,2023,NA,NA,"not_surveyed",NA,NA,NA,NA,NA,NA,"seasonal"
"RC28","REDWOOD CREEK",1,2024,NA,NA,"not_surveyed",NA,NA,NA,NA,NA,NA,"seasonal"
"RC28","REDWOOD CREEK",1,2025,NA,NA,"not_surveyed",NA,NA,NA,NA,NA,NA,"seasonal"
"RC29","REDWOOD CREEK",1,1997,0,1,"surveyed_zero",0,0,0,0,NA,1,"seasonal"
"RC29","REDWOOD CREEK",1,1998,NA,NA,"not_surveyed",NA,NA,NA,NA,NA,NA,"seasonal"
"RC29","REDWOOD CREEK",1,1999,NA,NA,"not_surveyed",NA,NA,NA,NA,NA,NA,"seasonal"
"RC29","REDWOOD CREEK",1,2000,NA,NA,"not_surveyed",NA,NA,NA,NA,NA,NA,"seasonal"
"RC29","REDWOOD CREEK",1,2001,NA,NA,"not_surveyed",NA,NA,NA,NA,NA,NA,"seasonal"
"RC29","REDWOOD CREEK",1,2002,0,1,"surveyed_zero",NA,NA,NA,NA,NA,NA,"seasonal"
"RC29","REDWOOD CREEK",1,2003,NA,NA,"not_surveyed",0,0,NA,NA,0,1,"seasonal"
"RC29","REDWOOD CREEK",1,2004,NA,NA,"not_surveyed",NA,NA,NA,NA,NA,NA,"seasonal"
"RC29","REDWOOD CREEK",1,2005,NA,NA,"not_surveyed",NA,NA,NA,NA,NA,NA,"seasonal"
"RC29","REDWOOD CREEK",1,2006,NA,NA,"not_surveyed",NA,NA,NA,NA,NA,NA,"seasonal"
"RC29","REDWOOD CREEK",1,2007,NA,NA,"not_surveyed",NA,NA,NA,NA,NA,NA,"seasonal"
"RC29","REDWOOD CREEK",1,2008,NA,NA,"not_surveyed",NA,NA,NA,NA,NA,NA,"seasonal"
"RC29","REDWOOD CREEK",1,2009,NA,NA,"not_surveyed",NA,NA,NA,NA,NA,NA,"seasonal"
"RC29","REDWOOD CREEK",1,2010,NA,NA,"not_surveyed",NA,NA,NA,NA,NA,NA,"seasonal"
"RC29","REDWOOD CREEK",1,2011,NA,NA,"not_surveyed",NA,NA,NA,NA,NA,NA,"seasonal"
"RC29","REDWOOD CREEK",1,2012,NA,NA,"not_surveyed",NA,NA,NA,NA,NA,NA,"seasonal"
"RC29","REDWOOD CREEK",1,2013,NA,NA,"not_surveyed",NA,NA,NA,NA,NA,NA,"seasonal"
"RC29","REDWOOD CREEK",1,2014,NA,NA,"not_surveyed",NA,NA,NA,NA,NA,NA,"seasonal"
"RC29","REDWOOD CREEK",1,2015,NA,NA,"not_surveyed",NA,NA,NA,NA,NA,NA,"seasonal"
"RC29","REDWOOD CREEK",1,2016,NA,NA,"not_surveyed",NA,NA,NA,NA,NA,NA,"seasonal"
"RC29","REDWOOD CREEK",1,2017,NA,NA,"not_surveyed",NA,NA,NA,NA,NA,NA,"seasonal"
"RC29","REDWOOD CREEK",1,2018,NA,NA,"not_surveyed",NA,NA,NA,NA,NA,NA,"seasonal"
"RC29","REDWOOD CREEK",1,2019,NA,NA,"not_surveyed",NA,NA,NA,NA,NA,NA,"seasonal"
"RC29","REDWOOD CREEK",1,2020,NA,NA,"not_surveyed",NA,NA,NA,NA,NA,NA,"seasonal"
"RC29","REDWOOD CREEK",1,2021,NA,NA,"not_surveyed",NA,NA,NA,NA,NA,NA,"seasonal"
"RC29","REDWOOD CREEK",1,2022,NA,NA,"not_surveyed",NA,NA,NA,NA,NA,NA,"seasonal"
"RC29","REDWOOD CREEK",1,2023,NA,NA,"not_surveyed",NA,NA,NA,NA,NA,NA,"seasonal"
"RC29","REDWOOD CREEK",1,2024,NA,NA,"not_surveyed",NA,NA,NA,NA,NA,NA,"seasonal"
"RC29","REDWOOD CREEK",1,2025,NA,NA,"not_surveyed",NA,NA,NA,NA,NA,NA,"seasonal"
"RL01","RODEO LAGOON",1,1997,NA,NA,"not_surveyed",NA,NA,NA,NA,NA,NA,"seasonal"
"RL01","RODEO LAGOON",1,1998,NA,NA,"not_surveyed",NA,NA,NA,NA,NA,NA,"seasonal"
"RL01","RODEO LAGOON",1,1999,NA,NA,"not_surveyed",NA,NA,NA,NA,NA,NA,"seasonal"
"RL01","RODEO LAGOON",1,2000,NA,NA,"not_surveyed",NA,NA,NA,NA,NA,NA,"seasonal"
"RL01","RODEO LAGOON",1,2001,0,1,"surveyed_zero",NA,NA,NA,NA,NA,NA,"seasonal"
"RL01","RODEO LAGOON",1,2002,NA,NA,"not_surveyed",NA,NA,NA,NA,NA,NA,"seasonal"
"RL01","RODEO LAGOON",1,2003,NA,NA,"not_surveyed",NA,NA,NA,NA,NA,NA,"seasonal"
"RL01","RODEO LAGOON",1,2004,NA,NA,"not_surveyed",NA,NA,NA,NA,NA,NA,"seasonal"
"RL01","RODEO LAGOON",1,2005,0,1,"surveyed_zero",NA,NA,NA,NA,NA,NA,"seasonal"
"RL01","RODEO LAGOON",1,2006,NA,NA,"not_surveyed",NA,NA,NA,NA,NA,NA,"seasonal"
"RL01","RODEO LAGOON",1,2007,NA,NA,"not_surveyed",NA,NA,NA,NA,NA,NA,"seasonal"
"RL01","RODEO LAGOON",1,2008,NA,NA,"not_surveyed",NA,NA,NA,NA,NA,NA,"seasonal"
"RL01","RODEO LAGOON",1,2009,NA,NA,"not_surveyed",NA,NA,NA,NA,NA,NA,"seasonal"
"RL01","RODEO LAGOON",1,2010,NA,NA,"not_surveyed",NA,NA,NA,NA,NA,NA,"seasonal"
"RL01","RODEO LAGOON",1,2011,NA,NA,"not_surveyed",NA,NA,NA,NA,NA,NA,"seasonal"
"RL01","RODEO LAGOON",1,2012,NA,NA,"not_surveyed",NA,NA,NA,NA,NA,NA,"seasonal"
"RL01","RODEO LAGOON",1,2013,NA,NA,"not_surveyed",NA,NA,NA,NA,NA,NA,"seasonal"
"RL01","RODEO LAGOON",1,2014,NA,NA,"not_surveyed",NA,NA,NA,NA,NA,NA,"seasonal"
"RL01","RODEO LAGOON",1,2015,NA,NA,"not_surveyed",NA,NA,NA,NA,NA,NA,"seasonal"
"RL01","RODEO LAGOON",1,2016,NA,NA,"not_surveyed",NA,NA,NA,NA,NA,NA,"seasonal"
"RL01","RODEO LAGOON",1,2017,NA,NA,"not_surveyed",NA,NA,NA,NA,NA,NA,"seasonal"
"RL01","RODEO LAGOON",1,2018,NA,NA,"not_surveyed",NA,NA,NA,NA,NA,NA,"seasonal"
"RL01","RODEO LAGOON",1,2019,NA,NA,"not_surveyed",NA,NA,NA,NA,NA,NA,"seasonal"
"RL01","RODEO LAGOON",1,2020,NA,NA,"not_surveyed",NA,NA,NA,NA,NA,NA,"seasonal"
"RL01","RODEO LAGOON",1,2021,NA,NA,"not_surveyed",NA,NA,NA,NA,NA,NA,"seasonal"
"RL01","RODEO LAGOON",1,2022,NA,NA,"not_surveyed",NA,NA,NA,NA,NA,NA,"seasonal"
"RL01","RODEO LAGOON",1,2023,NA,NA,"not_surveyed",NA,NA,NA,NA,NA,NA,"seasonal"
"RL01","RODEO LAGOON",1,2024,NA,NA,"not_surveyed",NA,NA,NA,NA,NA,NA,"seasonal"
"RL01","RODEO LAGOON",1,2025,NA,NA,"not_surveyed",NA,NA,NA,NA,NA,NA,"seasonal"
"RL02","RODEO LAGOON",1,1997,NA,NA,"not_surveyed",NA,NA,NA,NA,NA,NA,"perennial"
"RL02","RODEO LAGOON",1,1998,NA,NA,"not_surveyed",NA,NA,NA,NA,NA,NA,"perennial"
"RL02","RODEO LAGOON",1,1999,0,6,"surveyed_zero",NA,NA,NA,NA,NA,NA,"perennial"
"RL02","RODEO LAGOON",1,2000,NA,NA,"not_surveyed",NA,NA,NA,NA,NA,NA,"perennial"
"RL02","RODEO LAGOON",1,2001,NA,NA,"not_surveyed",NA,NA,NA,NA,NA,NA,"perennial"
"RL02","RODEO LAGOON",1,2002,NA,NA,"not_surveyed",NA,NA,NA,NA,NA,NA,"perennial"
"RL02","RODEO LAGOON",1,2003,NA,NA,"not_surveyed",NA,NA,NA,NA,NA,NA,"perennial"
"RL02","RODEO LAGOON",1,2004,NA,NA,"not_surveyed",NA,NA,NA,NA,NA,NA,"perennial"
"RL02","RODEO LAGOON",1,2005,4,7,"surveyed_nonzero",NA,NA,NA,NA,NA,NA,"perennial"
"RL02","RODEO LAGOON",1,2006,7,9,"surveyed_nonzero",6,6,6,6,NA,1,"perennial"
"RL02","RODEO LAGOON",1,2007,2,5,"surveyed_nonzero",NA,NA,NA,NA,NA,NA,"perennial"
"RL02","RODEO LAGOON",1,2008,12,12,"surveyed_nonzero",NA,NA,NA,NA,NA,NA,"perennial"
"RL02","RODEO LAGOON",1,2009,5,6,"surveyed_nonzero",NA,NA,NA,NA,NA,NA,"perennial"
"RL02","RODEO LAGOON",1,2010,8,10,"surveyed_nonzero",NA,NA,NA,NA,NA,NA,"perennial"
"RL02","RODEO LAGOON",1,2011,25,20,"surveyed_nonzero",NA,NA,NA,NA,NA,NA,"perennial"
"RL02","RODEO LAGOON",1,2012,9,10,"surveyed_nonzero",NA,NA,NA,NA,NA,NA,"perennial"
"RL02","RODEO LAGOON",1,2013,5,6,"surveyed_nonzero",NA,NA,NA,NA,NA,NA,"perennial"
"RL02","RODEO LAGOON",1,2014,16,16,"surveyed_nonzero",NA,NA,NA,NA,NA,NA,"perennial"
"RL02","RODEO LAGOON",1,2015,24,27,"surveyed_nonzero",NA,NA,NA,NA,NA,NA,"perennial"
"RL02","RODEO LAGOON",1,2016,7,9,"surveyed_nonzero",2.875,3,3,2.875,NA,2,"perennial"
"RL02","RODEO LAGOON",1,2017,74,78,"surveyed_nonzero",NA,NA,NA,NA,NA,NA,"perennial"
"RL02","RODEO LAGOON",1,2018,430,454,"surveyed_nonzero",NA,NA,NA,NA,NA,NA,"perennial"
"RL02","RODEO LAGOON",1,2019,218,211,"surveyed_nonzero",NA,NA,NA,NA,NA,NA,"perennial"
"RL02","RODEO LAGOON",1,2020,218,230,"surveyed_nonzero",NA,NA,NA,NA,NA,NA,"perennial"
"RL02","RODEO LAGOON",1,2021,318,307,"surveyed_nonzero",NA,NA,NA,NA,NA,NA,"perennial"
"RL02","RODEO LAGOON",1,2022,164,137,"surveyed_nonzero",NA,NA,NA,NA,NA,NA,"perennial"
"RL02","RODEO LAGOON",1,2023,96,94,"surveyed_nonzero",NA,NA,NA,NA,NA,NA,"perennial"
"RL02","RODEO LAGOON",1,2024,228,115,"surveyed_nonzero",3.765,5.66,5.66,3.765,NA,4,"perennial"
"RL02","RODEO LAGOON",1,2025,152,104,"surveyed_nonzero",2.4325,2.59,2.2,2.38,2.59,4,"perennial"
"RL03","RODEO LAGOON",1,1997,NA,NA,"not_surveyed",NA,NA,NA,NA,NA,NA,"seasonal"
"RL03","RODEO LAGOON",1,1998,NA,NA,"not_surveyed",NA,NA,NA,NA,NA,NA,"seasonal"
"RL03","RODEO LAGOON",1,1999,NA,NA,"not_surveyed",NA,NA,NA,NA,NA,NA,"seasonal"
"RL03","RODEO LAGOON",1,2000,NA,NA,"not_surveyed",NA,NA,NA,NA,NA,NA,"seasonal"
"RL03","RODEO LAGOON",1,2001,0,1,"surveyed_zero",NA,NA,NA,NA,NA,NA,"seasonal"
"RL03","RODEO LAGOON",1,2002,NA,NA,"not_surveyed",NA,NA,NA,NA,NA,NA,"seasonal"
"RL03","RODEO LAGOON",1,2003,NA,NA,"not_surveyed",NA,NA,NA,NA,NA,NA,"seasonal"
"RL03","RODEO LAGOON",1,2004,NA,NA,"not_surveyed",NA,NA,NA,NA,NA,NA,"seasonal"
"RL03","RODEO LAGOON",1,2005,NA,NA,"not_surveyed",NA,NA,NA,NA,NA,NA,"seasonal"
"RL03","RODEO LAGOON",1,2006,NA,NA,"not_surveyed",NA,NA,NA,NA,NA,NA,"seasonal"
"RL03","RODEO LAGOON",1,2007,NA,NA,"not_surveyed",NA,NA,NA,NA,NA,NA,"seasonal"
"RL03","RODEO LAGOON",1,2008,NA,NA,"not_surveyed",NA,NA,NA,NA,NA,NA,"seasonal"
"RL03","RODEO LAGOON",1,2009,NA,NA,"not_surveyed",NA,NA,NA,NA,NA,NA,"seasonal"
"RL03","RODEO LAGOON",1,2010,NA,NA,"not_surveyed",NA,NA,NA,NA,NA,NA,"seasonal"
"RL03","RODEO LAGOON",1,2011,NA,NA,"not_surveyed",NA,NA,NA,NA,NA,NA,"seasonal"
"RL03","RODEO LAGOON",1,2012,NA,NA,"not_surveyed",NA,NA,NA,NA,NA,NA,"seasonal"
"RL03","RODEO LAGOON",1,2013,NA,NA,"not_surveyed",NA,NA,NA,NA,NA,NA,"seasonal"
"RL03","RODEO LAGOON",1,2014,NA,NA,"not_surveyed",NA,NA,NA,NA,NA,NA,"seasonal"
"RL03","RODEO LAGOON",1,2015,NA,NA,"not_surveyed",NA,NA,NA,NA,NA,NA,"seasonal"
"RL03","RODEO LAGOON",1,2016,NA,NA,"not_surveyed",NA,NA,NA,NA,NA,NA,"seasonal"
"RL03","RODEO LAGOON",1,2017,NA,NA,"not_surveyed",NA,NA,NA,NA,NA,NA,"seasonal"
"RL03","RODEO LAGOON",1,2018,NA,NA,"not_surveyed",NA,NA,NA,NA,NA,NA,"seasonal"
"RL03","RODEO LAGOON",1,2019,NA,NA,"not_surveyed",NA,NA,NA,NA,NA,NA,"seasonal"
"RL03","RODEO LAGOON",1,2020,NA,NA,"not_surveyed",NA,NA,NA,NA,NA,NA,"seasonal"
"RL03","RODEO LAGOON",1,2021,NA,NA,"not_surveyed",NA,NA,NA,NA,NA,NA,"seasonal"
"RL03","RODEO LAGOON",1,2022,NA,NA,"not_surveyed",NA,NA,NA,NA,NA,NA,"seasonal"
"RL03","RODEO LAGOON",1,2023,NA,NA,"not_surveyed",NA,NA,NA,NA,NA,NA,"seasonal"
"RL03","RODEO LAGOON",1,2024,NA,NA,"not_surveyed",NA,NA,NA,NA,NA,NA,"seasonal"
"RL03","RODEO LAGOON",1,2025,NA,NA,"not_surveyed",NA,NA,NA,NA,NA,NA,"seasonal"
"RL04","RODEO LAGOON",1,1997,NA,NA,"not_surveyed",NA,NA,NA,NA,NA,NA,"perennial"
"RL04","RODEO LAGOON",1,1998,NA,NA,"not_surveyed",NA,NA,NA,NA,NA,NA,"perennial"
"RL04","RODEO LAGOON",1,1999,NA,NA,"not_surveyed",NA,NA,NA,NA,NA,NA,"perennial"
"RL04","RODEO LAGOON",1,2000,NA,NA,"not_surveyed",NA,NA,NA,NA,NA,NA,"perennial"
"RL04","RODEO LAGOON",1,2001,NA,NA,"not_surveyed",NA,NA,NA,NA,NA,NA,"perennial"
"RL04","RODEO LAGOON",1,2002,NA,NA,"not_surveyed",NA,NA,NA,NA,NA,NA,"perennial"
"RL04","RODEO LAGOON",1,2003,NA,NA,"not_surveyed",NA,NA,NA,NA,NA,NA,"perennial"
"RL04","RODEO LAGOON",1,2004,NA,NA,"not_surveyed",NA,NA,NA,NA,NA,NA,"perennial"
"RL04","RODEO LAGOON",1,2005,NA,NA,"not_surveyed",NA,NA,NA,NA,NA,NA,"perennial"
"RL04","RODEO LAGOON",1,2006,0,3,"surveyed_zero",4.5,8.9,8.9,4.5,NA,2,"perennial"
"RL04","RODEO LAGOON",1,2007,0,1,"surveyed_zero",NA,NA,NA,NA,NA,NA,"perennial"
"RL04","RODEO LAGOON",1,2008,0,1,"surveyed_zero",NA,NA,NA,NA,NA,NA,"perennial"
"RL04","RODEO LAGOON",1,2009,NA,NA,"not_surveyed",NA,NA,NA,NA,NA,NA,"perennial"
"RL04","RODEO LAGOON",1,2010,0,4,"surveyed_zero",NA,NA,NA,NA,NA,NA,"perennial"
"RL04","RODEO LAGOON",1,2011,0,2,"surveyed_zero",NA,NA,NA,NA,NA,NA,"perennial"
"RL04","RODEO LAGOON",1,2012,0,3,"surveyed_zero",7.7,7.7,7.7,7.7,NA,1,"perennial"
"RL04","RODEO LAGOON",1,2013,0,2,"surveyed_zero",NA,NA,NA,NA,NA,NA,"perennial"
"RL04","RODEO LAGOON",1,2014,NA,NA,"not_surveyed",NA,NA,NA,NA,NA,NA,"perennial"
"RL04","RODEO LAGOON",1,2015,0,1,"surveyed_zero",NA,NA,NA,NA,NA,NA,"perennial"
"RL04","RODEO LAGOON",1,2016,0,1,"surveyed_zero",3,3,3,3,NA,1,"perennial"
"RL04","RODEO LAGOON",1,2017,0,2,"surveyed_zero",NA,NA,NA,NA,NA,NA,"perennial"
"RL04","RODEO LAGOON",1,2018,0,1,"surveyed_zero",NA,NA,NA,NA,NA,NA,"perennial"
"RL04","RODEO LAGOON",1,2019,NA,NA,"not_surveyed",NA,NA,NA,NA,NA,NA,"perennial"
"RL04","RODEO LAGOON",1,2020,NA,NA,"not_surveyed",NA,NA,NA,NA,NA,NA,"perennial"
"RL04","RODEO LAGOON",1,2021,NA,NA,"not_surveyed",NA,NA,NA,NA,NA,NA,"perennial"
"RL04","RODEO LAGOON",1,2022,NA,NA,"not_surveyed",NA,NA,NA,NA,NA,NA,"perennial"
"RL04","RODEO LAGOON",1,2023,NA,NA,"not_surveyed",NA,NA,NA,NA,NA,NA,"perennial"
"RL04","RODEO LAGOON",1,2024,NA,NA,"not_surveyed",NA,NA,NA,NA,NA,NA,"perennial"
"RL04","RODEO LAGOON",1,2025,0,1,"surveyed_zero",NA,NA,NA,NA,NA,NA,"perennial"
"RL05","RODEO LAGOON",1,1997,NA,NA,"not_surveyed",NA,NA,NA,NA,NA,NA,"perennial"
"RL05","RODEO LAGOON",1,1998,NA,NA,"not_surveyed",NA,NA,NA,NA,NA,NA,"perennial"
"RL05","RODEO LAGOON",1,1999,NA,NA,"not_surveyed",NA,NA,NA,NA,NA,NA,"perennial"
"RL05","RODEO LAGOON",1,2000,NA,NA,"not_surveyed",NA,NA,NA,NA,NA,NA,"perennial"
"RL05","RODEO LAGOON",1,2001,NA,NA,"not_surveyed",NA,NA,NA,NA,NA,NA,"perennial"
"RL05","RODEO LAGOON",1,2002,NA,NA,"not_surveyed",NA,NA,NA,NA,NA,NA,"perennial"
"RL05","RODEO LAGOON",1,2003,NA,NA,"not_surveyed",NA,NA,NA,NA,NA,NA,"perennial"
"RL05","RODEO LAGOON",1,2004,NA,NA,"not_surveyed",NA,NA,NA,NA,NA,NA,"perennial"
"RL05","RODEO LAGOON",1,2005,0,1,"surveyed_zero",NA,NA,NA,NA,NA,NA,"perennial"
"RL05","RODEO LAGOON",1,2006,NA,NA,"not_surveyed",NA,NA,NA,NA,NA,NA,"perennial"
"RL05","RODEO LAGOON",1,2007,0,2,"surveyed_zero",NA,NA,NA,NA,NA,NA,"perennial"
"RL05","RODEO LAGOON",1,2008,NA,NA,"not_surveyed",NA,NA,NA,NA,NA,NA,"perennial"
"RL05","RODEO LAGOON",1,2009,NA,NA,"not_surveyed",NA,NA,NA,NA,NA,NA,"perennial"
"RL05","RODEO LAGOON",1,2010,NA,NA,"not_surveyed",NA,NA,NA,NA,NA,NA,"perennial"
"RL05","RODEO LAGOON",1,2011,NA,NA,"not_surveyed",NA,NA,NA,NA,NA,NA,"perennial"
"RL05","RODEO LAGOON",1,2012,NA,NA,"not_surveyed",NA,NA,NA,NA,NA,NA,"perennial"
"RL05","RODEO LAGOON",1,2013,NA,NA,"not_surveyed",NA,NA,NA,NA,NA,NA,"perennial"
"RL05","RODEO LAGOON",1,2014,NA,NA,"not_surveyed",NA,NA,NA,NA,NA,NA,"perennial"
"RL05","RODEO LAGOON",1,2015,NA,NA,"not_surveyed",NA,NA,NA,NA,NA,NA,"perennial"
"RL05","RODEO LAGOON",1,2016,NA,NA,"not_surveyed",NA,NA,NA,NA,NA,NA,"perennial"
"RL05","RODEO LAGOON",1,2017,0,1,"surveyed_zero",NA,NA,NA,NA,NA,NA,"perennial"
"RL05","RODEO LAGOON",1,2018,NA,NA,"not_surveyed",NA,NA,NA,NA,NA,NA,"perennial"
"RL05","RODEO LAGOON",1,2019,NA,NA,"not_surveyed",NA,NA,NA,NA,NA,NA,"perennial"
"RL05","RODEO LAGOON",1,2020,NA,NA,"not_surveyed",NA,NA,NA,NA,NA,NA,"perennial"
"RL05","RODEO LAGOON",1,2021,NA,NA,"not_surveyed",NA,NA,NA,NA,NA,NA,"perennial"
"RL05","RODEO LAGOON",1,2022,NA,NA,"not_surveyed",NA,NA,NA,NA,NA,NA,"perennial"
"RL05","RODEO LAGOON",1,2023,NA,NA,"not_surveyed",NA,NA,NA,NA,NA,NA,"perennial"
"RL05","RODEO LAGOON",1,2024,NA,NA,"not_surveyed",NA,NA,NA,NA,NA,NA,"perennial"
"RL05","RODEO LAGOON",1,2025,NA,NA,"not_surveyed",NA,NA,NA,NA,NA,NA,"perennial"
"RL06","RODEO LAGOON",1,1997,NA,NA,"not_surveyed",NA,NA,NA,NA,NA,NA,"seasonal"
"RL06","RODEO LAGOON",1,1998,NA,NA,"not_surveyed",NA,NA,NA,NA,NA,NA,"seasonal"
"RL06","RODEO LAGOON",1,1999,NA,NA,"not_surveyed",NA,NA,NA,NA,NA,NA,"seasonal"
"RL06","RODEO LAGOON",1,2000,NA,NA,"not_surveyed",NA,NA,NA,NA,NA,NA,"seasonal"
"RL06","RODEO LAGOON",1,2001,NA,NA,"not_surveyed",NA,NA,NA,NA,NA,NA,"seasonal"
"RL06","RODEO LAGOON",1,2002,NA,NA,"not_surveyed",NA,NA,NA,NA,NA,NA,"seasonal"
"RL06","RODEO LAGOON",1,2003,NA,NA,"not_surveyed",NA,NA,NA,NA,NA,NA,"seasonal"
"RL06","RODEO LAGOON",1,2004,NA,NA,"not_surveyed",NA,NA,NA,NA,NA,NA,"seasonal"
"RL06","RODEO LAGOON",1,2005,NA,NA,"not_surveyed",NA,NA,NA,NA,NA,NA,"seasonal"
"RL06","RODEO LAGOON",1,2006,NA,NA,"not_surveyed",NA,NA,NA,NA,NA,NA,"seasonal"
"RL06","RODEO LAGOON",1,2007,NA,NA,"not_surveyed",NA,NA,NA,NA,NA,NA,"seasonal"
"RL06","RODEO LAGOON",1,2008,NA,NA,"not_surveyed",NA,NA,NA,NA,NA,NA,"seasonal"
"RL06","RODEO LAGOON",1,2009,NA,NA,"not_surveyed",NA,NA,NA,NA,NA,NA,"seasonal"
"RL06","RODEO LAGOON",1,2010,NA,NA,"not_surveyed",NA,NA,NA,NA,NA,NA,"seasonal"
"RL06","RODEO LAGOON",1,2011,NA,NA,"not_surveyed",NA,NA,NA,NA,NA,NA,"seasonal"
"RL06","RODEO LAGOON",1,2012,NA,NA,"not_surveyed",NA,NA,NA,NA,NA,NA,"seasonal"
"RL06","RODEO LAGOON",1,2013,NA,NA,"not_surveyed",NA,NA,NA,NA,NA,NA,"seasonal"
"RL06","RODEO LAGOON",1,2014,0,1,"surveyed_zero",NA,NA,NA,NA,NA,NA,"seasonal"
"RL06","RODEO LAGOON",1,2015,NA,NA,"not_surveyed",NA,NA,NA,NA,NA,NA,"seasonal"
"RL06","RODEO LAGOON",1,2016,NA,NA,"not_surveyed",NA,NA,NA,NA,NA,NA,"seasonal"
"RL06","RODEO LAGOON",1,2017,0,1,"surveyed_zero",NA,NA,NA,NA,NA,NA,"seasonal"
"RL06","RODEO LAGOON",1,2018,0,2,"surveyed_zero",NA,NA,NA,NA,NA,NA,"seasonal"
"RL06","RODEO LAGOON",1,2019,0,1,"surveyed_zero",NA,NA,NA,NA,NA,NA,"seasonal"
"RL06","RODEO LAGOON",1,2020,NA,NA,"not_surveyed",NA,NA,NA,NA,NA,NA,"seasonal"
"RL06","RODEO LAGOON",1,2021,NA,NA,"not_surveyed",NA,NA,NA,NA,NA,NA,"seasonal"
"RL06","RODEO LAGOON",1,2022,NA,NA,"not_surveyed",NA,NA,NA,NA,NA,NA,"seasonal"
"RL06","RODEO LAGOON",1,2023,0,3,"surveyed_zero",NA,NA,NA,NA,NA,NA,"seasonal"
"RL06","RODEO LAGOON",1,2024,NA,NA,"not_surveyed",NA,NA,NA,NA,NA,NA,"seasonal"
"RL06","RODEO LAGOON",1,2025,0,2,"surveyed_zero",NA,NA,NA,NA,NA,NA,"seasonal"
"RL07","RODEO LAGOON",1,1997,NA,NA,"not_surveyed",NA,NA,NA,NA,NA,NA,"perennial"
"RL07","RODEO LAGOON",1,1998,NA,NA,"not_surveyed",NA,NA,NA,NA,NA,NA,"perennial"
"RL07","RODEO LAGOON",1,1999,NA,NA,"not_surveyed",NA,NA,NA,NA,NA,NA,"perennial"
"RL07","RODEO LAGOON",1,2000,NA,NA,"not_surveyed",NA,NA,NA,NA,NA,NA,"perennial"
"RL07","RODEO LAGOON",1,2001,NA,NA,"not_surveyed",NA,NA,NA,NA,NA,NA,"perennial"
"RL07","RODEO LAGOON",1,2002,NA,NA,"not_surveyed",NA,NA,NA,NA,NA,NA,"perennial"
"RL07","RODEO LAGOON",1,2003,NA,NA,"not_surveyed",NA,NA,NA,NA,NA,NA,"perennial"
"RL07","RODEO LAGOON",1,2004,NA,NA,"not_surveyed",NA,NA,NA,NA,NA,NA,"perennial"
"RL07","RODEO LAGOON",1,2005,NA,NA,"not_surveyed",NA,NA,NA,NA,NA,NA,"perennial"
"RL07","RODEO LAGOON",1,2006,NA,NA,"not_surveyed",NA,NA,NA,NA,NA,NA,"perennial"
"RL07","RODEO LAGOON",1,2007,NA,NA,"not_surveyed",NA,NA,NA,NA,NA,NA,"perennial"
"RL07","RODEO LAGOON",1,2008,NA,NA,"not_surveyed",NA,NA,NA,NA,NA,NA,"perennial"
"RL07","RODEO LAGOON",1,2009,NA,NA,"not_surveyed",NA,NA,NA,NA,NA,NA,"perennial"
"RL07","RODEO LAGOON",1,2010,NA,NA,"not_surveyed",NA,NA,NA,NA,NA,NA,"perennial"
"RL07","RODEO LAGOON",1,2011,NA,NA,"not_surveyed",NA,NA,NA,NA,NA,NA,"perennial"
"RL07","RODEO LAGOON",1,2012,NA,NA,"not_surveyed",NA,NA,NA,NA,NA,NA,"perennial"
"RL07","RODEO LAGOON",1,2013,NA,NA,"not_surveyed",NA,NA,NA,NA,NA,NA,"perennial"
"RL07","RODEO LAGOON",1,2014,NA,NA,"not_surveyed",NA,NA,NA,NA,NA,NA,"perennial"
"RL07","RODEO LAGOON",1,2015,NA,NA,"not_surveyed",NA,NA,NA,NA,NA,NA,"perennial"
"RL07","RODEO LAGOON",1,2016,0,1,"surveyed_zero",NA,NA,NA,NA,NA,NA,"perennial"
"RL07","RODEO LAGOON",1,2017,0,1,"surveyed_zero",NA,NA,NA,NA,NA,NA,"perennial"
"RL07","RODEO LAGOON",1,2018,0,6,"surveyed_zero",NA,NA,NA,NA,NA,NA,"perennial"
"RL07","RODEO LAGOON",1,2019,0,5,"surveyed_zero",0,0,0,0,NA,1,"perennial"
"RL07","RODEO LAGOON",1,2020,0,4,"surveyed_zero",NA,NA,NA,NA,NA,NA,"perennial"
"RL07","RODEO LAGOON",1,2021,0,2,"surveyed_zero",NA,NA,NA,NA,NA,NA,"perennial"
"RL07","RODEO LAGOON",1,2022,0,2,"surveyed_zero",NA,NA,NA,NA,NA,NA,"perennial"
"RL07","RODEO LAGOON",1,2023,0,5,"surveyed_zero",NA,NA,NA,NA,NA,NA,"perennial"
"RL07","RODEO LAGOON",1,2024,NA,NA,"not_surveyed",NA,NA,NA,NA,NA,NA,"perennial"
"RL07","RODEO LAGOON",1,2025,0,5,"surveyed_zero",NA,NA,NA,NA,NA,NA,"perennial"
"RL23","RODEO LAGOON",1,1997,NA,NA,"not_surveyed",NA,NA,NA,NA,NA,NA,"seasonal"
"RL23","RODEO LAGOON",1,1998,NA,NA,"not_surveyed",NA,NA,NA,NA,NA,NA,"seasonal"
"RL23","RODEO LAGOON",1,1999,NA,NA,"not_surveyed",NA,NA,NA,NA,NA,NA,"seasonal"
"RL23","RODEO LAGOON",1,2000,NA,NA,"not_surveyed",NA,NA,NA,NA,NA,NA,"seasonal"
"RL23","RODEO LAGOON",1,2001,NA,NA,"not_surveyed",NA,NA,NA,NA,NA,NA,"seasonal"
"RL23","RODEO LAGOON",1,2002,NA,NA,"not_surveyed",NA,NA,NA,NA,NA,NA,"seasonal"
"RL23","RODEO LAGOON",1,2003,NA,NA,"not_surveyed",NA,NA,NA,NA,NA,NA,"seasonal"
"RL23","RODEO LAGOON",1,2004,NA,NA,"not_surveyed",NA,NA,NA,NA,NA,NA,"seasonal"
"RL23","RODEO LAGOON",1,2005,NA,NA,"not_surveyed",NA,NA,NA,NA,NA,NA,"seasonal"
"RL23","RODEO LAGOON",1,2006,NA,NA,"not_surveyed",NA,NA,NA,NA,NA,NA,"seasonal"
"RL23","RODEO LAGOON",1,2007,NA,NA,"not_surveyed",NA,NA,NA,NA,NA,NA,"seasonal"
"RL23","RODEO LAGOON",1,2008,NA,NA,"not_surveyed",NA,NA,NA,NA,NA,NA,"seasonal"
"RL23","RODEO LAGOON",1,2009,NA,NA,"not_surveyed",NA,NA,NA,NA,NA,NA,"seasonal"
"RL23","RODEO LAGOON",1,2010,NA,NA,"not_surveyed",NA,NA,NA,NA,NA,NA,"seasonal"
"RL23","RODEO LAGOON",1,2011,NA,NA,"not_surveyed",NA,NA,NA,NA,NA,NA,"seasonal"
"RL23","RODEO LAGOON",1,2012,NA,NA,"not_surveyed",NA,NA,NA,NA,NA,NA,"seasonal"
"RL23","RODEO LAGOON",1,2013,NA,NA,"not_surveyed",NA,NA,NA,NA,NA,NA,"seasonal"
"RL23","RODEO LAGOON",1,2014,NA,NA,"not_surveyed",NA,NA,NA,NA,NA,NA,"seasonal"
"RL23","RODEO LAGOON",1,2015,NA,NA,"not_surveyed",NA,NA,NA,NA,NA,NA,"seasonal"
"RL23","RODEO LAGOON",1,2016,NA,NA,"not_surveyed",NA,NA,NA,NA,NA,NA,"seasonal"
"RL23","RODEO LAGOON",1,2017,NA,NA,"not_surveyed",NA,NA,NA,NA,NA,NA,"seasonal"
"RL23","RODEO LAGOON",1,2018,NA,NA,"not_surveyed",NA,NA,NA,NA,NA,NA,"seasonal"
"RL23","RODEO LAGOON",1,2019,NA,NA,"not_surveyed",NA,NA,NA,NA,NA,NA,"seasonal"
"RL23","RODEO LAGOON",1,2020,NA,NA,"not_surveyed",NA,NA,NA,NA,NA,NA,"seasonal"
"RL23","RODEO LAGOON",1,2021,NA,NA,"not_surveyed",NA,NA,NA,NA,NA,NA,"seasonal"
"RL23","RODEO LAGOON",1,2022,NA,NA,"not_surveyed",NA,NA,NA,NA,NA,NA,"seasonal"
"RL23","RODEO LAGOON",1,2023,0,1,"surveyed_zero",NA,NA,NA,NA,NA,NA,"seasonal"
"RL23","RODEO LAGOON",1,2024,0,1,"surveyed_zero",NA,NA,NA,NA,NA,NA,"seasonal"
"RL23","RODEO LAGOON",1,2025,NA,NA,"not_surveyed",NA,NA,NA,NA,NA,NA,"seasonal"
"SB01","SUTRO BATH",0,1997,NA,NA,"not_surveyed",NA,NA,NA,NA,NA,NA,"perennial"
"SB01","SUTRO BATH",0,1998,NA,NA,"not_surveyed",NA,NA,NA,NA,NA,NA,"perennial"
"SB01","SUTRO BATH",0,1999,NA,NA,"not_surveyed",NA,NA,NA,NA,NA,NA,"perennial"
"SB01","SUTRO BATH",0,2000,NA,NA,"not_surveyed",NA,NA,NA,NA,NA,NA,"perennial"
"SB01","SUTRO BATH",0,2001,0,1,"surveyed_zero",NA,NA,NA,NA,NA,NA,"perennial"
"SB01","SUTRO BATH",0,2002,NA,NA,"not_surveyed",NA,NA,NA,NA,NA,NA,"perennial"
"SB01","SUTRO BATH",0,2003,NA,NA,"not_surveyed",NA,NA,NA,NA,NA,NA,"perennial"
"SB01","SUTRO BATH",0,2004,NA,NA,"not_surveyed",NA,NA,NA,NA,NA,NA,"perennial"
"SB01","SUTRO BATH",0,2005,NA,NA,"not_surveyed",NA,NA,NA,NA,NA,NA,"perennial"
"SB01","SUTRO BATH",0,2006,NA,NA,"not_surveyed",NA,NA,NA,NA,NA,NA,"perennial"
"SB01","SUTRO BATH",0,2007,NA,NA,"not_surveyed",NA,NA,NA,NA,NA,NA,"perennial"
"SB01","SUTRO BATH",0,2008,NA,NA,"not_surveyed",NA,NA,NA,NA,NA,NA,"perennial"
"SB01","SUTRO BATH",0,2009,NA,NA,"not_surveyed",NA,NA,NA,NA,NA,NA,"perennial"
"SB01","SUTRO BATH",0,2010,NA,NA,"not_surveyed",NA,NA,NA,NA,NA,NA,"perennial"
"SB01","SUTRO BATH",0,2011,NA,NA,"not_surveyed",NA,NA,NA,NA,NA,NA,"perennial"
"SB01","SUTRO BATH",0,2012,NA,NA,"not_surveyed",NA,NA,NA,NA,NA,NA,"perennial"
"SB01","SUTRO BATH",0,2013,NA,NA,"not_surveyed",NA,NA,NA,NA,NA,NA,"perennial"
"SB01","SUTRO BATH",0,2014,NA,NA,"not_surveyed",NA,NA,NA,NA,NA,NA,"perennial"
"SB01","SUTRO BATH",0,2015,NA,NA,"not_surveyed",NA,NA,NA,NA,NA,NA,"perennial"
"SB01","SUTRO BATH",0,2016,NA,NA,"not_surveyed",NA,NA,NA,NA,NA,NA,"perennial"
"SB01","SUTRO BATH",0,2017,NA,NA,"not_surveyed",NA,NA,NA,NA,NA,NA,"perennial"
"SB01","SUTRO BATH",0,2018,NA,NA,"not_surveyed",NA,NA,NA,NA,NA,NA,"perennial"
"SB01","SUTRO BATH",0,2019,NA,NA,"not_surveyed",NA,NA,NA,NA,NA,NA,"perennial"
"SB01","SUTRO BATH",0,2020,NA,NA,"not_surveyed",NA,NA,NA,NA,NA,NA,"perennial"
"SB01","SUTRO BATH",0,2021,NA,NA,"not_surveyed",NA,NA,NA,NA,NA,NA,"perennial"
"SB01","SUTRO BATH",0,2022,NA,NA,"not_surveyed",NA,NA,NA,NA,NA,NA,"perennial"
"SB01","SUTRO BATH",0,2023,NA,NA,"not_surveyed",NA,NA,NA,NA,NA,NA,"perennial"
"SB01","SUTRO BATH",0,2024,NA,NA,"not_surveyed",NA,NA,NA,NA,NA,NA,"perennial"
"SB01","SUTRO BATH",0,2025,NA,NA,"not_surveyed",NA,NA,NA,NA,NA,NA,"perennial"
"SM01","SAN MATEO CREEK",0,1997,NA,NA,"not_surveyed",NA,NA,NA,NA,NA,NA,"seasonal"
"SM01","SAN MATEO CREEK",0,1998,NA,NA,"not_surveyed",NA,NA,NA,NA,NA,NA,"seasonal"
"SM01","SAN MATEO CREEK",0,1999,NA,NA,"not_surveyed",NA,NA,NA,NA,NA,NA,"seasonal"
"SM01","SAN MATEO CREEK",0,2000,NA,NA,"not_surveyed",NA,NA,NA,NA,NA,NA,"seasonal"
"SM01","SAN MATEO CREEK",0,2001,0,1,"surveyed_zero",NA,NA,NA,NA,NA,NA,"seasonal"
"SM01","SAN MATEO CREEK",0,2002,NA,NA,"not_surveyed",NA,NA,NA,NA,NA,NA,"seasonal"
"SM01","SAN MATEO CREEK",0,2003,NA,NA,"not_surveyed",NA,NA,NA,NA,NA,NA,"seasonal"
"SM01","SAN MATEO CREEK",0,2004,NA,NA,"not_surveyed",NA,NA,NA,NA,NA,NA,"seasonal"
"SM01","SAN MATEO CREEK",0,2005,0,1,"surveyed_zero",NA,NA,NA,NA,NA,NA,"seasonal"
"SM01","SAN MATEO CREEK",0,2006,NA,NA,"not_surveyed",NA,NA,NA,NA,NA,NA,"seasonal"
"SM01","SAN MATEO CREEK",0,2007,NA,NA,"not_surveyed",NA,NA,NA,NA,NA,NA,"seasonal"
"SM01","SAN MATEO CREEK",0,2008,NA,NA,"not_surveyed",NA,NA,NA,NA,NA,NA,"seasonal"
"SM01","SAN MATEO CREEK",0,2009,NA,NA,"not_surveyed",NA,NA,NA,NA,NA,NA,"seasonal"
"SM01","SAN MATEO CREEK",0,2010,NA,NA,"not_surveyed",NA,NA,NA,NA,NA,NA,"seasonal"
"SM01","SAN MATEO CREEK",0,2011,NA,NA,"not_surveyed",NA,NA,NA,NA,NA,NA,"seasonal"
"SM01","SAN MATEO CREEK",0,2012,NA,NA,"not_surveyed",NA,NA,NA,NA,NA,NA,"seasonal"
"SM01","SAN MATEO CREEK",0,2013,NA,NA,"not_surveyed",NA,NA,NA,NA,NA,NA,"seasonal"
"SM01","SAN MATEO CREEK",0,2014,NA,NA,"not_surveyed",NA,NA,NA,NA,NA,NA,"seasonal"
"SM01","SAN MATEO CREEK",0,2015,NA,NA,"not_surveyed",NA,NA,NA,NA,NA,NA,"seasonal"
"SM01","SAN MATEO CREEK",0,2016,NA,NA,"not_surveyed",NA,NA,NA,NA,NA,NA,"seasonal"
"SM01","SAN MATEO CREEK",0,2017,NA,NA,"not_surveyed",NA,NA,NA,NA,NA,NA,"seasonal"
"SM01","SAN MATEO CREEK",0,2018,NA,NA,"not_surveyed",NA,NA,NA,NA,NA,NA,"seasonal"
"SM01","SAN MATEO CREEK",0,2019,NA,NA,"not_surveyed",NA,NA,NA,NA,NA,NA,"seasonal"
"SM01","SAN MATEO CREEK",0,2020,NA,NA,"not_surveyed",NA,NA,NA,NA,NA,NA,"seasonal"
"SM01","SAN MATEO CREEK",0,2021,NA,NA,"not_surveyed",NA,NA,NA,NA,NA,NA,"seasonal"
"SM01","SAN MATEO CREEK",0,2022,NA,NA,"not_surveyed",NA,NA,NA,NA,NA,NA,"seasonal"
"SM01","SAN MATEO CREEK",0,2023,NA,NA,"not_surveyed",NA,NA,NA,NA,NA,NA,"seasonal"
"SM01","SAN MATEO CREEK",0,2024,NA,NA,"not_surveyed",NA,NA,NA,NA,NA,NA,"seasonal"
"SM01","SAN MATEO CREEK",0,2025,NA,NA,"not_surveyed",NA,NA,NA,NA,NA,NA,"seasonal"
"SP01","SAN PEDRO CREEK",0,1997,NA,NA,"not_surveyed",NA,NA,NA,NA,NA,NA,"seasonal"
"SP01","SAN PEDRO CREEK",0,1998,NA,NA,"not_surveyed",NA,NA,NA,NA,NA,NA,"seasonal"
"SP01","SAN PEDRO CREEK",0,1999,NA,NA,"not_surveyed",NA,NA,NA,NA,NA,NA,"seasonal"
"SP01","SAN PEDRO CREEK",0,2000,NA,NA,"not_surveyed",NA,NA,NA,NA,NA,NA,"seasonal"
"SP01","SAN PEDRO CREEK",0,2001,0,2,"surveyed_zero",NA,NA,NA,NA,NA,NA,"seasonal"
"SP01","SAN PEDRO CREEK",0,2002,NA,NA,"not_surveyed",NA,NA,NA,NA,NA,NA,"seasonal"
"SP01","SAN PEDRO CREEK",0,2003,NA,NA,"not_surveyed",NA,NA,NA,NA,NA,NA,"seasonal"
"SP01","SAN PEDRO CREEK",0,2004,NA,NA,"not_surveyed",NA,NA,NA,NA,NA,NA,"seasonal"
"SP01","SAN PEDRO CREEK",0,2005,0,1,"surveyed_zero",NA,NA,NA,NA,NA,NA,"seasonal"
"SP01","SAN PEDRO CREEK",0,2006,NA,NA,"not_surveyed",NA,NA,NA,NA,NA,NA,"seasonal"
"SP01","SAN PEDRO CREEK",0,2007,NA,NA,"not_surveyed",NA,NA,NA,NA,NA,NA,"seasonal"
"SP01","SAN PEDRO CREEK",0,2008,NA,NA,"not_surveyed",NA,NA,NA,NA,NA,NA,"seasonal"
"SP01","SAN PEDRO CREEK",0,2009,NA,NA,"not_surveyed",NA,NA,NA,NA,NA,NA,"seasonal"
"SP01","SAN PEDRO CREEK",0,2010,NA,NA,"not_surveyed",NA,NA,NA,NA,NA,NA,"seasonal"
"SP01","SAN PEDRO CREEK",0,2011,NA,NA,"not_surveyed",NA,NA,NA,NA,NA,NA,"seasonal"
"SP01","SAN PEDRO CREEK",0,2012,NA,NA,"not_surveyed",NA,NA,NA,NA,NA,NA,"seasonal"
"SP01","SAN PEDRO CREEK",0,2013,NA,NA,"not_surveyed",NA,NA,NA,NA,NA,NA,"seasonal"
"SP01","SAN PEDRO CREEK",0,2014,NA,NA,"not_surveyed",NA,NA,NA,NA,NA,NA,"seasonal"
"SP01","SAN PEDRO CREEK",0,2015,NA,NA,"not_surveyed",NA,NA,NA,NA,NA,NA,"seasonal"
"SP01","SAN PEDRO CREEK",0,2016,NA,NA,"not_surveyed",NA,NA,NA,NA,NA,NA,"seasonal"
"SP01","SAN PEDRO CREEK",0,2017,NA,NA,"not_surveyed",NA,NA,NA,NA,NA,NA,"seasonal"
"SP01","SAN PEDRO CREEK",0,2018,NA,NA,"not_surveyed",NA,NA,NA,NA,NA,NA,"seasonal"
"SP01","SAN PEDRO CREEK",0,2019,NA,NA,"not_surveyed",NA,NA,NA,NA,NA,NA,"seasonal"
"SP01","SAN PEDRO CREEK",0,2020,NA,NA,"not_surveyed",NA,NA,NA,NA,NA,NA,"seasonal"
"SP01","SAN PEDRO CREEK",0,2021,NA,NA,"not_surveyed",NA,NA,NA,NA,NA,NA,"seasonal"
"SP01","SAN PEDRO CREEK",0,2022,NA,NA,"not_surveyed",NA,NA,NA,NA,NA,NA,"seasonal"
"SP01","SAN PEDRO CREEK",0,2023,NA,NA,"not_surveyed",NA,NA,NA,NA,NA,NA,"seasonal"
"SP01","SAN PEDRO CREEK",0,2024,NA,NA,"not_surveyed",NA,NA,NA,NA,NA,NA,"seasonal"
"SP01","SAN PEDRO CREEK",0,2025,NA,NA,"not_surveyed",NA,NA,NA,NA,NA,NA,"seasonal"
"TV01","TENNESSEE VALLEY",1,1997,0,3,"surveyed_zero",0,0,0,0,NA,2,"perennial"
"TV01","TENNESSEE VALLEY",1,1998,NA,NA,"not_surveyed",NA,NA,NA,NA,NA,NA,"perennial"
"TV01","TENNESSEE VALLEY",1,1999,NA,NA,"not_surveyed",NA,NA,NA,NA,NA,NA,"perennial"
"TV01","TENNESSEE VALLEY",1,2000,NA,NA,"not_surveyed",NA,NA,NA,NA,NA,NA,"perennial"
"TV01","TENNESSEE VALLEY",1,2001,0,2,"surveyed_zero",NA,NA,NA,NA,NA,NA,"perennial"
"TV01","TENNESSEE VALLEY",1,2002,0,2,"surveyed_zero",NA,NA,NA,NA,NA,NA,"perennial"
"TV01","TENNESSEE VALLEY",1,2003,0,1,"surveyed_zero",NA,NA,NA,NA,NA,NA,"perennial"
"TV01","TENNESSEE VALLEY",1,2004,NA,NA,"not_surveyed",NA,NA,NA,NA,NA,NA,"perennial"
"TV01","TENNESSEE VALLEY",1,2005,NA,NA,"not_surveyed",NA,NA,NA,NA,NA,NA,"perennial"
"TV01","TENNESSEE VALLEY",1,2006,NA,NA,"not_surveyed",NA,NA,NA,NA,NA,NA,"perennial"
"TV01","TENNESSEE VALLEY",1,2007,NA,NA,"not_surveyed",NA,NA,NA,NA,NA,NA,"perennial"
"TV01","TENNESSEE VALLEY",1,2008,NA,NA,"not_surveyed",NA,NA,NA,NA,NA,NA,"perennial"
"TV01","TENNESSEE VALLEY",1,2009,NA,NA,"not_surveyed",NA,NA,NA,NA,NA,NA,"perennial"
"TV01","TENNESSEE VALLEY",1,2010,NA,NA,"not_surveyed",NA,NA,NA,NA,NA,NA,"perennial"
"TV01","TENNESSEE VALLEY",1,2011,NA,NA,"not_surveyed",NA,NA,NA,NA,NA,NA,"perennial"
"TV01","TENNESSEE VALLEY",1,2012,NA,NA,"not_surveyed",NA,NA,NA,NA,NA,NA,"perennial"
"TV01","TENNESSEE VALLEY",1,2013,NA,NA,"not_surveyed",NA,NA,NA,NA,NA,NA,"perennial"
"TV01","TENNESSEE VALLEY",1,2014,NA,NA,"not_surveyed",NA,NA,NA,NA,NA,NA,"perennial"
"TV01","TENNESSEE VALLEY",1,2015,NA,NA,"not_surveyed",NA,NA,NA,NA,NA,NA,"perennial"
"TV01","TENNESSEE VALLEY",1,2016,NA,NA,"not_surveyed",NA,NA,NA,NA,NA,NA,"perennial"
"TV01","TENNESSEE VALLEY",1,2017,NA,NA,"not_surveyed",NA,NA,NA,NA,NA,NA,"perennial"
"TV01","TENNESSEE VALLEY",1,2018,NA,NA,"not_surveyed",NA,NA,NA,NA,NA,NA,"perennial"
"TV01","TENNESSEE VALLEY",1,2019,NA,NA,"not_surveyed",NA,NA,NA,NA,NA,NA,"perennial"
"TV01","TENNESSEE VALLEY",1,2020,NA,NA,"not_surveyed",NA,NA,NA,NA,NA,NA,"perennial"
"TV01","TENNESSEE VALLEY",1,2021,NA,NA,"not_surveyed",NA,NA,NA,NA,NA,NA,"perennial"
"TV01","TENNESSEE VALLEY",1,2022,NA,NA,"not_surveyed",NA,NA,NA,NA,NA,NA,"perennial"
"TV01","TENNESSEE VALLEY",1,2023,NA,NA,"not_surveyed",NA,NA,NA,NA,NA,NA,"perennial"
"TV01","TENNESSEE VALLEY",1,2024,NA,NA,"not_surveyed",NA,NA,NA,NA,NA,NA,"perennial"
"TV01","TENNESSEE VALLEY",1,2025,NA,NA,"not_surveyed",NA,NA,NA,NA,NA,NA,"perennial"
"TV02","TENNESSEE VALLEY",1,1997,0,3,"surveyed_zero",0,0,0,0,NA,3,"perennial"
"TV02","TENNESSEE VALLEY",1,1998,NA,NA,"not_surveyed",NA,NA,NA,NA,NA,NA,"perennial"
"TV02","TENNESSEE VALLEY",1,1999,NA,NA,"not_surveyed",NA,NA,NA,NA,NA,NA,"perennial"
"TV02","TENNESSEE VALLEY",1,2000,NA,NA,"not_surveyed",NA,NA,NA,NA,NA,NA,"perennial"
"TV02","TENNESSEE VALLEY",1,2001,NA,NA,"not_surveyed",NA,NA,NA,NA,NA,NA,"perennial"
"TV02","TENNESSEE VALLEY",1,2002,0,2,"surveyed_zero",NA,NA,NA,NA,NA,NA,"perennial"
"TV02","TENNESSEE VALLEY",1,2003,NA,NA,"not_surveyed",NA,NA,NA,NA,NA,NA,"perennial"
"TV02","TENNESSEE VALLEY",1,2004,NA,NA,"not_surveyed",NA,NA,NA,NA,NA,NA,"perennial"
"TV02","TENNESSEE VALLEY",1,2005,0,5,"surveyed_zero",NA,NA,NA,NA,NA,NA,"perennial"
"TV02","TENNESSEE VALLEY",1,2006,NA,NA,"not_surveyed",NA,NA,NA,NA,NA,NA,"perennial"
"TV02","TENNESSEE VALLEY",1,2007,NA,NA,"not_surveyed",NA,NA,NA,NA,NA,NA,"perennial"
"TV02","TENNESSEE VALLEY",1,2008,NA,NA,"not_surveyed",NA,NA,NA,NA,NA,NA,"perennial"
"TV02","TENNESSEE VALLEY",1,2009,0,1,"surveyed_zero",NA,NA,NA,NA,NA,NA,"perennial"
"TV02","TENNESSEE VALLEY",1,2010,0,1,"surveyed_zero",NA,NA,NA,NA,NA,NA,"perennial"
"TV02","TENNESSEE VALLEY",1,2011,NA,NA,"not_surveyed",NA,NA,NA,NA,NA,NA,"perennial"
"TV02","TENNESSEE VALLEY",1,2012,0,4,"surveyed_zero",NA,NA,NA,NA,NA,NA,"perennial"
"TV02","TENNESSEE VALLEY",1,2013,0,2,"surveyed_zero",NA,NA,NA,NA,NA,NA,"perennial"
"TV02","TENNESSEE VALLEY",1,2014,NA,NA,"not_surveyed",NA,NA,NA,NA,NA,NA,"perennial"
"TV02","TENNESSEE VALLEY",1,2015,1,5,"surveyed_nonzero",NA,NA,NA,NA,NA,NA,"perennial"
"TV02","TENNESSEE VALLEY",1,2016,2,4,"surveyed_nonzero",4.23,4.34,4.34,4.23,NA,3,"perennial"
"TV02","TENNESSEE VALLEY",1,2017,10,14,"surveyed_nonzero",4.37,4.8,4.7,4.65,3.25,5,"perennial"
"TV02","TENNESSEE VALLEY",1,2018,75,78,"surveyed_nonzero",4.08,4.3,NA,NA,4.08,2,"perennial"
"TV02","TENNESSEE VALLEY",1,2019,121,107,"surveyed_nonzero",NA,NA,NA,NA,NA,NA,"perennial"
"TV02","TENNESSEE VALLEY",1,2020,230,231,"surveyed_nonzero",NA,NA,NA,NA,NA,NA,"perennial"
"TV02","TENNESSEE VALLEY",1,2021,178,181,"surveyed_nonzero",NA,NA,NA,NA,NA,NA,"perennial"
"TV02","TENNESSEE VALLEY",1,2022,157,93,"surveyed_nonzero",NA,NA,NA,NA,NA,NA,"perennial"
"TV02","TENNESSEE VALLEY",1,2023,36,35,"surveyed_nonzero",NA,NA,NA,NA,NA,NA,"perennial"
"TV02","TENNESSEE VALLEY",1,2024,79,75,"surveyed_nonzero",4.495,4.69,4.3,4.495,NA,2,"perennial"
"TV02","TENNESSEE VALLEY",1,2025,110,106,"surveyed_nonzero",4.22375,4.96,4.8,4.36666666666667,3.795,8,"perennial"
"TV03","TENNESSEE VALLEY",1,1997,0,3,"surveyed_zero",0,0,0,0,NA,3,"perennial"
"TV03","TENNESSEE VALLEY",1,1998,NA,NA,"not_surveyed",NA,NA,NA,NA,NA,NA,"perennial"
"TV03","TENNESSEE VALLEY",1,1999,NA,NA,"not_surveyed",NA,NA,NA,NA,NA,NA,"perennial"
"TV03","TENNESSEE VALLEY",1,2000,NA,NA,"not_surveyed",NA,NA,NA,NA,NA,NA,"perennial"
"TV03","TENNESSEE VALLEY",1,2001,0,2,"surveyed_zero",NA,NA,NA,NA,NA,NA,"perennial"
"TV03","TENNESSEE VALLEY",1,2002,NA,NA,"not_surveyed",NA,NA,NA,NA,NA,NA,"perennial"
"TV03","TENNESSEE VALLEY",1,2003,NA,NA,"not_surveyed",NA,NA,NA,NA,NA,NA,"perennial"
"TV03","TENNESSEE VALLEY",1,2004,NA,NA,"not_surveyed",NA,NA,NA,NA,NA,NA,"perennial"
"TV03","TENNESSEE VALLEY",1,2005,NA,NA,"not_surveyed",NA,NA,NA,NA,NA,NA,"perennial"
"TV03","TENNESSEE VALLEY",1,2006,0,4,"surveyed_zero",NA,NA,NA,NA,NA,NA,"perennial"
"TV03","TENNESSEE VALLEY",1,2007,NA,NA,"not_surveyed",NA,NA,NA,NA,NA,NA,"perennial"
"TV03","TENNESSEE VALLEY",1,2008,NA,NA,"not_surveyed",NA,NA,NA,NA,NA,NA,"perennial"
"TV03","TENNESSEE VALLEY",1,2009,NA,NA,"not_surveyed",NA,NA,NA,NA,NA,NA,"perennial"
"TV03","TENNESSEE VALLEY",1,2010,0,1,"surveyed_zero",NA,NA,NA,NA,NA,NA,"perennial"
"TV03","TENNESSEE VALLEY",1,2011,NA,NA,"not_surveyed",NA,NA,NA,NA,NA,NA,"perennial"
"TV03","TENNESSEE VALLEY",1,2012,0,1,"surveyed_zero",NA,NA,NA,NA,NA,NA,"perennial"
"TV03","TENNESSEE VALLEY",1,2013,0,1,"surveyed_zero",NA,NA,NA,NA,NA,NA,"perennial"
"TV03","TENNESSEE VALLEY",1,2014,NA,NA,"not_surveyed",NA,NA,NA,NA,NA,NA,"perennial"
"TV03","TENNESSEE VALLEY",1,2015,0,1,"surveyed_zero",NA,NA,NA,NA,NA,NA,"perennial"
"TV03","TENNESSEE VALLEY",1,2016,0,1,"surveyed_zero",NA,NA,NA,NA,NA,NA,"perennial"
"TV03","TENNESSEE VALLEY",1,2017,NA,NA,"not_surveyed",NA,NA,NA,NA,NA,NA,"perennial"
"TV03","TENNESSEE VALLEY",1,2018,0,2,"surveyed_zero",NA,NA,NA,NA,NA,NA,"perennial"
"TV03","TENNESSEE VALLEY",1,2019,0,1,"surveyed_zero",NA,NA,NA,NA,NA,NA,"perennial"
"TV03","TENNESSEE VALLEY",1,2020,0,1,"surveyed_zero",NA,NA,NA,NA,NA,NA,"perennial"
"TV03","TENNESSEE VALLEY",1,2021,0,2,"surveyed_zero",NA,NA,NA,NA,NA,NA,"perennial"
"TV03","TENNESSEE VALLEY",1,2022,0,5,"surveyed_zero",NA,NA,NA,NA,NA,NA,"perennial"
"TV03","TENNESSEE VALLEY",1,2023,0,4,"surveyed_zero",NA,NA,NA,NA,NA,NA,"perennial"
"TV03","TENNESSEE VALLEY",1,2024,0,1,"surveyed_zero",NA,NA,NA,NA,NA,NA,"perennial"
"TV03","TENNESSEE VALLEY",1,2025,0,2,"surveyed_zero",NA,NA,NA,NA,NA,NA,"perennial"
"TV04","TENNESSEE VALLEY",1,1997,NA,NA,"not_surveyed",NA,NA,NA,NA,NA,NA,"seasonal"
"TV04","TENNESSEE VALLEY",1,1998,NA,NA,"not_surveyed",NA,NA,NA,NA,NA,NA,"seasonal"
"TV04","TENNESSEE VALLEY",1,1999,NA,NA,"not_surveyed",NA,NA,NA,NA,NA,NA,"seasonal"
"TV04","TENNESSEE VALLEY",1,2000,NA,NA,"not_surveyed",NA,NA,NA,NA,NA,NA,"seasonal"
"TV04","TENNESSEE VALLEY",1,2001,NA,NA,"not_surveyed",NA,NA,NA,NA,NA,NA,"seasonal"
"TV04","TENNESSEE VALLEY",1,2002,NA,NA,"not_surveyed",NA,NA,NA,NA,NA,NA,"seasonal"
"TV04","TENNESSEE VALLEY",1,2003,NA,NA,"not_surveyed",NA,NA,NA,NA,NA,NA,"seasonal"
"TV04","TENNESSEE VALLEY",1,2004,NA,NA,"not_surveyed",NA,NA,NA,NA,NA,NA,"seasonal"
"TV04","TENNESSEE VALLEY",1,2005,0,2,"surveyed_zero",NA,NA,NA,NA,NA,NA,"seasonal"
"TV04","TENNESSEE VALLEY",1,2006,NA,NA,"not_surveyed",NA,NA,NA,NA,NA,NA,"seasonal"
"TV04","TENNESSEE VALLEY",1,2007,NA,NA,"not_surveyed",NA,NA,NA,NA,NA,NA,"seasonal"
"TV04","TENNESSEE VALLEY",1,2008,NA,NA,"not_surveyed",NA,NA,NA,NA,NA,NA,"seasonal"
"TV04","TENNESSEE VALLEY",1,2009,NA,NA,"not_surveyed",NA,NA,NA,NA,NA,NA,"seasonal"
"TV04","TENNESSEE VALLEY",1,2010,NA,NA,"not_surveyed",NA,NA,NA,NA,NA,NA,"seasonal"
"TV04","TENNESSEE VALLEY",1,2011,0,1,"surveyed_zero",NA,NA,NA,NA,NA,NA,"seasonal"
"TV04","TENNESSEE VALLEY",1,2012,NA,NA,"not_surveyed",NA,NA,NA,NA,NA,NA,"seasonal"
"TV04","TENNESSEE VALLEY",1,2013,NA,NA,"not_surveyed",NA,NA,NA,NA,NA,NA,"seasonal"
"TV04","TENNESSEE VALLEY",1,2014,NA,NA,"not_surveyed",NA,NA,NA,NA,NA,NA,"seasonal"
"TV04","TENNESSEE VALLEY",1,2015,NA,NA,"not_surveyed",NA,NA,NA,NA,NA,NA,"seasonal"
"TV04","TENNESSEE VALLEY",1,2016,NA,NA,"not_surveyed",NA,NA,NA,NA,NA,NA,"seasonal"
"TV04","TENNESSEE VALLEY",1,2017,NA,NA,"not_surveyed",NA,NA,NA,NA,NA,NA,"seasonal"
"TV04","TENNESSEE VALLEY",1,2018,NA,NA,"not_surveyed",NA,NA,NA,NA,NA,NA,"seasonal"
"TV04","TENNESSEE VALLEY",1,2019,NA,NA,"not_surveyed",NA,NA,NA,NA,NA,NA,"seasonal"
"TV04","TENNESSEE VALLEY",1,2020,NA,NA,"not_surveyed",NA,NA,NA,NA,NA,NA,"seasonal"
"TV04","TENNESSEE VALLEY",1,2021,NA,NA,"not_surveyed",NA,NA,NA,NA,NA,NA,"seasonal"
"TV04","TENNESSEE VALLEY",1,2022,NA,NA,"not_surveyed",NA,NA,NA,NA,NA,NA,"seasonal"
"TV04","TENNESSEE VALLEY",1,2023,NA,NA,"not_surveyed",NA,NA,NA,NA,NA,NA,"seasonal"
"TV04","TENNESSEE VALLEY",1,2024,NA,NA,"not_surveyed",NA,NA,NA,NA,NA,NA,"seasonal"
"TV04","TENNESSEE VALLEY",1,2025,NA,NA,"not_surveyed",NA,NA,NA,NA,NA,NA,"seasonal"
"TV05","TENNESSEE VALLEY",1,1997,NA,NA,"not_surveyed",NA,NA,NA,NA,NA,NA,"seasonal"
"TV05","TENNESSEE VALLEY",1,1998,NA,NA,"not_surveyed",NA,NA,NA,NA,NA,NA,"seasonal"
"TV05","TENNESSEE VALLEY",1,1999,NA,NA,"not_surveyed",NA,NA,NA,NA,NA,NA,"seasonal"
"TV05","TENNESSEE VALLEY",1,2000,NA,NA,"not_surveyed",NA,NA,NA,NA,NA,NA,"seasonal"
"TV05","TENNESSEE VALLEY",1,2001,NA,NA,"not_surveyed",NA,NA,NA,NA,NA,NA,"seasonal"
"TV05","TENNESSEE VALLEY",1,2002,NA,NA,"not_surveyed",NA,NA,NA,NA,NA,NA,"seasonal"
"TV05","TENNESSEE VALLEY",1,2003,0,1,"surveyed_zero",NA,NA,NA,NA,NA,NA,"seasonal"
"TV05","TENNESSEE VALLEY",1,2004,NA,NA,"not_surveyed",NA,NA,NA,NA,NA,NA,"seasonal"
"TV05","TENNESSEE VALLEY",1,2005,0,2,"surveyed_zero",NA,NA,NA,NA,NA,NA,"seasonal"
"TV05","TENNESSEE VALLEY",1,2006,NA,NA,"not_surveyed",NA,NA,NA,NA,NA,NA,"seasonal"
"TV05","TENNESSEE VALLEY",1,2007,NA,NA,"not_surveyed",NA,NA,NA,NA,NA,NA,"seasonal"
"TV05","TENNESSEE VALLEY",1,2008,NA,NA,"not_surveyed",NA,NA,NA,NA,NA,NA,"seasonal"
"TV05","TENNESSEE VALLEY",1,2009,NA,NA,"not_surveyed",NA,NA,NA,NA,NA,NA,"seasonal"
"TV05","TENNESSEE VALLEY",1,2010,NA,NA,"not_surveyed",NA,NA,NA,NA,NA,NA,"seasonal"
"TV05","TENNESSEE VALLEY",1,2011,NA,NA,"not_surveyed",NA,NA,NA,NA,NA,NA,"seasonal"
"TV05","TENNESSEE VALLEY",1,2012,NA,NA,"not_surveyed",NA,NA,NA,NA,NA,NA,"seasonal"
"TV05","TENNESSEE VALLEY",1,2013,NA,NA,"not_surveyed",NA,NA,NA,NA,NA,NA,"seasonal"
"TV05","TENNESSEE VALLEY",1,2014,NA,NA,"not_surveyed",NA,NA,NA,NA,NA,NA,"seasonal"
"TV05","TENNESSEE VALLEY",1,2015,0,1,"surveyed_zero",NA,NA,NA,NA,NA,NA,"seasonal"
"TV05","TENNESSEE VALLEY",1,2016,NA,NA,"not_surveyed",NA,NA,NA,NA,NA,NA,"seasonal"
"TV05","TENNESSEE VALLEY",1,2017,NA,NA,"not_surveyed",NA,NA,NA,NA,NA,NA,"seasonal"
"TV05","TENNESSEE VALLEY",1,2018,NA,NA,"not_surveyed",NA,NA,NA,NA,NA,NA,"seasonal"
"TV05","TENNESSEE VALLEY",1,2019,NA,NA,"not_surveyed",NA,NA,NA,NA,NA,NA,"seasonal"
"TV05","TENNESSEE VALLEY",1,2020,NA,NA,"not_surveyed",NA,NA,NA,NA,NA,NA,"seasonal"
"TV05","TENNESSEE VALLEY",1,2021,0,1,"surveyed_zero",NA,NA,NA,NA,NA,NA,"seasonal"
"TV05","TENNESSEE VALLEY",1,2022,0,1,"surveyed_zero",NA,NA,NA,NA,NA,NA,"seasonal"
"TV05","TENNESSEE VALLEY",1,2023,NA,NA,"not_surveyed",NA,NA,NA,NA,NA,NA,"seasonal"
"TV05","TENNESSEE VALLEY",1,2024,NA,NA,"not_surveyed",NA,NA,NA,NA,NA,NA,"seasonal"
"TV05","TENNESSEE VALLEY",1,2025,NA,NA,"not_surveyed",NA,NA,NA,NA,NA,NA,"seasonal"
"TV06","TENNESSEE VALLEY",1,1997,NA,NA,"not_surveyed",NA,NA,NA,NA,NA,NA,"perennial"
"TV06","TENNESSEE VALLEY",1,1998,NA,NA,"not_surveyed",NA,NA,NA,NA,NA,NA,"perennial"
"TV06","TENNESSEE VALLEY",1,1999,NA,NA,"not_surveyed",NA,NA,NA,NA,NA,NA,"perennial"
"TV06","TENNESSEE VALLEY",1,2000,NA,NA,"not_surveyed",NA,NA,NA,NA,NA,NA,"perennial"
"TV06","TENNESSEE VALLEY",1,2001,NA,NA,"not_surveyed",NA,NA,NA,NA,NA,NA,"perennial"
"TV06","TENNESSEE VALLEY",1,2002,NA,NA,"not_surveyed",NA,NA,NA,NA,NA,NA,"perennial"
"TV06","TENNESSEE VALLEY",1,2003,NA,NA,"not_surveyed",NA,NA,NA,NA,NA,NA,"perennial"
"TV06","TENNESSEE VALLEY",1,2004,NA,NA,"not_surveyed",NA,NA,NA,NA,NA,NA,"perennial"
"TV06","TENNESSEE VALLEY",1,2005,NA,NA,"not_surveyed",NA,NA,NA,NA,NA,NA,"perennial"
"TV06","TENNESSEE VALLEY",1,2006,NA,NA,"not_surveyed",NA,NA,NA,NA,NA,NA,"perennial"
"TV06","TENNESSEE VALLEY",1,2007,NA,NA,"not_surveyed",NA,NA,NA,NA,NA,NA,"perennial"
"TV06","TENNESSEE VALLEY",1,2008,NA,NA,"not_surveyed",NA,NA,NA,NA,NA,NA,"perennial"
"TV06","TENNESSEE VALLEY",1,2009,NA,NA,"not_surveyed",NA,NA,NA,NA,NA,NA,"perennial"
"TV06","TENNESSEE VALLEY",1,2010,NA,NA,"not_surveyed",NA,NA,NA,NA,NA,NA,"perennial"
"TV06","TENNESSEE VALLEY",1,2011,NA,NA,"not_surveyed",NA,NA,NA,NA,NA,NA,"perennial"
"TV06","TENNESSEE VALLEY",1,2012,NA,NA,"not_surveyed",NA,NA,NA,NA,NA,NA,"perennial"
"TV06","TENNESSEE VALLEY",1,2013,NA,NA,"not_surveyed",NA,NA,NA,NA,NA,NA,"perennial"
"TV06","TENNESSEE VALLEY",1,2014,NA,NA,"not_surveyed",NA,NA,NA,NA,NA,NA,"perennial"
"TV06","TENNESSEE VALLEY",1,2015,0,1,"surveyed_zero",NA,NA,NA,NA,NA,NA,"perennial"
"TV06","TENNESSEE VALLEY",1,2016,0,1,"surveyed_zero",NA,NA,NA,NA,NA,NA,"perennial"
"TV06","TENNESSEE VALLEY",1,2017,0,3,"surveyed_zero",0,0,0,0,NA,2,"perennial"
"TV06","TENNESSEE VALLEY",1,2018,0,3,"surveyed_zero",0,0,NA,NA,0,1,"perennial"
"TV06","TENNESSEE VALLEY",1,2019,0,3,"surveyed_zero",NA,NA,NA,NA,NA,NA,"perennial"
"TV06","TENNESSEE VALLEY",1,2020,0,1,"surveyed_zero",NA,NA,NA,NA,NA,NA,"perennial"
"TV06","TENNESSEE VALLEY",1,2021,0,3,"surveyed_zero",NA,NA,NA,NA,NA,NA,"perennial"
"TV06","TENNESSEE VALLEY",1,2022,1,5,"surveyed_nonzero",NA,NA,NA,NA,NA,NA,"perennial"
"TV06","TENNESSEE VALLEY",1,2023,0,5,"surveyed_zero",NA,NA,NA,NA,NA,NA,"perennial"
"TV06","TENNESSEE VALLEY",1,2024,0,4,"surveyed_zero",NA,NA,NA,NA,NA,NA,"perennial"
"TV06","TENNESSEE VALLEY",1,2025,1,4,"surveyed_nonzero",NA,NA,NA,NA,NA,NA,"perennial"
"TV07","TENNESSEE VALLEY",1,1997,0,1,"surveyed_zero",0,0,0,0,NA,1,"seasonal"
"TV07","TENNESSEE VALLEY",1,1998,NA,NA,"not_surveyed",NA,NA,NA,NA,NA,NA,"seasonal"
"TV07","TENNESSEE VALLEY",1,1999,NA,NA,"not_surveyed",NA,NA,NA,NA,NA,NA,"seasonal"
"TV07","TENNESSEE VALLEY",1,2000,NA,NA,"not_surveyed",NA,NA,NA,NA,NA,NA,"seasonal"
"TV07","TENNESSEE VALLEY",1,2001,NA,NA,"not_surveyed",NA,NA,NA,NA,NA,NA,"seasonal"
"TV07","TENNESSEE VALLEY",1,2002,NA,NA,"not_surveyed",NA,NA,NA,NA,NA,NA,"seasonal"
"TV07","TENNESSEE VALLEY",1,2003,NA,NA,"not_surveyed",NA,NA,NA,NA,NA,NA,"seasonal"
"TV07","TENNESSEE VALLEY",1,2004,NA,NA,"not_surveyed",NA,NA,NA,NA,NA,NA,"seasonal"
"TV07","TENNESSEE VALLEY",1,2005,NA,NA,"not_surveyed",NA,NA,NA,NA,NA,NA,"seasonal"
"TV07","TENNESSEE VALLEY",1,2006,NA,NA,"not_surveyed",NA,NA,NA,NA,NA,NA,"seasonal"
"TV07","TENNESSEE VALLEY",1,2007,NA,NA,"not_surveyed",NA,NA,NA,NA,NA,NA,"seasonal"
"TV07","TENNESSEE VALLEY",1,2008,NA,NA,"not_surveyed",NA,NA,NA,NA,NA,NA,"seasonal"
"TV07","TENNESSEE VALLEY",1,2009,NA,NA,"not_surveyed",NA,NA,NA,NA,NA,NA,"seasonal"
"TV07","TENNESSEE VALLEY",1,2010,NA,NA,"not_surveyed",NA,NA,NA,NA,NA,NA,"seasonal"
"TV07","TENNESSEE VALLEY",1,2011,NA,NA,"not_surveyed",NA,NA,NA,NA,NA,NA,"seasonal"
"TV07","TENNESSEE VALLEY",1,2012,NA,NA,"not_surveyed",NA,NA,NA,NA,NA,NA,"seasonal"
"TV07","TENNESSEE VALLEY",1,2013,NA,NA,"not_surveyed",NA,NA,NA,NA,NA,NA,"seasonal"
"TV07","TENNESSEE VALLEY",1,2014,NA,NA,"not_surveyed",NA,NA,NA,NA,NA,NA,"seasonal"
"TV07","TENNESSEE VALLEY",1,2015,NA,NA,"not_surveyed",NA,NA,NA,NA,NA,NA,"seasonal"
"TV07","TENNESSEE VALLEY",1,2016,NA,NA,"not_surveyed",NA,NA,NA,NA,NA,NA,"seasonal"
"TV07","TENNESSEE VALLEY",1,2017,NA,NA,"not_surveyed",NA,NA,NA,NA,NA,NA,"seasonal"
"TV07","TENNESSEE VALLEY",1,2018,NA,NA,"not_surveyed",NA,NA,NA,NA,NA,NA,"seasonal"
"TV07","TENNESSEE VALLEY",1,2019,NA,NA,"not_surveyed",NA,NA,NA,NA,NA,NA,"seasonal"
"TV07","TENNESSEE VALLEY",1,2020,NA,NA,"not_surveyed",NA,NA,NA,NA,NA,NA,"seasonal"
"TV07","TENNESSEE VALLEY",1,2021,NA,NA,"not_surveyed",NA,NA,NA,NA,NA,NA,"seasonal"
"TV07","TENNESSEE VALLEY",1,2022,NA,NA,"not_surveyed",NA,NA,NA,NA,NA,NA,"seasonal"
"TV07","TENNESSEE VALLEY",1,2023,NA,NA,"not_surveyed",NA,NA,NA,NA,NA,NA,"seasonal"
"TV07","TENNESSEE VALLEY",1,2024,NA,NA,"not_surveyed",NA,NA,NA,NA,NA,NA,"seasonal"
"TV07","TENNESSEE VALLEY",1,2025,NA,NA,"not_surveyed",NA,NA,NA,NA,NA,NA,"seasonal"
"WG01","WILKINS GULCH",1,1997,NA,NA,"not_surveyed",NA,NA,NA,NA,NA,NA,"seasonal"
"WG01","WILKINS GULCH",1,1998,NA,NA,"not_surveyed",NA,NA,NA,NA,NA,NA,"seasonal"
"WG01","WILKINS GULCH",1,1999,0,2,"surveyed_zero",NA,NA,NA,NA,NA,NA,"seasonal"
"WG01","WILKINS GULCH",1,2000,0,1,"surveyed_zero",NA,NA,NA,NA,NA,NA,"seasonal"
"WG01","WILKINS GULCH",1,2001,0,3,"surveyed_zero",NA,NA,NA,NA,NA,NA,"seasonal"
"WG01","WILKINS GULCH",1,2002,0,1,"surveyed_zero",NA,NA,NA,NA,NA,NA,"seasonal"
"WG01","WILKINS GULCH",1,2003,NA,NA,"not_surveyed",NA,NA,NA,NA,NA,NA,"seasonal"
"WG01","WILKINS GULCH",1,2004,NA,NA,"not_surveyed",NA,NA,NA,NA,NA,NA,"seasonal"
"WG01","WILKINS GULCH",1,2005,NA,NA,"not_surveyed",NA,NA,NA,NA,NA,NA,"seasonal"
"WG01","WILKINS GULCH",1,2006,NA,NA,"not_surveyed",NA,NA,NA,NA,NA,NA,"seasonal"
"WG01","WILKINS GULCH",1,2007,NA,NA,"not_surveyed",NA,NA,NA,NA,NA,NA,"seasonal"
"WG01","WILKINS GULCH",1,2008,NA,NA,"not_surveyed",NA,NA,NA,NA,NA,NA,"seasonal"
"WG01","WILKINS GULCH",1,2009,0,1,"surveyed_zero",3.4,3.4,3.4,3.4,NA,1,"seasonal"
"WG01","WILKINS GULCH",1,2010,0,4,"surveyed_zero",NA,NA,NA,NA,NA,NA,"seasonal"
"WG01","WILKINS GULCH",1,2011,NA,NA,"not_surveyed",NA,NA,NA,NA,NA,NA,"seasonal"
"WG01","WILKINS GULCH",1,2012,0,3,"surveyed_zero",NA,NA,NA,NA,NA,NA,"seasonal"
"WG01","WILKINS GULCH",1,2013,0,3,"surveyed_zero",NA,NA,NA,NA,NA,NA,"seasonal"
"WG01","WILKINS GULCH",1,2014,0,2,"surveyed_zero",NA,NA,NA,NA,NA,NA,"seasonal"
"WG01","WILKINS GULCH",1,2015,0,3,"surveyed_zero",NA,NA,NA,NA,NA,NA,"seasonal"
"WG01","WILKINS GULCH",1,2016,0,4,"surveyed_zero",NA,NA,NA,NA,NA,NA,"seasonal"
"WG01","WILKINS GULCH",1,2017,17,18,"surveyed_nonzero",NA,NA,NA,NA,NA,NA,"seasonal"
"WG01","WILKINS GULCH",1,2018,77,79,"surveyed_nonzero",NA,NA,NA,NA,NA,NA,"seasonal"
"WG01","WILKINS GULCH",1,2019,110,111,"surveyed_nonzero",NA,NA,NA,NA,NA,NA,"seasonal"
"WG01","WILKINS GULCH",1,2020,128,129,"surveyed_nonzero",NA,NA,NA,NA,NA,NA,"seasonal"
"WG01","WILKINS GULCH",1,2021,51,55,"surveyed_nonzero",NA,NA,NA,NA,NA,NA,"seasonal"
"WG01","WILKINS GULCH",1,2022,115,118,"surveyed_nonzero",NA,NA,NA,NA,NA,NA,"seasonal"
"WG01","WILKINS GULCH",1,2023,74,77,"surveyed_nonzero",NA,NA,NA,NA,NA,NA,"seasonal"
"WG01","WILKINS GULCH",1,2024,83,85,"surveyed_nonzero",NA,NA,NA,NA,NA,NA,"seasonal"
"WG01","WILKINS GULCH",1,2025,104,100,"surveyed_nonzero",NA,NA,NA,NA,NA,NA,"seasonal"
"WU01","WEST UNION",0,1997,NA,NA,"not_surveyed",NA,NA,NA,NA,NA,NA,"seasonal"
"WU01","WEST UNION",0,1998,NA,NA,"not_surveyed",NA,NA,NA,NA,NA,NA,"seasonal"
"WU01","WEST UNION",0,1999,NA,NA,"not_surveyed",NA,NA,NA,NA,NA,NA,"seasonal"
"WU01","WEST UNION",0,2000,NA,NA,"not_surveyed",NA,NA,NA,NA,NA,NA,"seasonal"
"WU01","WEST UNION",0,2001,NA,NA,"not_surveyed",NA,NA,NA,NA,NA,NA,"seasonal"
"WU01","WEST UNION",0,2002,NA,NA,"not_surveyed",NA,NA,NA,NA,NA,NA,"seasonal"
"WU01","WEST UNION",0,2003,NA,NA,"not_surveyed",NA,NA,NA,NA,NA,NA,"seasonal"
"WU01","WEST UNION",0,2004,NA,NA,"not_surveyed",NA,NA,NA,NA,NA,NA,"seasonal"
"WU01","WEST UNION",0,2005,NA,NA,"not_surveyed",NA,NA,NA,NA,NA,NA,"seasonal"
"WU01","WEST UNION",0,2006,NA,NA,"not_surveyed",NA,NA,NA,NA,NA,NA,"seasonal"
"WU01","WEST UNION",0,2007,NA,NA,"not_surveyed",NA,NA,NA,NA,NA,NA,"seasonal"
"WU01","WEST UNION",0,2008,NA,NA,"not_surveyed",NA,NA,NA,NA,NA,NA,"seasonal"
"WU01","WEST UNION",0,2009,NA,NA,"not_surveyed",NA,NA,NA,NA,NA,NA,"seasonal"
"WU01","WEST UNION",0,2010,NA,NA,"not_surveyed",NA,NA,NA,NA,NA,NA,"seasonal"
"WU01","WEST UNION",0,2011,NA,NA,"not_surveyed",NA,NA,NA,NA,NA,NA,"seasonal"
"WU01","WEST UNION",0,2012,NA,NA,"not_surveyed",NA,NA,NA,NA,NA,NA,"seasonal"
"WU01","WEST UNION",0,2013,NA,NA,"not_surveyed",NA,NA,NA,NA,NA,NA,"seasonal"
"WU01","WEST UNION",0,2014,NA,NA,"not_surveyed",NA,NA,NA,NA,NA,NA,"seasonal"
"WU01","WEST UNION",0,2015,NA,NA,"not_surveyed",NA,NA,NA,NA,NA,NA,"seasonal"
"WU01","WEST UNION",0,2016,NA,NA,"not_surveyed",NA,NA,NA,NA,NA,NA,"seasonal"
"WU01","WEST UNION",0,2017,NA,NA,"not_surveyed",NA,NA,NA,NA,NA,NA,"seasonal"
"WU01","WEST UNION",0,2018,NA,NA,"not_surveyed",NA,NA,NA,NA,NA,NA,"seasonal"
"WU01","WEST UNION",0,2019,NA,NA,"not_surveyed",NA,NA,NA,NA,NA,NA,"seasonal"
"WU01","WEST UNION",0,2020,NA,NA,"not_surveyed",NA,NA,NA,NA,NA,NA,"seasonal"
"WU01","WEST UNION",0,2021,0,2,"surveyed_zero",NA,NA,NA,NA,NA,NA,"seasonal"
"WU01","WEST UNION",0,2022,NA,NA,"not_surveyed",NA,NA,NA,NA,NA,NA,"seasonal"
"WU01","WEST UNION",0,2023,NA,NA,"not_surveyed",NA,NA,NA,NA,NA,NA,"seasonal"
"WU01","WEST UNION",0,2024,NA,NA,"not_surveyed",NA,NA,NA,NA,NA,NA,"seasonal"
"WU01","WEST UNION",0,2025,NA,NA,"not_surveyed",NA,NA,NA,NA,NA,NA,"seasonal"
"WU02","WEST UNION",0,1997,NA,NA,"not_surveyed",NA,NA,NA,NA,NA,NA,"seasonal"
"WU02","WEST UNION",0,1998,NA,NA,"not_surveyed",NA,NA,NA,NA,NA,NA,"seasonal"
"WU02","WEST UNION",0,1999,NA,NA,"not_surveyed",NA,NA,NA,NA,NA,NA,"seasonal"
"WU02","WEST UNION",0,2000,NA,NA,"not_surveyed",NA,NA,NA,NA,NA,NA,"seasonal"
"WU02","WEST UNION",0,2001,NA,NA,"not_surveyed",NA,NA,NA,NA,NA,NA,"seasonal"
"WU02","WEST UNION",0,2002,NA,NA,"not_surveyed",NA,NA,NA,NA,NA,NA,"seasonal"
"WU02","WEST UNION",0,2003,NA,NA,"not_surveyed",NA,NA,NA,NA,NA,NA,"seasonal"
"WU02","WEST UNION",0,2004,NA,NA,"not_surveyed",NA,NA,NA,NA,NA,NA,"seasonal"
"WU02","WEST UNION",0,2005,NA,NA,"not_surveyed",NA,NA,NA,NA,NA,NA,"seasonal"
"WU02","WEST UNION",0,2006,NA,NA,"not_surveyed",NA,NA,NA,NA,NA,NA,"seasonal"
"WU02","WEST UNION",0,2007,NA,NA,"not_surveyed",NA,NA,NA,NA,NA,NA,"seasonal"
"WU02","WEST UNION",0,2008,NA,NA,"not_surveyed",NA,NA,NA,NA,NA,NA,"seasonal"
"WU02","WEST UNION",0,2009,NA,NA,"not_surveyed",NA,NA,NA,NA,NA,NA,"seasonal"
"WU02","WEST UNION",0,2010,NA,NA,"not_surveyed",NA,NA,NA,NA,NA,NA,"seasonal"
"WU02","WEST UNION",0,2011,NA,NA,"not_surveyed",NA,NA,NA,NA,NA,NA,"seasonal"
"WU02","WEST UNION",0,2012,NA,NA,"not_surveyed",NA,NA,NA,NA,NA,NA,"seasonal"
"WU02","WEST UNION",0,2013,NA,NA,"not_surveyed",NA,NA,NA,NA,NA,NA,"seasonal"
"WU02","WEST UNION",0,2014,NA,NA,"not_surveyed",NA,NA,NA,NA,NA,NA,"seasonal"
"WU02","WEST UNION",0,2015,NA,NA,"not_surveyed",NA,NA,NA,NA,NA,NA,"seasonal"
"WU02","WEST UNION",0,2016,NA,NA,"not_surveyed",NA,NA,NA,NA,NA,NA,"seasonal"
"WU02","WEST UNION",0,2017,0,1,"surveyed_zero",NA,NA,NA,NA,NA,NA,"seasonal"
"WU02","WEST UNION",0,2018,NA,NA,"not_surveyed",NA,NA,NA,NA,NA,NA,"seasonal"
"WU02","WEST UNION",0,2019,NA,NA,"not_surveyed",NA,NA,NA,NA,NA,NA,"seasonal"
"WU02","WEST UNION",0,2020,NA,NA,"not_surveyed",NA,NA,NA,NA,NA,NA,"seasonal"
"WU02","WEST UNION",0,2021,NA,NA,"not_surveyed",NA,NA,NA,NA,NA,NA,"seasonal"
"WU02","WEST UNION",0,2022,NA,NA,"not_surveyed",NA,NA,NA,NA,NA,NA,"seasonal"
"WU02","WEST UNION",0,2023,6,3,"surveyed_nonzero",NA,NA,NA,NA,NA,NA,"seasonal"
"WU02","WEST UNION",0,2024,0,1,"surveyed_zero",NA,NA,NA,NA,NA,NA,"seasonal"
"WU02","WEST UNION",0,2025,2,4,"surveyed_nonzero",NA,NA,NA,NA,NA,NA,"seasonal"
