polygon_row_id,map_class_clean,lifeform_clean,acres_numeric,adjacent_freshwater_anchor,adjacent_tidal_anchor,near_model_site,near_model_site_ids,near_map_edge,split_class,movement_group,base_cost,is_barrier,classification_status,decision_reason
89956,Water,Water,33.93987575121855,TRUE,FALSE,FALSE,,FALSE,Freshwater_open_water,Freshwater_wetland_riparian,1,FALSE,ASSIGNED,Within 30 ft of freshwater wetland or riparian forest
89957,Water,Water,0.5234478159232026,FALSE,FALSE,FALSE,,FALSE,UNRESOLVED_WATER_REVIEW,UNRESOLVED_REVIEW,,FALSE,REVIEW_REQUIRED,"No freshwater, tidal, or modeled-site spatial evidence"
89958,Water,Water,0.2872777474192918,FALSE,FALSE,FALSE,,FALSE,UNRESOLVED_WATER_REVIEW,UNRESOLVED_REVIEW,,FALSE,REVIEW_REQUIRED,"No freshwater, tidal, or modeled-site spatial evidence"
89959,Water,Water,238.76837908620902,FALSE,FALSE,FALSE,,FALSE,UNRESOLVED_WATER_REVIEW,UNRESOLVED_REVIEW,,FALSE,REVIEW_REQUIRED,"No freshwater, tidal, or modeled-site spatial evidence"
89960,Water,Water,0.7688684419311839,TRUE,FALSE,FALSE,,FALSE,Freshwater_open_water,Freshwater_wetland_riparian,1,FALSE,ASSIGNED,Within 30 ft of freshwater wetland or riparian forest
89961,Water,Water,4.39291738069182,TRUE,FALSE,FALSE,,FALSE,Freshwater_open_water,Freshwater_wetland_riparian,1,FALSE,ASSIGNED,Within 30 ft of freshwater wetland or riparian forest
89962,Water,Water,4.128604011390104,FALSE,FALSE,FALSE,,FALSE,UNRESOLVED_WATER_REVIEW,UNRESOLVED_REVIEW,,FALSE,REVIEW_REQUIRED,"No freshwater, tidal, or modeled-site spatial evidence"
89963,Water,Water,8.378790949779741,TRUE,TRUE,FALSE,,FALSE,Estuarine_transition_water,Tidal_saline_matrix,25,FALSE,ASSIGNED,Within 30 ft of both freshwater and tidal anchors
89964,Water,Water,656.9780986986207,FALSE,FALSE,FALSE,,TRUE,UNRESOLVED_WATER_REVIEW,UNRESOLVED_REVIEW,,FALSE,REVIEW_REQUIRED,"No freshwater, tidal, or modeled-site spatial evidence"
89965,Water,Water,0.21322352279429024,FALSE,TRUE,FALSE,,FALSE,Marine_open_water,Hard_marine_barrier,,TRUE,ASSIGNED,Within 30 ft of tidal wetland or eel grass
89966,Water,Water,1.5404959345585876,FALSE,TRUE,FALSE,,FALSE,Marine_open_water,Hard_marine_barrier,,TRUE,ASSIGNED,Within 30 ft of tidal wetland or eel grass
89967,Water,Water,0.1423421378261298,TRUE,FALSE,FALSE,,FALSE,Freshwater_open_water,Freshwater_wetland_riparian,1,FALSE,ASSIGNED,Within 30 ft of freshwater wetland or riparian forest
89968,Water,Water,0.04927746682303104,TRUE,FALSE,FALSE,,FALSE,Freshwater_open_water,Freshwater_wetland_riparian,1,FALSE,ASSIGNED,Within 30 ft of freshwater wetland or riparian forest
89969,Water,Water,5.219518747896412,TRUE,FALSE,FALSE,,FALSE,Freshwater_open_water,Freshwater_wetland_riparian,1,FALSE,ASSIGNED,Within 30 ft of freshwater wetland or riparian forest
89970,Water,Water,3.2333398472343493,TRUE,FALSE,FALSE,,FALSE,Freshwater_open_water,Freshwater_wetland_riparian,1,FALSE,ASSIGNED,Within 30 ft of freshwater wetland or riparian forest
89971,Water,Water,0.037751509412181125,FALSE,FALSE,FALSE,,FALSE,UNRESOLVED_WATER_REVIEW,UNRESOLVED_REVIEW,,FALSE,REVIEW_REQUIRED,"No freshwater, tidal, or modeled-site spatial evidence"
89972,Water,Water,2.193797661039021,TRUE,FALSE,FALSE,,FALSE,Freshwater_open_water,Freshwater_wetland_riparian,1,FALSE,ASSIGNED,Within 30 ft of freshwater wetland or riparian forest
89973,Water,Water,1.0387079302986038,TRUE,FALSE,FALSE,,FALSE,Freshwater_open_water,Freshwater_wetland_riparian,1,FALSE,ASSIGNED,Within 30 ft of freshwater wetland or riparian forest
89974,Water,Water,17.99738144154942,TRUE,FALSE,FALSE,,FALSE,Freshwater_open_water,Freshwater_wetland_riparian,1,FALSE,ASSIGNED,Within 30 ft of freshwater wetland or riparian forest
89975,Water,Water,0.20590334660740037,TRUE,FALSE,FALSE,,FALSE,Freshwater_open_water,Freshwater_wetland_riparian,1,FALSE,ASSIGNED,Within 30 ft of freshwater wetland or riparian forest
89976,Water,Water,0.03461900390482216,TRUE,FALSE,FALSE,,FALSE,Freshwater_open_water,Freshwater_wetland_riparian,1,FALSE,ASSIGNED,Within 30 ft of freshwater wetland or riparian forest
89977,Water,Water,0.735400778394503,TRUE,FALSE,FALSE,,FALSE,Freshwater_open_water,Freshwater_wetland_riparian,1,FALSE,ASSIGNED,Within 30 ft of freshwater wetland or riparian forest
89978,Water,Water,0.06694188099979928,FALSE,FALSE,FALSE,,FALSE,UNRESOLVED_WATER_REVIEW,UNRESOLVED_REVIEW,,FALSE,REVIEW_REQUIRED,"No freshwater, tidal, or modeled-site spatial evidence"
89979,Water,Water,1.190608246755436,FALSE,FALSE,FALSE,,FALSE,UNRESOLVED_WATER_REVIEW,UNRESOLVED_REVIEW,,FALSE,REVIEW_REQUIRED,"No freshwater, tidal, or modeled-site spatial evidence"
89980,Water,Water,0.03613392341113074,FALSE,FALSE,FALSE,,FALSE,UNRESOLVED_WATER_REVIEW,UNRESOLVED_REVIEW,,FALSE,REVIEW_REQUIRED,"No freshwater, tidal, or modeled-site spatial evidence"
89981,Water,Water,0.2521981701252413,FALSE,FALSE,FALSE,,FALSE,UNRESOLVED_WATER_REVIEW,UNRESOLVED_REVIEW,,FALSE,REVIEW_REQUIRED,"No freshwater, tidal, or modeled-site spatial evidence"
89982,Water,Water,0.43289155658164924,FALSE,FALSE,FALSE,,FALSE,UNRESOLVED_WATER_REVIEW,UNRESOLVED_REVIEW,,FALSE,REVIEW_REQUIRED,"No freshwater, tidal, or modeled-site spatial evidence"
89983,Water,Water,0.2759194032670575,FALSE,FALSE,FALSE,,FALSE,UNRESOLVED_WATER_REVIEW,UNRESOLVED_REVIEW,,FALSE,REVIEW_REQUIRED,"No freshwater, tidal, or modeled-site spatial evidence"
89984,Water,Water,1.362443206158675,FALSE,FALSE,FALSE,,FALSE,UNRESOLVED_WATER_REVIEW,UNRESOLVED_REVIEW,,FALSE,REVIEW_REQUIRED,"No freshwater, tidal, or modeled-site spatial evidence"
89985,Water,Water,0.2268255120014917,TRUE,FALSE,FALSE,,FALSE,Freshwater_open_water,Freshwater_wetland_riparian,1,FALSE,ASSIGNED,Within 30 ft of freshwater wetland or riparian forest
89986,Water,Water,9.937261630483697,TRUE,FALSE,FALSE,,FALSE,Freshwater_open_water,Freshwater_wetland_riparian,1,FALSE,ASSIGNED,Within 30 ft of freshwater wetland or riparian forest
89987,Water,Water,0.5603174615622137,TRUE,FALSE,FALSE,,FALSE,Freshwater_open_water,Freshwater_wetland_riparian,1,FALSE,ASSIGNED,Within 30 ft of freshwater wetland or riparian forest
89988,Water,Water,0.8145472816024258,TRUE,FALSE,FALSE,,FALSE,Freshwater_open_water,Freshwater_wetland_riparian,1,FALSE,ASSIGNED,Within 30 ft of freshwater wetland or riparian forest
89989,Water,Water,0.015109739713319466,TRUE,FALSE,FALSE,,FALSE,Freshwater_open_water,Freshwater_wetland_riparian,1,FALSE,ASSIGNED,Within 30 ft of freshwater wetland or riparian forest
89990,Water,Water,2.937721904931041,TRUE,FALSE,FALSE,,FALSE,Freshwater_open_water,Freshwater_wetland_riparian,1,FALSE,ASSIGNED,Within 30 ft of freshwater wetland or riparian forest
89991,Water,Water,1.0671799151147048,TRUE,FALSE,FALSE,,FALSE,Freshwater_open_water,Freshwater_wetland_riparian,1,FALSE,ASSIGNED,Within 30 ft of freshwater wetland or riparian forest
89992,Water,Water,1.047198165877134,FALSE,FALSE,FALSE,,FALSE,UNRESOLVED_WATER_REVIEW,UNRESOLVED_REVIEW,,FALSE,REVIEW_REQUIRED,"No freshwater, tidal, or modeled-site spatial evidence"
89993,Water,Water,0.3656983292492789,TRUE,FALSE,FALSE,,FALSE,Freshwater_open_water,Freshwater_wetland_riparian,1,FALSE,ASSIGNED,Within 30 ft of freshwater wetland or riparian forest
89994,Water,Water,0.7787704678228338,TRUE,FALSE,FALSE,,FALSE,Freshwater_open_water,Freshwater_wetland_riparian,1,FALSE,ASSIGNED,Within 30 ft of freshwater wetland or riparian forest
89995,Water,Water,0.17213413268970104,FALSE,FALSE,FALSE,,FALSE,UNRESOLVED_WATER_REVIEW,UNRESOLVED_REVIEW,,FALSE,REVIEW_REQUIRED,"No freshwater, tidal, or modeled-site spatial evidence"
89996,Water,Water,0.0511024093664883,FALSE,FALSE,FALSE,,FALSE,UNRESOLVED_WATER_REVIEW,UNRESOLVED_REVIEW,,FALSE,REVIEW_REQUIRED,"No freshwater, tidal, or modeled-site spatial evidence"
89997,Water,Water,0.31849231296550234,TRUE,FALSE,FALSE,,FALSE,Freshwater_open_water,Freshwater_wetland_riparian,1,FALSE,ASSIGNED,Within 30 ft of freshwater wetland or riparian forest
89998,Water,Water,0.6275481620419185,TRUE,FALSE,FALSE,,FALSE,Freshwater_open_water,Freshwater_wetland_riparian,1,FALSE,ASSIGNED,Within 30 ft of freshwater wetland or riparian forest
89999,Water,Water,0.3297984682149753,FALSE,FALSE,FALSE,,FALSE,UNRESOLVED_WATER_REVIEW,UNRESOLVED_REVIEW,,FALSE,REVIEW_REQUIRED,"No freshwater, tidal, or modeled-site spatial evidence"
90000,Water,Water,0.3372812689030755,FALSE,FALSE,FALSE,,FALSE,UNRESOLVED_WATER_REVIEW,UNRESOLVED_REVIEW,,FALSE,REVIEW_REQUIRED,"No freshwater, tidal, or modeled-site spatial evidence"
90001,Water,Water,0.04481228264526581,FALSE,FALSE,FALSE,,FALSE,UNRESOLVED_WATER_REVIEW,UNRESOLVED_REVIEW,,FALSE,REVIEW_REQUIRED,"No freshwater, tidal, or modeled-site spatial evidence"
90002,Water,Water,1.0405567708943608,TRUE,FALSE,FALSE,,FALSE,Freshwater_open_water,Freshwater_wetland_riparian,1,FALSE,ASSIGNED,Within 30 ft of freshwater wetland or riparian forest
90003,Water,Water,1.4098664902224924,TRUE,FALSE,FALSE,,FALSE,Freshwater_open_water,Freshwater_wetland_riparian,1,FALSE,ASSIGNED,Within 30 ft of freshwater wetland or riparian forest
90004,Water,Water,31.374815671451604,TRUE,FALSE,FALSE,,FALSE,Freshwater_open_water,Freshwater_wetland_riparian,1,FALSE,ASSIGNED,Within 30 ft of freshwater wetland or riparian forest
90005,Water,Water,0.5042540506902613,TRUE,FALSE,FALSE,,FALSE,Freshwater_open_water,Freshwater_wetland_riparian,1,FALSE,ASSIGNED,Within 30 ft of freshwater wetland or riparian forest
90006,Water,Water,1.2889782527653846,TRUE,FALSE,FALSE,,FALSE,Freshwater_open_water,Freshwater_wetland_riparian,1,FALSE,ASSIGNED,Within 30 ft of freshwater wetland or riparian forest
90007,Water,Water,0.6153431170234737,TRUE,FALSE,FALSE,,FALSE,Freshwater_open_water,Freshwater_wetland_riparian,1,FALSE,ASSIGNED,Within 30 ft of freshwater wetland or riparian forest
90008,Water,Water,0.2186862726202133,TRUE,FALSE,FALSE,,FALSE,Freshwater_open_water,Freshwater_wetland_riparian,1,FALSE,ASSIGNED,Within 30 ft of freshwater wetland or riparian forest
90009,Water,Water,1.1482410251519397,TRUE,FALSE,FALSE,,FALSE,Freshwater_open_water,Freshwater_wetland_riparian,1,FALSE,ASSIGNED,Within 30 ft of freshwater wetland or riparian forest
90010,Water,Water,0.23842928790784712,TRUE,FALSE,FALSE,,FALSE,Freshwater_open_water,Freshwater_wetland_riparian,1,FALSE,ASSIGNED,Within 30 ft of freshwater wetland or riparian forest
90011,Water,Water,25.2641618695558,TRUE,FALSE,FALSE,,FALSE,Freshwater_open_water,Freshwater_wetland_riparian,1,FALSE,ASSIGNED,Within 30 ft of freshwater wetland or riparian forest
90012,Water,Water,0.2403120049724123,FALSE,FALSE,FALSE,,FALSE,UNRESOLVED_WATER_REVIEW,UNRESOLVED_REVIEW,,FALSE,REVIEW_REQUIRED,"No freshwater, tidal, or modeled-site spatial evidence"
90013,Water,Water,1.6794636439221977,TRUE,FALSE,FALSE,,FALSE,Freshwater_open_water,Freshwater_wetland_riparian,1,FALSE,ASSIGNED,Within 30 ft of freshwater wetland or riparian forest
90014,Water,Water,0.0122589041273317,TRUE,FALSE,FALSE,,FALSE,Freshwater_open_water,Freshwater_wetland_riparian,1,FALSE,ASSIGNED,Within 30 ft of freshwater wetland or riparian forest
90015,Water,Water,0.17575752799115238,TRUE,FALSE,FALSE,,FALSE,Freshwater_open_water,Freshwater_wetland_riparian,1,FALSE,ASSIGNED,Within 30 ft of freshwater wetland or riparian forest
90016,Water,Water,0.5785582632073883,FALSE,FALSE,FALSE,,FALSE,UNRESOLVED_WATER_REVIEW,UNRESOLVED_REVIEW,,FALSE,REVIEW_REQUIRED,"No freshwater, tidal, or modeled-site spatial evidence"
90017,Water,Water,0.013429502257620117,FALSE,FALSE,FALSE,,FALSE,UNRESOLVED_WATER_REVIEW,UNRESOLVED_REVIEW,,FALSE,REVIEW_REQUIRED,"No freshwater, tidal, or modeled-site spatial evidence"
90018,Water,Water,0.05220403960302042,TRUE,FALSE,FALSE,,FALSE,Freshwater_open_water,Freshwater_wetland_riparian,1,FALSE,ASSIGNED,Within 30 ft of freshwater wetland or riparian forest
90019,Water,Water,0.09134017073863367,TRUE,FALSE,FALSE,,FALSE,Freshwater_open_water,Freshwater_wetland_riparian,1,FALSE,ASSIGNED,Within 30 ft of freshwater wetland or riparian forest
90020,Water,Water,0.043985448027371664,FALSE,FALSE,FALSE,,FALSE,UNRESOLVED_WATER_REVIEW,UNRESOLVED_REVIEW,,FALSE,REVIEW_REQUIRED,"No freshwater, tidal, or modeled-site spatial evidence"
90021,Water,Water,0.5950573815521875,FALSE,FALSE,FALSE,,FALSE,UNRESOLVED_WATER_REVIEW,UNRESOLVED_REVIEW,,FALSE,REVIEW_REQUIRED,"No freshwater, tidal, or modeled-site spatial evidence"
90022,Water,Water,0.24380942048429466,TRUE,FALSE,FALSE,,FALSE,Freshwater_open_water,Freshwater_wetland_riparian,1,FALSE,ASSIGNED,Within 30 ft of freshwater wetland or riparian forest
90023,Water,Water,2.604496186484576,TRUE,TRUE,FALSE,,FALSE,Estuarine_transition_water,Tidal_saline_matrix,25,FALSE,ASSIGNED,Within 30 ft of both freshwater and tidal anchors
90024,Water,Water,3.1056061014231955,TRUE,FALSE,FALSE,,FALSE,Freshwater_open_water,Freshwater_wetland_riparian,1,FALSE,ASSIGNED,Within 30 ft of freshwater wetland or riparian forest
90025,Water,Water,35.9502127254341,TRUE,FALSE,FALSE,,FALSE,Freshwater_open_water,Freshwater_wetland_riparian,1,FALSE,ASSIGNED,Within 30 ft of freshwater wetland or riparian forest
90026,Water,Water,0.1086320457233032,FALSE,FALSE,FALSE,,FALSE,UNRESOLVED_WATER_REVIEW,UNRESOLVED_REVIEW,,FALSE,REVIEW_REQUIRED,"No freshwater, tidal, or modeled-site spatial evidence"
90027,Water,Water,0.30482129150109916,TRUE,FALSE,FALSE,,FALSE,Freshwater_open_water,Freshwater_wetland_riparian,1,FALSE,ASSIGNED,Within 30 ft of freshwater wetland or riparian forest
90028,Water,Water,0.6707835229774143,TRUE,FALSE,FALSE,,FALSE,Freshwater_open_water,Freshwater_wetland_riparian,1,FALSE,ASSIGNED,Within 30 ft of freshwater wetland or riparian forest
90029,Water,Water,0.5363175163769945,TRUE,FALSE,FALSE,,FALSE,Freshwater_open_water,Freshwater_wetland_riparian,1,FALSE,ASSIGNED,Within 30 ft of freshwater wetland or riparian forest
90030,Water,Water,0.11698854213264179,FALSE,FALSE,FALSE,,FALSE,UNRESOLVED_WATER_REVIEW,UNRESOLVED_REVIEW,,FALSE,REVIEW_REQUIRED,"No freshwater, tidal, or modeled-site spatial evidence"
90031,Water,Water,0.0493574930440031,TRUE,FALSE,FALSE,,FALSE,Freshwater_open_water,Freshwater_wetland_riparian,1,FALSE,ASSIGNED,Within 30 ft of freshwater wetland or riparian forest
90032,Water,Water,0.8792209530716418,TRUE,FALSE,FALSE,,FALSE,Freshwater_open_water,Freshwater_wetland_riparian,1,FALSE,ASSIGNED,Within 30 ft of freshwater wetland or riparian forest
90033,Water,Water,0.14818793763884933,TRUE,FALSE,FALSE,,FALSE,Freshwater_open_water,Freshwater_wetland_riparian,1,FALSE,ASSIGNED,Within 30 ft of freshwater wetland or riparian forest
90034,Water,Water,2.4796015016852238,TRUE,FALSE,FALSE,,FALSE,Freshwater_open_water,Freshwater_wetland_riparian,1,FALSE,ASSIGNED,Within 30 ft of freshwater wetland or riparian forest
90035,Water,Water,0.3016879183793189,FALSE,FALSE,FALSE,,FALSE,UNRESOLVED_WATER_REVIEW,UNRESOLVED_REVIEW,,FALSE,REVIEW_REQUIRED,"No freshwater, tidal, or modeled-site spatial evidence"
90036,Water,Water,1.456336017073348,TRUE,FALSE,FALSE,,FALSE,Freshwater_open_water,Freshwater_wetland_riparian,1,FALSE,ASSIGNED,Within 30 ft of freshwater wetland or riparian forest
90037,Water,Water,0.2793672983160083,TRUE,FALSE,FALSE,,FALSE,Freshwater_open_water,Freshwater_wetland_riparian,1,FALSE,ASSIGNED,Within 30 ft of freshwater wetland or riparian forest
90038,Water,Water,0.4475575001086782,FALSE,FALSE,FALSE,,FALSE,UNRESOLVED_WATER_REVIEW,UNRESOLVED_REVIEW,,FALSE,REVIEW_REQUIRED,"No freshwater, tidal, or modeled-site spatial evidence"
90039,Water,Water,0.9118463154992897,TRUE,FALSE,FALSE,,FALSE,Freshwater_open_water,Freshwater_wetland_riparian,1,FALSE,ASSIGNED,Within 30 ft of freshwater wetland or riparian forest
90040,Water,Water,0.6213492974511166,FALSE,FALSE,FALSE,,FALSE,UNRESOLVED_WATER_REVIEW,UNRESOLVED_REVIEW,,FALSE,REVIEW_REQUIRED,"No freshwater, tidal, or modeled-site spatial evidence"
90041,Water,Water,0.06706212116586273,FALSE,FALSE,FALSE,,FALSE,UNRESOLVED_WATER_REVIEW,UNRESOLVED_REVIEW,,FALSE,REVIEW_REQUIRED,"No freshwater, tidal, or modeled-site spatial evidence"
90042,Water,Water,0.20905639065118325,TRUE,FALSE,FALSE,,FALSE,Freshwater_open_water,Freshwater_wetland_riparian,1,FALSE,ASSIGNED,Within 30 ft of freshwater wetland or riparian forest
90043,Water,Water,1.7735546385494048,TRUE,FALSE,FALSE,,FALSE,Freshwater_open_water,Freshwater_wetland_riparian,1,FALSE,ASSIGNED,Within 30 ft of freshwater wetland or riparian forest
90044,Water,Water,0.4220381220715066,TRUE,FALSE,FALSE,,FALSE,Freshwater_open_water,Freshwater_wetland_riparian,1,FALSE,ASSIGNED,Within 30 ft of freshwater wetland or riparian forest
90045,Water,Water,2.6965185159639646,TRUE,FALSE,FALSE,,FALSE,Freshwater_open_water,Freshwater_wetland_riparian,1,FALSE,ASSIGNED,Within 30 ft of freshwater wetland or riparian forest
90046,Water,Water,0.24349888106803366,FALSE,FALSE,FALSE,,FALSE,UNRESOLVED_WATER_REVIEW,UNRESOLVED_REVIEW,,FALSE,REVIEW_REQUIRED,"No freshwater, tidal, or modeled-site spatial evidence"
90047,Water,Water,1.9923814610498431,TRUE,FALSE,FALSE,,FALSE,Freshwater_open_water,Freshwater_wetland_riparian,1,FALSE,ASSIGNED,Within 30 ft of freshwater wetland or riparian forest
90048,Water,Water,3.781745277762212,TRUE,FALSE,FALSE,,FALSE,Freshwater_open_water,Freshwater_wetland_riparian,1,FALSE,ASSIGNED,Within 30 ft of freshwater wetland or riparian forest
90049,Water,Water,0.30812598632354,TRUE,FALSE,FALSE,,FALSE,Freshwater_open_water,Freshwater_wetland_riparian,1,FALSE,ASSIGNED,Within 30 ft of freshwater wetland or riparian forest
90050,Water,Water,0.7419940350954702,FALSE,FALSE,FALSE,,FALSE,UNRESOLVED_WATER_REVIEW,UNRESOLVED_REVIEW,,FALSE,REVIEW_REQUIRED,"No freshwater, tidal, or modeled-site spatial evidence"
90051,Water,Water,0.6025537942494088,TRUE,FALSE,FALSE,,FALSE,Freshwater_open_water,Freshwater_wetland_riparian,1,FALSE,ASSIGNED,Within 30 ft of freshwater wetland or riparian forest
90052,Water,Water,0.31714897135294623,FALSE,FALSE,FALSE,,FALSE,UNRESOLVED_WATER_REVIEW,UNRESOLVED_REVIEW,,FALSE,REVIEW_REQUIRED,"No freshwater, tidal, or modeled-site spatial evidence"
90053,Water,Water,0.6535110761749934,FALSE,FALSE,FALSE,,FALSE,UNRESOLVED_WATER_REVIEW,UNRESOLVED_REVIEW,,FALSE,REVIEW_REQUIRED,"No freshwater, tidal, or modeled-site spatial evidence"
90054,Water,Water,0.22173921227596308,TRUE,FALSE,FALSE,,FALSE,Freshwater_open_water,Freshwater_wetland_riparian,1,FALSE,ASSIGNED,Within 30 ft of freshwater wetland or riparian forest
90055,Water,Water,0.05647375395016255,TRUE,FALSE,FALSE,,FALSE,Freshwater_open_water,Freshwater_wetland_riparian,1,FALSE,ASSIGNED,Within 30 ft of freshwater wetland or riparian forest
90056,Water,Water,0.10404719899682698,FALSE,FALSE,FALSE,,FALSE,UNRESOLVED_WATER_REVIEW,UNRESOLVED_REVIEW,,FALSE,REVIEW_REQUIRED,"No freshwater, tidal, or modeled-site spatial evidence"
90057,Water,Water,0.07185507723656982,TRUE,FALSE,FALSE,,FALSE,Freshwater_open_water,Freshwater_wetland_riparian,1,FALSE,ASSIGNED,Within 30 ft of freshwater wetland or riparian forest
90058,Water,Water,0.05982553725805488,TRUE,FALSE,FALSE,,FALSE,Freshwater_open_water,Freshwater_wetland_riparian,1,FALSE,ASSIGNED,Within 30 ft of freshwater wetland or riparian forest
90059,Water,Water,0.22405863397951337,TRUE,FALSE,FALSE,,FALSE,Freshwater_open_water,Freshwater_wetland_riparian,1,FALSE,ASSIGNED,Within 30 ft of freshwater wetland or riparian forest
90060,Water,Water,0.5618399244411432,TRUE,FALSE,FALSE,,FALSE,Freshwater_open_water,Freshwater_wetland_riparian,1,FALSE,ASSIGNED,Within 30 ft of freshwater wetland or riparian forest
90061,Water,Water,0.14063002276844253,FALSE,FALSE,FALSE,,FALSE,UNRESOLVED_WATER_REVIEW,UNRESOLVED_REVIEW,,FALSE,REVIEW_REQUIRED,"No freshwater, tidal, or modeled-site spatial evidence"
90062,Water,Water,0.018719188490083992,TRUE,FALSE,FALSE,,FALSE,Freshwater_open_water,Freshwater_wetland_riparian,1,FALSE,ASSIGNED,Within 30 ft of freshwater wetland or riparian forest
90063,Water,Water,0.9260327295330688,FALSE,FALSE,FALSE,,FALSE,UNRESOLVED_WATER_REVIEW,UNRESOLVED_REVIEW,,FALSE,REVIEW_REQUIRED,"No freshwater, tidal, or modeled-site spatial evidence"
90064,Water,Water,0.055457582370129425,TRUE,FALSE,FALSE,,FALSE,Freshwater_open_water,Freshwater_wetland_riparian,1,FALSE,ASSIGNED,Within 30 ft of freshwater wetland or riparian forest
90065,Water,Water,0.06663777894368446,TRUE,FALSE,FALSE,,FALSE,Freshwater_open_water,Freshwater_wetland_riparian,1,FALSE,ASSIGNED,Within 30 ft of freshwater wetland or riparian forest
90066,Water,Water,0.26294757068801616,FALSE,FALSE,FALSE,,FALSE,UNRESOLVED_WATER_REVIEW,UNRESOLVED_REVIEW,,FALSE,REVIEW_REQUIRED,"No freshwater, tidal, or modeled-site spatial evidence"
90067,Water,Water,0.04704110204702809,TRUE,FALSE,FALSE,,FALSE,Freshwater_open_water,Freshwater_wetland_riparian,1,FALSE,ASSIGNED,Within 30 ft of freshwater wetland or riparian forest
90068,Water,Water,0.10928254933530303,TRUE,FALSE,FALSE,,FALSE,Freshwater_open_water,Freshwater_wetland_riparian,1,FALSE,ASSIGNED,Within 30 ft of freshwater wetland or riparian forest
90069,Water,Water,0.3106364948095878,TRUE,FALSE,FALSE,,FALSE,Freshwater_open_water,Freshwater_wetland_riparian,1,FALSE,ASSIGNED,Within 30 ft of freshwater wetland or riparian forest
90070,Water,Water,0.09983096415352312,TRUE,FALSE,FALSE,,FALSE,Freshwater_open_water,Freshwater_wetland_riparian,1,FALSE,ASSIGNED,Within 30 ft of freshwater wetland or riparian forest
90071,Water,Water,0.2583562584694041,FALSE,FALSE,FALSE,,FALSE,UNRESOLVED_WATER_REVIEW,UNRESOLVED_REVIEW,,FALSE,REVIEW_REQUIRED,"No freshwater, tidal, or modeled-site spatial evidence"
90072,Water,Water,0.31129404790444887,TRUE,FALSE,FALSE,,FALSE,Freshwater_open_water,Freshwater_wetland_riparian,1,FALSE,ASSIGNED,Within 30 ft of freshwater wetland or riparian forest
90073,Water,Water,0.8065145816514825,FALSE,TRUE,FALSE,,FALSE,Marine_open_water,Hard_marine_barrier,,TRUE,ASSIGNED,Within 30 ft of tidal wetland or eel grass
90074,Water,Water,0.4646152519170143,TRUE,FALSE,FALSE,,FALSE,Freshwater_open_water,Freshwater_wetland_riparian,1,FALSE,ASSIGNED,Within 30 ft of freshwater wetland or riparian forest
90075,Water,Water,1.2368230981123516,TRUE,FALSE,FALSE,,FALSE,Freshwater_open_water,Freshwater_wetland_riparian,1,FALSE,ASSIGNED,Within 30 ft of freshwater wetland or riparian forest
90076,Water,Water,0.2569127485635084,TRUE,FALSE,FALSE,,FALSE,Freshwater_open_water,Freshwater_wetland_riparian,1,FALSE,ASSIGNED,Within 30 ft of freshwater wetland or riparian forest
90077,Water,Water,0.7483460948887776,TRUE,FALSE,FALSE,,FALSE,Freshwater_open_water,Freshwater_wetland_riparian,1,FALSE,ASSIGNED,Within 30 ft of freshwater wetland or riparian forest
90078,Water,Water,2.3556251902297163,TRUE,TRUE,FALSE,,FALSE,Estuarine_transition_water,Tidal_saline_matrix,25,FALSE,ASSIGNED,Within 30 ft of both freshwater and tidal anchors
90079,Water,Water,0.36864170232969223,TRUE,FALSE,FALSE,,FALSE,Freshwater_open_water,Freshwater_wetland_riparian,1,FALSE,ASSIGNED,Within 30 ft of freshwater wetland or riparian forest
90080,Water,Water,0.13873981247940226,FALSE,FALSE,FALSE,,FALSE,UNRESOLVED_WATER_REVIEW,UNRESOLVED_REVIEW,,FALSE,REVIEW_REQUIRED,"No freshwater, tidal, or modeled-site spatial evidence"
90081,Water,Water,0.2285123710819138,FALSE,TRUE,FALSE,,FALSE,Marine_open_water,Hard_marine_barrier,,TRUE,ASSIGNED,Within 30 ft of tidal wetland or eel grass
90082,Water,Water,0.08351682760857171,FALSE,TRUE,FALSE,,FALSE,Marine_open_water,Hard_marine_barrier,,TRUE,ASSIGNED,Within 30 ft of tidal wetland or eel grass
90083,Water,Water,0.2648261437170089,TRUE,FALSE,FALSE,,FALSE,Freshwater_open_water,Freshwater_wetland_riparian,1,FALSE,ASSIGNED,Within 30 ft of freshwater wetland or riparian forest
90084,Water,Water,1.3786190123555755,TRUE,FALSE,FALSE,,FALSE,Freshwater_open_water,Freshwater_wetland_riparian,1,FALSE,ASSIGNED,Within 30 ft of freshwater wetland or riparian forest
90085,Water,Water,0.552123733481964,FALSE,TRUE,FALSE,,FALSE,Marine_open_water,Hard_marine_barrier,,TRUE,ASSIGNED,Within 30 ft of tidal wetland or eel grass
90086,Water,Water,14.755893757723127,TRUE,TRUE,FALSE,,FALSE,Estuarine_transition_water,Tidal_saline_matrix,25,FALSE,ASSIGNED,Within 30 ft of both freshwater and tidal anchors
90087,Water,Water,2.7637685227398916,TRUE,FALSE,FALSE,,FALSE,Freshwater_open_water,Freshwater_wetland_riparian,1,FALSE,ASSIGNED,Within 30 ft of freshwater wetland or riparian forest
90088,Water,Water,0.608539732492916,TRUE,FALSE,FALSE,,FALSE,Freshwater_open_water,Freshwater_wetland_riparian,1,FALSE,ASSIGNED,Within 30 ft of freshwater wetland or riparian forest
90089,Water,Water,3.044710406729772,FALSE,TRUE,FALSE,,FALSE,Marine_open_water,Hard_marine_barrier,,TRUE,ASSIGNED,Within 30 ft of tidal wetland or eel grass
90090,Water,Water,0.5176759849158019,FALSE,FALSE,FALSE,,FALSE,UNRESOLVED_WATER_REVIEW,UNRESOLVED_REVIEW,,FALSE,REVIEW_REQUIRED,"No freshwater, tidal, or modeled-site spatial evidence"
90091,Water,Water,0.2638940368420214,TRUE,FALSE,FALSE,,FALSE,Freshwater_open_water,Freshwater_wetland_riparian,1,FALSE,ASSIGNED,Within 30 ft of freshwater wetland or riparian forest
90092,Water,Water,0.0815226672998373,FALSE,TRUE,FALSE,,FALSE,Marine_open_water,Hard_marine_barrier,,TRUE,ASSIGNED,Within 30 ft of tidal wetland or eel grass
90093,Water,Water,5.374762116783039,FALSE,TRUE,FALSE,,FALSE,Marine_open_water,Hard_marine_barrier,,TRUE,ASSIGNED,Within 30 ft of tidal wetland or eel grass
90094,Water,Water,0.20730394470453722,FALSE,FALSE,FALSE,,FALSE,UNRESOLVED_WATER_REVIEW,UNRESOLVED_REVIEW,,FALSE,REVIEW_REQUIRED,"No freshwater, tidal, or modeled-site spatial evidence"
90095,Water,Water,0.3274483065015268,TRUE,FALSE,FALSE,,FALSE,Freshwater_open_water,Freshwater_wetland_riparian,1,FALSE,ASSIGNED,Within 30 ft of freshwater wetland or riparian forest
90096,Water,Water,0.2077286410278479,TRUE,FALSE,FALSE,,FALSE,Freshwater_open_water,Freshwater_wetland_riparian,1,FALSE,ASSIGNED,Within 30 ft of freshwater wetland or riparian forest
90097,Water,Water,1.7928282444905148,FALSE,TRUE,FALSE,,FALSE,Marine_open_water,Hard_marine_barrier,,TRUE,ASSIGNED,Within 30 ft of tidal wetland or eel grass
90098,Water,Water,0.6596155686146925,FALSE,FALSE,FALSE,,FALSE,UNRESOLVED_WATER_REVIEW,UNRESOLVED_REVIEW,,FALSE,REVIEW_REQUIRED,"No freshwater, tidal, or modeled-site spatial evidence"
90099,Water,Water,0.23552828013984847,FALSE,FALSE,FALSE,,FALSE,UNRESOLVED_WATER_REVIEW,UNRESOLVED_REVIEW,,FALSE,REVIEW_REQUIRED,"No freshwater, tidal, or modeled-site spatial evidence"
90100,Water,Water,6.210880906051891,TRUE,FALSE,FALSE,,FALSE,Freshwater_open_water,Freshwater_wetland_riparian,1,FALSE,ASSIGNED,Within 30 ft of freshwater wetland or riparian forest
90101,Water,Water,0.2900369251879969,TRUE,FALSE,FALSE,,FALSE,Freshwater_open_water,Freshwater_wetland_riparian,1,FALSE,ASSIGNED,Within 30 ft of freshwater wetland or riparian forest
90102,Water,Water,1.792522958351657,TRUE,FALSE,FALSE,,FALSE,Freshwater_open_water,Freshwater_wetland_riparian,1,FALSE,ASSIGNED,Within 30 ft of freshwater wetland or riparian forest
90103,Water,Water,0.3231873612535778,TRUE,FALSE,FALSE,,FALSE,Freshwater_open_water,Freshwater_wetland_riparian,1,FALSE,ASSIGNED,Within 30 ft of freshwater wetland or riparian forest
90104,Water,Water,2.145002753190989,TRUE,FALSE,FALSE,,FALSE,Freshwater_open_water,Freshwater_wetland_riparian,1,FALSE,ASSIGNED,Within 30 ft of freshwater wetland or riparian forest
90105,Water,Water,0.7177540520406268,FALSE,FALSE,FALSE,,FALSE,UNRESOLVED_WATER_REVIEW,UNRESOLVED_REVIEW,,FALSE,REVIEW_REQUIRED,"No freshwater, tidal, or modeled-site spatial evidence"
90106,Water,Water,0.44767557373830735,FALSE,FALSE,FALSE,,FALSE,UNRESOLVED_WATER_REVIEW,UNRESOLVED_REVIEW,,FALSE,REVIEW_REQUIRED,"No freshwater, tidal, or modeled-site spatial evidence"
90107,Water,Water,0.24622756556811703,FALSE,FALSE,FALSE,,FALSE,UNRESOLVED_WATER_REVIEW,UNRESOLVED_REVIEW,,FALSE,REVIEW_REQUIRED,"No freshwater, tidal, or modeled-site spatial evidence"
90108,Water,Water,12.455609275230703,TRUE,FALSE,FALSE,,FALSE,Freshwater_open_water,Freshwater_wetland_riparian,1,FALSE,ASSIGNED,Within 30 ft of freshwater wetland or riparian forest
90109,Water,Water,0.06923736505226796,FALSE,FALSE,FALSE,,FALSE,UNRESOLVED_WATER_REVIEW,UNRESOLVED_REVIEW,,FALSE,REVIEW_REQUIRED,"No freshwater, tidal, or modeled-site spatial evidence"
90110,Water,Water,2.131956064108639,FALSE,FALSE,FALSE,,FALSE,UNRESOLVED_WATER_REVIEW,UNRESOLVED_REVIEW,,FALSE,REVIEW_REQUIRED,"No freshwater, tidal, or modeled-site spatial evidence"
90111,Water,Water,0.7559038068607798,FALSE,FALSE,FALSE,,FALSE,UNRESOLVED_WATER_REVIEW,UNRESOLVED_REVIEW,,FALSE,REVIEW_REQUIRED,"No freshwater, tidal, or modeled-site spatial evidence"
90112,Water,Water,0.1667580830693877,FALSE,FALSE,FALSE,,FALSE,UNRESOLVED_WATER_REVIEW,UNRESOLVED_REVIEW,,FALSE,REVIEW_REQUIRED,"No freshwater, tidal, or modeled-site spatial evidence"
90113,Water,Water,0.44958764927609207,FALSE,FALSE,FALSE,,FALSE,UNRESOLVED_WATER_REVIEW,UNRESOLVED_REVIEW,,FALSE,REVIEW_REQUIRED,"No freshwater, tidal, or modeled-site spatial evidence"
90114,Water,Water,0.34001698752256815,FALSE,FALSE,FALSE,,FALSE,UNRESOLVED_WATER_REVIEW,UNRESOLVED_REVIEW,,FALSE,REVIEW_REQUIRED,"No freshwater, tidal, or modeled-site spatial evidence"
90115,Water,Water,0.392560902777607,FALSE,FALSE,FALSE,,FALSE,UNRESOLVED_WATER_REVIEW,UNRESOLVED_REVIEW,,FALSE,REVIEW_REQUIRED,"No freshwater, tidal, or modeled-site spatial evidence"
90116,Water,Water,0.015013714049232305,FALSE,FALSE,FALSE,,FALSE,UNRESOLVED_WATER_REVIEW,UNRESOLVED_REVIEW,,FALSE,REVIEW_REQUIRED,"No freshwater, tidal, or modeled-site spatial evidence"
90117,Water,Water,0.024012420846870244,TRUE,FALSE,FALSE,,FALSE,Freshwater_open_water,Freshwater_wetland_riparian,1,FALSE,ASSIGNED,Within 30 ft of freshwater wetland or riparian forest
90118,Water,Water,0.4181354068960723,TRUE,FALSE,FALSE,,FALSE,Freshwater_open_water,Freshwater_wetland_riparian,1,FALSE,ASSIGNED,Within 30 ft of freshwater wetland or riparian forest
90119,Water,Water,0.5572932400181451,FALSE,FALSE,FALSE,,FALSE,UNRESOLVED_WATER_REVIEW,UNRESOLVED_REVIEW,,FALSE,REVIEW_REQUIRED,"No freshwater, tidal, or modeled-site spatial evidence"
90120,Water,Water,0.048714387728683285,TRUE,FALSE,FALSE,,FALSE,Freshwater_open_water,Freshwater_wetland_riparian,1,FALSE,ASSIGNED,Within 30 ft of freshwater wetland or riparian forest
90121,Water,Water,2.0352571097021235,FALSE,FALSE,FALSE,,FALSE,UNRESOLVED_WATER_REVIEW,UNRESOLVED_REVIEW,,FALSE,REVIEW_REQUIRED,"No freshwater, tidal, or modeled-site spatial evidence"
90122,Water,Water,0.5069350618212736,FALSE,FALSE,FALSE,,FALSE,UNRESOLVED_WATER_REVIEW,UNRESOLVED_REVIEW,,FALSE,REVIEW_REQUIRED,"No freshwater, tidal, or modeled-site spatial evidence"
90123,Water,Water,0.5240823057717315,FALSE,FALSE,FALSE,,FALSE,UNRESOLVED_WATER_REVIEW,UNRESOLVED_REVIEW,,FALSE,REVIEW_REQUIRED,"No freshwater, tidal, or modeled-site spatial evidence"
90124,Water,Water,0.2876667298208094,TRUE,FALSE,FALSE,,FALSE,Freshwater_open_water,Freshwater_wetland_riparian,1,FALSE,ASSIGNED,Within 30 ft of freshwater wetland or riparian forest
90125,Water,Water,0.2094122128679463,FALSE,FALSE,FALSE,,FALSE,UNRESOLVED_WATER_REVIEW,UNRESOLVED_REVIEW,,FALSE,REVIEW_REQUIRED,"No freshwater, tidal, or modeled-site spatial evidence"
90126,Water,Water,0.2537646148565319,TRUE,FALSE,FALSE,,FALSE,Freshwater_open_water,Freshwater_wetland_riparian,1,FALSE,ASSIGNED,Within 30 ft of freshwater wetland or riparian forest
90127,Water,Water,1.1395780443992938,TRUE,FALSE,FALSE,,FALSE,Freshwater_open_water,Freshwater_wetland_riparian,1,FALSE,ASSIGNED,Within 30 ft of freshwater wetland or riparian forest
90128,Water,Water,0.998448447902555,TRUE,FALSE,FALSE,,FALSE,Freshwater_open_water,Freshwater_wetland_riparian,1,FALSE,ASSIGNED,Within 30 ft of freshwater wetland or riparian forest
90129,Water,Water,0.15833438058510063,TRUE,FALSE,FALSE,,FALSE,Freshwater_open_water,Freshwater_wetland_riparian,1,FALSE,ASSIGNED,Within 30 ft of freshwater wetland or riparian forest
90130,Water,Water,3.1809950036299672,TRUE,FALSE,FALSE,,FALSE,Freshwater_open_water,Freshwater_wetland_riparian,1,FALSE,ASSIGNED,Within 30 ft of freshwater wetland or riparian forest
90131,Water,Water,1.8191000458978728,FALSE,FALSE,FALSE,,FALSE,UNRESOLVED_WATER_REVIEW,UNRESOLVED_REVIEW,,FALSE,REVIEW_REQUIRED,"No freshwater, tidal, or modeled-site spatial evidence"
90132,Water,Water,0.5853078186471723,FALSE,FALSE,FALSE,,FALSE,UNRESOLVED_WATER_REVIEW,UNRESOLVED_REVIEW,,FALSE,REVIEW_REQUIRED,"No freshwater, tidal, or modeled-site spatial evidence"
90133,Water,Water,0.08495615739267298,FALSE,FALSE,FALSE,,FALSE,UNRESOLVED_WATER_REVIEW,UNRESOLVED_REVIEW,,FALSE,REVIEW_REQUIRED,"No freshwater, tidal, or modeled-site spatial evidence"
90134,Water,Water,0.7685002958869005,FALSE,FALSE,FALSE,,FALSE,UNRESOLVED_WATER_REVIEW,UNRESOLVED_REVIEW,,FALSE,REVIEW_REQUIRED,"No freshwater, tidal, or modeled-site spatial evidence"
90135,Water,Water,0.1832414885231858,FALSE,FALSE,FALSE,,FALSE,UNRESOLVED_WATER_REVIEW,UNRESOLVED_REVIEW,,FALSE,REVIEW_REQUIRED,"No freshwater, tidal, or modeled-site spatial evidence"
90136,Water,Water,0.1737375374185602,FALSE,FALSE,FALSE,,FALSE,UNRESOLVED_WATER_REVIEW,UNRESOLVED_REVIEW,,FALSE,REVIEW_REQUIRED,"No freshwater, tidal, or modeled-site spatial evidence"
90137,Water,Water,0.015936436961907434,FALSE,FALSE,FALSE,,FALSE,UNRESOLVED_WATER_REVIEW,UNRESOLVED_REVIEW,,FALSE,REVIEW_REQUIRED,"No freshwater, tidal, or modeled-site spatial evidence"
90138,Water,Water,1.5732260382892034,TRUE,FALSE,FALSE,,FALSE,Freshwater_open_water,Freshwater_wetland_riparian,1,FALSE,ASSIGNED,Within 30 ft of freshwater wetland or riparian forest
90139,Water,Water,0.3005291820771534,TRUE,FALSE,FALSE,,FALSE,Freshwater_open_water,Freshwater_wetland_riparian,1,FALSE,ASSIGNED,Within 30 ft of freshwater wetland or riparian forest
90140,Water,Water,0.025872595124056486,FALSE,FALSE,FALSE,,FALSE,UNRESOLVED_WATER_REVIEW,UNRESOLVED_REVIEW,,FALSE,REVIEW_REQUIRED,"No freshwater, tidal, or modeled-site spatial evidence"
90141,Water,Water,3.8466729032496203,TRUE,FALSE,FALSE,,FALSE,Freshwater_open_water,Freshwater_wetland_riparian,1,FALSE,ASSIGNED,Within 30 ft of freshwater wetland or riparian forest
90142,Water,Water,0.44008418000234384,FALSE,FALSE,FALSE,,FALSE,UNRESOLVED_WATER_REVIEW,UNRESOLVED_REVIEW,,FALSE,REVIEW_REQUIRED,"No freshwater, tidal, or modeled-site spatial evidence"
90143,Water,Water,1.1746455380955705,FALSE,FALSE,FALSE,,FALSE,UNRESOLVED_WATER_REVIEW,UNRESOLVED_REVIEW,,FALSE,REVIEW_REQUIRED,"No freshwater, tidal, or modeled-site spatial evidence"
90144,Water,Water,1.5269263454053665,TRUE,FALSE,FALSE,,FALSE,Freshwater_open_water,Freshwater_wetland_riparian,1,FALSE,ASSIGNED,Within 30 ft of freshwater wetland or riparian forest
90145,Water,Water,1.0808738538564018,FALSE,FALSE,FALSE,,FALSE,UNRESOLVED_WATER_REVIEW,UNRESOLVED_REVIEW,,FALSE,REVIEW_REQUIRED,"No freshwater, tidal, or modeled-site spatial evidence"
90146,Water,Water,0.6295842174795565,FALSE,FALSE,FALSE,,FALSE,UNRESOLVED_WATER_REVIEW,UNRESOLVED_REVIEW,,FALSE,REVIEW_REQUIRED,"No freshwater, tidal, or modeled-site spatial evidence"
90147,Water,Water,0.242456045522447,FALSE,FALSE,FALSE,,FALSE,UNRESOLVED_WATER_REVIEW,UNRESOLVED_REVIEW,,FALSE,REVIEW_REQUIRED,"No freshwater, tidal, or modeled-site spatial evidence"
90148,Water,Water,0.06404955651389688,TRUE,FALSE,FALSE,,FALSE,Freshwater_open_water,Freshwater_wetland_riparian,1,FALSE,ASSIGNED,Within 30 ft of freshwater wetland or riparian forest
90149,Water,Water,4.364376820226257,FALSE,TRUE,FALSE,,FALSE,Marine_open_water,Hard_marine_barrier,,TRUE,ASSIGNED,Within 30 ft of tidal wetland or eel grass
90150,Water,Water,6.355151085909418,TRUE,FALSE,FALSE,,FALSE,Freshwater_open_water,Freshwater_wetland_riparian,1,FALSE,ASSIGNED,Within 30 ft of freshwater wetland or riparian forest
90151,Water,Water,0.2360904624109823,FALSE,FALSE,FALSE,,FALSE,UNRESOLVED_WATER_REVIEW,UNRESOLVED_REVIEW,,FALSE,REVIEW_REQUIRED,"No freshwater, tidal, or modeled-site spatial evidence"
90152,Water,Water,0.3359047451374672,FALSE,FALSE,FALSE,,FALSE,UNRESOLVED_WATER_REVIEW,UNRESOLVED_REVIEW,,FALSE,REVIEW_REQUIRED,"No freshwater, tidal, or modeled-site spatial evidence"
90153,Water,Water,0.33487231082247587,TRUE,FALSE,FALSE,,FALSE,Freshwater_open_water,Freshwater_wetland_riparian,1,FALSE,ASSIGNED,Within 30 ft of freshwater wetland or riparian forest
90154,Water,Water,0.21597709752384098,FALSE,FALSE,FALSE,,FALSE,UNRESOLVED_WATER_REVIEW,UNRESOLVED_REVIEW,,FALSE,REVIEW_REQUIRED,"No freshwater, tidal, or modeled-site spatial evidence"
90155,Water,Water,2.7966173166003814,TRUE,FALSE,FALSE,,FALSE,Freshwater_open_water,Freshwater_wetland_riparian,1,FALSE,ASSIGNED,Within 30 ft of freshwater wetland or riparian forest
90156,Water,Water,0.14710716593188183,FALSE,FALSE,FALSE,,FALSE,UNRESOLVED_WATER_REVIEW,UNRESOLVED_REVIEW,,FALSE,REVIEW_REQUIRED,"No freshwater, tidal, or modeled-site spatial evidence"
90157,Water,Water,2.4498584171456583,FALSE,FALSE,FALSE,,FALSE,UNRESOLVED_WATER_REVIEW,UNRESOLVED_REVIEW,,FALSE,REVIEW_REQUIRED,"No freshwater, tidal, or modeled-site spatial evidence"
90158,Water,Water,1.3909096581329745,FALSE,FALSE,FALSE,,FALSE,UNRESOLVED_WATER_REVIEW,UNRESOLVED_REVIEW,,FALSE,REVIEW_REQUIRED,"No freshwater, tidal, or modeled-site spatial evidence"
90159,Water,Water,1.0508249318583935,FALSE,FALSE,FALSE,,FALSE,UNRESOLVED_WATER_REVIEW,UNRESOLVED_REVIEW,,FALSE,REVIEW_REQUIRED,"No freshwater, tidal, or modeled-site spatial evidence"
90160,Water,Water,0.19705019726848522,FALSE,FALSE,FALSE,,FALSE,UNRESOLVED_WATER_REVIEW,UNRESOLVED_REVIEW,,FALSE,REVIEW_REQUIRED,"No freshwater, tidal, or modeled-site spatial evidence"
90161,Water,Water,1.4638418971330593,TRUE,FALSE,FALSE,,FALSE,Freshwater_open_water,Freshwater_wetland_riparian,1,FALSE,ASSIGNED,Within 30 ft of freshwater wetland or riparian forest
90162,Water,Water,0.17543001128626495,TRUE,FALSE,FALSE,,FALSE,Freshwater_open_water,Freshwater_wetland_riparian,1,FALSE,ASSIGNED,Within 30 ft of freshwater wetland or riparian forest
90163,Water,Water,0.27501306948415816,FALSE,FALSE,FALSE,,FALSE,UNRESOLVED_WATER_REVIEW,UNRESOLVED_REVIEW,,FALSE,REVIEW_REQUIRED,"No freshwater, tidal, or modeled-site spatial evidence"
90164,Water,Water,1.7821852465513908,TRUE,FALSE,FALSE,,FALSE,Freshwater_open_water,Freshwater_wetland_riparian,1,FALSE,ASSIGNED,Within 30 ft of freshwater wetland or riparian forest
90165,Water,Water,0.505281858123186,FALSE,FALSE,FALSE,,FALSE,UNRESOLVED_WATER_REVIEW,UNRESOLVED_REVIEW,,FALSE,REVIEW_REQUIRED,"No freshwater, tidal, or modeled-site spatial evidence"
90166,Water,Water,0.1577804300646154,FALSE,FALSE,FALSE,,FALSE,UNRESOLVED_WATER_REVIEW,UNRESOLVED_REVIEW,,FALSE,REVIEW_REQUIRED,"No freshwater, tidal, or modeled-site spatial evidence"
90167,Water,Water,1.1666736621699765,TRUE,FALSE,FALSE,,FALSE,Freshwater_open_water,Freshwater_wetland_riparian,1,FALSE,ASSIGNED,Within 30 ft of freshwater wetland or riparian forest
90168,Water,Water,0.15115925734589675,FALSE,FALSE,FALSE,,FALSE,UNRESOLVED_WATER_REVIEW,UNRESOLVED_REVIEW,,FALSE,REVIEW_REQUIRED,"No freshwater, tidal, or modeled-site spatial evidence"
90169,Water,Water,0.327823942734106,TRUE,FALSE,FALSE,,FALSE,Freshwater_open_water,Freshwater_wetland_riparian,1,FALSE,ASSIGNED,Within 30 ft of freshwater wetland or riparian forest
90170,Water,Water,0.048365153121408974,FALSE,FALSE,FALSE,,FALSE,UNRESOLVED_WATER_REVIEW,UNRESOLVED_REVIEW,,FALSE,REVIEW_REQUIRED,"No freshwater, tidal, or modeled-site spatial evidence"
90171,Water,Water,0.024334342570147167,FALSE,FALSE,FALSE,,FALSE,UNRESOLVED_WATER_REVIEW,UNRESOLVED_REVIEW,,FALSE,REVIEW_REQUIRED,"No freshwater, tidal, or modeled-site spatial evidence"
90172,Water,Water,0.3682277954312813,FALSE,FALSE,FALSE,,FALSE,UNRESOLVED_WATER_REVIEW,UNRESOLVED_REVIEW,,FALSE,REVIEW_REQUIRED,"No freshwater, tidal, or modeled-site spatial evidence"
90173,Water,Water,0.24707693793432606,FALSE,FALSE,FALSE,,FALSE,UNRESOLVED_WATER_REVIEW,UNRESOLVED_REVIEW,,FALSE,REVIEW_REQUIRED,"No freshwater, tidal, or modeled-site spatial evidence"
90174,Water,Water,0.24494978047753274,FALSE,FALSE,FALSE,,FALSE,UNRESOLVED_WATER_REVIEW,UNRESOLVED_REVIEW,,FALSE,REVIEW_REQUIRED,"No freshwater, tidal, or modeled-site spatial evidence"
90175,Water,Water,0.02649208871235838,FALSE,FALSE,FALSE,,FALSE,UNRESOLVED_WATER_REVIEW,UNRESOLVED_REVIEW,,FALSE,REVIEW_REQUIRED,"No freshwater, tidal, or modeled-site spatial evidence"
90176,Water,Water,0.2361951684602965,FALSE,FALSE,FALSE,,FALSE,UNRESOLVED_WATER_REVIEW,UNRESOLVED_REVIEW,,FALSE,REVIEW_REQUIRED,"No freshwater, tidal, or modeled-site spatial evidence"
90177,Water,Water,0.04164379180074069,TRUE,FALSE,FALSE,,FALSE,Freshwater_open_water,Freshwater_wetland_riparian,1,FALSE,ASSIGNED,Within 30 ft of freshwater wetland or riparian forest
90178,Water,Water,0.14816347765163176,TRUE,FALSE,FALSE,,FALSE,Freshwater_open_water,Freshwater_wetland_riparian,1,FALSE,ASSIGNED,Within 30 ft of freshwater wetland or riparian forest
90179,Water,Water,0.010376450687661005,FALSE,FALSE,FALSE,,FALSE,UNRESOLVED_WATER_REVIEW,UNRESOLVED_REVIEW,,FALSE,REVIEW_REQUIRED,"No freshwater, tidal, or modeled-site spatial evidence"
90180,Water,Water,0.9997244054005822,TRUE,FALSE,FALSE,,FALSE,Freshwater_open_water,Freshwater_wetland_riparian,1,FALSE,ASSIGNED,Within 30 ft of freshwater wetland or riparian forest
90181,Water,Water,0.2822310216707566,FALSE,FALSE,FALSE,,FALSE,UNRESOLVED_WATER_REVIEW,UNRESOLVED_REVIEW,,FALSE,REVIEW_REQUIRED,"No freshwater, tidal, or modeled-site spatial evidence"
90182,Water,Water,0.29883003784068335,FALSE,FALSE,FALSE,,FALSE,UNRESOLVED_WATER_REVIEW,UNRESOLVED_REVIEW,,FALSE,REVIEW_REQUIRED,"No freshwater, tidal, or modeled-site spatial evidence"
90183,Water,Water,0.6875562359120796,FALSE,FALSE,FALSE,,FALSE,UNRESOLVED_WATER_REVIEW,UNRESOLVED_REVIEW,,FALSE,REVIEW_REQUIRED,"No freshwater, tidal, or modeled-site spatial evidence"
90184,Water,Water,0.09384768829324452,TRUE,FALSE,FALSE,,FALSE,Freshwater_open_water,Freshwater_wetland_riparian,1,FALSE,ASSIGNED,Within 30 ft of freshwater wetland or riparian forest
90185,Water,Water,1.038133491399492,FALSE,FALSE,FALSE,,FALSE,UNRESOLVED_WATER_REVIEW,UNRESOLVED_REVIEW,,FALSE,REVIEW_REQUIRED,"No freshwater, tidal, or modeled-site spatial evidence"
90186,Water,Water,0.9877867451379068,FALSE,FALSE,FALSE,,FALSE,UNRESOLVED_WATER_REVIEW,UNRESOLVED_REVIEW,,FALSE,REVIEW_REQUIRED,"No freshwater, tidal, or modeled-site spatial evidence"
90187,Water,Water,0.1238632240620369,FALSE,FALSE,FALSE,,FALSE,UNRESOLVED_WATER_REVIEW,UNRESOLVED_REVIEW,,FALSE,REVIEW_REQUIRED,"No freshwater, tidal, or modeled-site spatial evidence"
90188,Water,Water,0.6006422719040707,FALSE,FALSE,FALSE,,FALSE,UNRESOLVED_WATER_REVIEW,UNRESOLVED_REVIEW,,FALSE,REVIEW_REQUIRED,"No freshwater, tidal, or modeled-site spatial evidence"
90189,Water,Water,0.5336729812344789,TRUE,FALSE,FALSE,,FALSE,Freshwater_open_water,Freshwater_wetland_riparian,1,FALSE,ASSIGNED,Within 30 ft of freshwater wetland or riparian forest
90190,Water,Water,0.3267003682953699,TRUE,FALSE,FALSE,,FALSE,Freshwater_open_water,Freshwater_wetland_riparian,1,FALSE,ASSIGNED,Within 30 ft of freshwater wetland or riparian forest
90191,Water,Water,0.038246268207265045,FALSE,FALSE,FALSE,,FALSE,UNRESOLVED_WATER_REVIEW,UNRESOLVED_REVIEW,,FALSE,REVIEW_REQUIRED,"No freshwater, tidal, or modeled-site spatial evidence"
90192,Water,Water,0.5299357204182817,TRUE,FALSE,FALSE,,FALSE,Freshwater_open_water,Freshwater_wetland_riparian,1,FALSE,ASSIGNED,Within 30 ft of freshwater wetland or riparian forest
90193,Water,Water,0.09862253397360118,FALSE,FALSE,FALSE,,FALSE,UNRESOLVED_WATER_REVIEW,UNRESOLVED_REVIEW,,FALSE,REVIEW_REQUIRED,"No freshwater, tidal, or modeled-site spatial evidence"
90194,Water,Water,0.0777323590782846,FALSE,FALSE,FALSE,,FALSE,UNRESOLVED_WATER_REVIEW,UNRESOLVED_REVIEW,,FALSE,REVIEW_REQUIRED,"No freshwater, tidal, or modeled-site spatial evidence"
90195,Water,Water,0.3142791879440056,FALSE,FALSE,FALSE,,FALSE,UNRESOLVED_WATER_REVIEW,UNRESOLVED_REVIEW,,FALSE,REVIEW_REQUIRED,"No freshwater, tidal, or modeled-site spatial evidence"
90196,Water,Water,0.6367519183927729,TRUE,FALSE,FALSE,,FALSE,Freshwater_open_water,Freshwater_wetland_riparian,1,FALSE,ASSIGNED,Within 30 ft of freshwater wetland or riparian forest
90197,Water,Water,0.16706690967604468,FALSE,FALSE,FALSE,,FALSE,UNRESOLVED_WATER_REVIEW,UNRESOLVED_REVIEW,,FALSE,REVIEW_REQUIRED,"No freshwater, tidal, or modeled-site spatial evidence"
90198,Water,Water,0.1394276984953951,FALSE,FALSE,FALSE,,FALSE,UNRESOLVED_WATER_REVIEW,UNRESOLVED_REVIEW,,FALSE,REVIEW_REQUIRED,"No freshwater, tidal, or modeled-site spatial evidence"
90199,Water,Water,0.7168843813826651,TRUE,FALSE,FALSE,,FALSE,Freshwater_open_water,Freshwater_wetland_riparian,1,FALSE,ASSIGNED,Within 30 ft of freshwater wetland or riparian forest
90200,Water,Water,1.544937152134171,TRUE,FALSE,FALSE,,FALSE,Freshwater_open_water,Freshwater_wetland_riparian,1,FALSE,ASSIGNED,Within 30 ft of freshwater wetland or riparian forest
90201,Water,Water,0.10789724898396442,FALSE,FALSE,FALSE,,FALSE,UNRESOLVED_WATER_REVIEW,UNRESOLVED_REVIEW,,FALSE,REVIEW_REQUIRED,"No freshwater, tidal, or modeled-site spatial evidence"
90202,Water,Water,0.1449493059588016,FALSE,FALSE,FALSE,,FALSE,UNRESOLVED_WATER_REVIEW,UNRESOLVED_REVIEW,,FALSE,REVIEW_REQUIRED,"No freshwater, tidal, or modeled-site spatial evidence"
90203,Water,Water,0.4737053380242616,FALSE,FALSE,FALSE,,FALSE,UNRESOLVED_WATER_REVIEW,UNRESOLVED_REVIEW,,FALSE,REVIEW_REQUIRED,"No freshwater, tidal, or modeled-site spatial evidence"
90204,Water,Water,0.3557580582722572,TRUE,FALSE,FALSE,,FALSE,Freshwater_open_water,Freshwater_wetland_riparian,1,FALSE,ASSIGNED,Within 30 ft of freshwater wetland or riparian forest
90205,Water,Water,0.17658473597010918,FALSE,FALSE,FALSE,,FALSE,UNRESOLVED_WATER_REVIEW,UNRESOLVED_REVIEW,,FALSE,REVIEW_REQUIRED,"No freshwater, tidal, or modeled-site spatial evidence"
90206,Water,Water,2.263680028487913,FALSE,FALSE,FALSE,,FALSE,UNRESOLVED_WATER_REVIEW,UNRESOLVED_REVIEW,,FALSE,REVIEW_REQUIRED,"No freshwater, tidal, or modeled-site spatial evidence"
90207,Water,Water,0.15813726789096139,FALSE,FALSE,FALSE,,FALSE,UNRESOLVED_WATER_REVIEW,UNRESOLVED_REVIEW,,FALSE,REVIEW_REQUIRED,"No freshwater, tidal, or modeled-site spatial evidence"
90208,Water,Water,0.13750628639810855,FALSE,FALSE,FALSE,,FALSE,UNRESOLVED_WATER_REVIEW,UNRESOLVED_REVIEW,,FALSE,REVIEW_REQUIRED,"No freshwater, tidal, or modeled-site spatial evidence"
90209,Water,Water,1.1412771828086536,FALSE,FALSE,FALSE,,FALSE,UNRESOLVED_WATER_REVIEW,UNRESOLVED_REVIEW,,FALSE,REVIEW_REQUIRED,"No freshwater, tidal, or modeled-site spatial evidence"
90210,Water,Water,0.44681139736935505,TRUE,FALSE,FALSE,,FALSE,Freshwater_open_water,Freshwater_wetland_riparian,1,FALSE,ASSIGNED,Within 30 ft of freshwater wetland or riparian forest
90211,Water,Water,0.42609823458122864,FALSE,FALSE,FALSE,,FALSE,UNRESOLVED_WATER_REVIEW,UNRESOLVED_REVIEW,,FALSE,REVIEW_REQUIRED,"No freshwater, tidal, or modeled-site spatial evidence"
90212,Water,Water,0.46039837634932895,TRUE,FALSE,FALSE,,FALSE,Freshwater_open_water,Freshwater_wetland_riparian,1,FALSE,ASSIGNED,Within 30 ft of freshwater wetland or riparian forest
90213,Water,Water,0.9217844161009198,TRUE,FALSE,FALSE,,FALSE,Freshwater_open_water,Freshwater_wetland_riparian,1,FALSE,ASSIGNED,Within 30 ft of freshwater wetland or riparian forest
90214,Water,Water,0.23588771307767178,FALSE,FALSE,FALSE,,FALSE,UNRESOLVED_WATER_REVIEW,UNRESOLVED_REVIEW,,FALSE,REVIEW_REQUIRED,"No freshwater, tidal, or modeled-site spatial evidence"
90215,Water,Water,0.16229779983221856,FALSE,FALSE,FALSE,,FALSE,UNRESOLVED_WATER_REVIEW,UNRESOLVED_REVIEW,,FALSE,REVIEW_REQUIRED,"No freshwater, tidal, or modeled-site spatial evidence"
90216,Water,Water,0.5343517769721128,FALSE,FALSE,FALSE,,FALSE,UNRESOLVED_WATER_REVIEW,UNRESOLVED_REVIEW,,FALSE,REVIEW_REQUIRED,"No freshwater, tidal, or modeled-site spatial evidence"
90217,Water,Water,1.1827821860713246,TRUE,FALSE,FALSE,,FALSE,Freshwater_open_water,Freshwater_wetland_riparian,1,FALSE,ASSIGNED,Within 30 ft of freshwater wetland or riparian forest
90218,Water,Water,0.6824346495033421,TRUE,FALSE,FALSE,,FALSE,Freshwater_open_water,Freshwater_wetland_riparian,1,FALSE,ASSIGNED,Within 30 ft of freshwater wetland or riparian forest
90219,Water,Water,0.9006182793538605,TRUE,FALSE,FALSE,,FALSE,Freshwater_open_water,Freshwater_wetland_riparian,1,FALSE,ASSIGNED,Within 30 ft of freshwater wetland or riparian forest
90220,Water,Water,1.652088233067822,FALSE,FALSE,FALSE,,FALSE,UNRESOLVED_WATER_REVIEW,UNRESOLVED_REVIEW,,FALSE,REVIEW_REQUIRED,"No freshwater, tidal, or modeled-site spatial evidence"
90221,Water,Water,1.0145353542131499,FALSE,FALSE,FALSE,,FALSE,UNRESOLVED_WATER_REVIEW,UNRESOLVED_REVIEW,,FALSE,REVIEW_REQUIRED,"No freshwater, tidal, or modeled-site spatial evidence"
90222,Water,Water,0.11359114794480132,TRUE,FALSE,FALSE,,FALSE,Freshwater_open_water,Freshwater_wetland_riparian,1,FALSE,ASSIGNED,Within 30 ft of freshwater wetland or riparian forest
90223,Water,Water,0.06689637169407626,TRUE,FALSE,FALSE,,FALSE,Freshwater_open_water,Freshwater_wetland_riparian,1,FALSE,ASSIGNED,Within 30 ft of freshwater wetland or riparian forest
90224,Water,Water,0.13612112480130115,TRUE,FALSE,FALSE,,FALSE,Freshwater_open_water,Freshwater_wetland_riparian,1,FALSE,ASSIGNED,Within 30 ft of freshwater wetland or riparian forest
90225,Water,Water,1.001959666098069,FALSE,FALSE,FALSE,,FALSE,UNRESOLVED_WATER_REVIEW,UNRESOLVED_REVIEW,,FALSE,REVIEW_REQUIRED,"No freshwater, tidal, or modeled-site spatial evidence"
90226,Water,Water,0.5723145998078145,FALSE,FALSE,FALSE,,FALSE,UNRESOLVED_WATER_REVIEW,UNRESOLVED_REVIEW,,FALSE,REVIEW_REQUIRED,"No freshwater, tidal, or modeled-site spatial evidence"
90227,Water,Water,0.06386596279151183,FALSE,FALSE,FALSE,,FALSE,UNRESOLVED_WATER_REVIEW,UNRESOLVED_REVIEW,,FALSE,REVIEW_REQUIRED,"No freshwater, tidal, or modeled-site spatial evidence"
90228,Water,Water,1.537762778223211,FALSE,FALSE,FALSE,,FALSE,UNRESOLVED_WATER_REVIEW,UNRESOLVED_REVIEW,,FALSE,REVIEW_REQUIRED,"No freshwater, tidal, or modeled-site spatial evidence"
90229,Water,Water,0.47950899973829725,FALSE,FALSE,FALSE,,FALSE,UNRESOLVED_WATER_REVIEW,UNRESOLVED_REVIEW,,FALSE,REVIEW_REQUIRED,"No freshwater, tidal, or modeled-site spatial evidence"
90230,Water,Water,3.294496896751786,TRUE,FALSE,FALSE,,FALSE,Freshwater_open_water,Freshwater_wetland_riparian,1,FALSE,ASSIGNED,Within 30 ft of freshwater wetland or riparian forest
90231,Water,Water,0.10948249836292079,FALSE,FALSE,FALSE,,FALSE,UNRESOLVED_WATER_REVIEW,UNRESOLVED_REVIEW,,FALSE,REVIEW_REQUIRED,"No freshwater, tidal, or modeled-site spatial evidence"
90232,Water,Water,0.6114563009507614,FALSE,FALSE,FALSE,,FALSE,UNRESOLVED_WATER_REVIEW,UNRESOLVED_REVIEW,,FALSE,REVIEW_REQUIRED,"No freshwater, tidal, or modeled-site spatial evidence"
90233,Water,Water,0.30840171435305147,FALSE,FALSE,FALSE,,FALSE,UNRESOLVED_WATER_REVIEW,UNRESOLVED_REVIEW,,FALSE,REVIEW_REQUIRED,"No freshwater, tidal, or modeled-site spatial evidence"
90234,Water,Water,0.3508232736868525,FALSE,FALSE,FALSE,,FALSE,UNRESOLVED_WATER_REVIEW,UNRESOLVED_REVIEW,,FALSE,REVIEW_REQUIRED,"No freshwater, tidal, or modeled-site spatial evidence"
90235,Water,Water,5.408526048741569,TRUE,FALSE,FALSE,,FALSE,Freshwater_open_water,Freshwater_wetland_riparian,1,FALSE,ASSIGNED,Within 30 ft of freshwater wetland or riparian forest
90236,Water,Water,0.2124099807943897,FALSE,FALSE,FALSE,,FALSE,UNRESOLVED_WATER_REVIEW,UNRESOLVED_REVIEW,,FALSE,REVIEW_REQUIRED,"No freshwater, tidal, or modeled-site spatial evidence"
90237,Water,Water,0.14649562945493322,FALSE,FALSE,FALSE,,FALSE,UNRESOLVED_WATER_REVIEW,UNRESOLVED_REVIEW,,FALSE,REVIEW_REQUIRED,"No freshwater, tidal, or modeled-site spatial evidence"
90238,Water,Water,0.9061514365312597,FALSE,FALSE,FALSE,,FALSE,UNRESOLVED_WATER_REVIEW,UNRESOLVED_REVIEW,,FALSE,REVIEW_REQUIRED,"No freshwater, tidal, or modeled-site spatial evidence"
90239,Water,Water,0.3569848093903973,FALSE,FALSE,FALSE,,FALSE,UNRESOLVED_WATER_REVIEW,UNRESOLVED_REVIEW,,FALSE,REVIEW_REQUIRED,"No freshwater, tidal, or modeled-site spatial evidence"
90240,Water,Water,2.732517792294821,TRUE,FALSE,FALSE,,FALSE,Freshwater_open_water,Freshwater_wetland_riparian,1,FALSE,ASSIGNED,Within 30 ft of freshwater wetland or riparian forest
90241,Water,Water,2.263753876677207,TRUE,FALSE,FALSE,,FALSE,Freshwater_open_water,Freshwater_wetland_riparian,1,FALSE,ASSIGNED,Within 30 ft of freshwater wetland or riparian forest
90242,Water,Water,0.6954474779135238,TRUE,FALSE,FALSE,,FALSE,Freshwater_open_water,Freshwater_wetland_riparian,1,FALSE,ASSIGNED,Within 30 ft of freshwater wetland or riparian forest
90243,Water,Water,1.167304782542487,TRUE,FALSE,FALSE,,FALSE,Freshwater_open_water,Freshwater_wetland_riparian,1,FALSE,ASSIGNED,Within 30 ft of freshwater wetland or riparian forest
90244,Water,Water,10.823851155667708,TRUE,FALSE,FALSE,,FALSE,Freshwater_open_water,Freshwater_wetland_riparian,1,FALSE,ASSIGNED,Within 30 ft of freshwater wetland or riparian forest
90245,Water,Water,3.8550283790877917,TRUE,FALSE,FALSE,,FALSE,Freshwater_open_water,Freshwater_wetland_riparian,1,FALSE,ASSIGNED,Within 30 ft of freshwater wetland or riparian forest
90246,Water,Water,2.2652754038200746,FALSE,FALSE,FALSE,,FALSE,UNRESOLVED_WATER_REVIEW,UNRESOLVED_REVIEW,,FALSE,REVIEW_REQUIRED,"No freshwater, tidal, or modeled-site spatial evidence"
90247,Water,Water,0.3522177911082156,TRUE,FALSE,FALSE,,FALSE,Freshwater_open_water,Freshwater_wetland_riparian,1,FALSE,ASSIGNED,Within 30 ft of freshwater wetland or riparian forest
90248,Water,Water,0.1899917417340394,FALSE,FALSE,FALSE,,FALSE,UNRESOLVED_WATER_REVIEW,UNRESOLVED_REVIEW,,FALSE,REVIEW_REQUIRED,"No freshwater, tidal, or modeled-site spatial evidence"
90249,Water,Water,0.2762306538915874,FALSE,FALSE,FALSE,,FALSE,UNRESOLVED_WATER_REVIEW,UNRESOLVED_REVIEW,,FALSE,REVIEW_REQUIRED,"No freshwater, tidal, or modeled-site spatial evidence"
90250,Water,Water,0.35752078680856936,TRUE,FALSE,FALSE,,FALSE,Freshwater_open_water,Freshwater_wetland_riparian,1,FALSE,ASSIGNED,Within 30 ft of freshwater wetland or riparian forest
90251,Water,Water,1.7745569871568403,FALSE,FALSE,FALSE,,FALSE,UNRESOLVED_WATER_REVIEW,UNRESOLVED_REVIEW,,FALSE,REVIEW_REQUIRED,"No freshwater, tidal, or modeled-site spatial evidence"
90252,Water,Water,0.25805543619708643,TRUE,FALSE,FALSE,,FALSE,Freshwater_open_water,Freshwater_wetland_riparian,1,FALSE,ASSIGNED,Within 30 ft of freshwater wetland or riparian forest
90253,Water,Water,0.26558505141124555,TRUE,FALSE,FALSE,,FALSE,Freshwater_open_water,Freshwater_wetland_riparian,1,FALSE,ASSIGNED,Within 30 ft of freshwater wetland or riparian forest
90254,Water,Water,4.951389779152215,TRUE,FALSE,FALSE,,FALSE,Freshwater_open_water,Freshwater_wetland_riparian,1,FALSE,ASSIGNED,Within 30 ft of freshwater wetland or riparian forest
90255,Water,Water,0.14713218099684525,TRUE,FALSE,FALSE,,FALSE,Freshwater_open_water,Freshwater_wetland_riparian,1,FALSE,ASSIGNED,Within 30 ft of freshwater wetland or riparian forest
90256,Water,Water,1.037392040235839,FALSE,FALSE,FALSE,,FALSE,UNRESOLVED_WATER_REVIEW,UNRESOLVED_REVIEW,,FALSE,REVIEW_REQUIRED,"No freshwater, tidal, or modeled-site spatial evidence"
90257,Water,Water,1.027611511274755,FALSE,FALSE,FALSE,,FALSE,UNRESOLVED_WATER_REVIEW,UNRESOLVED_REVIEW,,FALSE,REVIEW_REQUIRED,"No freshwater, tidal, or modeled-site spatial evidence"
90258,Water,Water,1.3950692184214037,TRUE,FALSE,FALSE,,FALSE,Freshwater_open_water,Freshwater_wetland_riparian,1,FALSE,ASSIGNED,Within 30 ft of freshwater wetland or riparian forest
90259,Water,Water,0.1128910343114183,FALSE,FALSE,FALSE,,FALSE,UNRESOLVED_WATER_REVIEW,UNRESOLVED_REVIEW,,FALSE,REVIEW_REQUIRED,"No freshwater, tidal, or modeled-site spatial evidence"
90260,Water,Water,1.311639114687863,FALSE,FALSE,FALSE,,FALSE,UNRESOLVED_WATER_REVIEW,UNRESOLVED_REVIEW,,FALSE,REVIEW_REQUIRED,"No freshwater, tidal, or modeled-site spatial evidence"
90261,Water,Water,1.4251140999017382,TRUE,FALSE,FALSE,,FALSE,Freshwater_open_water,Freshwater_wetland_riparian,1,FALSE,ASSIGNED,Within 30 ft of freshwater wetland or riparian forest
90262,Water,Water,0.023461910773576226,FALSE,FALSE,FALSE,,FALSE,UNRESOLVED_WATER_REVIEW,UNRESOLVED_REVIEW,,FALSE,REVIEW_REQUIRED,"No freshwater, tidal, or modeled-site spatial evidence"
90263,Water,Water,0.3997440849028402,FALSE,FALSE,FALSE,,FALSE,UNRESOLVED_WATER_REVIEW,UNRESOLVED_REVIEW,,FALSE,REVIEW_REQUIRED,"No freshwater, tidal, or modeled-site spatial evidence"
90264,Water,Water,0.364178575815528,FALSE,FALSE,FALSE,,FALSE,UNRESOLVED_WATER_REVIEW,UNRESOLVED_REVIEW,,FALSE,REVIEW_REQUIRED,"No freshwater, tidal, or modeled-site spatial evidence"
90265,Water,Water,0.5124632028598963,TRUE,FALSE,FALSE,,FALSE,Freshwater_open_water,Freshwater_wetland_riparian,1,FALSE,ASSIGNED,Within 30 ft of freshwater wetland or riparian forest
90266,Water,Water,0.8611546073278632,TRUE,FALSE,FALSE,,FALSE,Freshwater_open_water,Freshwater_wetland_riparian,1,FALSE,ASSIGNED,Within 30 ft of freshwater wetland or riparian forest
90267,Water,Water,18.537827290528682,FALSE,FALSE,FALSE,,FALSE,UNRESOLVED_WATER_REVIEW,UNRESOLVED_REVIEW,,FALSE,REVIEW_REQUIRED,"No freshwater, tidal, or modeled-site spatial evidence"
90268,Water,Water,0.7319076885144933,FALSE,FALSE,FALSE,,FALSE,UNRESOLVED_WATER_REVIEW,UNRESOLVED_REVIEW,,FALSE,REVIEW_REQUIRED,"No freshwater, tidal, or modeled-site spatial evidence"
90269,Water,Water,0.2145813285858443,FALSE,FALSE,FALSE,,FALSE,UNRESOLVED_WATER_REVIEW,UNRESOLVED_REVIEW,,FALSE,REVIEW_REQUIRED,"No freshwater, tidal, or modeled-site spatial evidence"
90270,Water,Water,0.24921924631060532,FALSE,FALSE,FALSE,,FALSE,UNRESOLVED_WATER_REVIEW,UNRESOLVED_REVIEW,,FALSE,REVIEW_REQUIRED,"No freshwater, tidal, or modeled-site spatial evidence"
90271,Water,Water,0.16192261650376824,FALSE,FALSE,FALSE,,FALSE,UNRESOLVED_WATER_REVIEW,UNRESOLVED_REVIEW,,FALSE,REVIEW_REQUIRED,"No freshwater, tidal, or modeled-site spatial evidence"
90272,Water,Water,0.28427426099124886,FALSE,FALSE,FALSE,,FALSE,UNRESOLVED_WATER_REVIEW,UNRESOLVED_REVIEW,,FALSE,REVIEW_REQUIRED,"No freshwater, tidal, or modeled-site spatial evidence"
90273,Water,Water,1.6152829997240745,FALSE,FALSE,FALSE,,FALSE,UNRESOLVED_WATER_REVIEW,UNRESOLVED_REVIEW,,FALSE,REVIEW_REQUIRED,"No freshwater, tidal, or modeled-site spatial evidence"
90274,Water,Water,0.3480154813762869,TRUE,FALSE,FALSE,,FALSE,Freshwater_open_water,Freshwater_wetland_riparian,1,FALSE,ASSIGNED,Within 30 ft of freshwater wetland or riparian forest
90275,Water,Water,0.35981395764345364,FALSE,FALSE,FALSE,,FALSE,UNRESOLVED_WATER_REVIEW,UNRESOLVED_REVIEW,,FALSE,REVIEW_REQUIRED,"No freshwater, tidal, or modeled-site spatial evidence"
90276,Water,Water,0.4704291987530003,FALSE,FALSE,FALSE,,FALSE,UNRESOLVED_WATER_REVIEW,UNRESOLVED_REVIEW,,FALSE,REVIEW_REQUIRED,"No freshwater, tidal, or modeled-site spatial evidence"
90277,Water,Water,1.222767951346277,FALSE,FALSE,FALSE,,FALSE,UNRESOLVED_WATER_REVIEW,UNRESOLVED_REVIEW,,FALSE,REVIEW_REQUIRED,"No freshwater, tidal, or modeled-site spatial evidence"
90278,Water,Water,0.5400658727626807,FALSE,FALSE,FALSE,,FALSE,UNRESOLVED_WATER_REVIEW,UNRESOLVED_REVIEW,,FALSE,REVIEW_REQUIRED,"No freshwater, tidal, or modeled-site spatial evidence"
90279,Water,Water,0.21736654570551858,FALSE,FALSE,FALSE,,FALSE,UNRESOLVED_WATER_REVIEW,UNRESOLVED_REVIEW,,FALSE,REVIEW_REQUIRED,"No freshwater, tidal, or modeled-site spatial evidence"
90280,Water,Water,0.06594523873776037,FALSE,FALSE,FALSE,,FALSE,UNRESOLVED_WATER_REVIEW,UNRESOLVED_REVIEW,,FALSE,REVIEW_REQUIRED,"No freshwater, tidal, or modeled-site spatial evidence"
90281,Water,Water,0.14338767147715062,FALSE,FALSE,FALSE,,FALSE,UNRESOLVED_WATER_REVIEW,UNRESOLVED_REVIEW,,FALSE,REVIEW_REQUIRED,"No freshwater, tidal, or modeled-site spatial evidence"
90282,Water,Water,0.021895310188303797,FALSE,FALSE,FALSE,,FALSE,UNRESOLVED_WATER_REVIEW,UNRESOLVED_REVIEW,,FALSE,REVIEW_REQUIRED,"No freshwater, tidal, or modeled-site spatial evidence"
90283,Water,Water,1.4792928718782044,TRUE,FALSE,FALSE,,FALSE,Freshwater_open_water,Freshwater_wetland_riparian,1,FALSE,ASSIGNED,Within 30 ft of freshwater wetland or riparian forest
90284,Water,Water,0.22474836904215553,FALSE,FALSE,FALSE,,FALSE,UNRESOLVED_WATER_REVIEW,UNRESOLVED_REVIEW,,FALSE,REVIEW_REQUIRED,"No freshwater, tidal, or modeled-site spatial evidence"
90285,Water,Water,0.2145227937378846,FALSE,FALSE,FALSE,,FALSE,UNRESOLVED_WATER_REVIEW,UNRESOLVED_REVIEW,,FALSE,REVIEW_REQUIRED,"No freshwater, tidal, or modeled-site spatial evidence"
90286,Water,Water,4.072380125493586,TRUE,FALSE,FALSE,,FALSE,Freshwater_open_water,Freshwater_wetland_riparian,1,FALSE,ASSIGNED,Within 30 ft of freshwater wetland or riparian forest
90287,Water,Water,0.04838899239450991,FALSE,FALSE,FALSE,,FALSE,UNRESOLVED_WATER_REVIEW,UNRESOLVED_REVIEW,,FALSE,REVIEW_REQUIRED,"No freshwater, tidal, or modeled-site spatial evidence"
90288,Water,Water,0.06088515924978834,FALSE,TRUE,FALSE,,FALSE,Marine_open_water,Hard_marine_barrier,,TRUE,ASSIGNED,Within 30 ft of tidal wetland or eel grass
90289,Water,Water,0.5462715798764708,TRUE,FALSE,FALSE,,FALSE,Freshwater_open_water,Freshwater_wetland_riparian,1,FALSE,ASSIGNED,Within 30 ft of freshwater wetland or riparian forest
90290,Water,Water,0.02422708801842908,FALSE,TRUE,FALSE,,FALSE,Marine_open_water,Hard_marine_barrier,,TRUE,ASSIGNED,Within 30 ft of tidal wetland or eel grass
90291,Water,Water,0.009454934845107586,FALSE,TRUE,FALSE,,FALSE,Marine_open_water,Hard_marine_barrier,,TRUE,ASSIGNED,Within 30 ft of tidal wetland or eel grass
90292,Water,Water,0.20389378186280446,TRUE,FALSE,FALSE,,FALSE,Freshwater_open_water,Freshwater_wetland_riparian,1,FALSE,ASSIGNED,Within 30 ft of freshwater wetland or riparian forest
90293,Water,Water,0.5257013462127808,FALSE,FALSE,FALSE,,FALSE,UNRESOLVED_WATER_REVIEW,UNRESOLVED_REVIEW,,FALSE,REVIEW_REQUIRED,"No freshwater, tidal, or modeled-site spatial evidence"
90294,Water,Water,0.10521062925744741,FALSE,FALSE,FALSE,,FALSE,UNRESOLVED_WATER_REVIEW,UNRESOLVED_REVIEW,,FALSE,REVIEW_REQUIRED,"No freshwater, tidal, or modeled-site spatial evidence"
90295,Water,Water,0.08708098836301019,FALSE,FALSE,FALSE,,FALSE,UNRESOLVED_WATER_REVIEW,UNRESOLVED_REVIEW,,FALSE,REVIEW_REQUIRED,"No freshwater, tidal, or modeled-site spatial evidence"
90296,Water,Water,0.12847273686457852,FALSE,FALSE,FALSE,,FALSE,UNRESOLVED_WATER_REVIEW,UNRESOLVED_REVIEW,,FALSE,REVIEW_REQUIRED,"No freshwater, tidal, or modeled-site spatial evidence"
90297,Water,Water,0.3099262004313841,FALSE,FALSE,FALSE,,FALSE,UNRESOLVED_WATER_REVIEW,UNRESOLVED_REVIEW,,FALSE,REVIEW_REQUIRED,"No freshwater, tidal, or modeled-site spatial evidence"
90298,Water,Water,2.163728235231414,TRUE,FALSE,FALSE,,FALSE,Freshwater_open_water,Freshwater_wetland_riparian,1,FALSE,ASSIGNED,Within 30 ft of freshwater wetland or riparian forest
90299,Water,Water,0.4816808267635651,FALSE,TRUE,FALSE,,FALSE,Marine_open_water,Hard_marine_barrier,,TRUE,ASSIGNED,Within 30 ft of tidal wetland or eel grass
90300,Water,Water,0.41320511837921603,TRUE,FALSE,FALSE,,FALSE,Freshwater_open_water,Freshwater_wetland_riparian,1,FALSE,ASSIGNED,Within 30 ft of freshwater wetland or riparian forest
90301,Water,Water,0.3239051311013262,FALSE,TRUE,FALSE,,FALSE,Marine_open_water,Hard_marine_barrier,,TRUE,ASSIGNED,Within 30 ft of tidal wetland or eel grass
90302,Water,Water,2.024017788828007,FALSE,TRUE,FALSE,,TRUE,Marine_open_water,Hard_marine_barrier,,TRUE,ASSIGNED,Within 30 ft of tidal wetland or eel grass
90303,Water,Water,0.08426816858560046,FALSE,FALSE,FALSE,,FALSE,UNRESOLVED_WATER_REVIEW,UNRESOLVED_REVIEW,,FALSE,REVIEW_REQUIRED,"No freshwater, tidal, or modeled-site spatial evidence"
90304,Water,Water,0.034154847108250494,FALSE,TRUE,FALSE,,FALSE,Marine_open_water,Hard_marine_barrier,,TRUE,ASSIGNED,Within 30 ft of tidal wetland or eel grass
90305,Water,Water,2.0143100171301658,FALSE,FALSE,FALSE,,FALSE,UNRESOLVED_WATER_REVIEW,UNRESOLVED_REVIEW,,FALSE,REVIEW_REQUIRED,"No freshwater, tidal, or modeled-site spatial evidence"
90306,Water,Water,0.21280633936219492,FALSE,FALSE,FALSE,,FALSE,UNRESOLVED_WATER_REVIEW,UNRESOLVED_REVIEW,,FALSE,REVIEW_REQUIRED,"No freshwater, tidal, or modeled-site spatial evidence"
90307,Water,Water,0.09506808967602114,FALSE,FALSE,FALSE,,FALSE,UNRESOLVED_WATER_REVIEW,UNRESOLVED_REVIEW,,FALSE,REVIEW_REQUIRED,"No freshwater, tidal, or modeled-site spatial evidence"
90308,Water,Water,0.2578740748457546,FALSE,FALSE,FALSE,,FALSE,UNRESOLVED_WATER_REVIEW,UNRESOLVED_REVIEW,,FALSE,REVIEW_REQUIRED,"No freshwater, tidal, or modeled-site spatial evidence"
90309,Water,Water,0.039698478787064645,FALSE,TRUE,FALSE,,FALSE,Marine_open_water,Hard_marine_barrier,,TRUE,ASSIGNED,Within 30 ft of tidal wetland or eel grass
90310,Water,Water,0.37813210239363054,FALSE,FALSE,FALSE,,FALSE,UNRESOLVED_WATER_REVIEW,UNRESOLVED_REVIEW,,FALSE,REVIEW_REQUIRED,"No freshwater, tidal, or modeled-site spatial evidence"
90311,Water,Water,0.19309907641024293,FALSE,FALSE,FALSE,,FALSE,UNRESOLVED_WATER_REVIEW,UNRESOLVED_REVIEW,,FALSE,REVIEW_REQUIRED,"No freshwater, tidal, or modeled-site spatial evidence"
90312,Water,Water,0.1504139244930545,FALSE,FALSE,FALSE,,FALSE,UNRESOLVED_WATER_REVIEW,UNRESOLVED_REVIEW,,FALSE,REVIEW_REQUIRED,"No freshwater, tidal, or modeled-site spatial evidence"
90313,Water,Water,0.15769878480778174,FALSE,FALSE,FALSE,,FALSE,UNRESOLVED_WATER_REVIEW,UNRESOLVED_REVIEW,,FALSE,REVIEW_REQUIRED,"No freshwater, tidal, or modeled-site spatial evidence"
90314,Water,Water,0.27945450537652655,TRUE,FALSE,FALSE,,FALSE,Freshwater_open_water,Freshwater_wetland_riparian,1,FALSE,ASSIGNED,Within 30 ft of freshwater wetland or riparian forest
90315,Water,Water,0.032988991861182475,FALSE,FALSE,FALSE,,FALSE,UNRESOLVED_WATER_REVIEW,UNRESOLVED_REVIEW,,FALSE,REVIEW_REQUIRED,"No freshwater, tidal, or modeled-site spatial evidence"
90316,Water,Water,0.390638470513324,TRUE,FALSE,FALSE,,FALSE,Freshwater_open_water,Freshwater_wetland_riparian,1,FALSE,ASSIGNED,Within 30 ft of freshwater wetland or riparian forest
90317,Water,Water,0.10953318984783719,FALSE,TRUE,FALSE,,FALSE,Marine_open_water,Hard_marine_barrier,,TRUE,ASSIGNED,Within 30 ft of tidal wetland or eel grass
90318,Water,Water,0.5252358197537799,FALSE,FALSE,FALSE,,FALSE,UNRESOLVED_WATER_REVIEW,UNRESOLVED_REVIEW,,FALSE,REVIEW_REQUIRED,"No freshwater, tidal, or modeled-site spatial evidence"
90319,Water,Water,0.0826320649443617,TRUE,FALSE,FALSE,,FALSE,Freshwater_open_water,Freshwater_wetland_riparian,1,FALSE,ASSIGNED,Within 30 ft of freshwater wetland or riparian forest
90320,Water,Water,0.5926327672273933,FALSE,FALSE,FALSE,,FALSE,UNRESOLVED_WATER_REVIEW,UNRESOLVED_REVIEW,,FALSE,REVIEW_REQUIRED,"No freshwater, tidal, or modeled-site spatial evidence"
90321,Water,Water,1.862664883804554,FALSE,FALSE,FALSE,,FALSE,UNRESOLVED_WATER_REVIEW,UNRESOLVED_REVIEW,,FALSE,REVIEW_REQUIRED,"No freshwater, tidal, or modeled-site spatial evidence"
90322,Water,Water,0.5069112978541216,TRUE,FALSE,FALSE,,FALSE,Freshwater_open_water,Freshwater_wetland_riparian,1,FALSE,ASSIGNED,Within 30 ft of freshwater wetland or riparian forest
90323,Water,Water,0.2988459149927325,TRUE,FALSE,FALSE,,FALSE,Freshwater_open_water,Freshwater_wetland_riparian,1,FALSE,ASSIGNED,Within 30 ft of freshwater wetland or riparian forest
90324,Water,Water,0.018564303312627498,FALSE,TRUE,FALSE,,FALSE,Marine_open_water,Hard_marine_barrier,,TRUE,ASSIGNED,Within 30 ft of tidal wetland or eel grass
90325,Water,Water,1.3718042724214112,TRUE,FALSE,FALSE,,FALSE,Freshwater_open_water,Freshwater_wetland_riparian,1,FALSE,ASSIGNED,Within 30 ft of freshwater wetland or riparian forest
90326,Water,Water,0.08024182428946076,FALSE,TRUE,FALSE,,FALSE,Marine_open_water,Hard_marine_barrier,,TRUE,ASSIGNED,Within 30 ft of tidal wetland or eel grass
90327,Water,Water,1.8702790066653898,FALSE,FALSE,FALSE,,FALSE,UNRESOLVED_WATER_REVIEW,UNRESOLVED_REVIEW,,FALSE,REVIEW_REQUIRED,"No freshwater, tidal, or modeled-site spatial evidence"
90328,Water,Water,0.17193539777698594,TRUE,FALSE,FALSE,,FALSE,Freshwater_open_water,Freshwater_wetland_riparian,1,FALSE,ASSIGNED,Within 30 ft of freshwater wetland or riparian forest
90329,Water,Water,0.6272270273099637,FALSE,TRUE,FALSE,,FALSE,Marine_open_water,Hard_marine_barrier,,TRUE,ASSIGNED,Within 30 ft of tidal wetland or eel grass
90330,Water,Water,0.2775333433973062,TRUE,FALSE,FALSE,,FALSE,Freshwater_open_water,Freshwater_wetland_riparian,1,FALSE,ASSIGNED,Within 30 ft of freshwater wetland or riparian forest
90331,Water,Water,0.02052351841793175,FALSE,FALSE,FALSE,,FALSE,UNRESOLVED_WATER_REVIEW,UNRESOLVED_REVIEW,,FALSE,REVIEW_REQUIRED,"No freshwater, tidal, or modeled-site spatial evidence"
90332,Water,Water,15.413000933973152,FALSE,TRUE,FALSE,,FALSE,Marine_open_water,Hard_marine_barrier,,TRUE,ASSIGNED,Within 30 ft of tidal wetland or eel grass
90333,Water,Water,0.2165758634772277,FALSE,FALSE,FALSE,,FALSE,UNRESOLVED_WATER_REVIEW,UNRESOLVED_REVIEW,,FALSE,REVIEW_REQUIRED,"No freshwater, tidal, or modeled-site spatial evidence"
90334,Water,Water,0.024747436013593728,FALSE,FALSE,FALSE,,FALSE,UNRESOLVED_WATER_REVIEW,UNRESOLVED_REVIEW,,FALSE,REVIEW_REQUIRED,"No freshwater, tidal, or modeled-site spatial evidence"
90335,Water,Water,0.08246094102811379,FALSE,FALSE,FALSE,,FALSE,UNRESOLVED_WATER_REVIEW,UNRESOLVED_REVIEW,,FALSE,REVIEW_REQUIRED,"No freshwater, tidal, or modeled-site spatial evidence"
90336,Water,Water,0.1519228635369706,FALSE,TRUE,FALSE,,FALSE,Marine_open_water,Hard_marine_barrier,,TRUE,ASSIGNED,Within 30 ft of tidal wetland or eel grass
90337,Water,Water,0.012493811409527078,FALSE,TRUE,FALSE,,FALSE,Marine_open_water,Hard_marine_barrier,,TRUE,ASSIGNED,Within 30 ft of tidal wetland or eel grass
90338,Water,Water,0.09772745423768764,FALSE,FALSE,FALSE,,FALSE,UNRESOLVED_WATER_REVIEW,UNRESOLVED_REVIEW,,FALSE,REVIEW_REQUIRED,"No freshwater, tidal, or modeled-site spatial evidence"
90339,Water,Water,0.07646929724868283,FALSE,FALSE,FALSE,,FALSE,UNRESOLVED_WATER_REVIEW,UNRESOLVED_REVIEW,,FALSE,REVIEW_REQUIRED,"No freshwater, tidal, or modeled-site spatial evidence"
90340,Water,Water,6.281071579042121,FALSE,FALSE,FALSE,,FALSE,UNRESOLVED_WATER_REVIEW,UNRESOLVED_REVIEW,,FALSE,REVIEW_REQUIRED,"No freshwater, tidal, or modeled-site spatial evidence"
90341,Water,Water,0.05325997097604774,FALSE,FALSE,FALSE,,FALSE,UNRESOLVED_WATER_REVIEW,UNRESOLVED_REVIEW,,FALSE,REVIEW_REQUIRED,"No freshwater, tidal, or modeled-site spatial evidence"
90342,Water,Water,0.0573847049870815,FALSE,TRUE,FALSE,,FALSE,Marine_open_water,Hard_marine_barrier,,TRUE,ASSIGNED,Within 30 ft of tidal wetland or eel grass
90343,Water,Water,0.02523217011140903,FALSE,TRUE,FALSE,,FALSE,Marine_open_water,Hard_marine_barrier,,TRUE,ASSIGNED,Within 30 ft of tidal wetland or eel grass
90344,Water,Water,130.32437945733187,FALSE,TRUE,FALSE,,FALSE,Marine_open_water,Hard_marine_barrier,,TRUE,ASSIGNED,Within 30 ft of tidal wetland or eel grass
90345,Water,Water,0.5338656523143539,FALSE,FALSE,FALSE,,FALSE,UNRESOLVED_WATER_REVIEW,UNRESOLVED_REVIEW,,FALSE,REVIEW_REQUIRED,"No freshwater, tidal, or modeled-site spatial evidence"
90346,Water,Water,0.7174929167295307,FALSE,FALSE,FALSE,,FALSE,UNRESOLVED_WATER_REVIEW,UNRESOLVED_REVIEW,,FALSE,REVIEW_REQUIRED,"No freshwater, tidal, or modeled-site spatial evidence"
90347,Water,Water,0.5999334244263842,FALSE,FALSE,FALSE,,FALSE,UNRESOLVED_WATER_REVIEW,UNRESOLVED_REVIEW,,FALSE,REVIEW_REQUIRED,"No freshwater, tidal, or modeled-site spatial evidence"
90348,Water,Water,0.1970156209733488,FALSE,FALSE,FALSE,,FALSE,UNRESOLVED_WATER_REVIEW,UNRESOLVED_REVIEW,,FALSE,REVIEW_REQUIRED,"No freshwater, tidal, or modeled-site spatial evidence"
90349,Water,Water,0.3097552429975893,FALSE,FALSE,FALSE,,FALSE,UNRESOLVED_WATER_REVIEW,UNRESOLVED_REVIEW,,FALSE,REVIEW_REQUIRED,"No freshwater, tidal, or modeled-site spatial evidence"
90350,Water,Water,15.408946123112187,FALSE,FALSE,FALSE,,FALSE,UNRESOLVED_WATER_REVIEW,UNRESOLVED_REVIEW,,FALSE,REVIEW_REQUIRED,"No freshwater, tidal, or modeled-site spatial evidence"
90351,Water,Water,3.1906896879350475,FALSE,FALSE,FALSE,,FALSE,UNRESOLVED_WATER_REVIEW,UNRESOLVED_REVIEW,,FALSE,REVIEW_REQUIRED,"No freshwater, tidal, or modeled-site spatial evidence"
90352,Water,Water,1.3675484790813988,FALSE,TRUE,FALSE,,FALSE,Marine_open_water,Hard_marine_barrier,,TRUE,ASSIGNED,Within 30 ft of tidal wetland or eel grass
90353,Water,Water,0.09211402111896917,FALSE,FALSE,FALSE,,FALSE,UNRESOLVED_WATER_REVIEW,UNRESOLVED_REVIEW,,FALSE,REVIEW_REQUIRED,"No freshwater, tidal, or modeled-site spatial evidence"
90354,Water,Water,2.8180239257403352,FALSE,TRUE,FALSE,,FALSE,Marine_open_water,Hard_marine_barrier,,TRUE,ASSIGNED,Within 30 ft of tidal wetland or eel grass
90355,Water,Water,0.9778667464647649,FALSE,TRUE,FALSE,,FALSE,Marine_open_water,Hard_marine_barrier,,TRUE,ASSIGNED,Within 30 ft of tidal wetland or eel grass
90356,Water,Water,1.4414500168569835,FALSE,TRUE,FALSE,,FALSE,Marine_open_water,Hard_marine_barrier,,TRUE,ASSIGNED,Within 30 ft of tidal wetland or eel grass
90357,Water,Water,2.4305121014196343,FALSE,TRUE,FALSE,,FALSE,Marine_open_water,Hard_marine_barrier,,TRUE,ASSIGNED,Within 30 ft of tidal wetland or eel grass
90358,Water,Water,0.8945793835924887,FALSE,FALSE,FALSE,,FALSE,UNRESOLVED_WATER_REVIEW,UNRESOLVED_REVIEW,,FALSE,REVIEW_REQUIRED,"No freshwater, tidal, or modeled-site spatial evidence"
90359,Water,Water,0.1298404487423547,FALSE,TRUE,FALSE,,FALSE,Marine_open_water,Hard_marine_barrier,,TRUE,ASSIGNED,Within 30 ft of tidal wetland or eel grass
90360,Water,Water,1.1920630124484566,TRUE,FALSE,FALSE,,FALSE,Freshwater_open_water,Freshwater_wetland_riparian,1,FALSE,ASSIGNED,Within 30 ft of freshwater wetland or riparian forest
90361,Water,Water,0.2572415405979407,FALSE,TRUE,FALSE,,FALSE,Marine_open_water,Hard_marine_barrier,,TRUE,ASSIGNED,Within 30 ft of tidal wetland or eel grass
90362,Water,Water,0.9109527789791582,FALSE,FALSE,FALSE,,FALSE,UNRESOLVED_WATER_REVIEW,UNRESOLVED_REVIEW,,FALSE,REVIEW_REQUIRED,"No freshwater, tidal, or modeled-site spatial evidence"
90363,Water,Water,5.479981986080119,FALSE,FALSE,FALSE,,FALSE,UNRESOLVED_WATER_REVIEW,UNRESOLVED_REVIEW,,FALSE,REVIEW_REQUIRED,"No freshwater, tidal, or modeled-site spatial evidence"
90364,Water,Water,3387.9294970170677,TRUE,TRUE,FALSE,,TRUE,Estuarine_transition_water,Tidal_saline_matrix,25,FALSE,ASSIGNED,Within 30 ft of both freshwater and tidal anchors
90365,Water,Water,0.8848896207995769,FALSE,FALSE,FALSE,,FALSE,UNRESOLVED_WATER_REVIEW,UNRESOLVED_REVIEW,,FALSE,REVIEW_REQUIRED,"No freshwater, tidal, or modeled-site spatial evidence"
90366,Water,Water,79.90476736834853,FALSE,FALSE,FALSE,,FALSE,UNRESOLVED_WATER_REVIEW,UNRESOLVED_REVIEW,,FALSE,REVIEW_REQUIRED,"No freshwater, tidal, or modeled-site spatial evidence"
90367,Water,Water,0.05984517514059081,FALSE,TRUE,FALSE,,FALSE,Marine_open_water,Hard_marine_barrier,,TRUE,ASSIGNED,Within 30 ft of tidal wetland or eel grass
90368,Water,Water,17.198284092814728,FALSE,FALSE,FALSE,,FALSE,UNRESOLVED_WATER_REVIEW,UNRESOLVED_REVIEW,,FALSE,REVIEW_REQUIRED,"No freshwater, tidal, or modeled-site spatial evidence"
90369,Water,Water,0.6207102325837752,FALSE,TRUE,FALSE,,FALSE,Marine_open_water,Hard_marine_barrier,,TRUE,ASSIGNED,Within 30 ft of tidal wetland or eel grass
90370,Water,Water,7.772823711308902,FALSE,FALSE,FALSE,,FALSE,UNRESOLVED_WATER_REVIEW,UNRESOLVED_REVIEW,,FALSE,REVIEW_REQUIRED,"No freshwater, tidal, or modeled-site spatial evidence"
90371,Water,Water,19.900924099392803,FALSE,TRUE,FALSE,,FALSE,Marine_open_water,Hard_marine_barrier,,TRUE,ASSIGNED,Within 30 ft of tidal wetland or eel grass
90372,Water,Water,14.79562564780624,FALSE,FALSE,FALSE,,FALSE,UNRESOLVED_WATER_REVIEW,UNRESOLVED_REVIEW,,FALSE,REVIEW_REQUIRED,"No freshwater, tidal, or modeled-site spatial evidence"
90373,Water,Water,1.5443536443096555,TRUE,TRUE,FALSE,,FALSE,Estuarine_transition_water,Tidal_saline_matrix,25,FALSE,ASSIGNED,Within 30 ft of both freshwater and tidal anchors
90374,Water,Water,90.29147792322097,FALSE,FALSE,FALSE,,FALSE,UNRESOLVED_WATER_REVIEW,UNRESOLVED_REVIEW,,FALSE,REVIEW_REQUIRED,"No freshwater, tidal, or modeled-site spatial evidence"
90375,Water,Water,0.016000218624732422,FALSE,TRUE,FALSE,,FALSE,Marine_open_water,Hard_marine_barrier,,TRUE,ASSIGNED,Within 30 ft of tidal wetland or eel grass
90376,Water,Water,0.7835812369408975,FALSE,FALSE,FALSE,,FALSE,UNRESOLVED_WATER_REVIEW,UNRESOLVED_REVIEW,,FALSE,REVIEW_REQUIRED,"No freshwater, tidal, or modeled-site spatial evidence"
90377,Water,Water,0.30012395980973144,FALSE,FALSE,FALSE,,FALSE,UNRESOLVED_WATER_REVIEW,UNRESOLVED_REVIEW,,FALSE,REVIEW_REQUIRED,"No freshwater, tidal, or modeled-site spatial evidence"
90378,Water,Water,0.049703809899633036,FALSE,TRUE,FALSE,,FALSE,Marine_open_water,Hard_marine_barrier,,TRUE,ASSIGNED,Within 30 ft of tidal wetland or eel grass
90379,Water,Water,0.037681486438086415,FALSE,TRUE,FALSE,,FALSE,Marine_open_water,Hard_marine_barrier,,TRUE,ASSIGNED,Within 30 ft of tidal wetland or eel grass
90380,Water,Water,1.6614450283879125,TRUE,FALSE,FALSE,,FALSE,Freshwater_open_water,Freshwater_wetland_riparian,1,FALSE,ASSIGNED,Within 30 ft of freshwater wetland or riparian forest
90381,Water,Water,1.256185337200205,FALSE,TRUE,FALSE,,FALSE,Marine_open_water,Hard_marine_barrier,,TRUE,ASSIGNED,Within 30 ft of tidal wetland or eel grass
90382,Water,Water,0.03708284105284872,FALSE,TRUE,FALSE,,FALSE,Marine_open_water,Hard_marine_barrier,,TRUE,ASSIGNED,Within 30 ft of tidal wetland or eel grass
90383,Water,Water,0.13467786432206022,FALSE,TRUE,FALSE,,FALSE,Marine_open_water,Hard_marine_barrier,,TRUE,ASSIGNED,Within 30 ft of tidal wetland or eel grass
90384,Water,Water,0.01895527478066505,FALSE,TRUE,FALSE,,FALSE,Marine_open_water,Hard_marine_barrier,,TRUE,ASSIGNED,Within 30 ft of tidal wetland or eel grass
90385,Water,Water,583.589568928254,TRUE,FALSE,FALSE,,FALSE,Freshwater_open_water,Freshwater_wetland_riparian,1,FALSE,ASSIGNED,Within 30 ft of freshwater wetland or riparian forest
90386,Water,Water,0.21983433603899022,FALSE,TRUE,FALSE,,FALSE,Marine_open_water,Hard_marine_barrier,,TRUE,ASSIGNED,Within 30 ft of tidal wetland or eel grass
90387,Water,Water,0.1848063618366407,TRUE,FALSE,FALSE,,FALSE,Freshwater_open_water,Freshwater_wetland_riparian,1,FALSE,ASSIGNED,Within 30 ft of freshwater wetland or riparian forest
90388,Water,Water,2.4828306542649496,FALSE,TRUE,FALSE,,FALSE,Marine_open_water,Hard_marine_barrier,,TRUE,ASSIGNED,Within 30 ft of tidal wetland or eel grass
90389,Water,Water,0.3303037050112674,FALSE,TRUE,FALSE,,FALSE,Marine_open_water,Hard_marine_barrier,,TRUE,ASSIGNED,Within 30 ft of tidal wetland or eel grass
90390,Water,Water,0.35946868151326333,TRUE,FALSE,FALSE,,FALSE,Freshwater_open_water,Freshwater_wetland_riparian,1,FALSE,ASSIGNED,Within 30 ft of freshwater wetland or riparian forest
90391,Water,Water,1.0393911317697169,FALSE,TRUE,FALSE,,FALSE,Marine_open_water,Hard_marine_barrier,,TRUE,ASSIGNED,Within 30 ft of tidal wetland or eel grass
90392,Water,Water,0.28302846699975076,FALSE,TRUE,FALSE,,FALSE,Marine_open_water,Hard_marine_barrier,,TRUE,ASSIGNED,Within 30 ft of tidal wetland or eel grass
90393,Water,Water,0.7952098255138079,FALSE,TRUE,FALSE,,FALSE,Marine_open_water,Hard_marine_barrier,,TRUE,ASSIGNED,Within 30 ft of tidal wetland or eel grass
90394,Water,Water,0.02057111996327274,FALSE,TRUE,FALSE,,FALSE,Marine_open_water,Hard_marine_barrier,,TRUE,ASSIGNED,Within 30 ft of tidal wetland or eel grass
90395,Water,Water,0.49384117779697567,FALSE,TRUE,FALSE,,FALSE,Marine_open_water,Hard_marine_barrier,,TRUE,ASSIGNED,Within 30 ft of tidal wetland or eel grass
90396,Water,Water,0.0833501179396213,FALSE,TRUE,FALSE,,FALSE,Marine_open_water,Hard_marine_barrier,,TRUE,ASSIGNED,Within 30 ft of tidal wetland or eel grass
90397,Water,Water,0.05433889326544236,FALSE,TRUE,FALSE,,FALSE,Marine_open_water,Hard_marine_barrier,,TRUE,ASSIGNED,Within 30 ft of tidal wetland or eel grass
90398,Water,Water,10.789126025879053,FALSE,FALSE,FALSE,,FALSE,UNRESOLVED_WATER_REVIEW,UNRESOLVED_REVIEW,,FALSE,REVIEW_REQUIRED,"No freshwater, tidal, or modeled-site spatial evidence"
90399,Water,Water,0.04917007700401764,FALSE,FALSE,FALSE,,FALSE,UNRESOLVED_WATER_REVIEW,UNRESOLVED_REVIEW,,FALSE,REVIEW_REQUIRED,"No freshwater, tidal, or modeled-site spatial evidence"
90400,Water,Water,0.4532346336099921,TRUE,FALSE,FALSE,,FALSE,Freshwater_open_water,Freshwater_wetland_riparian,1,FALSE,ASSIGNED,Within 30 ft of freshwater wetland or riparian forest
90401,Water,Water,0.15728871083628734,TRUE,FALSE,FALSE,,FALSE,Freshwater_open_water,Freshwater_wetland_riparian,1,FALSE,ASSIGNED,Within 30 ft of freshwater wetland or riparian forest
90402,Water,Water,0.4073005221290149,FALSE,TRUE,FALSE,,FALSE,Marine_open_water,Hard_marine_barrier,,TRUE,ASSIGNED,Within 30 ft of tidal wetland or eel grass
90403,Water,Water,0.19436340064920862,FALSE,TRUE,FALSE,,FALSE,Marine_open_water,Hard_marine_barrier,,TRUE,ASSIGNED,Within 30 ft of tidal wetland or eel grass
90404,Water,Water,4.065131449978757,TRUE,FALSE,FALSE,,FALSE,Freshwater_open_water,Freshwater_wetland_riparian,1,FALSE,ASSIGNED,Within 30 ft of freshwater wetland or riparian forest
90405,Water,Water,0.1386399202420849,TRUE,FALSE,FALSE,,FALSE,Freshwater_open_water,Freshwater_wetland_riparian,1,FALSE,ASSIGNED,Within 30 ft of freshwater wetland or riparian forest
90406,Water,Water,0.10600974274357326,FALSE,TRUE,FALSE,,FALSE,Marine_open_water,Hard_marine_barrier,,TRUE,ASSIGNED,Within 30 ft of tidal wetland or eel grass
90407,Water,Water,0.011429809884938837,FALSE,FALSE,FALSE,,FALSE,UNRESOLVED_WATER_REVIEW,UNRESOLVED_REVIEW,,FALSE,REVIEW_REQUIRED,"No freshwater, tidal, or modeled-site spatial evidence"
90408,Water,Water,1.1985886911743635,TRUE,FALSE,FALSE,,FALSE,Freshwater_open_water,Freshwater_wetland_riparian,1,FALSE,ASSIGNED,Within 30 ft of freshwater wetland or riparian forest
90409,Water,Water,0.08117028237319045,FALSE,FALSE,FALSE,,FALSE,UNRESOLVED_WATER_REVIEW,UNRESOLVED_REVIEW,,FALSE,REVIEW_REQUIRED,"No freshwater, tidal, or modeled-site spatial evidence"
90410,Water,Water,0.017091231530176818,FALSE,TRUE,FALSE,,FALSE,Marine_open_water,Hard_marine_barrier,,TRUE,ASSIGNED,Within 30 ft of tidal wetland or eel grass
90411,Water,Water,3.603687412099111,TRUE,FALSE,FALSE,,FALSE,Freshwater_open_water,Freshwater_wetland_riparian,1,FALSE,ASSIGNED,Within 30 ft of freshwater wetland or riparian forest
90412,Water,Water,0.7224204337655606,TRUE,FALSE,FALSE,,FALSE,Freshwater_open_water,Freshwater_wetland_riparian,1,FALSE,ASSIGNED,Within 30 ft of freshwater wetland or riparian forest
90413,Water,Water,0.14047230855920165,FALSE,FALSE,FALSE,,FALSE,UNRESOLVED_WATER_REVIEW,UNRESOLVED_REVIEW,,FALSE,REVIEW_REQUIRED,"No freshwater, tidal, or modeled-site spatial evidence"
90414,Water,Water,0.2111945812906776,FALSE,FALSE,FALSE,,FALSE,UNRESOLVED_WATER_REVIEW,UNRESOLVED_REVIEW,,FALSE,REVIEW_REQUIRED,"No freshwater, tidal, or modeled-site spatial evidence"
90415,Water,Water,0.4083800815808861,FALSE,TRUE,FALSE,,FALSE,Marine_open_water,Hard_marine_barrier,,TRUE,ASSIGNED,Within 30 ft of tidal wetland or eel grass
90416,Water,Water,0.17502243541019832,FALSE,TRUE,FALSE,,FALSE,Marine_open_water,Hard_marine_barrier,,TRUE,ASSIGNED,Within 30 ft of tidal wetland or eel grass
90417,Water,Water,0.5509367274734911,FALSE,TRUE,FALSE,,FALSE,Marine_open_water,Hard_marine_barrier,,TRUE,ASSIGNED,Within 30 ft of tidal wetland or eel grass
90418,Water,Water,0.2485855945504185,FALSE,TRUE,FALSE,,FALSE,Marine_open_water,Hard_marine_barrier,,TRUE,ASSIGNED,Within 30 ft of tidal wetland or eel grass
90419,Water,Water,1.0981585110674155,FALSE,TRUE,FALSE,,FALSE,Marine_open_water,Hard_marine_barrier,,TRUE,ASSIGNED,Within 30 ft of tidal wetland or eel grass
90420,Water,Water,0.3562452660304931,FALSE,TRUE,FALSE,,FALSE,Marine_open_water,Hard_marine_barrier,,TRUE,ASSIGNED,Within 30 ft of tidal wetland or eel grass
90421,Water,Water,0.08565943100667833,TRUE,FALSE,FALSE,,FALSE,Freshwater_open_water,Freshwater_wetland_riparian,1,FALSE,ASSIGNED,Within 30 ft of freshwater wetland or riparian forest
90422,Water,Water,2.412489016857768,FALSE,FALSE,FALSE,,FALSE,UNRESOLVED_WATER_REVIEW,UNRESOLVED_REVIEW,,FALSE,REVIEW_REQUIRED,"No freshwater, tidal, or modeled-site spatial evidence"
90423,Water,Water,0.010238605863462131,FALSE,TRUE,FALSE,,FALSE,Marine_open_water,Hard_marine_barrier,,TRUE,ASSIGNED,Within 30 ft of tidal wetland or eel grass
90424,Water,Water,1.5334703333000113,FALSE,FALSE,FALSE,,FALSE,UNRESOLVED_WATER_REVIEW,UNRESOLVED_REVIEW,,FALSE,REVIEW_REQUIRED,"No freshwater, tidal, or modeled-site spatial evidence"
90425,Water,Water,0.4625207297976968,FALSE,TRUE,FALSE,,FALSE,Marine_open_water,Hard_marine_barrier,,TRUE,ASSIGNED,Within 30 ft of tidal wetland or eel grass
90426,Water,Water,0.0902179813423481,FALSE,TRUE,FALSE,,FALSE,Marine_open_water,Hard_marine_barrier,,TRUE,ASSIGNED,Within 30 ft of tidal wetland or eel grass
90427,Water,Water,0.20509878897627898,TRUE,FALSE,FALSE,,FALSE,Freshwater_open_water,Freshwater_wetland_riparian,1,FALSE,ASSIGNED,Within 30 ft of freshwater wetland or riparian forest
90428,Water,Water,0.02874521306586777,FALSE,TRUE,FALSE,,FALSE,Marine_open_water,Hard_marine_barrier,,TRUE,ASSIGNED,Within 30 ft of tidal wetland or eel grass
90429,Water,Water,0.40769775676785996,FALSE,TRUE,FALSE,,FALSE,Marine_open_water,Hard_marine_barrier,,TRUE,ASSIGNED,Within 30 ft of tidal wetland or eel grass
90430,Water,Water,1.2975638022884184,FALSE,FALSE,FALSE,,FALSE,UNRESOLVED_WATER_REVIEW,UNRESOLVED_REVIEW,,FALSE,REVIEW_REQUIRED,"No freshwater, tidal, or modeled-site spatial evidence"
90431,Water,Water,0.9498152273194964,FALSE,FALSE,FALSE,,FALSE,UNRESOLVED_WATER_REVIEW,UNRESOLVED_REVIEW,,FALSE,REVIEW_REQUIRED,"No freshwater, tidal, or modeled-site spatial evidence"
90432,Water,Water,2.9447652858709232,FALSE,FALSE,FALSE,,FALSE,UNRESOLVED_WATER_REVIEW,UNRESOLVED_REVIEW,,FALSE,REVIEW_REQUIRED,"No freshwater, tidal, or modeled-site spatial evidence"
90433,Water,Water,0.4260792631356733,FALSE,FALSE,FALSE,,FALSE,UNRESOLVED_WATER_REVIEW,UNRESOLVED_REVIEW,,FALSE,REVIEW_REQUIRED,"No freshwater, tidal, or modeled-site spatial evidence"
90434,Water,Water,149.60110504367495,FALSE,FALSE,FALSE,,FALSE,UNRESOLVED_WATER_REVIEW,UNRESOLVED_REVIEW,,FALSE,REVIEW_REQUIRED,"No freshwater, tidal, or modeled-site spatial evidence"
90435,Water,Water,0.92740485940968,FALSE,FALSE,FALSE,,FALSE,UNRESOLVED_WATER_REVIEW,UNRESOLVED_REVIEW,,FALSE,REVIEW_REQUIRED,"No freshwater, tidal, or modeled-site spatial evidence"
90436,Water,Water,0.20353646378057566,FALSE,TRUE,FALSE,,FALSE,Marine_open_water,Hard_marine_barrier,,TRUE,ASSIGNED,Within 30 ft of tidal wetland or eel grass
90437,Water,Water,4.941918704447555,FALSE,FALSE,FALSE,,FALSE,UNRESOLVED_WATER_REVIEW,UNRESOLVED_REVIEW,,FALSE,REVIEW_REQUIRED,"No freshwater, tidal, or modeled-site spatial evidence"
90438,Water,Water,2.7896027162262698,FALSE,FALSE,FALSE,,FALSE,UNRESOLVED_WATER_REVIEW,UNRESOLVED_REVIEW,,FALSE,REVIEW_REQUIRED,"No freshwater, tidal, or modeled-site spatial evidence"
90439,Water,Water,0.43829246462330346,FALSE,FALSE,FALSE,,FALSE,UNRESOLVED_WATER_REVIEW,UNRESOLVED_REVIEW,,FALSE,REVIEW_REQUIRED,"No freshwater, tidal, or modeled-site spatial evidence"
90440,Water,Water,1.088358871005578,FALSE,FALSE,FALSE,,FALSE,UNRESOLVED_WATER_REVIEW,UNRESOLVED_REVIEW,,FALSE,REVIEW_REQUIRED,"No freshwater, tidal, or modeled-site spatial evidence"
90441,Water,Water,3.0071314375168643,FALSE,FALSE,FALSE,,FALSE,UNRESOLVED_WATER_REVIEW,UNRESOLVED_REVIEW,,FALSE,REVIEW_REQUIRED,"No freshwater, tidal, or modeled-site spatial evidence"
90442,Water,Water,6.426012378881919,FALSE,FALSE,FALSE,,FALSE,UNRESOLVED_WATER_REVIEW,UNRESOLVED_REVIEW,,FALSE,REVIEW_REQUIRED,"No freshwater, tidal, or modeled-site spatial evidence"
90443,Water,Water,2.7310726116148554,FALSE,TRUE,FALSE,,FALSE,Marine_open_water,Hard_marine_barrier,,TRUE,ASSIGNED,Within 30 ft of tidal wetland or eel grass
90444,Water,Water,0.1433440856042345,FALSE,TRUE,FALSE,,FALSE,Marine_open_water,Hard_marine_barrier,,TRUE,ASSIGNED,Within 30 ft of tidal wetland or eel grass
90445,Water,Water,0.14376389445640814,FALSE,FALSE,FALSE,,FALSE,UNRESOLVED_WATER_REVIEW,UNRESOLVED_REVIEW,,FALSE,REVIEW_REQUIRED,"No freshwater, tidal, or modeled-site spatial evidence"
90446,Water,Water,577.1662417576878,TRUE,FALSE,FALSE,,FALSE,Freshwater_open_water,Freshwater_wetland_riparian,1,FALSE,ASSIGNED,Within 30 ft of freshwater wetland or riparian forest
90447,Water,Water,2.1679842263624165,FALSE,FALSE,FALSE,,FALSE,UNRESOLVED_WATER_REVIEW,UNRESOLVED_REVIEW,,FALSE,REVIEW_REQUIRED,"No freshwater, tidal, or modeled-site spatial evidence"
90448,Water,Water,1.021617571674591,TRUE,FALSE,FALSE,,FALSE,Freshwater_open_water,Freshwater_wetland_riparian,1,FALSE,ASSIGNED,Within 30 ft of freshwater wetland or riparian forest
90449,Water,Water,87.87085581743163,TRUE,FALSE,FALSE,,FALSE,Freshwater_open_water,Freshwater_wetland_riparian,1,FALSE,ASSIGNED,Within 30 ft of freshwater wetland or riparian forest
90450,Water,Water,4.74525601072435,TRUE,FALSE,FALSE,,FALSE,Freshwater_open_water,Freshwater_wetland_riparian,1,FALSE,ASSIGNED,Within 30 ft of freshwater wetland or riparian forest
90451,Water,Water,1.072613105496284,FALSE,FALSE,FALSE,,FALSE,UNRESOLVED_WATER_REVIEW,UNRESOLVED_REVIEW,,FALSE,REVIEW_REQUIRED,"No freshwater, tidal, or modeled-site spatial evidence"
90452,Water,Water,0.3177267326122482,FALSE,FALSE,FALSE,,FALSE,UNRESOLVED_WATER_REVIEW,UNRESOLVED_REVIEW,,FALSE,REVIEW_REQUIRED,"No freshwater, tidal, or modeled-site spatial evidence"
90453,Water,Water,223.99654193001135,FALSE,FALSE,FALSE,,FALSE,UNRESOLVED_WATER_REVIEW,UNRESOLVED_REVIEW,,FALSE,REVIEW_REQUIRED,"No freshwater, tidal, or modeled-site spatial evidence"
90454,Water,Water,0.3791186529807767,TRUE,FALSE,FALSE,,FALSE,Freshwater_open_water,Freshwater_wetland_riparian,1,FALSE,ASSIGNED,Within 30 ft of freshwater wetland or riparian forest
90455,Water,Water,0.2300831686334971,FALSE,TRUE,FALSE,,FALSE,Marine_open_water,Hard_marine_barrier,,TRUE,ASSIGNED,Within 30 ft of tidal wetland or eel grass
90456,Water,Water,0.3626959802492652,FALSE,FALSE,FALSE,,FALSE,UNRESOLVED_WATER_REVIEW,UNRESOLVED_REVIEW,,FALSE,REVIEW_REQUIRED,"No freshwater, tidal, or modeled-site spatial evidence"
90457,Water,Water,0.43362390328679784,FALSE,FALSE,FALSE,,FALSE,UNRESOLVED_WATER_REVIEW,UNRESOLVED_REVIEW,,FALSE,REVIEW_REQUIRED,"No freshwater, tidal, or modeled-site spatial evidence"
90458,Water,Water,0.1278875162219501,FALSE,FALSE,FALSE,,FALSE,UNRESOLVED_WATER_REVIEW,UNRESOLVED_REVIEW,,FALSE,REVIEW_REQUIRED,"No freshwater, tidal, or modeled-site spatial evidence"
90459,Water,Water,2.2841167220301184,TRUE,FALSE,FALSE,,FALSE,Freshwater_open_water,Freshwater_wetland_riparian,1,FALSE,ASSIGNED,Within 30 ft of freshwater wetland or riparian forest
90460,Water,Water,0.3508146649262087,FALSE,FALSE,FALSE,,FALSE,UNRESOLVED_WATER_REVIEW,UNRESOLVED_REVIEW,,FALSE,REVIEW_REQUIRED,"No freshwater, tidal, or modeled-site spatial evidence"
90461,Water,Water,0.17525296514927535,FALSE,FALSE,FALSE,,FALSE,UNRESOLVED_WATER_REVIEW,UNRESOLVED_REVIEW,,FALSE,REVIEW_REQUIRED,"No freshwater, tidal, or modeled-site spatial evidence"
90462,Water,Water,0.05719597566112118,FALSE,TRUE,FALSE,,FALSE,Marine_open_water,Hard_marine_barrier,,TRUE,ASSIGNED,Within 30 ft of tidal wetland or eel grass
90463,Water,Water,0.026741208601808904,FALSE,TRUE,FALSE,,FALSE,Marine_open_water,Hard_marine_barrier,,TRUE,ASSIGNED,Within 30 ft of tidal wetland or eel grass
90464,Water,Water,0.3208531627626329,TRUE,FALSE,FALSE,,FALSE,Freshwater_open_water,Freshwater_wetland_riparian,1,FALSE,ASSIGNED,Within 30 ft of freshwater wetland or riparian forest
90465,Water,Water,3793.0132220656706,FALSE,TRUE,FALSE,,TRUE,Marine_open_water,Hard_marine_barrier,,TRUE,ASSIGNED,Within 30 ft of tidal wetland or eel grass
90466,Water,Water,0.541906435201578,TRUE,FALSE,FALSE,,FALSE,Freshwater_open_water,Freshwater_wetland_riparian,1,FALSE,ASSIGNED,Within 30 ft of freshwater wetland or riparian forest
90467,Water,Water,451.899983956582,TRUE,FALSE,FALSE,,FALSE,Freshwater_open_water,Freshwater_wetland_riparian,1,FALSE,ASSIGNED,Within 30 ft of freshwater wetland or riparian forest
90468,Water,Water,0.44051225654383463,TRUE,FALSE,FALSE,,FALSE,Freshwater_open_water,Freshwater_wetland_riparian,1,FALSE,ASSIGNED,Within 30 ft of freshwater wetland or riparian forest
90469,Water,Water,1.2938269722069933,TRUE,FALSE,FALSE,,FALSE,Freshwater_open_water,Freshwater_wetland_riparian,1,FALSE,ASSIGNED,Within 30 ft of freshwater wetland or riparian forest
90470,Water,Water,0.2504676242991034,TRUE,FALSE,FALSE,,FALSE,Freshwater_open_water,Freshwater_wetland_riparian,1,FALSE,ASSIGNED,Within 30 ft of freshwater wetland or riparian forest
90471,Water,Water,0.1370240058157061,TRUE,FALSE,TRUE,LS01;LS04,FALSE,Freshwater_open_water,Freshwater_wetland_riparian,1,FALSE,ASSIGNED,Within 250 ft of locked model site: LS01;LS04
90472,Water,Water,0.7597713291970557,TRUE,FALSE,FALSE,,FALSE,Freshwater_open_water,Freshwater_wetland_riparian,1,FALSE,ASSIGNED,Within 30 ft of freshwater wetland or riparian forest
90473,Water,Water,0.08021121348251826,FALSE,FALSE,FALSE,,FALSE,UNRESOLVED_WATER_REVIEW,UNRESOLVED_REVIEW,,FALSE,REVIEW_REQUIRED,"No freshwater, tidal, or modeled-site spatial evidence"
90474,Water,Water,4.41800514224862,TRUE,FALSE,TRUE,LS11,FALSE,Freshwater_open_water,Freshwater_wetland_riparian,1,FALSE,ASSIGNED,Within 250 ft of locked model site: LS11
90475,Water,Water,0.03990545266871223,FALSE,FALSE,FALSE,,FALSE,UNRESOLVED_WATER_REVIEW,UNRESOLVED_REVIEW,,FALSE,REVIEW_REQUIRED,"No freshwater, tidal, or modeled-site spatial evidence"
90476,Water,Water,611.1105007880774,FALSE,TRUE,FALSE,,FALSE,Marine_open_water,Hard_marine_barrier,,TRUE,ASSIGNED,Within 30 ft of tidal wetland or eel grass
90477,Water,Water,0.03654714489970659,FALSE,FALSE,FALSE,,FALSE,UNRESOLVED_WATER_REVIEW,UNRESOLVED_REVIEW,,FALSE,REVIEW_REQUIRED,"No freshwater, tidal, or modeled-site spatial evidence"
90478,Water,Water,0.2905525758217019,FALSE,FALSE,FALSE,,FALSE,UNRESOLVED_WATER_REVIEW,UNRESOLVED_REVIEW,,FALSE,REVIEW_REQUIRED,"No freshwater, tidal, or modeled-site spatial evidence"
90479,Water,Water,0.6256009877234628,FALSE,FALSE,FALSE,,FALSE,UNRESOLVED_WATER_REVIEW,UNRESOLVED_REVIEW,,FALSE,REVIEW_REQUIRED,"No freshwater, tidal, or modeled-site spatial evidence"
90480,Water,Water,109.17926890788344,FALSE,TRUE,FALSE,,FALSE,Marine_open_water,Hard_marine_barrier,,TRUE,ASSIGNED,Within 30 ft of tidal wetland or eel grass
90481,Water,Water,0.05486673629126038,FALSE,FALSE,FALSE,,FALSE,UNRESOLVED_WATER_REVIEW,UNRESOLVED_REVIEW,,FALSE,REVIEW_REQUIRED,"No freshwater, tidal, or modeled-site spatial evidence"
90482,Water,Water,0.43870879805726665,FALSE,FALSE,FALSE,,FALSE,UNRESOLVED_WATER_REVIEW,UNRESOLVED_REVIEW,,FALSE,REVIEW_REQUIRED,"No freshwater, tidal, or modeled-site spatial evidence"
90483,Water,Water,0.6388060048492552,TRUE,FALSE,FALSE,,FALSE,Freshwater_open_water,Freshwater_wetland_riparian,1,FALSE,ASSIGNED,Within 30 ft of freshwater wetland or riparian forest
90484,Water,Water,0.1901751197307415,FALSE,FALSE,FALSE,,FALSE,UNRESOLVED_WATER_REVIEW,UNRESOLVED_REVIEW,,FALSE,REVIEW_REQUIRED,"No freshwater, tidal, or modeled-site spatial evidence"
90485,Water,Water,683.2082035108488,FALSE,TRUE,FALSE,,FALSE,Marine_open_water,Hard_marine_barrier,,TRUE,ASSIGNED,Within 30 ft of tidal wetland or eel grass
90486,Water,Water,1911.4130653609097,FALSE,FALSE,FALSE,,TRUE,UNRESOLVED_WATER_REVIEW,UNRESOLVED_REVIEW,,FALSE,REVIEW_REQUIRED,"No freshwater, tidal, or modeled-site spatial evidence"
90487,Water,Water,0.1769971924503804,FALSE,FALSE,FALSE,,FALSE,UNRESOLVED_WATER_REVIEW,UNRESOLVED_REVIEW,,FALSE,REVIEW_REQUIRED,"No freshwater, tidal, or modeled-site spatial evidence"
90488,Water,Water,0.3222677732484646,FALSE,FALSE,FALSE,,FALSE,UNRESOLVED_WATER_REVIEW,UNRESOLVED_REVIEW,,FALSE,REVIEW_REQUIRED,"No freshwater, tidal, or modeled-site spatial evidence"
90489,Water,Water,0.11861242269076326,FALSE,TRUE,FALSE,,FALSE,Marine_open_water,Hard_marine_barrier,,TRUE,ASSIGNED,Within 30 ft of tidal wetland or eel grass
90490,Water,Water,2.430392660295178,FALSE,FALSE,FALSE,,FALSE,UNRESOLVED_WATER_REVIEW,UNRESOLVED_REVIEW,,FALSE,REVIEW_REQUIRED,"No freshwater, tidal, or modeled-site spatial evidence"
90491,Water,Water,1.7537197445659785,FALSE,FALSE,FALSE,,FALSE,UNRESOLVED_WATER_REVIEW,UNRESOLVED_REVIEW,,FALSE,REVIEW_REQUIRED,"No freshwater, tidal, or modeled-site spatial evidence"
90492,Water,Water,0.12392097714294681,FALSE,FALSE,FALSE,,FALSE,UNRESOLVED_WATER_REVIEW,UNRESOLVED_REVIEW,,FALSE,REVIEW_REQUIRED,"No freshwater, tidal, or modeled-site spatial evidence"
90493,Water,Water,0.6155633831715606,FALSE,FALSE,FALSE,,FALSE,UNRESOLVED_WATER_REVIEW,UNRESOLVED_REVIEW,,FALSE,REVIEW_REQUIRED,"No freshwater, tidal, or modeled-site spatial evidence"
90494,Water,Water,2.9269064991271168,FALSE,FALSE,FALSE,,FALSE,UNRESOLVED_WATER_REVIEW,UNRESOLVED_REVIEW,,FALSE,REVIEW_REQUIRED,"No freshwater, tidal, or modeled-site spatial evidence"
90495,Water,Water,0.021304089325234095,FALSE,TRUE,FALSE,,FALSE,Marine_open_water,Hard_marine_barrier,,TRUE,ASSIGNED,Within 30 ft of tidal wetland or eel grass
90496,Water,Water,0.35720821680156867,FALSE,FALSE,FALSE,,FALSE,UNRESOLVED_WATER_REVIEW,UNRESOLVED_REVIEW,,FALSE,REVIEW_REQUIRED,"No freshwater, tidal, or modeled-site spatial evidence"
90497,Water,Water,0.2234162291248595,FALSE,FALSE,FALSE,,FALSE,UNRESOLVED_WATER_REVIEW,UNRESOLVED_REVIEW,,FALSE,REVIEW_REQUIRED,"No freshwater, tidal, or modeled-site spatial evidence"
90498,Water,Water,0.023140599134637507,FALSE,FALSE,FALSE,,FALSE,UNRESOLVED_WATER_REVIEW,UNRESOLVED_REVIEW,,FALSE,REVIEW_REQUIRED,"No freshwater, tidal, or modeled-site spatial evidence"
90499,Water,Water,0.05404040630409259,FALSE,FALSE,FALSE,,FALSE,UNRESOLVED_WATER_REVIEW,UNRESOLVED_REVIEW,,FALSE,REVIEW_REQUIRED,"No freshwater, tidal, or modeled-site spatial evidence"
90500,Water,Water,0.051606772455727506,TRUE,FALSE,FALSE,,FALSE,Freshwater_open_water,Freshwater_wetland_riparian,1,FALSE,ASSIGNED,Within 30 ft of freshwater wetland or riparian forest
90501,Water,Water,0.03200170853631878,FALSE,FALSE,FALSE,,FALSE,UNRESOLVED_WATER_REVIEW,UNRESOLVED_REVIEW,,FALSE,REVIEW_REQUIRED,"No freshwater, tidal, or modeled-site spatial evidence"
90502,Water,Water,0.14554771935291194,FALSE,TRUE,FALSE,,FALSE,Marine_open_water,Hard_marine_barrier,,TRUE,ASSIGNED,Within 30 ft of tidal wetland or eel grass
90503,Water,Water,0.36318113317644407,FALSE,TRUE,FALSE,,FALSE,Marine_open_water,Hard_marine_barrier,,TRUE,ASSIGNED,Within 30 ft of tidal wetland or eel grass
90504,Water,Water,0.5281926040299039,FALSE,TRUE,FALSE,,FALSE,Marine_open_water,Hard_marine_barrier,,TRUE,ASSIGNED,Within 30 ft of tidal wetland or eel grass
90505,Water,Water,0.31019219169218665,FALSE,FALSE,FALSE,,FALSE,UNRESOLVED_WATER_REVIEW,UNRESOLVED_REVIEW,,FALSE,REVIEW_REQUIRED,"No freshwater, tidal, or modeled-site spatial evidence"
90506,Water,Water,1.12222137869699,FALSE,FALSE,FALSE,,FALSE,UNRESOLVED_WATER_REVIEW,UNRESOLVED_REVIEW,,FALSE,REVIEW_REQUIRED,"No freshwater, tidal, or modeled-site spatial evidence"
90507,Water,Water,0.6442600579487133,FALSE,FALSE,FALSE,,FALSE,UNRESOLVED_WATER_REVIEW,UNRESOLVED_REVIEW,,FALSE,REVIEW_REQUIRED,"No freshwater, tidal, or modeled-site spatial evidence"
90508,Water,Water,0.5631311242730324,FALSE,FALSE,FALSE,,FALSE,UNRESOLVED_WATER_REVIEW,UNRESOLVED_REVIEW,,FALSE,REVIEW_REQUIRED,"No freshwater, tidal, or modeled-site spatial evidence"
90509,Water,Water,2.573693163222476,FALSE,FALSE,FALSE,,FALSE,UNRESOLVED_WATER_REVIEW,UNRESOLVED_REVIEW,,FALSE,REVIEW_REQUIRED,"No freshwater, tidal, or modeled-site spatial evidence"
90510,Water,Water,5.093020496408255,TRUE,FALSE,FALSE,,FALSE,Freshwater_open_water,Freshwater_wetland_riparian,1,FALSE,ASSIGNED,Within 30 ft of freshwater wetland or riparian forest
90511,Water,Water,100.75789176048465,FALSE,FALSE,FALSE,,FALSE,UNRESOLVED_WATER_REVIEW,UNRESOLVED_REVIEW,,FALSE,REVIEW_REQUIRED,"No freshwater, tidal, or modeled-site spatial evidence"
90512,Water,Water,3.2869605695734623,FALSE,FALSE,FALSE,,FALSE,UNRESOLVED_WATER_REVIEW,UNRESOLVED_REVIEW,,FALSE,REVIEW_REQUIRED,"No freshwater, tidal, or modeled-site spatial evidence"
90513,Water,Water,10.309138788390966,FALSE,FALSE,FALSE,,FALSE,UNRESOLVED_WATER_REVIEW,UNRESOLVED_REVIEW,,FALSE,REVIEW_REQUIRED,"No freshwater, tidal, or modeled-site spatial evidence"
90514,Water,Water,0.5262887828721082,FALSE,TRUE,FALSE,,FALSE,Marine_open_water,Hard_marine_barrier,,TRUE,ASSIGNED,Within 30 ft of tidal wetland or eel grass
90515,Water,Water,0.23425103151068424,FALSE,FALSE,FALSE,,FALSE,UNRESOLVED_WATER_REVIEW,UNRESOLVED_REVIEW,,FALSE,REVIEW_REQUIRED,"No freshwater, tidal, or modeled-site spatial evidence"
90516,Water,Water,0.7842064428217427,FALSE,FALSE,FALSE,,FALSE,UNRESOLVED_WATER_REVIEW,UNRESOLVED_REVIEW,,FALSE,REVIEW_REQUIRED,"No freshwater, tidal, or modeled-site spatial evidence"
90517,Water,Water,0.6771809026131265,TRUE,FALSE,FALSE,,FALSE,Freshwater_open_water,Freshwater_wetland_riparian,1,FALSE,ASSIGNED,Within 30 ft of freshwater wetland or riparian forest
90518,Water,Water,0.2836550255437124,FALSE,FALSE,FALSE,,FALSE,UNRESOLVED_WATER_REVIEW,UNRESOLVED_REVIEW,,FALSE,REVIEW_REQUIRED,"No freshwater, tidal, or modeled-site spatial evidence"
90519,Water,Water,0.12359930397710951,FALSE,FALSE,FALSE,,FALSE,UNRESOLVED_WATER_REVIEW,UNRESOLVED_REVIEW,,FALSE,REVIEW_REQUIRED,"No freshwater, tidal, or modeled-site spatial evidence"
90520,Water,Water,0.03090658571825827,FALSE,TRUE,FALSE,,FALSE,Marine_open_water,Hard_marine_barrier,,TRUE,ASSIGNED,Within 30 ft of tidal wetland or eel grass
90521,Water,Water,0.41052585461628094,FALSE,TRUE,FALSE,,FALSE,Marine_open_water,Hard_marine_barrier,,TRUE,ASSIGNED,Within 30 ft of tidal wetland or eel grass
90522,Water,Water,0.616434803196859,FALSE,FALSE,FALSE,,FALSE,UNRESOLVED_WATER_REVIEW,UNRESOLVED_REVIEW,,FALSE,REVIEW_REQUIRED,"No freshwater, tidal, or modeled-site spatial evidence"
90523,Water,Water,0.051744512950779184,FALSE,FALSE,FALSE,,FALSE,UNRESOLVED_WATER_REVIEW,UNRESOLVED_REVIEW,,FALSE,REVIEW_REQUIRED,"No freshwater, tidal, or modeled-site spatial evidence"
90524,Water,Water,0.34132274883648855,FALSE,FALSE,FALSE,,FALSE,UNRESOLVED_WATER_REVIEW,UNRESOLVED_REVIEW,,FALSE,REVIEW_REQUIRED,"No freshwater, tidal, or modeled-site spatial evidence"
90525,Water,Water,0.16239739281361937,FALSE,FALSE,FALSE,,FALSE,UNRESOLVED_WATER_REVIEW,UNRESOLVED_REVIEW,,FALSE,REVIEW_REQUIRED,"No freshwater, tidal, or modeled-site spatial evidence"
90526,Water,Water,0.9406317743998717,FALSE,FALSE,FALSE,,FALSE,UNRESOLVED_WATER_REVIEW,UNRESOLVED_REVIEW,,FALSE,REVIEW_REQUIRED,"No freshwater, tidal, or modeled-site spatial evidence"
90527,Water,Water,0.19875980667432577,FALSE,FALSE,FALSE,,FALSE,UNRESOLVED_WATER_REVIEW,UNRESOLVED_REVIEW,,FALSE,REVIEW_REQUIRED,"No freshwater, tidal, or modeled-site spatial evidence"
90528,Water,Water,0.41055964198800726,FALSE,FALSE,FALSE,,FALSE,UNRESOLVED_WATER_REVIEW,UNRESOLVED_REVIEW,,FALSE,REVIEW_REQUIRED,"No freshwater, tidal, or modeled-site spatial evidence"
90529,Water,Water,0.32754745652091755,FALSE,FALSE,FALSE,,FALSE,UNRESOLVED_WATER_REVIEW,UNRESOLVED_REVIEW,,FALSE,REVIEW_REQUIRED,"No freshwater, tidal, or modeled-site spatial evidence"
90530,Water,Water,0.7720830799440654,FALSE,FALSE,FALSE,,FALSE,UNRESOLVED_WATER_REVIEW,UNRESOLVED_REVIEW,,FALSE,REVIEW_REQUIRED,"No freshwater, tidal, or modeled-site spatial evidence"
90531,Water,Water,0.029706176721192686,FALSE,FALSE,FALSE,,FALSE,UNRESOLVED_WATER_REVIEW,UNRESOLVED_REVIEW,,FALSE,REVIEW_REQUIRED,"No freshwater, tidal, or modeled-site spatial evidence"
90532,Water,Water,1.8953636550872675,FALSE,FALSE,FALSE,,FALSE,UNRESOLVED_WATER_REVIEW,UNRESOLVED_REVIEW,,FALSE,REVIEW_REQUIRED,"No freshwater, tidal, or modeled-site spatial evidence"
90533,Water,Water,0.05229547492072341,FALSE,FALSE,FALSE,,FALSE,UNRESOLVED_WATER_REVIEW,UNRESOLVED_REVIEW,,FALSE,REVIEW_REQUIRED,"No freshwater, tidal, or modeled-site spatial evidence"
90534,Water,Water,0.7042705145307274,FALSE,FALSE,FALSE,,FALSE,UNRESOLVED_WATER_REVIEW,UNRESOLVED_REVIEW,,FALSE,REVIEW_REQUIRED,"No freshwater, tidal, or modeled-site spatial evidence"
90535,Water,Water,3.1983070541307175,FALSE,TRUE,FALSE,,FALSE,Marine_open_water,Hard_marine_barrier,,TRUE,ASSIGNED,Within 30 ft of tidal wetland or eel grass
90536,Water,Water,0.47603275798856337,FALSE,FALSE,FALSE,,FALSE,UNRESOLVED_WATER_REVIEW,UNRESOLVED_REVIEW,,FALSE,REVIEW_REQUIRED,"No freshwater, tidal, or modeled-site spatial evidence"
90537,Water,Water,2.9363177495784467,FALSE,FALSE,FALSE,,FALSE,UNRESOLVED_WATER_REVIEW,UNRESOLVED_REVIEW,,FALSE,REVIEW_REQUIRED,"No freshwater, tidal, or modeled-site spatial evidence"
90538,Water,Water,0.49788742516308426,FALSE,FALSE,FALSE,,FALSE,UNRESOLVED_WATER_REVIEW,UNRESOLVED_REVIEW,,FALSE,REVIEW_REQUIRED,"No freshwater, tidal, or modeled-site spatial evidence"
90539,Water,Water,0.27938553710648745,FALSE,FALSE,FALSE,,FALSE,UNRESOLVED_WATER_REVIEW,UNRESOLVED_REVIEW,,FALSE,REVIEW_REQUIRED,"No freshwater, tidal, or modeled-site spatial evidence"
90540,Water,Water,0.06909392387607058,FALSE,FALSE,FALSE,,FALSE,UNRESOLVED_WATER_REVIEW,UNRESOLVED_REVIEW,,FALSE,REVIEW_REQUIRED,"No freshwater, tidal, or modeled-site spatial evidence"
90541,Water,Water,0.03368701184049866,FALSE,FALSE,FALSE,,FALSE,UNRESOLVED_WATER_REVIEW,UNRESOLVED_REVIEW,,FALSE,REVIEW_REQUIRED,"No freshwater, tidal, or modeled-site spatial evidence"
90542,Water,Water,0.7814040699746417,FALSE,FALSE,FALSE,,FALSE,UNRESOLVED_WATER_REVIEW,UNRESOLVED_REVIEW,,FALSE,REVIEW_REQUIRED,"No freshwater, tidal, or modeled-site spatial evidence"
90543,Water,Water,0.45123905449589763,FALSE,FALSE,FALSE,,FALSE,UNRESOLVED_WATER_REVIEW,UNRESOLVED_REVIEW,,FALSE,REVIEW_REQUIRED,"No freshwater, tidal, or modeled-site spatial evidence"
90544,Water,Water,0.25886094542255605,FALSE,FALSE,FALSE,,FALSE,UNRESOLVED_WATER_REVIEW,UNRESOLVED_REVIEW,,FALSE,REVIEW_REQUIRED,"No freshwater, tidal, or modeled-site spatial evidence"
90545,Water,Water,0.13239843396568007,FALSE,TRUE,FALSE,,FALSE,Marine_open_water,Hard_marine_barrier,,TRUE,ASSIGNED,Within 30 ft of tidal wetland or eel grass
90546,Water,Water,0.9907265346125169,FALSE,FALSE,FALSE,,FALSE,UNRESOLVED_WATER_REVIEW,UNRESOLVED_REVIEW,,FALSE,REVIEW_REQUIRED,"No freshwater, tidal, or modeled-site spatial evidence"
90547,Water,Water,0.15592294177860708,FALSE,FALSE,FALSE,,FALSE,UNRESOLVED_WATER_REVIEW,UNRESOLVED_REVIEW,,FALSE,REVIEW_REQUIRED,"No freshwater, tidal, or modeled-site spatial evidence"
90548,Water,Water,0.5559690553599539,FALSE,FALSE,FALSE,,FALSE,UNRESOLVED_WATER_REVIEW,UNRESOLVED_REVIEW,,FALSE,REVIEW_REQUIRED,"No freshwater, tidal, or modeled-site spatial evidence"
90549,Water,Water,0.19104732559831505,FALSE,FALSE,FALSE,,FALSE,UNRESOLVED_WATER_REVIEW,UNRESOLVED_REVIEW,,FALSE,REVIEW_REQUIRED,"No freshwater, tidal, or modeled-site spatial evidence"
90550,Water,Water,0.010406954242052175,FALSE,TRUE,FALSE,,FALSE,Marine_open_water,Hard_marine_barrier,,TRUE,ASSIGNED,Within 30 ft of tidal wetland or eel grass
90551,Water,Water,4.289530376606337,FALSE,FALSE,FALSE,,FALSE,UNRESOLVED_WATER_REVIEW,UNRESOLVED_REVIEW,,FALSE,REVIEW_REQUIRED,"No freshwater, tidal, or modeled-site spatial evidence"
90552,Water,Water,1.911294727795922,FALSE,FALSE,FALSE,,FALSE,UNRESOLVED_WATER_REVIEW,UNRESOLVED_REVIEW,,FALSE,REVIEW_REQUIRED,"No freshwater, tidal, or modeled-site spatial evidence"
90553,Water,Water,2.320977320769892,FALSE,FALSE,FALSE,,FALSE,UNRESOLVED_WATER_REVIEW,UNRESOLVED_REVIEW,,FALSE,REVIEW_REQUIRED,"No freshwater, tidal, or modeled-site spatial evidence"
90554,Water,Water,0.35041233360380897,FALSE,FALSE,FALSE,,FALSE,UNRESOLVED_WATER_REVIEW,UNRESOLVED_REVIEW,,FALSE,REVIEW_REQUIRED,"No freshwater, tidal, or modeled-site spatial evidence"
90555,Water,Water,0.628604187648106,FALSE,FALSE,FALSE,,FALSE,UNRESOLVED_WATER_REVIEW,UNRESOLVED_REVIEW,,FALSE,REVIEW_REQUIRED,"No freshwater, tidal, or modeled-site spatial evidence"
90556,Water,Water,0.15335210219137138,FALSE,FALSE,FALSE,,FALSE,UNRESOLVED_WATER_REVIEW,UNRESOLVED_REVIEW,,FALSE,REVIEW_REQUIRED,"No freshwater, tidal, or modeled-site spatial evidence"
90557,Water,Water,0.46937482611347026,FALSE,FALSE,FALSE,,FALSE,UNRESOLVED_WATER_REVIEW,UNRESOLVED_REVIEW,,FALSE,REVIEW_REQUIRED,"No freshwater, tidal, or modeled-site spatial evidence"
90558,Water,Water,0.9457306657528453,FALSE,FALSE,FALSE,,FALSE,UNRESOLVED_WATER_REVIEW,UNRESOLVED_REVIEW,,FALSE,REVIEW_REQUIRED,"No freshwater, tidal, or modeled-site spatial evidence"
90559,Water,Water,0.1438935900593384,FALSE,FALSE,FALSE,,FALSE,UNRESOLVED_WATER_REVIEW,UNRESOLVED_REVIEW,,FALSE,REVIEW_REQUIRED,"No freshwater, tidal, or modeled-site spatial evidence"
90560,Water,Water,0.24398520535945767,FALSE,FALSE,FALSE,,FALSE,UNRESOLVED_WATER_REVIEW,UNRESOLVED_REVIEW,,FALSE,REVIEW_REQUIRED,"No freshwater, tidal, or modeled-site spatial evidence"
90561,Water,Water,0.6070252122791209,FALSE,FALSE,FALSE,,FALSE,UNRESOLVED_WATER_REVIEW,UNRESOLVED_REVIEW,,FALSE,REVIEW_REQUIRED,"No freshwater, tidal, or modeled-site spatial evidence"
90562,Water,Water,0.2587239656551012,FALSE,FALSE,FALSE,,FALSE,UNRESOLVED_WATER_REVIEW,UNRESOLVED_REVIEW,,FALSE,REVIEW_REQUIRED,"No freshwater, tidal, or modeled-site spatial evidence"
90563,Water,Water,1.621900627860135,FALSE,FALSE,FALSE,,FALSE,UNRESOLVED_WATER_REVIEW,UNRESOLVED_REVIEW,,FALSE,REVIEW_REQUIRED,"No freshwater, tidal, or modeled-site spatial evidence"
90564,Water,Water,0.14288333494102506,TRUE,FALSE,FALSE,,FALSE,Freshwater_open_water,Freshwater_wetland_riparian,1,FALSE,ASSIGNED,Within 30 ft of freshwater wetland or riparian forest
90565,Water,Water,0.10114774627399885,FALSE,FALSE,FALSE,,FALSE,UNRESOLVED_WATER_REVIEW,UNRESOLVED_REVIEW,,FALSE,REVIEW_REQUIRED,"No freshwater, tidal, or modeled-site spatial evidence"
90566,Water,Water,0.1283291023575625,FALSE,FALSE,FALSE,,FALSE,UNRESOLVED_WATER_REVIEW,UNRESOLVED_REVIEW,,FALSE,REVIEW_REQUIRED,"No freshwater, tidal, or modeled-site spatial evidence"
90567,Water,Water,0.4541324032359094,TRUE,FALSE,FALSE,,FALSE,Freshwater_open_water,Freshwater_wetland_riparian,1,FALSE,ASSIGNED,Within 30 ft of freshwater wetland or riparian forest
90568,Water,Water,0.2750225722502526,FALSE,FALSE,FALSE,,FALSE,UNRESOLVED_WATER_REVIEW,UNRESOLVED_REVIEW,,FALSE,REVIEW_REQUIRED,"No freshwater, tidal, or modeled-site spatial evidence"
90569,Water,Water,0.0752989813032626,FALSE,FALSE,FALSE,,FALSE,UNRESOLVED_WATER_REVIEW,UNRESOLVED_REVIEW,,FALSE,REVIEW_REQUIRED,"No freshwater, tidal, or modeled-site spatial evidence"
90570,Water,Water,0.34976978568474343,FALSE,FALSE,FALSE,,FALSE,UNRESOLVED_WATER_REVIEW,UNRESOLVED_REVIEW,,FALSE,REVIEW_REQUIRED,"No freshwater, tidal, or modeled-site spatial evidence"
90571,Water,Water,0.37722748138876666,FALSE,FALSE,FALSE,,FALSE,UNRESOLVED_WATER_REVIEW,UNRESOLVED_REVIEW,,FALSE,REVIEW_REQUIRED,"No freshwater, tidal, or modeled-site spatial evidence"
90572,Water,Water,0.02807535600133995,TRUE,FALSE,FALSE,,FALSE,Freshwater_open_water,Freshwater_wetland_riparian,1,FALSE,ASSIGNED,Within 30 ft of freshwater wetland or riparian forest
90573,Water,Water,0.026867066610760527,TRUE,FALSE,FALSE,,FALSE,Freshwater_open_water,Freshwater_wetland_riparian,1,FALSE,ASSIGNED,Within 30 ft of freshwater wetland or riparian forest
90574,Water,Water,0.06746677802319465,TRUE,FALSE,FALSE,,FALSE,Freshwater_open_water,Freshwater_wetland_riparian,1,FALSE,ASSIGNED,Within 30 ft of freshwater wetland or riparian forest
90575,Water,Water,0.02136506870403377,FALSE,TRUE,FALSE,,FALSE,Marine_open_water,Hard_marine_barrier,,TRUE,ASSIGNED,Within 30 ft of tidal wetland or eel grass
90576,Water,Water,0.02017036548879382,FALSE,TRUE,FALSE,,FALSE,Marine_open_water,Hard_marine_barrier,,TRUE,ASSIGNED,Within 30 ft of tidal wetland or eel grass
90577,Water,Water,0.015169724281748499,FALSE,TRUE,FALSE,,FALSE,Marine_open_water,Hard_marine_barrier,,TRUE,ASSIGNED,Within 30 ft of tidal wetland or eel grass
90578,Water,Water,0.09316613559238739,FALSE,TRUE,FALSE,,FALSE,Marine_open_water,Hard_marine_barrier,,TRUE,ASSIGNED,Within 30 ft of tidal wetland or eel grass
90579,Water,Water,0.06318317255555449,FALSE,TRUE,FALSE,,FALSE,Marine_open_water,Hard_marine_barrier,,TRUE,ASSIGNED,Within 30 ft of tidal wetland or eel grass
90580,Water,Water,0.024533632698342044,FALSE,TRUE,FALSE,,FALSE,Marine_open_water,Hard_marine_barrier,,TRUE,ASSIGNED,Within 30 ft of tidal wetland or eel grass
90581,Water,Water,0.08316205801975084,FALSE,TRUE,FALSE,,FALSE,Marine_open_water,Hard_marine_barrier,,TRUE,ASSIGNED,Within 30 ft of tidal wetland or eel grass
90582,Water,Water,0.12332950250760284,TRUE,TRUE,FALSE,,FALSE,Estuarine_transition_water,Tidal_saline_matrix,25,FALSE,ASSIGNED,Within 30 ft of both freshwater and tidal anchors
90583,Water,Water,0.0963333995598307,FALSE,TRUE,FALSE,,FALSE,Marine_open_water,Hard_marine_barrier,,TRUE,ASSIGNED,Within 30 ft of tidal wetland or eel grass
90584,Water,Water,1.2757387303967251,TRUE,TRUE,FALSE,,FALSE,Estuarine_transition_water,Tidal_saline_matrix,25,FALSE,ASSIGNED,Within 30 ft of both freshwater and tidal anchors
90585,Water,Water,0.02057897497544823,FALSE,TRUE,FALSE,,FALSE,Marine_open_water,Hard_marine_barrier,,TRUE,ASSIGNED,Within 30 ft of tidal wetland or eel grass
90586,Water,Water,0.017341693623729955,FALSE,TRUE,FALSE,,FALSE,Marine_open_water,Hard_marine_barrier,,TRUE,ASSIGNED,Within 30 ft of tidal wetland or eel grass
90587,Water,Water,0.042638484002388295,TRUE,TRUE,FALSE,,FALSE,Estuarine_transition_water,Tidal_saline_matrix,25,FALSE,ASSIGNED,Within 30 ft of both freshwater and tidal anchors
90588,Water,Water,0.025350654710299927,FALSE,TRUE,FALSE,,FALSE,Marine_open_water,Hard_marine_barrier,,TRUE,ASSIGNED,Within 30 ft of tidal wetland or eel grass
90589,Water,Water,0.01810700775449315,FALSE,TRUE,FALSE,,FALSE,Marine_open_water,Hard_marine_barrier,,TRUE,ASSIGNED,Within 30 ft of tidal wetland or eel grass
90590,Water,Water,0.0181649921361981,FALSE,TRUE,FALSE,,FALSE,Marine_open_water,Hard_marine_barrier,,TRUE,ASSIGNED,Within 30 ft of tidal wetland or eel grass
90591,Water,Water,0.1323384102750502,FALSE,TRUE,FALSE,,FALSE,Marine_open_water,Hard_marine_barrier,,TRUE,ASSIGNED,Within 30 ft of tidal wetland or eel grass
90592,Water,Water,0.01876208244309718,FALSE,TRUE,FALSE,,FALSE,Marine_open_water,Hard_marine_barrier,,TRUE,ASSIGNED,Within 30 ft of tidal wetland or eel grass
90593,Water,Water,0.01782027464549976,FALSE,TRUE,FALSE,,FALSE,Marine_open_water,Hard_marine_barrier,,TRUE,ASSIGNED,Within 30 ft of tidal wetland or eel grass
90594,Water,Water,0.10980393507187566,FALSE,TRUE,FALSE,,FALSE,Marine_open_water,Hard_marine_barrier,,TRUE,ASSIGNED,Within 30 ft of tidal wetland or eel grass
90595,Water,Water,0.06938756310319737,FALSE,TRUE,FALSE,,FALSE,Marine_open_water,Hard_marine_barrier,,TRUE,ASSIGNED,Within 30 ft of tidal wetland or eel grass
90596,Water,Water,0.09562274363805155,FALSE,TRUE,FALSE,,FALSE,Marine_open_water,Hard_marine_barrier,,TRUE,ASSIGNED,Within 30 ft of tidal wetland or eel grass
90597,Water,Water,0.04579718294641188,FALSE,TRUE,FALSE,,FALSE,Marine_open_water,Hard_marine_barrier,,TRUE,ASSIGNED,Within 30 ft of tidal wetland or eel grass
90598,Water,Water,0.1486539685827401,FALSE,TRUE,FALSE,,FALSE,Marine_open_water,Hard_marine_barrier,,TRUE,ASSIGNED,Within 30 ft of tidal wetland or eel grass
90599,Water,Water,0.03604007078451128,FALSE,TRUE,FALSE,,FALSE,Marine_open_water,Hard_marine_barrier,,TRUE,ASSIGNED,Within 30 ft of tidal wetland or eel grass
90600,Water,Water,0.018353754711216662,FALSE,TRUE,FALSE,,FALSE,Marine_open_water,Hard_marine_barrier,,TRUE,ASSIGNED,Within 30 ft of tidal wetland or eel grass
90601,Water,Water,0.022737360611848983,FALSE,TRUE,FALSE,,FALSE,Marine_open_water,Hard_marine_barrier,,TRUE,ASSIGNED,Within 30 ft of tidal wetland or eel grass
90602,Water,Water,0.1540652606370516,FALSE,TRUE,FALSE,,FALSE,Marine_open_water,Hard_marine_barrier,,TRUE,ASSIGNED,Within 30 ft of tidal wetland or eel grass
90603,Water,Water,0.018337928917826908,FALSE,TRUE,FALSE,,FALSE,Marine_open_water,Hard_marine_barrier,,TRUE,ASSIGNED,Within 30 ft of tidal wetland or eel grass
90604,Water,Water,0.016514252681189227,FALSE,TRUE,FALSE,,FALSE,Marine_open_water,Hard_marine_barrier,,TRUE,ASSIGNED,Within 30 ft of tidal wetland or eel grass
90605,Water,Water,0.06156477252809116,FALSE,TRUE,FALSE,,FALSE,Marine_open_water,Hard_marine_barrier,,TRUE,ASSIGNED,Within 30 ft of tidal wetland or eel grass
90606,Water,Water,0.04260908373463137,FALSE,TRUE,FALSE,,FALSE,Marine_open_water,Hard_marine_barrier,,TRUE,ASSIGNED,Within 30 ft of tidal wetland or eel grass
90607,Water,Water,0.012514771533577234,FALSE,TRUE,FALSE,,FALSE,Marine_open_water,Hard_marine_barrier,,TRUE,ASSIGNED,Within 30 ft of tidal wetland or eel grass
90608,Water,Water,0.02864406423029043,FALSE,TRUE,FALSE,,FALSE,Marine_open_water,Hard_marine_barrier,,TRUE,ASSIGNED,Within 30 ft of tidal wetland or eel grass
90609,Water,Water,0.010355489786081857,FALSE,TRUE,FALSE,,FALSE,Marine_open_water,Hard_marine_barrier,,TRUE,ASSIGNED,Within 30 ft of tidal wetland or eel grass
90610,Water,Water,0.011891596142123616,FALSE,TRUE,FALSE,,FALSE,Marine_open_water,Hard_marine_barrier,,TRUE,ASSIGNED,Within 30 ft of tidal wetland or eel grass
90611,Water,Water,0.012419649390986517,FALSE,TRUE,FALSE,,FALSE,Marine_open_water,Hard_marine_barrier,,TRUE,ASSIGNED,Within 30 ft of tidal wetland or eel grass
90612,Water,Water,0.02732002899868291,FALSE,TRUE,FALSE,,TRUE,Marine_open_water,Hard_marine_barrier,,TRUE,ASSIGNED,Within 30 ft of tidal wetland or eel grass
90613,Water,Water,0.18812739869462752,FALSE,TRUE,FALSE,,FALSE,Marine_open_water,Hard_marine_barrier,,TRUE,ASSIGNED,Within 30 ft of tidal wetland or eel grass
90614,Water,Water,0.02703395481535733,FALSE,TRUE,FALSE,,FALSE,Marine_open_water,Hard_marine_barrier,,TRUE,ASSIGNED,Within 30 ft of tidal wetland or eel grass
90615,Water,Water,0.1825874100638671,FALSE,TRUE,FALSE,,TRUE,Marine_open_water,Hard_marine_barrier,,TRUE,ASSIGNED,Within 30 ft of tidal wetland or eel grass
90616,Water,Water,0.02628547795318984,FALSE,TRUE,FALSE,,FALSE,Marine_open_water,Hard_marine_barrier,,TRUE,ASSIGNED,Within 30 ft of tidal wetland or eel grass
90617,Water,Water,0.022770549232498372,FALSE,TRUE,FALSE,,FALSE,Marine_open_water,Hard_marine_barrier,,TRUE,ASSIGNED,Within 30 ft of tidal wetland or eel grass
90618,Water,Water,0.0784208687107862,FALSE,TRUE,FALSE,,FALSE,Marine_open_water,Hard_marine_barrier,,TRUE,ASSIGNED,Within 30 ft of tidal wetland or eel grass
90619,Water,Water,0.48282005820341833,FALSE,TRUE,FALSE,,FALSE,Marine_open_water,Hard_marine_barrier,,TRUE,ASSIGNED,Within 30 ft of tidal wetland or eel grass
90620,Water,Water,0.030371267191119617,FALSE,TRUE,FALSE,,FALSE,Marine_open_water,Hard_marine_barrier,,TRUE,ASSIGNED,Within 30 ft of tidal wetland or eel grass
90621,Water,Water,0.3627213525023215,FALSE,TRUE,FALSE,,FALSE,Marine_open_water,Hard_marine_barrier,,TRUE,ASSIGNED,Within 30 ft of tidal wetland or eel grass
90622,Water,Water,0.10333031106980639,FALSE,TRUE,FALSE,,FALSE,Marine_open_water,Hard_marine_barrier,,TRUE,ASSIGNED,Within 30 ft of tidal wetland or eel grass
90623,Water,Water,0.2726261639073406,FALSE,TRUE,FALSE,,FALSE,Marine_open_water,Hard_marine_barrier,,TRUE,ASSIGNED,Within 30 ft of tidal wetland or eel grass
90624,Water,Water,0.010401799870653369,FALSE,TRUE,FALSE,,FALSE,Marine_open_water,Hard_marine_barrier,,TRUE,ASSIGNED,Within 30 ft of tidal wetland or eel grass
90625,Water,Water,0.010484238590542873,FALSE,TRUE,FALSE,,FALSE,Marine_open_water,Hard_marine_barrier,,TRUE,ASSIGNED,Within 30 ft of tidal wetland or eel grass
90626,Water,Water,0.029633315180913992,FALSE,TRUE,FALSE,,FALSE,Marine_open_water,Hard_marine_barrier,,TRUE,ASSIGNED,Within 30 ft of tidal wetland or eel grass
90627,Water,Water,0.2791911802175059,FALSE,TRUE,FALSE,,FALSE,Marine_open_water,Hard_marine_barrier,,TRUE,ASSIGNED,Within 30 ft of tidal wetland or eel grass
90628,Water,Water,0.016664176994928333,FALSE,TRUE,FALSE,,FALSE,Marine_open_water,Hard_marine_barrier,,TRUE,ASSIGNED,Within 30 ft of tidal wetland or eel grass
90629,Water,Water,0.024724486794823454,FALSE,TRUE,FALSE,,FALSE,Marine_open_water,Hard_marine_barrier,,TRUE,ASSIGNED,Within 30 ft of tidal wetland or eel grass
90630,Water,Water,0.012875557626622024,FALSE,TRUE,FALSE,,FALSE,Marine_open_water,Hard_marine_barrier,,TRUE,ASSIGNED,Within 30 ft of tidal wetland or eel grass
90631,Water,Water,0.5974565311317092,FALSE,TRUE,FALSE,,FALSE,Marine_open_water,Hard_marine_barrier,,TRUE,ASSIGNED,Within 30 ft of tidal wetland or eel grass
90632,Water,Water,0.0316577263604772,FALSE,TRUE,FALSE,,FALSE,Marine_open_water,Hard_marine_barrier,,TRUE,ASSIGNED,Within 30 ft of tidal wetland or eel grass
90633,Water,Water,0.028673010015071394,FALSE,TRUE,FALSE,,FALSE,Marine_open_water,Hard_marine_barrier,,TRUE,ASSIGNED,Within 30 ft of tidal wetland or eel grass
90634,Water,Water,0.017998121587504596,FALSE,TRUE,FALSE,,FALSE,Marine_open_water,Hard_marine_barrier,,TRUE,ASSIGNED,Within 30 ft of tidal wetland or eel grass
90635,Water,Water,0.017194755873910585,FALSE,TRUE,FALSE,,FALSE,Marine_open_water,Hard_marine_barrier,,TRUE,ASSIGNED,Within 30 ft of tidal wetland or eel grass
90636,Water,Water,0.013131350987181318,FALSE,TRUE,FALSE,,FALSE,Marine_open_water,Hard_marine_barrier,,TRUE,ASSIGNED,Within 30 ft of tidal wetland or eel grass
90637,Water,Water,0.023728649310759315,FALSE,TRUE,FALSE,,FALSE,Marine_open_water,Hard_marine_barrier,,TRUE,ASSIGNED,Within 30 ft of tidal wetland or eel grass
90638,Water,Water,0.018824572092532778,FALSE,TRUE,FALSE,,FALSE,Marine_open_water,Hard_marine_barrier,,TRUE,ASSIGNED,Within 30 ft of tidal wetland or eel grass
90639,Water,Water,0.014956047991525662,FALSE,TRUE,FALSE,,FALSE,Marine_open_water,Hard_marine_barrier,,TRUE,ASSIGNED,Within 30 ft of tidal wetland or eel grass
90640,Water,Water,0.017525178074086892,FALSE,FALSE,FALSE,,FALSE,UNRESOLVED_WATER_REVIEW,UNRESOLVED_REVIEW,,FALSE,REVIEW_REQUIRED,"No freshwater, tidal, or modeled-site spatial evidence"
90641,Water,Water,0.012545299901935472,FALSE,FALSE,FALSE,,FALSE,UNRESOLVED_WATER_REVIEW,UNRESOLVED_REVIEW,,FALSE,REVIEW_REQUIRED,"No freshwater, tidal, or modeled-site spatial evidence"
90642,Water,Water,0.019559323644772236,FALSE,TRUE,FALSE,,FALSE,Marine_open_water,Hard_marine_barrier,,TRUE,ASSIGNED,Within 30 ft of tidal wetland or eel grass
90643,Water,Water,0.01200638365387671,FALSE,TRUE,FALSE,,FALSE,Marine_open_water,Hard_marine_barrier,,TRUE,ASSIGNED,Within 30 ft of tidal wetland or eel grass
90644,Water,Water,0.11232853810623505,FALSE,FALSE,FALSE,,FALSE,UNRESOLVED_WATER_REVIEW,UNRESOLVED_REVIEW,,FALSE,REVIEW_REQUIRED,"No freshwater, tidal, or modeled-site spatial evidence"
90645,Water,Water,0.00994639893396972,FALSE,TRUE,FALSE,,FALSE,Marine_open_water,Hard_marine_barrier,,TRUE,ASSIGNED,Within 30 ft of tidal wetland or eel grass
90646,Water,Water,0.05955017299912478,FALSE,TRUE,FALSE,,FALSE,Marine_open_water,Hard_marine_barrier,,TRUE,ASSIGNED,Within 30 ft of tidal wetland or eel grass
90647,Water,Water,0.04983910275617481,FALSE,TRUE,FALSE,,FALSE,Marine_open_water,Hard_marine_barrier,,TRUE,ASSIGNED,Within 30 ft of tidal wetland or eel grass
90648,Water,Water,0.009461550248506721,FALSE,TRUE,FALSE,,FALSE,Marine_open_water,Hard_marine_barrier,,TRUE,ASSIGNED,Within 30 ft of tidal wetland or eel grass
90649,Water,Water,0.5838881247610211,FALSE,TRUE,FALSE,,FALSE,Marine_open_water,Hard_marine_barrier,,TRUE,ASSIGNED,Within 30 ft of tidal wetland or eel grass
90650,Water,Water,0.23161681930356715,FALSE,FALSE,FALSE,,FALSE,UNRESOLVED_WATER_REVIEW,UNRESOLVED_REVIEW,,FALSE,REVIEW_REQUIRED,"No freshwater, tidal, or modeled-site spatial evidence"
90651,Water,Water,0.03718775918971664,FALSE,TRUE,FALSE,,FALSE,Marine_open_water,Hard_marine_barrier,,TRUE,ASSIGNED,Within 30 ft of tidal wetland or eel grass
90652,Water,Water,0.017771142046736323,FALSE,FALSE,FALSE,,FALSE,UNRESOLVED_WATER_REVIEW,UNRESOLVED_REVIEW,,FALSE,REVIEW_REQUIRED,"No freshwater, tidal, or modeled-site spatial evidence"
90653,Water,Water,0.0230111156133403,FALSE,TRUE,FALSE,,FALSE,Marine_open_water,Hard_marine_barrier,,TRUE,ASSIGNED,Within 30 ft of tidal wetland or eel grass
90654,Water,Water,0.39064435143755327,FALSE,TRUE,FALSE,,FALSE,Marine_open_water,Hard_marine_barrier,,TRUE,ASSIGNED,Within 30 ft of tidal wetland or eel grass
90655,Water,Water,0.03469736434321692,FALSE,TRUE,FALSE,,FALSE,Marine_open_water,Hard_marine_barrier,,TRUE,ASSIGNED,Within 30 ft of tidal wetland or eel grass
90656,Water,Water,0.044054193980784404,FALSE,TRUE,FALSE,,FALSE,Marine_open_water,Hard_marine_barrier,,TRUE,ASSIGNED,Within 30 ft of tidal wetland or eel grass
90657,Water,Water,0.05560810017988178,FALSE,FALSE,FALSE,,FALSE,UNRESOLVED_WATER_REVIEW,UNRESOLVED_REVIEW,,FALSE,REVIEW_REQUIRED,"No freshwater, tidal, or modeled-site spatial evidence"
90658,Water,Water,0.015624164933325956,FALSE,FALSE,FALSE,,FALSE,UNRESOLVED_WATER_REVIEW,UNRESOLVED_REVIEW,,FALSE,REVIEW_REQUIRED,"No freshwater, tidal, or modeled-site spatial evidence"
90659,Water,Water,0.01779204231006767,FALSE,TRUE,FALSE,,FALSE,Marine_open_water,Hard_marine_barrier,,TRUE,ASSIGNED,Within 30 ft of tidal wetland or eel grass
90660,Water,Water,0.01080383342029193,FALSE,FALSE,FALSE,,FALSE,UNRESOLVED_WATER_REVIEW,UNRESOLVED_REVIEW,,FALSE,REVIEW_REQUIRED,"No freshwater, tidal, or modeled-site spatial evidence"
90661,Water,Water,0.033826354201474174,FALSE,FALSE,FALSE,,FALSE,UNRESOLVED_WATER_REVIEW,UNRESOLVED_REVIEW,,FALSE,REVIEW_REQUIRED,"No freshwater, tidal, or modeled-site spatial evidence"
90662,Water,Water,0.03993940306127963,FALSE,TRUE,FALSE,,FALSE,Marine_open_water,Hard_marine_barrier,,TRUE,ASSIGNED,Within 30 ft of tidal wetland or eel grass
90663,Water,Water,0.020864108921730885,FALSE,TRUE,FALSE,,FALSE,Marine_open_water,Hard_marine_barrier,,TRUE,ASSIGNED,Within 30 ft of tidal wetland or eel grass
90664,Water,Water,0.017276713516905528,FALSE,TRUE,FALSE,,FALSE,Marine_open_water,Hard_marine_barrier,,TRUE,ASSIGNED,Within 30 ft of tidal wetland or eel grass
90665,Water,Water,0.44045362456736464,FALSE,TRUE,FALSE,,FALSE,Marine_open_water,Hard_marine_barrier,,TRUE,ASSIGNED,Within 30 ft of tidal wetland or eel grass
90666,Water,Water,0.025069571565263515,FALSE,TRUE,FALSE,,FALSE,Marine_open_water,Hard_marine_barrier,,TRUE,ASSIGNED,Within 30 ft of tidal wetland or eel grass
90667,Water,Water,0.014325071817852404,FALSE,FALSE,FALSE,,FALSE,UNRESOLVED_WATER_REVIEW,UNRESOLVED_REVIEW,,FALSE,REVIEW_REQUIRED,"No freshwater, tidal, or modeled-site spatial evidence"
90668,Water,Water,0.04967852601755016,FALSE,FALSE,FALSE,,FALSE,UNRESOLVED_WATER_REVIEW,UNRESOLVED_REVIEW,,FALSE,REVIEW_REQUIRED,"No freshwater, tidal, or modeled-site spatial evidence"
90669,Water,Water,0.0900167393478534,FALSE,TRUE,FALSE,,FALSE,Marine_open_water,Hard_marine_barrier,,TRUE,ASSIGNED,Within 30 ft of tidal wetland or eel grass
90670,Water,Water,0.07982996416297976,FALSE,FALSE,FALSE,,FALSE,UNRESOLVED_WATER_REVIEW,UNRESOLVED_REVIEW,,FALSE,REVIEW_REQUIRED,"No freshwater, tidal, or modeled-site spatial evidence"
90671,Water,Water,0.011054185085514305,FALSE,TRUE,FALSE,,FALSE,Marine_open_water,Hard_marine_barrier,,TRUE,ASSIGNED,Within 30 ft of tidal wetland or eel grass
90672,Water,Water,0.0118456977116129,FALSE,FALSE,FALSE,,FALSE,UNRESOLVED_WATER_REVIEW,UNRESOLVED_REVIEW,,FALSE,REVIEW_REQUIRED,"No freshwater, tidal, or modeled-site spatial evidence"
90673,Water,Water,0.073920883414141,FALSE,FALSE,FALSE,,FALSE,UNRESOLVED_WATER_REVIEW,UNRESOLVED_REVIEW,,FALSE,REVIEW_REQUIRED,"No freshwater, tidal, or modeled-site spatial evidence"
90674,Water,Water,0.03306966386958474,FALSE,TRUE,FALSE,,FALSE,Marine_open_water,Hard_marine_barrier,,TRUE,ASSIGNED,Within 30 ft of tidal wetland or eel grass
90675,Water,Water,0.02626900701453945,FALSE,TRUE,FALSE,,FALSE,Marine_open_water,Hard_marine_barrier,,TRUE,ASSIGNED,Within 30 ft of tidal wetland or eel grass
90676,Water,Water,0.07107461571820264,FALSE,TRUE,FALSE,,FALSE,Marine_open_water,Hard_marine_barrier,,TRUE,ASSIGNED,Within 30 ft of tidal wetland or eel grass
90677,Water,Water,0.03480243194858801,FALSE,FALSE,FALSE,,FALSE,UNRESOLVED_WATER_REVIEW,UNRESOLVED_REVIEW,,FALSE,REVIEW_REQUIRED,"No freshwater, tidal, or modeled-site spatial evidence"
90678,Water,Water,0.015299660067903101,FALSE,TRUE,FALSE,,FALSE,Marine_open_water,Hard_marine_barrier,,TRUE,ASSIGNED,Within 30 ft of tidal wetland or eel grass
90679,Water,Water,0.01812253196668562,FALSE,FALSE,FALSE,,FALSE,UNRESOLVED_WATER_REVIEW,UNRESOLVED_REVIEW,,FALSE,REVIEW_REQUIRED,"No freshwater, tidal, or modeled-site spatial evidence"
90680,Water,Water,0.015059763118345358,FALSE,FALSE,FALSE,,FALSE,UNRESOLVED_WATER_REVIEW,UNRESOLVED_REVIEW,,FALSE,REVIEW_REQUIRED,"No freshwater, tidal, or modeled-site spatial evidence"
90681,Water,Water,0.01848087259617697,FALSE,TRUE,FALSE,,FALSE,Marine_open_water,Hard_marine_barrier,,TRUE,ASSIGNED,Within 30 ft of tidal wetland or eel grass
90682,Water,Water,0.011748164870398332,FALSE,TRUE,FALSE,,FALSE,Marine_open_water,Hard_marine_barrier,,TRUE,ASSIGNED,Within 30 ft of tidal wetland or eel grass
90683,Water,Water,0.0283141712808601,FALSE,TRUE,FALSE,,FALSE,Marine_open_water,Hard_marine_barrier,,TRUE,ASSIGNED,Within 30 ft of tidal wetland or eel grass
90684,Water,Water,0.016016403608275977,FALSE,TRUE,FALSE,,FALSE,Marine_open_water,Hard_marine_barrier,,TRUE,ASSIGNED,Within 30 ft of tidal wetland or eel grass
90685,Water,Water,3.0601215657977288,FALSE,TRUE,FALSE,,FALSE,Marine_open_water,Hard_marine_barrier,,TRUE,ASSIGNED,Within 30 ft of tidal wetland or eel grass
90686,Water,Water,0.014878076840143506,FALSE,TRUE,FALSE,,FALSE,Marine_open_water,Hard_marine_barrier,,TRUE,ASSIGNED,Within 30 ft of tidal wetland or eel grass
90687,Water,Water,0.027938497786995444,FALSE,FALSE,FALSE,,FALSE,UNRESOLVED_WATER_REVIEW,UNRESOLVED_REVIEW,,FALSE,REVIEW_REQUIRED,"No freshwater, tidal, or modeled-site spatial evidence"
90688,Water,Water,7.439873927970537,FALSE,TRUE,FALSE,,FALSE,Marine_open_water,Hard_marine_barrier,,TRUE,ASSIGNED,Within 30 ft of tidal wetland or eel grass
90689,Water,Water,0.03177525409041357,FALSE,TRUE,FALSE,,FALSE,Marine_open_water,Hard_marine_barrier,,TRUE,ASSIGNED,Within 30 ft of tidal wetland or eel grass
90690,Water,Water,0.009884946547052097,FALSE,FALSE,FALSE,,FALSE,UNRESOLVED_WATER_REVIEW,UNRESOLVED_REVIEW,,FALSE,REVIEW_REQUIRED,"No freshwater, tidal, or modeled-site spatial evidence"
90691,Water,Water,0.07506228667462862,FALSE,TRUE,FALSE,,FALSE,Marine_open_water,Hard_marine_barrier,,TRUE,ASSIGNED,Within 30 ft of tidal wetland or eel grass
90692,Water,Water,0.0199924437833841,FALSE,TRUE,FALSE,,FALSE,Marine_open_water,Hard_marine_barrier,,TRUE,ASSIGNED,Within 30 ft of tidal wetland or eel grass
90693,Water,Water,0.15873163647760336,FALSE,TRUE,FALSE,,FALSE,Marine_open_water,Hard_marine_barrier,,TRUE,ASSIGNED,Within 30 ft of tidal wetland or eel grass
90694,Water,Water,0.02187772216709543,FALSE,TRUE,FALSE,,FALSE,Marine_open_water,Hard_marine_barrier,,TRUE,ASSIGNED,Within 30 ft of tidal wetland or eel grass
90695,Water,Water,0.050078192501081524,FALSE,TRUE,FALSE,,FALSE,Marine_open_water,Hard_marine_barrier,,TRUE,ASSIGNED,Within 30 ft of tidal wetland or eel grass
90696,Water,Water,0.21195550892169318,FALSE,TRUE,FALSE,,FALSE,Marine_open_water,Hard_marine_barrier,,TRUE,ASSIGNED,Within 30 ft of tidal wetland or eel grass
90697,Water,Water,0.01722556133891989,FALSE,TRUE,FALSE,,FALSE,Marine_open_water,Hard_marine_barrier,,TRUE,ASSIGNED,Within 30 ft of tidal wetland or eel grass
90698,Water,Water,1.8439943356802886,FALSE,FALSE,FALSE,,FALSE,UNRESOLVED_WATER_REVIEW,UNRESOLVED_REVIEW,,FALSE,REVIEW_REQUIRED,"No freshwater, tidal, or modeled-site spatial evidence"
90699,Water,Water,0.02781384149899269,FALSE,TRUE,FALSE,,FALSE,Marine_open_water,Hard_marine_barrier,,TRUE,ASSIGNED,Within 30 ft of tidal wetland or eel grass
90700,Water,Water,0.030348207730356545,FALSE,TRUE,FALSE,,FALSE,Marine_open_water,Hard_marine_barrier,,TRUE,ASSIGNED,Within 30 ft of tidal wetland or eel grass
90701,Water,Water,0.00963602089666979,FALSE,TRUE,FALSE,,FALSE,Marine_open_water,Hard_marine_barrier,,TRUE,ASSIGNED,Within 30 ft of tidal wetland or eel grass
90702,Water,Water,0.0930257242924044,FALSE,TRUE,FALSE,,FALSE,Marine_open_water,Hard_marine_barrier,,TRUE,ASSIGNED,Within 30 ft of tidal wetland or eel grass
90703,Water,Water,0.012936126529145895,FALSE,TRUE,FALSE,,FALSE,Marine_open_water,Hard_marine_barrier,,TRUE,ASSIGNED,Within 30 ft of tidal wetland or eel grass
90704,Water,Water,0.05653866127694923,FALSE,TRUE,FALSE,,FALSE,Marine_open_water,Hard_marine_barrier,,TRUE,ASSIGNED,Within 30 ft of tidal wetland or eel grass
90705,Water,Water,0.05432573016547573,FALSE,TRUE,FALSE,,FALSE,Marine_open_water,Hard_marine_barrier,,TRUE,ASSIGNED,Within 30 ft of tidal wetland or eel grass
90706,Water,Water,64.34556951910608,FALSE,TRUE,FALSE,,FALSE,Marine_open_water,Hard_marine_barrier,,TRUE,ASSIGNED,Within 30 ft of tidal wetland or eel grass
90707,Water,Water,0.018385977503791714,FALSE,TRUE,FALSE,,FALSE,Marine_open_water,Hard_marine_barrier,,TRUE,ASSIGNED,Within 30 ft of tidal wetland or eel grass
90708,Water,Water,0.011111066668339666,FALSE,FALSE,FALSE,,FALSE,UNRESOLVED_WATER_REVIEW,UNRESOLVED_REVIEW,,FALSE,REVIEW_REQUIRED,"No freshwater, tidal, or modeled-site spatial evidence"
90709,Water,Water,0.0645290401361682,FALSE,TRUE,FALSE,,FALSE,Marine_open_water,Hard_marine_barrier,,TRUE,ASSIGNED,Within 30 ft of tidal wetland or eel grass
90710,Water,Water,0.821729617748667,FALSE,FALSE,FALSE,,FALSE,UNRESOLVED_WATER_REVIEW,UNRESOLVED_REVIEW,,FALSE,REVIEW_REQUIRED,"No freshwater, tidal, or modeled-site spatial evidence"
90711,Water,Water,0.018958412225932808,FALSE,TRUE,FALSE,,FALSE,Marine_open_water,Hard_marine_barrier,,TRUE,ASSIGNED,Within 30 ft of tidal wetland or eel grass
90712,Water,Water,0.04264826984030286,FALSE,FALSE,FALSE,,FALSE,UNRESOLVED_WATER_REVIEW,UNRESOLVED_REVIEW,,FALSE,REVIEW_REQUIRED,"No freshwater, tidal, or modeled-site spatial evidence"
90713,Water,Water,0.16875561205618583,FALSE,FALSE,FALSE,,FALSE,UNRESOLVED_WATER_REVIEW,UNRESOLVED_REVIEW,,FALSE,REVIEW_REQUIRED,"No freshwater, tidal, or modeled-site spatial evidence"
90714,Water,Water,0.7854971858015807,FALSE,FALSE,FALSE,,FALSE,UNRESOLVED_WATER_REVIEW,UNRESOLVED_REVIEW,,FALSE,REVIEW_REQUIRED,"No freshwater, tidal, or modeled-site spatial evidence"
90715,Water,Water,0.029950098768836194,FALSE,TRUE,FALSE,,FALSE,Marine_open_water,Hard_marine_barrier,,TRUE,ASSIGNED,Within 30 ft of tidal wetland or eel grass
90716,Water,Water,0.013836682941989586,FALSE,FALSE,FALSE,,FALSE,UNRESOLVED_WATER_REVIEW,UNRESOLVED_REVIEW,,FALSE,REVIEW_REQUIRED,"No freshwater, tidal, or modeled-site spatial evidence"
90717,Water,Water,0.3202058963635432,FALSE,FALSE,FALSE,,FALSE,UNRESOLVED_WATER_REVIEW,UNRESOLVED_REVIEW,,FALSE,REVIEW_REQUIRED,"No freshwater, tidal, or modeled-site spatial evidence"
90718,Water,Water,2.6705856338948553,FALSE,FALSE,FALSE,,FALSE,UNRESOLVED_WATER_REVIEW,UNRESOLVED_REVIEW,,FALSE,REVIEW_REQUIRED,"No freshwater, tidal, or modeled-site spatial evidence"
90719,Water,Water,0.06290168894853027,FALSE,FALSE,FALSE,,FALSE,UNRESOLVED_WATER_REVIEW,UNRESOLVED_REVIEW,,FALSE,REVIEW_REQUIRED,"No freshwater, tidal, or modeled-site spatial evidence"
90720,Water,Water,0.030762164579899505,FALSE,FALSE,FALSE,,FALSE,UNRESOLVED_WATER_REVIEW,UNRESOLVED_REVIEW,,FALSE,REVIEW_REQUIRED,"No freshwater, tidal, or modeled-site spatial evidence"
90721,Water,Water,0.056169089994551995,FALSE,FALSE,FALSE,,FALSE,UNRESOLVED_WATER_REVIEW,UNRESOLVED_REVIEW,,FALSE,REVIEW_REQUIRED,"No freshwater, tidal, or modeled-site spatial evidence"
90722,Water,Water,1.7444108311233708,FALSE,FALSE,FALSE,,FALSE,UNRESOLVED_WATER_REVIEW,UNRESOLVED_REVIEW,,FALSE,REVIEW_REQUIRED,"No freshwater, tidal, or modeled-site spatial evidence"
90723,Water,Water,0.21019516380216832,FALSE,FALSE,FALSE,,FALSE,UNRESOLVED_WATER_REVIEW,UNRESOLVED_REVIEW,,FALSE,REVIEW_REQUIRED,"No freshwater, tidal, or modeled-site spatial evidence"
90724,Water,Water,1.9558579037998673,FALSE,FALSE,FALSE,,FALSE,UNRESOLVED_WATER_REVIEW,UNRESOLVED_REVIEW,,FALSE,REVIEW_REQUIRED,"No freshwater, tidal, or modeled-site spatial evidence"
90725,Water,Water,0.17976814597285237,FALSE,FALSE,FALSE,,FALSE,UNRESOLVED_WATER_REVIEW,UNRESOLVED_REVIEW,,FALSE,REVIEW_REQUIRED,"No freshwater, tidal, or modeled-site spatial evidence"
90726,Water,Water,0.15057255190153135,FALSE,FALSE,FALSE,,FALSE,UNRESOLVED_WATER_REVIEW,UNRESOLVED_REVIEW,,FALSE,REVIEW_REQUIRED,"No freshwater, tidal, or modeled-site spatial evidence"
90727,Water,Water,0.6105056339344177,FALSE,FALSE,FALSE,,FALSE,UNRESOLVED_WATER_REVIEW,UNRESOLVED_REVIEW,,FALSE,REVIEW_REQUIRED,"No freshwater, tidal, or modeled-site spatial evidence"
90728,Water,Water,0.010743758676974087,FALSE,FALSE,FALSE,,FALSE,UNRESOLVED_WATER_REVIEW,UNRESOLVED_REVIEW,,FALSE,REVIEW_REQUIRED,"No freshwater, tidal, or modeled-site spatial evidence"
90729,Water,Water,0.2992908169417137,FALSE,FALSE,FALSE,,FALSE,UNRESOLVED_WATER_REVIEW,UNRESOLVED_REVIEW,,FALSE,REVIEW_REQUIRED,"No freshwater, tidal, or modeled-site spatial evidence"
90730,Water,Water,0.045747004551936685,FALSE,FALSE,FALSE,,FALSE,UNRESOLVED_WATER_REVIEW,UNRESOLVED_REVIEW,,FALSE,REVIEW_REQUIRED,"No freshwater, tidal, or modeled-site spatial evidence"
90731,Water,Water,0.32633548959836256,FALSE,FALSE,FALSE,,FALSE,UNRESOLVED_WATER_REVIEW,UNRESOLVED_REVIEW,,FALSE,REVIEW_REQUIRED,"No freshwater, tidal, or modeled-site spatial evidence"
90732,Water,Water,0.010009218020898995,FALSE,FALSE,FALSE,,FALSE,UNRESOLVED_WATER_REVIEW,UNRESOLVED_REVIEW,,FALSE,REVIEW_REQUIRED,"No freshwater, tidal, or modeled-site spatial evidence"
90733,Water,Water,0.022038479337575714,FALSE,FALSE,FALSE,,FALSE,UNRESOLVED_WATER_REVIEW,UNRESOLVED_REVIEW,,FALSE,REVIEW_REQUIRED,"No freshwater, tidal, or modeled-site spatial evidence"
90734,Water,Water,0.012345998746045514,FALSE,FALSE,FALSE,,FALSE,UNRESOLVED_WATER_REVIEW,UNRESOLVED_REVIEW,,FALSE,REVIEW_REQUIRED,"No freshwater, tidal, or modeled-site spatial evidence"
90735,Water,Water,11.472981493590883,FALSE,TRUE,FALSE,,FALSE,Marine_open_water,Hard_marine_barrier,,TRUE,ASSIGNED,Within 30 ft of tidal wetland or eel grass
90736,Water,Water,0.10823979669637301,FALSE,TRUE,FALSE,,FALSE,Marine_open_water,Hard_marine_barrier,,TRUE,ASSIGNED,Within 30 ft of tidal wetland or eel grass
90737,Water,Water,0.12867649153574448,FALSE,FALSE,FALSE,,FALSE,UNRESOLVED_WATER_REVIEW,UNRESOLVED_REVIEW,,FALSE,REVIEW_REQUIRED,"No freshwater, tidal, or modeled-site spatial evidence"
90738,Water,Water,0.08292035092761203,FALSE,FALSE,FALSE,,FALSE,UNRESOLVED_WATER_REVIEW,UNRESOLVED_REVIEW,,FALSE,REVIEW_REQUIRED,"No freshwater, tidal, or modeled-site spatial evidence"
90739,Water,Water,0.02497712401074038,FALSE,FALSE,FALSE,,FALSE,UNRESOLVED_WATER_REVIEW,UNRESOLVED_REVIEW,,FALSE,REVIEW_REQUIRED,"No freshwater, tidal, or modeled-site spatial evidence"
90740,Water,Water,0.023587856848816244,FALSE,FALSE,FALSE,,FALSE,UNRESOLVED_WATER_REVIEW,UNRESOLVED_REVIEW,,FALSE,REVIEW_REQUIRED,"No freshwater, tidal, or modeled-site spatial evidence"
90741,Water,Water,0.026504625017677398,FALSE,FALSE,FALSE,,FALSE,UNRESOLVED_WATER_REVIEW,UNRESOLVED_REVIEW,,FALSE,REVIEW_REQUIRED,"No freshwater, tidal, or modeled-site spatial evidence"
90742,Water,Water,0.46466067556043267,FALSE,FALSE,FALSE,,FALSE,UNRESOLVED_WATER_REVIEW,UNRESOLVED_REVIEW,,FALSE,REVIEW_REQUIRED,"No freshwater, tidal, or modeled-site spatial evidence"
90743,Water,Water,0.5773422081667354,FALSE,FALSE,FALSE,,FALSE,UNRESOLVED_WATER_REVIEW,UNRESOLVED_REVIEW,,FALSE,REVIEW_REQUIRED,"No freshwater, tidal, or modeled-site spatial evidence"
90744,Water,Water,0.020477465570949767,FALSE,FALSE,FALSE,,FALSE,UNRESOLVED_WATER_REVIEW,UNRESOLVED_REVIEW,,FALSE,REVIEW_REQUIRED,"No freshwater, tidal, or modeled-site spatial evidence"
90745,Water,Water,0.00936635372029982,FALSE,FALSE,FALSE,,FALSE,UNRESOLVED_WATER_REVIEW,UNRESOLVED_REVIEW,,FALSE,REVIEW_REQUIRED,"No freshwater, tidal, or modeled-site spatial evidence"
90746,Water,Water,0.014343623154125398,FALSE,FALSE,FALSE,,FALSE,UNRESOLVED_WATER_REVIEW,UNRESOLVED_REVIEW,,FALSE,REVIEW_REQUIRED,"No freshwater, tidal, or modeled-site spatial evidence"
90747,Water,Water,0.07213272533071094,FALSE,FALSE,FALSE,,FALSE,UNRESOLVED_WATER_REVIEW,UNRESOLVED_REVIEW,,FALSE,REVIEW_REQUIRED,"No freshwater, tidal, or modeled-site spatial evidence"
90748,Water,Water,0.05607134419821829,FALSE,FALSE,FALSE,,FALSE,UNRESOLVED_WATER_REVIEW,UNRESOLVED_REVIEW,,FALSE,REVIEW_REQUIRED,"No freshwater, tidal, or modeled-site spatial evidence"
90749,Water,Water,0.6864931989920375,FALSE,FALSE,FALSE,,FALSE,UNRESOLVED_WATER_REVIEW,UNRESOLVED_REVIEW,,FALSE,REVIEW_REQUIRED,"No freshwater, tidal, or modeled-site spatial evidence"
90750,Water,Water,0.0936415408255229,FALSE,FALSE,FALSE,,FALSE,UNRESOLVED_WATER_REVIEW,UNRESOLVED_REVIEW,,FALSE,REVIEW_REQUIRED,"No freshwater, tidal, or modeled-site spatial evidence"
90751,Water,Water,0.26104920416560107,FALSE,FALSE,FALSE,,FALSE,UNRESOLVED_WATER_REVIEW,UNRESOLVED_REVIEW,,FALSE,REVIEW_REQUIRED,"No freshwater, tidal, or modeled-site spatial evidence"
90752,Water,Water,56.560254070261564,FALSE,TRUE,FALSE,,FALSE,Marine_open_water,Hard_marine_barrier,,TRUE,ASSIGNED,Within 30 ft of tidal wetland or eel grass
90753,Water,Water,0.011595965751341149,FALSE,TRUE,FALSE,,FALSE,Marine_open_water,Hard_marine_barrier,,TRUE,ASSIGNED,Within 30 ft of tidal wetland or eel grass
90754,Water,Water,0.44719633051506485,FALSE,FALSE,FALSE,,FALSE,UNRESOLVED_WATER_REVIEW,UNRESOLVED_REVIEW,,FALSE,REVIEW_REQUIRED,"No freshwater, tidal, or modeled-site spatial evidence"
90755,Water,Water,0.010073154315915761,FALSE,TRUE,FALSE,,FALSE,Marine_open_water,Hard_marine_barrier,,TRUE,ASSIGNED,Within 30 ft of tidal wetland or eel grass
90756,Water,Water,0.1195560837577645,FALSE,FALSE,FALSE,,FALSE,UNRESOLVED_WATER_REVIEW,UNRESOLVED_REVIEW,,FALSE,REVIEW_REQUIRED,"No freshwater, tidal, or modeled-site spatial evidence"
90757,Water,Water,0.09864755385875477,FALSE,TRUE,FALSE,,FALSE,Marine_open_water,Hard_marine_barrier,,TRUE,ASSIGNED,Within 30 ft of tidal wetland or eel grass
90758,Water,Water,0.019560056491719706,FALSE,TRUE,FALSE,,FALSE,Marine_open_water,Hard_marine_barrier,,TRUE,ASSIGNED,Within 30 ft of tidal wetland or eel grass
90759,Water,Water,1.0448267637157798,FALSE,TRUE,FALSE,,FALSE,Marine_open_water,Hard_marine_barrier,,TRUE,ASSIGNED,Within 30 ft of tidal wetland or eel grass
90760,Water,Water,0.027643491388042195,FALSE,TRUE,FALSE,,FALSE,Marine_open_water,Hard_marine_barrier,,TRUE,ASSIGNED,Within 30 ft of tidal wetland or eel grass
90761,Water,Water,0.05691975817851373,FALSE,TRUE,FALSE,,FALSE,Marine_open_water,Hard_marine_barrier,,TRUE,ASSIGNED,Within 30 ft of tidal wetland or eel grass
90762,Water,Water,0.07749843349320013,FALSE,TRUE,FALSE,,FALSE,Marine_open_water,Hard_marine_barrier,,TRUE,ASSIGNED,Within 30 ft of tidal wetland or eel grass
90763,Water,Water,0.34101452568764457,FALSE,FALSE,FALSE,,FALSE,UNRESOLVED_WATER_REVIEW,UNRESOLVED_REVIEW,,FALSE,REVIEW_REQUIRED,"No freshwater, tidal, or modeled-site spatial evidence"
90764,Water,Water,0.15969144314359016,FALSE,FALSE,FALSE,,FALSE,UNRESOLVED_WATER_REVIEW,UNRESOLVED_REVIEW,,FALSE,REVIEW_REQUIRED,"No freshwater, tidal, or modeled-site spatial evidence"
90765,Water,Water,0.022818432653628234,FALSE,TRUE,FALSE,,FALSE,Marine_open_water,Hard_marine_barrier,,TRUE,ASSIGNED,Within 30 ft of tidal wetland or eel grass
90766,Water,Water,0.07704041839934415,FALSE,TRUE,FALSE,,FALSE,Marine_open_water,Hard_marine_barrier,,TRUE,ASSIGNED,Within 30 ft of tidal wetland or eel grass
90767,Water,Water,0.03706754903447473,FALSE,TRUE,FALSE,,FALSE,Marine_open_water,Hard_marine_barrier,,TRUE,ASSIGNED,Within 30 ft of tidal wetland or eel grass
90768,Water,Water,0.01188215246066328,FALSE,TRUE,FALSE,,FALSE,Marine_open_water,Hard_marine_barrier,,TRUE,ASSIGNED,Within 30 ft of tidal wetland or eel grass
90769,Water,Water,0.32333261822837867,FALSE,TRUE,FALSE,,FALSE,Marine_open_water,Hard_marine_barrier,,TRUE,ASSIGNED,Within 30 ft of tidal wetland or eel grass
90770,Water,Water,0.03395141418228537,FALSE,TRUE,FALSE,,FALSE,Marine_open_water,Hard_marine_barrier,,TRUE,ASSIGNED,Within 30 ft of tidal wetland or eel grass
90771,Water,Water,0.4192695050582449,FALSE,TRUE,FALSE,,FALSE,Marine_open_water,Hard_marine_barrier,,TRUE,ASSIGNED,Within 30 ft of tidal wetland or eel grass
90772,Water,Water,0.9205194021496031,FALSE,TRUE,FALSE,,FALSE,Marine_open_water,Hard_marine_barrier,,TRUE,ASSIGNED,Within 30 ft of tidal wetland or eel grass
90773,Water,Water,0.04151648282844808,FALSE,TRUE,FALSE,,FALSE,Marine_open_water,Hard_marine_barrier,,TRUE,ASSIGNED,Within 30 ft of tidal wetland or eel grass
90774,Water,Water,0.017411219325109407,FALSE,TRUE,FALSE,,FALSE,Marine_open_water,Hard_marine_barrier,,TRUE,ASSIGNED,Within 30 ft of tidal wetland or eel grass
90775,Water,Water,0.3812361281069761,FALSE,TRUE,FALSE,,FALSE,Marine_open_water,Hard_marine_barrier,,TRUE,ASSIGNED,Within 30 ft of tidal wetland or eel grass
90776,Water,Water,0.013238647856230322,FALSE,FALSE,FALSE,,FALSE,UNRESOLVED_WATER_REVIEW,UNRESOLVED_REVIEW,,FALSE,REVIEW_REQUIRED,"No freshwater, tidal, or modeled-site spatial evidence"
90777,Water,Water,3.007719694588607,FALSE,TRUE,FALSE,,FALSE,Marine_open_water,Hard_marine_barrier,,TRUE,ASSIGNED,Within 30 ft of tidal wetland or eel grass
90778,Water,Water,0.28436378419233627,FALSE,TRUE,FALSE,,FALSE,Marine_open_water,Hard_marine_barrier,,TRUE,ASSIGNED,Within 30 ft of tidal wetland or eel grass
90779,Water,Water,0.20166301286415006,FALSE,TRUE,FALSE,,FALSE,Marine_open_water,Hard_marine_barrier,,TRUE,ASSIGNED,Within 30 ft of tidal wetland or eel grass
90780,Water,Water,0.30631823874522673,FALSE,FALSE,FALSE,,FALSE,UNRESOLVED_WATER_REVIEW,UNRESOLVED_REVIEW,,FALSE,REVIEW_REQUIRED,"No freshwater, tidal, or modeled-site spatial evidence"
90781,Water,Water,0.04084504714729563,FALSE,TRUE,FALSE,,FALSE,Marine_open_water,Hard_marine_barrier,,TRUE,ASSIGNED,Within 30 ft of tidal wetland or eel grass
90782,Water,Water,0.18978481523945875,FALSE,TRUE,FALSE,,FALSE,Marine_open_water,Hard_marine_barrier,,TRUE,ASSIGNED,Within 30 ft of tidal wetland or eel grass
90783,Water,Water,2.3224241672679664,FALSE,FALSE,FALSE,,FALSE,UNRESOLVED_WATER_REVIEW,UNRESOLVED_REVIEW,,FALSE,REVIEW_REQUIRED,"No freshwater, tidal, or modeled-site spatial evidence"
90784,Water,Water,0.020304592978101305,FALSE,TRUE,FALSE,,FALSE,Marine_open_water,Hard_marine_barrier,,TRUE,ASSIGNED,Within 30 ft of tidal wetland or eel grass
90785,Water,Water,0.009926321929836359,FALSE,TRUE,FALSE,,FALSE,Marine_open_water,Hard_marine_barrier,,TRUE,ASSIGNED,Within 30 ft of tidal wetland or eel grass
90786,Water,Water,1.998898390915301,FALSE,FALSE,FALSE,,FALSE,UNRESOLVED_WATER_REVIEW,UNRESOLVED_REVIEW,,FALSE,REVIEW_REQUIRED,"No freshwater, tidal, or modeled-site spatial evidence"
90787,Water,Water,0.2379163112279748,FALSE,TRUE,FALSE,,FALSE,Marine_open_water,Hard_marine_barrier,,TRUE,ASSIGNED,Within 30 ft of tidal wetland or eel grass
90788,Water,Water,0.026228637776083252,FALSE,TRUE,FALSE,,FALSE,Marine_open_water,Hard_marine_barrier,,TRUE,ASSIGNED,Within 30 ft of tidal wetland or eel grass
90789,Water,Water,0.013451614212108344,FALSE,TRUE,FALSE,,FALSE,Marine_open_water,Hard_marine_barrier,,TRUE,ASSIGNED,Within 30 ft of tidal wetland or eel grass
90790,Water,Water,0.038990516979595165,FALSE,TRUE,FALSE,,FALSE,Marine_open_water,Hard_marine_barrier,,TRUE,ASSIGNED,Within 30 ft of tidal wetland or eel grass
90791,Water,Water,0.4546786002626634,FALSE,TRUE,FALSE,,FALSE,Marine_open_water,Hard_marine_barrier,,TRUE,ASSIGNED,Within 30 ft of tidal wetland or eel grass
90792,Water,Water,0.011628258991545232,FALSE,TRUE,FALSE,,FALSE,Marine_open_water,Hard_marine_barrier,,TRUE,ASSIGNED,Within 30 ft of tidal wetland or eel grass
90793,Water,Water,0.059896800200610556,FALSE,FALSE,FALSE,,FALSE,UNRESOLVED_WATER_REVIEW,UNRESOLVED_REVIEW,,FALSE,REVIEW_REQUIRED,"No freshwater, tidal, or modeled-site spatial evidence"
90794,Water,Water,1.1387096194422515,FALSE,FALSE,FALSE,,FALSE,UNRESOLVED_WATER_REVIEW,UNRESOLVED_REVIEW,,FALSE,REVIEW_REQUIRED,"No freshwater, tidal, or modeled-site spatial evidence"
90795,Water,Water,0.13842570844055627,FALSE,TRUE,FALSE,,FALSE,Marine_open_water,Hard_marine_barrier,,TRUE,ASSIGNED,Within 30 ft of tidal wetland or eel grass
90796,Water,Water,1.9430838582383576,FALSE,FALSE,FALSE,,FALSE,UNRESOLVED_WATER_REVIEW,UNRESOLVED_REVIEW,,FALSE,REVIEW_REQUIRED,"No freshwater, tidal, or modeled-site spatial evidence"
90797,Water,Water,0.026407000771129552,FALSE,TRUE,FALSE,,FALSE,Marine_open_water,Hard_marine_barrier,,TRUE,ASSIGNED,Within 30 ft of tidal wetland or eel grass
90798,Water,Water,0.030142895345311213,FALSE,TRUE,FALSE,,FALSE,Marine_open_water,Hard_marine_barrier,,TRUE,ASSIGNED,Within 30 ft of tidal wetland or eel grass
90799,Water,Water,0.4157173563112802,FALSE,FALSE,FALSE,,FALSE,UNRESOLVED_WATER_REVIEW,UNRESOLVED_REVIEW,,FALSE,REVIEW_REQUIRED,"No freshwater, tidal, or modeled-site spatial evidence"
90800,Water,Water,0.10458154973852343,FALSE,TRUE,FALSE,,FALSE,Marine_open_water,Hard_marine_barrier,,TRUE,ASSIGNED,Within 30 ft of tidal wetland or eel grass
90801,Water,Water,0.9603045914650108,FALSE,TRUE,FALSE,,FALSE,Marine_open_water,Hard_marine_barrier,,TRUE,ASSIGNED,Within 30 ft of tidal wetland or eel grass
90802,Water,Water,0.2526104403218422,FALSE,TRUE,FALSE,,FALSE,Marine_open_water,Hard_marine_barrier,,TRUE,ASSIGNED,Within 30 ft of tidal wetland or eel grass
90803,Water,Water,0.009482350069487009,FALSE,TRUE,FALSE,,FALSE,Marine_open_water,Hard_marine_barrier,,TRUE,ASSIGNED,Within 30 ft of tidal wetland or eel grass
90804,Water,Water,0.26882355882333553,FALSE,TRUE,FALSE,,FALSE,Marine_open_water,Hard_marine_barrier,,TRUE,ASSIGNED,Within 30 ft of tidal wetland or eel grass
90805,Water,Water,0.0247841042997623,FALSE,FALSE,FALSE,,FALSE,UNRESOLVED_WATER_REVIEW,UNRESOLVED_REVIEW,,FALSE,REVIEW_REQUIRED,"No freshwater, tidal, or modeled-site spatial evidence"
90806,Water,Water,0.31924892749323946,FALSE,TRUE,FALSE,,FALSE,Marine_open_water,Hard_marine_barrier,,TRUE,ASSIGNED,Within 30 ft of tidal wetland or eel grass
90807,Water,Water,0.02737371749633943,FALSE,FALSE,FALSE,,FALSE,UNRESOLVED_WATER_REVIEW,UNRESOLVED_REVIEW,,FALSE,REVIEW_REQUIRED,"No freshwater, tidal, or modeled-site spatial evidence"
90808,Water,Water,0.058151676852383836,FALSE,TRUE,FALSE,,FALSE,Marine_open_water,Hard_marine_barrier,,TRUE,ASSIGNED,Within 30 ft of tidal wetland or eel grass
90809,Water,Water,0.7954442583277518,FALSE,FALSE,FALSE,,FALSE,UNRESOLVED_WATER_REVIEW,UNRESOLVED_REVIEW,,FALSE,REVIEW_REQUIRED,"No freshwater, tidal, or modeled-site spatial evidence"
90810,Water,Water,0.01564145376238214,FALSE,FALSE,FALSE,,FALSE,UNRESOLVED_WATER_REVIEW,UNRESOLVED_REVIEW,,FALSE,REVIEW_REQUIRED,"No freshwater, tidal, or modeled-site spatial evidence"
90811,Water,Water,0.373937562038231,FALSE,TRUE,FALSE,,FALSE,Marine_open_water,Hard_marine_barrier,,TRUE,ASSIGNED,Within 30 ft of tidal wetland or eel grass
90812,Water,Water,0.02559883961278383,FALSE,TRUE,FALSE,,FALSE,Marine_open_water,Hard_marine_barrier,,TRUE,ASSIGNED,Within 30 ft of tidal wetland or eel grass
90813,Water,Water,0.06646990315404744,FALSE,TRUE,FALSE,,FALSE,Marine_open_water,Hard_marine_barrier,,TRUE,ASSIGNED,Within 30 ft of tidal wetland or eel grass
90814,Water,Water,1.1066277806747082,FALSE,TRUE,FALSE,,FALSE,Marine_open_water,Hard_marine_barrier,,TRUE,ASSIGNED,Within 30 ft of tidal wetland or eel grass
90815,Water,Water,0.1716472375927516,FALSE,TRUE,FALSE,,FALSE,Marine_open_water,Hard_marine_barrier,,TRUE,ASSIGNED,Within 30 ft of tidal wetland or eel grass
90816,Water,Water,6.313348160246749,FALSE,TRUE,FALSE,,FALSE,Marine_open_water,Hard_marine_barrier,,TRUE,ASSIGNED,Within 30 ft of tidal wetland or eel grass
90817,Water,Water,0.08558899562223207,FALSE,TRUE,FALSE,,FALSE,Marine_open_water,Hard_marine_barrier,,TRUE,ASSIGNED,Within 30 ft of tidal wetland or eel grass
90818,Water,Water,0.32323797152306866,FALSE,TRUE,FALSE,,FALSE,Marine_open_water,Hard_marine_barrier,,TRUE,ASSIGNED,Within 30 ft of tidal wetland or eel grass
90819,Water,Water,0.2248975263227966,FALSE,TRUE,FALSE,,FALSE,Marine_open_water,Hard_marine_barrier,,TRUE,ASSIGNED,Within 30 ft of tidal wetland or eel grass
90820,Water,Water,0.01502724987192508,FALSE,TRUE,FALSE,,FALSE,Marine_open_water,Hard_marine_barrier,,TRUE,ASSIGNED,Within 30 ft of tidal wetland or eel grass
90821,Water,Water,0.013157361258403288,FALSE,TRUE,FALSE,,FALSE,Marine_open_water,Hard_marine_barrier,,TRUE,ASSIGNED,Within 30 ft of tidal wetland or eel grass
90822,Water,Water,0.04627775909021567,FALSE,TRUE,FALSE,,FALSE,Marine_open_water,Hard_marine_barrier,,TRUE,ASSIGNED,Within 30 ft of tidal wetland or eel grass
90823,Water,Water,0.015877618464406273,FALSE,TRUE,FALSE,,FALSE,Marine_open_water,Hard_marine_barrier,,TRUE,ASSIGNED,Within 30 ft of tidal wetland or eel grass
90824,Water,Water,0.06088850204496151,FALSE,TRUE,FALSE,,FALSE,Marine_open_water,Hard_marine_barrier,,TRUE,ASSIGNED,Within 30 ft of tidal wetland or eel grass
90825,Water,Water,0.009852637925470817,FALSE,TRUE,FALSE,,FALSE,Marine_open_water,Hard_marine_barrier,,TRUE,ASSIGNED,Within 30 ft of tidal wetland or eel grass
90826,Water,Water,0.031151264679766963,FALSE,TRUE,FALSE,,FALSE,Marine_open_water,Hard_marine_barrier,,TRUE,ASSIGNED,Within 30 ft of tidal wetland or eel grass
90827,Water,Water,0.2794165949583224,FALSE,TRUE,FALSE,,FALSE,Marine_open_water,Hard_marine_barrier,,TRUE,ASSIGNED,Within 30 ft of tidal wetland or eel grass
90828,Water,Water,0.011759076303137212,FALSE,TRUE,FALSE,,FALSE,Marine_open_water,Hard_marine_barrier,,TRUE,ASSIGNED,Within 30 ft of tidal wetland or eel grass
90829,Water,Water,1.4922354223446221,FALSE,TRUE,FALSE,,FALSE,Marine_open_water,Hard_marine_barrier,,TRUE,ASSIGNED,Within 30 ft of tidal wetland or eel grass
90830,Water,Water,0.06588620945692787,FALSE,TRUE,FALSE,,FALSE,Marine_open_water,Hard_marine_barrier,,TRUE,ASSIGNED,Within 30 ft of tidal wetland or eel grass
90831,Water,Water,0.06890369637861601,FALSE,TRUE,FALSE,,FALSE,Marine_open_water,Hard_marine_barrier,,TRUE,ASSIGNED,Within 30 ft of tidal wetland or eel grass
90832,Water,Water,0.010391667680287106,FALSE,TRUE,FALSE,,FALSE,Marine_open_water,Hard_marine_barrier,,TRUE,ASSIGNED,Within 30 ft of tidal wetland or eel grass
90833,Water,Water,0.43015219015301326,FALSE,TRUE,FALSE,,FALSE,Marine_open_water,Hard_marine_barrier,,TRUE,ASSIGNED,Within 30 ft of tidal wetland or eel grass
90834,Water,Water,0.01679694824663488,FALSE,TRUE,FALSE,,FALSE,Marine_open_water,Hard_marine_barrier,,TRUE,ASSIGNED,Within 30 ft of tidal wetland or eel grass
90835,Water,Water,0.13381803603792933,FALSE,TRUE,FALSE,,FALSE,Marine_open_water,Hard_marine_barrier,,TRUE,ASSIGNED,Within 30 ft of tidal wetland or eel grass
90836,Water,Water,0.46270141234498297,FALSE,TRUE,FALSE,,FALSE,Marine_open_water,Hard_marine_barrier,,TRUE,ASSIGNED,Within 30 ft of tidal wetland or eel grass
90837,Water,Water,2.145700764230292,FALSE,FALSE,FALSE,,FALSE,UNRESOLVED_WATER_REVIEW,UNRESOLVED_REVIEW,,FALSE,REVIEW_REQUIRED,"No freshwater, tidal, or modeled-site spatial evidence"
90838,Water,Water,0.0668471872468083,FALSE,TRUE,FALSE,,FALSE,Marine_open_water,Hard_marine_barrier,,TRUE,ASSIGNED,Within 30 ft of tidal wetland or eel grass
90839,Water,Water,0.05149671075732633,FALSE,TRUE,FALSE,,FALSE,Marine_open_water,Hard_marine_barrier,,TRUE,ASSIGNED,Within 30 ft of tidal wetland or eel grass
90840,Water,Water,0.12259961966049264,FALSE,TRUE,FALSE,,FALSE,Marine_open_water,Hard_marine_barrier,,TRUE,ASSIGNED,Within 30 ft of tidal wetland or eel grass
90841,Water,Water,0.025289336242599478,FALSE,TRUE,FALSE,,FALSE,Marine_open_water,Hard_marine_barrier,,TRUE,ASSIGNED,Within 30 ft of tidal wetland or eel grass
90842,Water,Water,0.043410226286601766,FALSE,TRUE,FALSE,,FALSE,Marine_open_water,Hard_marine_barrier,,TRUE,ASSIGNED,Within 30 ft of tidal wetland or eel grass
90843,Water,Water,0.02870912000428385,FALSE,TRUE,FALSE,,FALSE,Marine_open_water,Hard_marine_barrier,,TRUE,ASSIGNED,Within 30 ft of tidal wetland or eel grass
90844,Water,Water,0.21081492378543212,FALSE,TRUE,FALSE,,FALSE,Marine_open_water,Hard_marine_barrier,,TRUE,ASSIGNED,Within 30 ft of tidal wetland or eel grass
90845,Water,Water,0.020589962733359203,FALSE,TRUE,FALSE,,FALSE,Marine_open_water,Hard_marine_barrier,,TRUE,ASSIGNED,Within 30 ft of tidal wetland or eel grass
90846,Water,Water,0.02846955225173542,FALSE,TRUE,FALSE,,FALSE,Marine_open_water,Hard_marine_barrier,,TRUE,ASSIGNED,Within 30 ft of tidal wetland or eel grass
90847,Water,Water,0.14845900981321042,FALSE,TRUE,FALSE,,FALSE,Marine_open_water,Hard_marine_barrier,,TRUE,ASSIGNED,Within 30 ft of tidal wetland or eel grass
90848,Water,Water,0.7151175413596681,FALSE,TRUE,FALSE,,FALSE,Marine_open_water,Hard_marine_barrier,,TRUE,ASSIGNED,Within 30 ft of tidal wetland or eel grass
90849,Water,Water,0.2777751051607631,FALSE,TRUE,FALSE,,FALSE,Marine_open_water,Hard_marine_barrier,,TRUE,ASSIGNED,Within 30 ft of tidal wetland or eel grass
90850,Water,Water,0.3013451956795508,FALSE,TRUE,FALSE,,FALSE,Marine_open_water,Hard_marine_barrier,,TRUE,ASSIGNED,Within 30 ft of tidal wetland or eel grass
90851,Water,Water,0.027452617156656048,FALSE,TRUE,FALSE,,FALSE,Marine_open_water,Hard_marine_barrier,,TRUE,ASSIGNED,Within 30 ft of tidal wetland or eel grass
90852,Water,Water,0.015917162805594163,FALSE,TRUE,FALSE,,FALSE,Marine_open_water,Hard_marine_barrier,,TRUE,ASSIGNED,Within 30 ft of tidal wetland or eel grass
90853,Water,Water,0.14661238315634717,FALSE,TRUE,FALSE,,FALSE,Marine_open_water,Hard_marine_barrier,,TRUE,ASSIGNED,Within 30 ft of tidal wetland or eel grass
90854,Water,Water,0.05042460262584531,FALSE,TRUE,FALSE,,FALSE,Marine_open_water,Hard_marine_barrier,,TRUE,ASSIGNED,Within 30 ft of tidal wetland or eel grass
90855,Water,Water,0.22794321139594664,FALSE,FALSE,FALSE,,FALSE,UNRESOLVED_WATER_REVIEW,UNRESOLVED_REVIEW,,FALSE,REVIEW_REQUIRED,"No freshwater, tidal, or modeled-site spatial evidence"
90856,Water,Water,0.045939443622024415,FALSE,TRUE,FALSE,,FALSE,Marine_open_water,Hard_marine_barrier,,TRUE,ASSIGNED,Within 30 ft of tidal wetland or eel grass
90857,Water,Water,0.02579204306415343,FALSE,TRUE,FALSE,,FALSE,Marine_open_water,Hard_marine_barrier,,TRUE,ASSIGNED,Within 30 ft of tidal wetland or eel grass
90858,Water,Water,0.009236039518207834,FALSE,TRUE,FALSE,,FALSE,Marine_open_water,Hard_marine_barrier,,TRUE,ASSIGNED,Within 30 ft of tidal wetland or eel grass
90859,Water,Water,0.02594666058788246,FALSE,TRUE,FALSE,,FALSE,Marine_open_water,Hard_marine_barrier,,TRUE,ASSIGNED,Within 30 ft of tidal wetland or eel grass
90860,Water,Water,0.04983597058802944,FALSE,TRUE,FALSE,,FALSE,Marine_open_water,Hard_marine_barrier,,TRUE,ASSIGNED,Within 30 ft of tidal wetland or eel grass
90861,Water,Water,0.0448580255142595,FALSE,TRUE,FALSE,,FALSE,Marine_open_water,Hard_marine_barrier,,TRUE,ASSIGNED,Within 30 ft of tidal wetland or eel grass
90862,Water,Water,0.02493329869009552,FALSE,TRUE,FALSE,,FALSE,Marine_open_water,Hard_marine_barrier,,TRUE,ASSIGNED,Within 30 ft of tidal wetland or eel grass
90863,Water,Water,0.2847550060558349,FALSE,TRUE,FALSE,,FALSE,Marine_open_water,Hard_marine_barrier,,TRUE,ASSIGNED,Within 30 ft of tidal wetland or eel grass
90864,Water,Water,0.09081418429944883,FALSE,TRUE,FALSE,,FALSE,Marine_open_water,Hard_marine_barrier,,TRUE,ASSIGNED,Within 30 ft of tidal wetland or eel grass
90865,Water,Water,0.5608430864450645,FALSE,TRUE,FALSE,,FALSE,Marine_open_water,Hard_marine_barrier,,TRUE,ASSIGNED,Within 30 ft of tidal wetland or eel grass
90866,Water,Water,0.30117374450552004,FALSE,TRUE,FALSE,,FALSE,Marine_open_water,Hard_marine_barrier,,TRUE,ASSIGNED,Within 30 ft of tidal wetland or eel grass
90867,Water,Water,0.012896155395515306,FALSE,TRUE,FALSE,,FALSE,Marine_open_water,Hard_marine_barrier,,TRUE,ASSIGNED,Within 30 ft of tidal wetland or eel grass
90868,Water,Water,0.01898225625236141,FALSE,TRUE,FALSE,,FALSE,Marine_open_water,Hard_marine_barrier,,TRUE,ASSIGNED,Within 30 ft of tidal wetland or eel grass
90869,Water,Water,5.868475210700077,FALSE,TRUE,FALSE,,FALSE,Marine_open_water,Hard_marine_barrier,,TRUE,ASSIGNED,Within 30 ft of tidal wetland or eel grass
90870,Water,Water,0.013408941376581678,FALSE,TRUE,FALSE,,FALSE,Marine_open_water,Hard_marine_barrier,,TRUE,ASSIGNED,Within 30 ft of tidal wetland or eel grass
90871,Water,Water,0.023863684025686494,FALSE,TRUE,FALSE,,FALSE,Marine_open_water,Hard_marine_barrier,,TRUE,ASSIGNED,Within 30 ft of tidal wetland or eel grass
90872,Water,Water,0.36183390383321046,FALSE,TRUE,FALSE,,FALSE,Marine_open_water,Hard_marine_barrier,,TRUE,ASSIGNED,Within 30 ft of tidal wetland or eel grass
90873,Water,Water,0.10539612546904954,FALSE,TRUE,FALSE,,FALSE,Marine_open_water,Hard_marine_barrier,,TRUE,ASSIGNED,Within 30 ft of tidal wetland or eel grass
90874,Water,Water,0.43312894914588435,FALSE,TRUE,FALSE,,FALSE,Marine_open_water,Hard_marine_barrier,,TRUE,ASSIGNED,Within 30 ft of tidal wetland or eel grass
90875,Water,Water,0.021073202725682062,FALSE,TRUE,FALSE,,FALSE,Marine_open_water,Hard_marine_barrier,,TRUE,ASSIGNED,Within 30 ft of tidal wetland or eel grass
90876,Water,Water,0.03363386970369378,FALSE,TRUE,FALSE,,FALSE,Marine_open_water,Hard_marine_barrier,,TRUE,ASSIGNED,Within 30 ft of tidal wetland or eel grass
90877,Water,Water,0.04598952630028653,FALSE,TRUE,FALSE,,FALSE,Marine_open_water,Hard_marine_barrier,,TRUE,ASSIGNED,Within 30 ft of tidal wetland or eel grass
90878,Water,Water,0.0748194054817577,FALSE,TRUE,FALSE,,FALSE,Marine_open_water,Hard_marine_barrier,,TRUE,ASSIGNED,Within 30 ft of tidal wetland or eel grass
90879,Water,Water,0.10748933456385587,FALSE,TRUE,FALSE,,FALSE,Marine_open_water,Hard_marine_barrier,,TRUE,ASSIGNED,Within 30 ft of tidal wetland or eel grass
90880,Water,Water,0.06215748763271437,FALSE,TRUE,FALSE,,FALSE,Marine_open_water,Hard_marine_barrier,,TRUE,ASSIGNED,Within 30 ft of tidal wetland or eel grass
90881,Water,Water,0.016718877242011786,FALSE,TRUE,FALSE,,FALSE,Marine_open_water,Hard_marine_barrier,,TRUE,ASSIGNED,Within 30 ft of tidal wetland or eel grass
90882,Water,Water,0.011190217421861819,FALSE,TRUE,FALSE,,FALSE,Marine_open_water,Hard_marine_barrier,,TRUE,ASSIGNED,Within 30 ft of tidal wetland or eel grass
90883,Water,Water,0.0638200041010446,FALSE,TRUE,FALSE,,FALSE,Marine_open_water,Hard_marine_barrier,,TRUE,ASSIGNED,Within 30 ft of tidal wetland or eel grass
90884,Water,Water,0.009530112608907192,FALSE,TRUE,FALSE,,FALSE,Marine_open_water,Hard_marine_barrier,,TRUE,ASSIGNED,Within 30 ft of tidal wetland or eel grass
90885,Water,Water,0.05782595768926455,FALSE,TRUE,FALSE,,FALSE,Marine_open_water,Hard_marine_barrier,,TRUE,ASSIGNED,Within 30 ft of tidal wetland or eel grass
90886,Water,Water,0.011907308793922884,FALSE,TRUE,FALSE,,FALSE,Marine_open_water,Hard_marine_barrier,,TRUE,ASSIGNED,Within 30 ft of tidal wetland or eel grass
90887,Water,Water,0.01809469244652217,FALSE,TRUE,FALSE,,FALSE,Marine_open_water,Hard_marine_barrier,,TRUE,ASSIGNED,Within 30 ft of tidal wetland or eel grass
90888,Water,Water,0.026908760772734738,FALSE,TRUE,FALSE,,FALSE,Marine_open_water,Hard_marine_barrier,,TRUE,ASSIGNED,Within 30 ft of tidal wetland or eel grass
90889,Water,Water,4.267996257916628,FALSE,TRUE,FALSE,,FALSE,Marine_open_water,Hard_marine_barrier,,TRUE,ASSIGNED,Within 30 ft of tidal wetland or eel grass
90890,Water,Water,0.011333363014096804,FALSE,TRUE,FALSE,,FALSE,Marine_open_water,Hard_marine_barrier,,TRUE,ASSIGNED,Within 30 ft of tidal wetland or eel grass
90891,Water,Water,0.09958245462414057,FALSE,TRUE,FALSE,,FALSE,Marine_open_water,Hard_marine_barrier,,TRUE,ASSIGNED,Within 30 ft of tidal wetland or eel grass
90892,Water,Water,0.0888458650287692,FALSE,TRUE,FALSE,,FALSE,Marine_open_water,Hard_marine_barrier,,TRUE,ASSIGNED,Within 30 ft of tidal wetland or eel grass
90893,Water,Water,0.08132100440552886,FALSE,TRUE,FALSE,,FALSE,Marine_open_water,Hard_marine_barrier,,TRUE,ASSIGNED,Within 30 ft of tidal wetland or eel grass
90894,Water,Water,0.011398093814426946,FALSE,TRUE,FALSE,,FALSE,Marine_open_water,Hard_marine_barrier,,TRUE,ASSIGNED,Within 30 ft of tidal wetland or eel grass
90895,Water,Water,1.5131858908360616,FALSE,TRUE,FALSE,,FALSE,Marine_open_water,Hard_marine_barrier,,TRUE,ASSIGNED,Within 30 ft of tidal wetland or eel grass
90896,Water,Water,0.011469569474849468,FALSE,TRUE,FALSE,,FALSE,Marine_open_water,Hard_marine_barrier,,TRUE,ASSIGNED,Within 30 ft of tidal wetland or eel grass
90897,Water,Water,0.06310753519782215,FALSE,TRUE,FALSE,,FALSE,Marine_open_water,Hard_marine_barrier,,TRUE,ASSIGNED,Within 30 ft of tidal wetland or eel grass
90898,Water,Water,0.03835050353320206,FALSE,TRUE,FALSE,,FALSE,Marine_open_water,Hard_marine_barrier,,TRUE,ASSIGNED,Within 30 ft of tidal wetland or eel grass
90899,Water,Water,0.050714214775322834,FALSE,TRUE,FALSE,,FALSE,Marine_open_water,Hard_marine_barrier,,TRUE,ASSIGNED,Within 30 ft of tidal wetland or eel grass
90900,Water,Water,0.6808236478023236,FALSE,TRUE,FALSE,,FALSE,Marine_open_water,Hard_marine_barrier,,TRUE,ASSIGNED,Within 30 ft of tidal wetland or eel grass
90901,Water,Water,0.04902836076433478,FALSE,TRUE,FALSE,,FALSE,Marine_open_water,Hard_marine_barrier,,TRUE,ASSIGNED,Within 30 ft of tidal wetland or eel grass
90902,Water,Water,0.0248208395137383,FALSE,TRUE,FALSE,,FALSE,Marine_open_water,Hard_marine_barrier,,TRUE,ASSIGNED,Within 30 ft of tidal wetland or eel grass
90903,Water,Water,0.013271210213731734,FALSE,TRUE,FALSE,,FALSE,Marine_open_water,Hard_marine_barrier,,TRUE,ASSIGNED,Within 30 ft of tidal wetland or eel grass
90904,Water,Water,0.01613796764454111,FALSE,TRUE,FALSE,,FALSE,Marine_open_water,Hard_marine_barrier,,TRUE,ASSIGNED,Within 30 ft of tidal wetland or eel grass
90905,Water,Water,0.009430851801820975,FALSE,TRUE,FALSE,,FALSE,Marine_open_water,Hard_marine_barrier,,TRUE,ASSIGNED,Within 30 ft of tidal wetland or eel grass
90906,Water,Water,0.012676119189627253,FALSE,TRUE,FALSE,,FALSE,Marine_open_water,Hard_marine_barrier,,TRUE,ASSIGNED,Within 30 ft of tidal wetland or eel grass
90907,Water,Water,0.6721426302012368,FALSE,TRUE,FALSE,,FALSE,Marine_open_water,Hard_marine_barrier,,TRUE,ASSIGNED,Within 30 ft of tidal wetland or eel grass
90908,Water,Water,0.17911247393641944,FALSE,TRUE,FALSE,,FALSE,Marine_open_water,Hard_marine_barrier,,TRUE,ASSIGNED,Within 30 ft of tidal wetland or eel grass
90909,Water,Water,0.02452494458174571,FALSE,TRUE,FALSE,,FALSE,Marine_open_water,Hard_marine_barrier,,TRUE,ASSIGNED,Within 30 ft of tidal wetland or eel grass
90910,Water,Water,0.3213272168440942,FALSE,TRUE,FALSE,,FALSE,Marine_open_water,Hard_marine_barrier,,TRUE,ASSIGNED,Within 30 ft of tidal wetland or eel grass
90911,Water,Water,0.02359152313436019,FALSE,TRUE,FALSE,,FALSE,Marine_open_water,Hard_marine_barrier,,TRUE,ASSIGNED,Within 30 ft of tidal wetland or eel grass
90912,Water,Water,0.04689426489293548,FALSE,TRUE,FALSE,,FALSE,Marine_open_water,Hard_marine_barrier,,TRUE,ASSIGNED,Within 30 ft of tidal wetland or eel grass
90913,Water,Water,0.18794740423454348,FALSE,TRUE,FALSE,,FALSE,Marine_open_water,Hard_marine_barrier,,TRUE,ASSIGNED,Within 30 ft of tidal wetland or eel grass
90914,Water,Water,0.0263544223730421,FALSE,TRUE,FALSE,,FALSE,Marine_open_water,Hard_marine_barrier,,TRUE,ASSIGNED,Within 30 ft of tidal wetland or eel grass
90915,Water,Water,0.13365923182984768,FALSE,TRUE,FALSE,,FALSE,Marine_open_water,Hard_marine_barrier,,TRUE,ASSIGNED,Within 30 ft of tidal wetland or eel grass
90916,Water,Water,0.0299387888204108,FALSE,TRUE,FALSE,,FALSE,Marine_open_water,Hard_marine_barrier,,TRUE,ASSIGNED,Within 30 ft of tidal wetland or eel grass
90917,Water,Water,0.04879680720350034,FALSE,TRUE,FALSE,,FALSE,Marine_open_water,Hard_marine_barrier,,TRUE,ASSIGNED,Within 30 ft of tidal wetland or eel grass
90918,Water,Water,0.6679641878778101,FALSE,TRUE,FALSE,,FALSE,Marine_open_water,Hard_marine_barrier,,TRUE,ASSIGNED,Within 30 ft of tidal wetland or eel grass
90919,Water,Water,0.43551688845977654,FALSE,TRUE,FALSE,,FALSE,Marine_open_water,Hard_marine_barrier,,TRUE,ASSIGNED,Within 30 ft of tidal wetland or eel grass
90920,Water,Water,0.012982005888839859,FALSE,TRUE,FALSE,,FALSE,Marine_open_water,Hard_marine_barrier,,TRUE,ASSIGNED,Within 30 ft of tidal wetland or eel grass
90921,Water,Water,0.06587564145061028,FALSE,TRUE,FALSE,,FALSE,Marine_open_water,Hard_marine_barrier,,TRUE,ASSIGNED,Within 30 ft of tidal wetland or eel grass
90922,Water,Water,0.09746328967621731,FALSE,TRUE,FALSE,,FALSE,Marine_open_water,Hard_marine_barrier,,TRUE,ASSIGNED,Within 30 ft of tidal wetland or eel grass
90923,Water,Water,0.010993541384204887,FALSE,TRUE,FALSE,,FALSE,Marine_open_water,Hard_marine_barrier,,TRUE,ASSIGNED,Within 30 ft of tidal wetland or eel grass
90924,Water,Water,0.26086980334115745,FALSE,TRUE,FALSE,,FALSE,Marine_open_water,Hard_marine_barrier,,TRUE,ASSIGNED,Within 30 ft of tidal wetland or eel grass
90925,Water,Water,0.10813443158248509,FALSE,TRUE,FALSE,,FALSE,Marine_open_water,Hard_marine_barrier,,TRUE,ASSIGNED,Within 30 ft of tidal wetland or eel grass
90926,Water,Water,0.03921900315934894,FALSE,TRUE,FALSE,,FALSE,Marine_open_water,Hard_marine_barrier,,TRUE,ASSIGNED,Within 30 ft of tidal wetland or eel grass
90927,Water,Water,0.018459810372659223,FALSE,TRUE,FALSE,,FALSE,Marine_open_water,Hard_marine_barrier,,TRUE,ASSIGNED,Within 30 ft of tidal wetland or eel grass
90928,Water,Water,0.011455817094523422,FALSE,TRUE,FALSE,,FALSE,Marine_open_water,Hard_marine_barrier,,TRUE,ASSIGNED,Within 30 ft of tidal wetland or eel grass
90929,Water,Water,0.10324195084784085,FALSE,TRUE,FALSE,,FALSE,Marine_open_water,Hard_marine_barrier,,TRUE,ASSIGNED,Within 30 ft of tidal wetland or eel grass
90930,Water,Water,0.025374620384192324,FALSE,TRUE,FALSE,,FALSE,Marine_open_water,Hard_marine_barrier,,TRUE,ASSIGNED,Within 30 ft of tidal wetland or eel grass
90931,Water,Water,0.18271329498606206,FALSE,TRUE,FALSE,,FALSE,Marine_open_water,Hard_marine_barrier,,TRUE,ASSIGNED,Within 30 ft of tidal wetland or eel grass
90932,Water,Water,0.10303151400130878,FALSE,TRUE,FALSE,,FALSE,Marine_open_water,Hard_marine_barrier,,TRUE,ASSIGNED,Within 30 ft of tidal wetland or eel grass
90933,Water,Water,0.012351612343567027,FALSE,TRUE,FALSE,,FALSE,Marine_open_water,Hard_marine_barrier,,TRUE,ASSIGNED,Within 30 ft of tidal wetland or eel grass
90934,Water,Water,0.01996137555193523,FALSE,TRUE,FALSE,,FALSE,Marine_open_water,Hard_marine_barrier,,TRUE,ASSIGNED,Within 30 ft of tidal wetland or eel grass
90935,Water,Water,0.08307420770099534,FALSE,TRUE,FALSE,,FALSE,Marine_open_water,Hard_marine_barrier,,TRUE,ASSIGNED,Within 30 ft of tidal wetland or eel grass
90936,Water,Water,0.014691787307567938,FALSE,TRUE,FALSE,,FALSE,Marine_open_water,Hard_marine_barrier,,TRUE,ASSIGNED,Within 30 ft of tidal wetland or eel grass
90937,Water,Water,0.18148722071166248,FALSE,TRUE,FALSE,,FALSE,Marine_open_water,Hard_marine_barrier,,TRUE,ASSIGNED,Within 30 ft of tidal wetland or eel grass
90938,Water,Water,0.01780100112047378,FALSE,TRUE,FALSE,,FALSE,Marine_open_water,Hard_marine_barrier,,TRUE,ASSIGNED,Within 30 ft of tidal wetland or eel grass
90939,Water,Water,0.56590646893098,FALSE,FALSE,FALSE,,FALSE,UNRESOLVED_WATER_REVIEW,UNRESOLVED_REVIEW,,FALSE,REVIEW_REQUIRED,"No freshwater, tidal, or modeled-site spatial evidence"
90940,Water,Water,0.010855449630585027,FALSE,TRUE,FALSE,,FALSE,Marine_open_water,Hard_marine_barrier,,TRUE,ASSIGNED,Within 30 ft of tidal wetland or eel grass
90941,Water,Water,0.013436137986771755,FALSE,FALSE,FALSE,,FALSE,UNRESOLVED_WATER_REVIEW,UNRESOLVED_REVIEW,,FALSE,REVIEW_REQUIRED,"No freshwater, tidal, or modeled-site spatial evidence"
90942,Water,Water,0.02354517950660328,FALSE,FALSE,FALSE,,FALSE,UNRESOLVED_WATER_REVIEW,UNRESOLVED_REVIEW,,FALSE,REVIEW_REQUIRED,"No freshwater, tidal, or modeled-site spatial evidence"
90943,Water,Water,0.03918364628398563,FALSE,FALSE,FALSE,,FALSE,UNRESOLVED_WATER_REVIEW,UNRESOLVED_REVIEW,,FALSE,REVIEW_REQUIRED,"No freshwater, tidal, or modeled-site spatial evidence"
90944,Water,Water,0.09264687405125605,FALSE,TRUE,FALSE,,FALSE,Marine_open_water,Hard_marine_barrier,,TRUE,ASSIGNED,Within 30 ft of tidal wetland or eel grass
90945,Water,Water,0.052712347989643735,FALSE,TRUE,FALSE,,FALSE,Marine_open_water,Hard_marine_barrier,,TRUE,ASSIGNED,Within 30 ft of tidal wetland or eel grass
90946,Water,Water,0.025723124515551546,FALSE,TRUE,FALSE,,FALSE,Marine_open_water,Hard_marine_barrier,,TRUE,ASSIGNED,Within 30 ft of tidal wetland or eel grass
90947,Water,Water,0.02878295789095784,FALSE,TRUE,FALSE,,FALSE,Marine_open_water,Hard_marine_barrier,,TRUE,ASSIGNED,Within 30 ft of tidal wetland or eel grass
90948,Water,Water,0.09120504931669907,FALSE,TRUE,FALSE,,FALSE,Marine_open_water,Hard_marine_barrier,,TRUE,ASSIGNED,Within 30 ft of tidal wetland or eel grass
90949,Water,Water,0.014500068793679226,FALSE,TRUE,FALSE,,FALSE,Marine_open_water,Hard_marine_barrier,,TRUE,ASSIGNED,Within 30 ft of tidal wetland or eel grass
90950,Water,Water,0.040879761477374495,FALSE,TRUE,FALSE,,FALSE,Marine_open_water,Hard_marine_barrier,,TRUE,ASSIGNED,Within 30 ft of tidal wetland or eel grass
90951,Water,Water,0.052089157926276816,FALSE,TRUE,FALSE,,FALSE,Marine_open_water,Hard_marine_barrier,,TRUE,ASSIGNED,Within 30 ft of tidal wetland or eel grass
90952,Water,Water,0.22340153376934832,FALSE,TRUE,FALSE,,FALSE,Marine_open_water,Hard_marine_barrier,,TRUE,ASSIGNED,Within 30 ft of tidal wetland or eel grass
90953,Water,Water,0.07927033322921058,FALSE,TRUE,FALSE,,FALSE,Marine_open_water,Hard_marine_barrier,,TRUE,ASSIGNED,Within 30 ft of tidal wetland or eel grass
90954,Water,Water,0.09427783923041304,FALSE,TRUE,FALSE,,FALSE,Marine_open_water,Hard_marine_barrier,,TRUE,ASSIGNED,Within 30 ft of tidal wetland or eel grass
90955,Water,Water,0.03719132792222552,FALSE,TRUE,FALSE,,FALSE,Marine_open_water,Hard_marine_barrier,,TRUE,ASSIGNED,Within 30 ft of tidal wetland or eel grass
90956,Water,Water,0.06682746630179912,FALSE,TRUE,FALSE,,FALSE,Marine_open_water,Hard_marine_barrier,,TRUE,ASSIGNED,Within 30 ft of tidal wetland or eel grass
90957,Water,Water,0.009881016922426265,FALSE,TRUE,FALSE,,FALSE,Marine_open_water,Hard_marine_barrier,,TRUE,ASSIGNED,Within 30 ft of tidal wetland or eel grass
90958,Water,Water,0.01483035755917527,FALSE,TRUE,FALSE,,FALSE,Marine_open_water,Hard_marine_barrier,,TRUE,ASSIGNED,Within 30 ft of tidal wetland or eel grass
90959,Water,Water,0.0270379755879425,FALSE,TRUE,FALSE,,FALSE,Marine_open_water,Hard_marine_barrier,,TRUE,ASSIGNED,Within 30 ft of tidal wetland or eel grass
90960,Water,Water,0.3933384977614054,FALSE,FALSE,FALSE,,FALSE,UNRESOLVED_WATER_REVIEW,UNRESOLVED_REVIEW,,FALSE,REVIEW_REQUIRED,"No freshwater, tidal, or modeled-site spatial evidence"
90961,Water,Water,0.09545590683497515,FALSE,TRUE,FALSE,,FALSE,Marine_open_water,Hard_marine_barrier,,TRUE,ASSIGNED,Within 30 ft of tidal wetland or eel grass
90962,Water,Water,0.009857872430375107,FALSE,TRUE,FALSE,,FALSE,Marine_open_water,Hard_marine_barrier,,TRUE,ASSIGNED,Within 30 ft of tidal wetland or eel grass
90963,Water,Water,0.4922487273412834,FALSE,TRUE,FALSE,,FALSE,Marine_open_water,Hard_marine_barrier,,TRUE,ASSIGNED,Within 30 ft of tidal wetland or eel grass
90964,Water,Water,0.976971788881404,FALSE,TRUE,FALSE,,FALSE,Marine_open_water,Hard_marine_barrier,,TRUE,ASSIGNED,Within 30 ft of tidal wetland or eel grass
90965,Water,Water,0.10350723130126686,FALSE,TRUE,FALSE,,FALSE,Marine_open_water,Hard_marine_barrier,,TRUE,ASSIGNED,Within 30 ft of tidal wetland or eel grass
90966,Water,Water,0.033066289604529724,FALSE,FALSE,FALSE,,FALSE,UNRESOLVED_WATER_REVIEW,UNRESOLVED_REVIEW,,FALSE,REVIEW_REQUIRED,"No freshwater, tidal, or modeled-site spatial evidence"
90967,Water,Water,1.2835317421374126,FALSE,TRUE,FALSE,,FALSE,Marine_open_water,Hard_marine_barrier,,TRUE,ASSIGNED,Within 30 ft of tidal wetland or eel grass
90968,Water,Water,0.014217612693664233,FALSE,FALSE,FALSE,,FALSE,UNRESOLVED_WATER_REVIEW,UNRESOLVED_REVIEW,,FALSE,REVIEW_REQUIRED,"No freshwater, tidal, or modeled-site spatial evidence"
90969,Water,Water,0.3440922422909447,FALSE,FALSE,FALSE,,FALSE,UNRESOLVED_WATER_REVIEW,UNRESOLVED_REVIEW,,FALSE,REVIEW_REQUIRED,"No freshwater, tidal, or modeled-site spatial evidence"
90970,Water,Water,0.01717599714879795,FALSE,FALSE,FALSE,,FALSE,UNRESOLVED_WATER_REVIEW,UNRESOLVED_REVIEW,,FALSE,REVIEW_REQUIRED,"No freshwater, tidal, or modeled-site spatial evidence"
90971,Water,Water,0.03724412927460307,FALSE,FALSE,FALSE,,FALSE,UNRESOLVED_WATER_REVIEW,UNRESOLVED_REVIEW,,FALSE,REVIEW_REQUIRED,"No freshwater, tidal, or modeled-site spatial evidence"
90972,Water,Water,0.026005397923890904,FALSE,TRUE,FALSE,,FALSE,Marine_open_water,Hard_marine_barrier,,TRUE,ASSIGNED,Within 30 ft of tidal wetland or eel grass
90973,Water,Water,0.04732194915175632,FALSE,TRUE,FALSE,,FALSE,Marine_open_water,Hard_marine_barrier,,TRUE,ASSIGNED,Within 30 ft of tidal wetland or eel grass
90974,Water,Water,0.10632760845674616,FALSE,TRUE,FALSE,,FALSE,Marine_open_water,Hard_marine_barrier,,TRUE,ASSIGNED,Within 30 ft of tidal wetland or eel grass
90975,Water,Water,0.2923453857294306,FALSE,TRUE,FALSE,,FALSE,Marine_open_water,Hard_marine_barrier,,TRUE,ASSIGNED,Within 30 ft of tidal wetland or eel grass
90976,Water,Water,0.021700941802922615,FALSE,TRUE,FALSE,,FALSE,Marine_open_water,Hard_marine_barrier,,TRUE,ASSIGNED,Within 30 ft of tidal wetland or eel grass
90977,Water,Water,0.02572953098708808,FALSE,TRUE,FALSE,,FALSE,Marine_open_water,Hard_marine_barrier,,TRUE,ASSIGNED,Within 30 ft of tidal wetland or eel grass
90978,Water,Water,0.04108878346579729,FALSE,TRUE,FALSE,,FALSE,Marine_open_water,Hard_marine_barrier,,TRUE,ASSIGNED,Within 30 ft of tidal wetland or eel grass
90979,Water,Water,0.01381913368406773,FALSE,TRUE,FALSE,,FALSE,Marine_open_water,Hard_marine_barrier,,TRUE,ASSIGNED,Within 30 ft of tidal wetland or eel grass
90980,Water,Water,0.15189432735598307,FALSE,TRUE,FALSE,,FALSE,Marine_open_water,Hard_marine_barrier,,TRUE,ASSIGNED,Within 30 ft of tidal wetland or eel grass
90981,Water,Water,0.040587532781808405,FALSE,TRUE,FALSE,,FALSE,Marine_open_water,Hard_marine_barrier,,TRUE,ASSIGNED,Within 30 ft of tidal wetland or eel grass
90982,Water,Water,0.015748330028884715,FALSE,TRUE,FALSE,,FALSE,Marine_open_water,Hard_marine_barrier,,TRUE,ASSIGNED,Within 30 ft of tidal wetland or eel grass
90983,Water,Water,0.03285135680873965,FALSE,TRUE,FALSE,,FALSE,Marine_open_water,Hard_marine_barrier,,TRUE,ASSIGNED,Within 30 ft of tidal wetland or eel grass
90984,Water,Water,0.7979907676500289,FALSE,TRUE,FALSE,,FALSE,Marine_open_water,Hard_marine_barrier,,TRUE,ASSIGNED,Within 30 ft of tidal wetland or eel grass
90985,Water,Water,0.037795371923192274,FALSE,TRUE,FALSE,,FALSE,Marine_open_water,Hard_marine_barrier,,TRUE,ASSIGNED,Within 30 ft of tidal wetland or eel grass
90986,Water,Water,3.3204852209753466,FALSE,TRUE,FALSE,,FALSE,Marine_open_water,Hard_marine_barrier,,TRUE,ASSIGNED,Within 30 ft of tidal wetland or eel grass
90987,Water,Water,0.030372173849435843,FALSE,TRUE,FALSE,,FALSE,Marine_open_water,Hard_marine_barrier,,TRUE,ASSIGNED,Within 30 ft of tidal wetland or eel grass
90988,Water,Water,0.055380889233480446,FALSE,TRUE,FALSE,,FALSE,Marine_open_water,Hard_marine_barrier,,TRUE,ASSIGNED,Within 30 ft of tidal wetland or eel grass
90989,Water,Water,0.011137566714833376,FALSE,TRUE,FALSE,,FALSE,Marine_open_water,Hard_marine_barrier,,TRUE,ASSIGNED,Within 30 ft of tidal wetland or eel grass
90990,Water,Water,0.013052462600343656,FALSE,TRUE,FALSE,,FALSE,Marine_open_water,Hard_marine_barrier,,TRUE,ASSIGNED,Within 30 ft of tidal wetland or eel grass
90991,Water,Water,0.020351436931855538,FALSE,TRUE,FALSE,,FALSE,Marine_open_water,Hard_marine_barrier,,TRUE,ASSIGNED,Within 30 ft of tidal wetland or eel grass
90992,Water,Water,0.134702729181948,FALSE,TRUE,FALSE,,FALSE,Marine_open_water,Hard_marine_barrier,,TRUE,ASSIGNED,Within 30 ft of tidal wetland or eel grass
90993,Water,Water,1.0945579517187416,FALSE,TRUE,FALSE,,FALSE,Marine_open_water,Hard_marine_barrier,,TRUE,ASSIGNED,Within 30 ft of tidal wetland or eel grass
90994,Water,Water,0.010996659502662718,FALSE,FALSE,FALSE,,FALSE,UNRESOLVED_WATER_REVIEW,UNRESOLVED_REVIEW,,FALSE,REVIEW_REQUIRED,"No freshwater, tidal, or modeled-site spatial evidence"
90995,Water,Water,0.027471035180229527,FALSE,TRUE,FALSE,,FALSE,Marine_open_water,Hard_marine_barrier,,TRUE,ASSIGNED,Within 30 ft of tidal wetland or eel grass
90996,Water,Water,0.010463358203564454,FALSE,TRUE,FALSE,,FALSE,Marine_open_water,Hard_marine_barrier,,TRUE,ASSIGNED,Within 30 ft of tidal wetland or eel grass
90997,Water,Water,0.03440745191621115,FALSE,TRUE,FALSE,,FALSE,Marine_open_water,Hard_marine_barrier,,TRUE,ASSIGNED,Within 30 ft of tidal wetland or eel grass
90998,Water,Water,0.01331942781639107,FALSE,TRUE,FALSE,,FALSE,Marine_open_water,Hard_marine_barrier,,TRUE,ASSIGNED,Within 30 ft of tidal wetland or eel grass
90999,Water,Water,1.1341394386755281,FALSE,TRUE,FALSE,,FALSE,Marine_open_water,Hard_marine_barrier,,TRUE,ASSIGNED,Within 30 ft of tidal wetland or eel grass
91000,Water,Water,0.04275518613103239,FALSE,TRUE,FALSE,,FALSE,Marine_open_water,Hard_marine_barrier,,TRUE,ASSIGNED,Within 30 ft of tidal wetland or eel grass
91001,Water,Water,0.6665281386771124,FALSE,FALSE,FALSE,,FALSE,UNRESOLVED_WATER_REVIEW,UNRESOLVED_REVIEW,,FALSE,REVIEW_REQUIRED,"No freshwater, tidal, or modeled-site spatial evidence"
91002,Water,Water,0.05415424669268602,FALSE,TRUE,FALSE,,FALSE,Marine_open_water,Hard_marine_barrier,,TRUE,ASSIGNED,Within 30 ft of tidal wetland or eel grass
91003,Water,Water,0.02552706510308142,FALSE,TRUE,FALSE,,FALSE,Marine_open_water,Hard_marine_barrier,,TRUE,ASSIGNED,Within 30 ft of tidal wetland or eel grass
91004,Water,Water,0.17999494394103227,FALSE,TRUE,FALSE,,FALSE,Marine_open_water,Hard_marine_barrier,,TRUE,ASSIGNED,Within 30 ft of tidal wetland or eel grass
91005,Water,Water,2.306687043334577,FALSE,TRUE,FALSE,,FALSE,Marine_open_water,Hard_marine_barrier,,TRUE,ASSIGNED,Within 30 ft of tidal wetland or eel grass
91006,Water,Water,0.021780422679333132,FALSE,TRUE,FALSE,,FALSE,Marine_open_water,Hard_marine_barrier,,TRUE,ASSIGNED,Within 30 ft of tidal wetland or eel grass
91007,Water,Water,0.022708145138034246,FALSE,TRUE,FALSE,,FALSE,Marine_open_water,Hard_marine_barrier,,TRUE,ASSIGNED,Within 30 ft of tidal wetland or eel grass
91008,Water,Water,0.0832129013686677,FALSE,FALSE,FALSE,,FALSE,UNRESOLVED_WATER_REVIEW,UNRESOLVED_REVIEW,,FALSE,REVIEW_REQUIRED,"No freshwater, tidal, or modeled-site spatial evidence"
91009,Water,Water,0.05288959381831447,FALSE,FALSE,FALSE,,FALSE,UNRESOLVED_WATER_REVIEW,UNRESOLVED_REVIEW,,FALSE,REVIEW_REQUIRED,"No freshwater, tidal, or modeled-site spatial evidence"
91010,Water,Water,0.0961465303048913,FALSE,TRUE,FALSE,,FALSE,Marine_open_water,Hard_marine_barrier,,TRUE,ASSIGNED,Within 30 ft of tidal wetland or eel grass
91011,Water,Water,0.037464593933426445,FALSE,TRUE,FALSE,,FALSE,Marine_open_water,Hard_marine_barrier,,TRUE,ASSIGNED,Within 30 ft of tidal wetland or eel grass
91012,Water,Water,0.01613583199492581,FALSE,TRUE,FALSE,,FALSE,Marine_open_water,Hard_marine_barrier,,TRUE,ASSIGNED,Within 30 ft of tidal wetland or eel grass
91013,Water,Water,0.07643313858420425,FALSE,FALSE,FALSE,,FALSE,UNRESOLVED_WATER_REVIEW,UNRESOLVED_REVIEW,,FALSE,REVIEW_REQUIRED,"No freshwater, tidal, or modeled-site spatial evidence"
91014,Water,Water,0.015226496210119898,FALSE,TRUE,FALSE,,FALSE,Marine_open_water,Hard_marine_barrier,,TRUE,ASSIGNED,Within 30 ft of tidal wetland or eel grass
91015,Water,Water,0.02087138620828357,FALSE,TRUE,FALSE,,FALSE,Marine_open_water,Hard_marine_barrier,,TRUE,ASSIGNED,Within 30 ft of tidal wetland or eel grass
91016,Water,Water,0.011591196385484944,FALSE,TRUE,FALSE,,FALSE,Marine_open_water,Hard_marine_barrier,,TRUE,ASSIGNED,Within 30 ft of tidal wetland or eel grass
91017,Water,Water,0.03456460971877548,FALSE,TRUE,FALSE,,FALSE,Marine_open_water,Hard_marine_barrier,,TRUE,ASSIGNED,Within 30 ft of tidal wetland or eel grass
91018,Water,Water,0.2695834733082966,FALSE,TRUE,FALSE,,FALSE,Marine_open_water,Hard_marine_barrier,,TRUE,ASSIGNED,Within 30 ft of tidal wetland or eel grass
91019,Water,Water,0.10424724069861997,FALSE,TRUE,FALSE,,FALSE,Marine_open_water,Hard_marine_barrier,,TRUE,ASSIGNED,Within 30 ft of tidal wetland or eel grass
91020,Water,Water,0.024659698742248246,FALSE,TRUE,FALSE,,FALSE,Marine_open_water,Hard_marine_barrier,,TRUE,ASSIGNED,Within 30 ft of tidal wetland or eel grass
91021,Water,Water,0.011536540994337714,FALSE,TRUE,FALSE,,FALSE,Marine_open_water,Hard_marine_barrier,,TRUE,ASSIGNED,Within 30 ft of tidal wetland or eel grass
91022,Water,Water,0.014275889146140471,FALSE,TRUE,FALSE,,FALSE,Marine_open_water,Hard_marine_barrier,,TRUE,ASSIGNED,Within 30 ft of tidal wetland or eel grass
91023,Water,Water,0.03303479213180993,FALSE,TRUE,FALSE,,FALSE,Marine_open_water,Hard_marine_barrier,,TRUE,ASSIGNED,Within 30 ft of tidal wetland or eel grass
91024,Water,Water,0.1611024625860664,FALSE,TRUE,FALSE,,FALSE,Marine_open_water,Hard_marine_barrier,,TRUE,ASSIGNED,Within 30 ft of tidal wetland or eel grass
91025,Water,Water,0.10488686770504971,FALSE,TRUE,FALSE,,FALSE,Marine_open_water,Hard_marine_barrier,,TRUE,ASSIGNED,Within 30 ft of tidal wetland or eel grass
91026,Water,Water,0.9593338534659283,FALSE,TRUE,FALSE,,FALSE,Marine_open_water,Hard_marine_barrier,,TRUE,ASSIGNED,Within 30 ft of tidal wetland or eel grass
91027,Water,Water,0.03922027502636854,FALSE,TRUE,FALSE,,FALSE,Marine_open_water,Hard_marine_barrier,,TRUE,ASSIGNED,Within 30 ft of tidal wetland or eel grass
91028,Water,Water,0.17890340421199946,FALSE,TRUE,FALSE,,FALSE,Marine_open_water,Hard_marine_barrier,,TRUE,ASSIGNED,Within 30 ft of tidal wetland or eel grass
91029,Water,Water,0.2068906928946769,FALSE,TRUE,FALSE,,FALSE,Marine_open_water,Hard_marine_barrier,,TRUE,ASSIGNED,Within 30 ft of tidal wetland or eel grass
91030,Water,Water,0.01735746408941838,FALSE,TRUE,FALSE,,FALSE,Marine_open_water,Hard_marine_barrier,,TRUE,ASSIGNED,Within 30 ft of tidal wetland or eel grass
91031,Water,Water,0.06813015179953194,FALSE,TRUE,FALSE,,FALSE,Marine_open_water,Hard_marine_barrier,,TRUE,ASSIGNED,Within 30 ft of tidal wetland or eel grass
91032,Water,Water,0.014355997430248936,FALSE,TRUE,FALSE,,FALSE,Marine_open_water,Hard_marine_barrier,,TRUE,ASSIGNED,Within 30 ft of tidal wetland or eel grass
91033,Water,Water,0.00939121044362927,FALSE,TRUE,FALSE,,FALSE,Marine_open_water,Hard_marine_barrier,,TRUE,ASSIGNED,Within 30 ft of tidal wetland or eel grass
91034,Water,Water,1.663848153111051,FALSE,TRUE,FALSE,,FALSE,Marine_open_water,Hard_marine_barrier,,TRUE,ASSIGNED,Within 30 ft of tidal wetland or eel grass
91035,Water,Water,0.013556228258279382,FALSE,TRUE,FALSE,,FALSE,Marine_open_water,Hard_marine_barrier,,TRUE,ASSIGNED,Within 30 ft of tidal wetland or eel grass
91036,Water,Water,0.012988425996627063,FALSE,TRUE,FALSE,,FALSE,Marine_open_water,Hard_marine_barrier,,TRUE,ASSIGNED,Within 30 ft of tidal wetland or eel grass
91037,Water,Water,0.019906568882487683,FALSE,TRUE,FALSE,,FALSE,Marine_open_water,Hard_marine_barrier,,TRUE,ASSIGNED,Within 30 ft of tidal wetland or eel grass
91038,Water,Water,0.08783076183699234,FALSE,TRUE,FALSE,,FALSE,Marine_open_water,Hard_marine_barrier,,TRUE,ASSIGNED,Within 30 ft of tidal wetland or eel grass
91039,Water,Water,0.020698778155282132,FALSE,TRUE,FALSE,,FALSE,Marine_open_water,Hard_marine_barrier,,TRUE,ASSIGNED,Within 30 ft of tidal wetland or eel grass
91040,Water,Water,0.037927415285682956,FALSE,TRUE,FALSE,,FALSE,Marine_open_water,Hard_marine_barrier,,TRUE,ASSIGNED,Within 30 ft of tidal wetland or eel grass
91041,Water,Water,0.1353260745912473,FALSE,TRUE,FALSE,,FALSE,Marine_open_water,Hard_marine_barrier,,TRUE,ASSIGNED,Within 30 ft of tidal wetland or eel grass
91042,Water,Water,0.04893661734239378,FALSE,TRUE,FALSE,,FALSE,Marine_open_water,Hard_marine_barrier,,TRUE,ASSIGNED,Within 30 ft of tidal wetland or eel grass
91043,Water,Water,0.009264309174754435,FALSE,TRUE,FALSE,,FALSE,Marine_open_water,Hard_marine_barrier,,TRUE,ASSIGNED,Within 30 ft of tidal wetland or eel grass
91044,Water,Water,0.05463933077231115,FALSE,TRUE,FALSE,,FALSE,Marine_open_water,Hard_marine_barrier,,TRUE,ASSIGNED,Within 30 ft of tidal wetland or eel grass
91045,Water,Water,0.029475131129294934,FALSE,TRUE,FALSE,,FALSE,Marine_open_water,Hard_marine_barrier,,TRUE,ASSIGNED,Within 30 ft of tidal wetland or eel grass
91046,Water,Water,0.05629550925654482,FALSE,TRUE,FALSE,,FALSE,Marine_open_water,Hard_marine_barrier,,TRUE,ASSIGNED,Within 30 ft of tidal wetland or eel grass
91047,Water,Water,0.15286893070566493,FALSE,TRUE,FALSE,,FALSE,Marine_open_water,Hard_marine_barrier,,TRUE,ASSIGNED,Within 30 ft of tidal wetland or eel grass
91048,Water,Water,0.12921943036365707,FALSE,TRUE,FALSE,,FALSE,Marine_open_water,Hard_marine_barrier,,TRUE,ASSIGNED,Within 30 ft of tidal wetland or eel grass
91049,Water,Water,0.011709300979437794,FALSE,TRUE,FALSE,,FALSE,Marine_open_water,Hard_marine_barrier,,TRUE,ASSIGNED,Within 30 ft of tidal wetland or eel grass
91050,Water,Water,0.01742104931072348,FALSE,TRUE,FALSE,,FALSE,Marine_open_water,Hard_marine_barrier,,TRUE,ASSIGNED,Within 30 ft of tidal wetland or eel grass
91051,Water,Water,0.07995345569938214,FALSE,TRUE,FALSE,,FALSE,Marine_open_water,Hard_marine_barrier,,TRUE,ASSIGNED,Within 30 ft of tidal wetland or eel grass
91052,Water,Water,0.1014864052451992,FALSE,TRUE,FALSE,,FALSE,Marine_open_water,Hard_marine_barrier,,TRUE,ASSIGNED,Within 30 ft of tidal wetland or eel grass
91053,Water,Water,0.024841549244979767,FALSE,TRUE,FALSE,,FALSE,Marine_open_water,Hard_marine_barrier,,TRUE,ASSIGNED,Within 30 ft of tidal wetland or eel grass
91054,Water,Water,0.028990206598609954,FALSE,TRUE,FALSE,,FALSE,Marine_open_water,Hard_marine_barrier,,TRUE,ASSIGNED,Within 30 ft of tidal wetland or eel grass
91055,Water,Water,0.009502188819518786,FALSE,TRUE,FALSE,,FALSE,Marine_open_water,Hard_marine_barrier,,TRUE,ASSIGNED,Within 30 ft of tidal wetland or eel grass
91056,Water,Water,0.27583714139984694,FALSE,TRUE,FALSE,,FALSE,Marine_open_water,Hard_marine_barrier,,TRUE,ASSIGNED,Within 30 ft of tidal wetland or eel grass
91057,Water,Water,0.08984839016770085,FALSE,TRUE,FALSE,,FALSE,Marine_open_water,Hard_marine_barrier,,TRUE,ASSIGNED,Within 30 ft of tidal wetland or eel grass
91058,Water,Water,0.7844988205072739,FALSE,TRUE,FALSE,,FALSE,Marine_open_water,Hard_marine_barrier,,TRUE,ASSIGNED,Within 30 ft of tidal wetland or eel grass
91059,Water,Water,4.1008560845683135,FALSE,TRUE,FALSE,,FALSE,Marine_open_water,Hard_marine_barrier,,TRUE,ASSIGNED,Within 30 ft of tidal wetland or eel grass
91060,Water,Water,0.14225610753293605,FALSE,TRUE,FALSE,,FALSE,Marine_open_water,Hard_marine_barrier,,TRUE,ASSIGNED,Within 30 ft of tidal wetland or eel grass
91061,Water,Water,0.018652062294322865,FALSE,TRUE,FALSE,,FALSE,Marine_open_water,Hard_marine_barrier,,TRUE,ASSIGNED,Within 30 ft of tidal wetland or eel grass
91062,Water,Water,0.010479490367708984,FALSE,TRUE,FALSE,,FALSE,Marine_open_water,Hard_marine_barrier,,TRUE,ASSIGNED,Within 30 ft of tidal wetland or eel grass
91063,Water,Water,0.046208722457867134,FALSE,TRUE,FALSE,,FALSE,Marine_open_water,Hard_marine_barrier,,TRUE,ASSIGNED,Within 30 ft of tidal wetland or eel grass
91064,Water,Water,0.05419016924509283,FALSE,TRUE,FALSE,,FALSE,Marine_open_water,Hard_marine_barrier,,TRUE,ASSIGNED,Within 30 ft of tidal wetland or eel grass
91065,Water,Water,0.010597253503941662,FALSE,TRUE,FALSE,,FALSE,Marine_open_water,Hard_marine_barrier,,TRUE,ASSIGNED,Within 30 ft of tidal wetland or eel grass
91066,Water,Water,0.04526877020466927,FALSE,TRUE,FALSE,,FALSE,Marine_open_water,Hard_marine_barrier,,TRUE,ASSIGNED,Within 30 ft of tidal wetland or eel grass
91067,Water,Water,0.032084643627591315,FALSE,TRUE,FALSE,,FALSE,Marine_open_water,Hard_marine_barrier,,TRUE,ASSIGNED,Within 30 ft of tidal wetland or eel grass
91068,Water,Water,0.028355015144890215,FALSE,TRUE,FALSE,,FALSE,Marine_open_water,Hard_marine_barrier,,TRUE,ASSIGNED,Within 30 ft of tidal wetland or eel grass
91069,Water,Water,0.01672133152197254,FALSE,TRUE,FALSE,,FALSE,Marine_open_water,Hard_marine_barrier,,TRUE,ASSIGNED,Within 30 ft of tidal wetland or eel grass
91070,Water,Water,0.017132284887888552,FALSE,TRUE,FALSE,,FALSE,Marine_open_water,Hard_marine_barrier,,TRUE,ASSIGNED,Within 30 ft of tidal wetland or eel grass
91071,Water,Water,0.017560373713786447,FALSE,TRUE,FALSE,,FALSE,Marine_open_water,Hard_marine_barrier,,TRUE,ASSIGNED,Within 30 ft of tidal wetland or eel grass
91072,Water,Water,0.1079489488261333,FALSE,TRUE,FALSE,,FALSE,Marine_open_water,Hard_marine_barrier,,TRUE,ASSIGNED,Within 30 ft of tidal wetland or eel grass
91073,Water,Water,0.00979981177432984,FALSE,TRUE,FALSE,,FALSE,Marine_open_water,Hard_marine_barrier,,TRUE,ASSIGNED,Within 30 ft of tidal wetland or eel grass
91074,Water,Water,0.02068650295504852,FALSE,TRUE,FALSE,,FALSE,Marine_open_water,Hard_marine_barrier,,TRUE,ASSIGNED,Within 30 ft of tidal wetland or eel grass
91075,Water,Water,0.05835446996244703,FALSE,TRUE,FALSE,,FALSE,Marine_open_water,Hard_marine_barrier,,TRUE,ASSIGNED,Within 30 ft of tidal wetland or eel grass
91076,Water,Water,0.04966677306949189,FALSE,TRUE,FALSE,,FALSE,Marine_open_water,Hard_marine_barrier,,TRUE,ASSIGNED,Within 30 ft of tidal wetland or eel grass
91077,Water,Water,0.09356331623604268,FALSE,TRUE,FALSE,,FALSE,Marine_open_water,Hard_marine_barrier,,TRUE,ASSIGNED,Within 30 ft of tidal wetland or eel grass
91078,Water,Water,0.13942101668543963,FALSE,TRUE,FALSE,,FALSE,Marine_open_water,Hard_marine_barrier,,TRUE,ASSIGNED,Within 30 ft of tidal wetland or eel grass
91079,Water,Water,0.05537353324488462,FALSE,TRUE,FALSE,,FALSE,Marine_open_water,Hard_marine_barrier,,TRUE,ASSIGNED,Within 30 ft of tidal wetland or eel grass
91080,Water,Water,0.02140130018278852,FALSE,TRUE,FALSE,,FALSE,Marine_open_water,Hard_marine_barrier,,TRUE,ASSIGNED,Within 30 ft of tidal wetland or eel grass
91081,Water,Water,0.14657720989941442,FALSE,TRUE,FALSE,,FALSE,Marine_open_water,Hard_marine_barrier,,TRUE,ASSIGNED,Within 30 ft of tidal wetland or eel grass
91082,Water,Water,1.7572932988412286,FALSE,TRUE,FALSE,,FALSE,Marine_open_water,Hard_marine_barrier,,TRUE,ASSIGNED,Within 30 ft of tidal wetland or eel grass
91083,Water,Water,0.011033418726322946,FALSE,TRUE,FALSE,,FALSE,Marine_open_water,Hard_marine_barrier,,TRUE,ASSIGNED,Within 30 ft of tidal wetland or eel grass
91084,Water,Water,0.21655892407809973,FALSE,TRUE,FALSE,,FALSE,Marine_open_water,Hard_marine_barrier,,TRUE,ASSIGNED,Within 30 ft of tidal wetland or eel grass
91085,Water,Water,0.02909123202587439,FALSE,TRUE,FALSE,,FALSE,Marine_open_water,Hard_marine_barrier,,TRUE,ASSIGNED,Within 30 ft of tidal wetland or eel grass
91086,Water,Water,0.06143064416410064,FALSE,TRUE,FALSE,,FALSE,Marine_open_water,Hard_marine_barrier,,TRUE,ASSIGNED,Within 30 ft of tidal wetland or eel grass
91087,Water,Water,0.41888116049230156,FALSE,TRUE,FALSE,,FALSE,Marine_open_water,Hard_marine_barrier,,TRUE,ASSIGNED,Within 30 ft of tidal wetland or eel grass
91088,Water,Water,0.046972879188279866,FALSE,TRUE,FALSE,,FALSE,Marine_open_water,Hard_marine_barrier,,TRUE,ASSIGNED,Within 30 ft of tidal wetland or eel grass
91089,Water,Water,0.1391608355190713,FALSE,TRUE,FALSE,,FALSE,Marine_open_water,Hard_marine_barrier,,TRUE,ASSIGNED,Within 30 ft of tidal wetland or eel grass
91090,Water,Water,0.07707368992364126,FALSE,TRUE,FALSE,,FALSE,Marine_open_water,Hard_marine_barrier,,TRUE,ASSIGNED,Within 30 ft of tidal wetland or eel grass
91091,Water,Water,0.9004107746625154,FALSE,TRUE,FALSE,,FALSE,Marine_open_water,Hard_marine_barrier,,TRUE,ASSIGNED,Within 30 ft of tidal wetland or eel grass
91092,Water,Water,0.054453383901041465,FALSE,TRUE,FALSE,,FALSE,Marine_open_water,Hard_marine_barrier,,TRUE,ASSIGNED,Within 30 ft of tidal wetland or eel grass
91093,Water,Water,0.1448177561002413,FALSE,TRUE,FALSE,,FALSE,Marine_open_water,Hard_marine_barrier,,TRUE,ASSIGNED,Within 30 ft of tidal wetland or eel grass
91094,Water,Water,0.013275239174004949,FALSE,FALSE,FALSE,,FALSE,UNRESOLVED_WATER_REVIEW,UNRESOLVED_REVIEW,,FALSE,REVIEW_REQUIRED,"No freshwater, tidal, or modeled-site spatial evidence"
91095,Water,Water,0.012034012562901389,FALSE,TRUE,FALSE,,FALSE,Marine_open_water,Hard_marine_barrier,,TRUE,ASSIGNED,Within 30 ft of tidal wetland or eel grass
91096,Water,Water,0.009274541779008176,FALSE,TRUE,FALSE,,FALSE,Marine_open_water,Hard_marine_barrier,,TRUE,ASSIGNED,Within 30 ft of tidal wetland or eel grass
91097,Water,Water,7.1286861205062,FALSE,TRUE,FALSE,,FALSE,Marine_open_water,Hard_marine_barrier,,TRUE,ASSIGNED,Within 30 ft of tidal wetland or eel grass
91098,Water,Water,0.09447487826509553,FALSE,TRUE,FALSE,,FALSE,Marine_open_water,Hard_marine_barrier,,TRUE,ASSIGNED,Within 30 ft of tidal wetland or eel grass
91099,Water,Water,0.033630594758707194,FALSE,TRUE,FALSE,,FALSE,Marine_open_water,Hard_marine_barrier,,TRUE,ASSIGNED,Within 30 ft of tidal wetland or eel grass
91100,Water,Water,0.33143984534528453,FALSE,TRUE,FALSE,,FALSE,Marine_open_water,Hard_marine_barrier,,TRUE,ASSIGNED,Within 30 ft of tidal wetland or eel grass
91101,Water,Water,0.3920796513138704,FALSE,TRUE,FALSE,,FALSE,Marine_open_water,Hard_marine_barrier,,TRUE,ASSIGNED,Within 30 ft of tidal wetland or eel grass
91102,Water,Water,0.04338391072936723,FALSE,TRUE,FALSE,,FALSE,Marine_open_water,Hard_marine_barrier,,TRUE,ASSIGNED,Within 30 ft of tidal wetland or eel grass
91103,Water,Water,0.031425070852627315,FALSE,TRUE,FALSE,,FALSE,Marine_open_water,Hard_marine_barrier,,TRUE,ASSIGNED,Within 30 ft of tidal wetland or eel grass
91104,Water,Water,0.16287038102819557,FALSE,TRUE,FALSE,,FALSE,Marine_open_water,Hard_marine_barrier,,TRUE,ASSIGNED,Within 30 ft of tidal wetland or eel grass
91105,Water,Water,0.05901377864316104,FALSE,TRUE,FALSE,,FALSE,Marine_open_water,Hard_marine_barrier,,TRUE,ASSIGNED,Within 30 ft of tidal wetland or eel grass
91106,Water,Water,0.016898195978672773,FALSE,TRUE,FALSE,,FALSE,Marine_open_water,Hard_marine_barrier,,TRUE,ASSIGNED,Within 30 ft of tidal wetland or eel grass
91107,Water,Water,0.019258788865041447,FALSE,TRUE,FALSE,,FALSE,Marine_open_water,Hard_marine_barrier,,TRUE,ASSIGNED,Within 30 ft of tidal wetland or eel grass
91108,Water,Water,0.911944884808096,FALSE,TRUE,FALSE,,FALSE,Marine_open_water,Hard_marine_barrier,,TRUE,ASSIGNED,Within 30 ft of tidal wetland or eel grass
91109,Water,Water,0.016900135762430366,FALSE,TRUE,FALSE,,FALSE,Marine_open_water,Hard_marine_barrier,,TRUE,ASSIGNED,Within 30 ft of tidal wetland or eel grass
91110,Water,Water,0.024114199850901238,FALSE,FALSE,FALSE,,FALSE,UNRESOLVED_WATER_REVIEW,UNRESOLVED_REVIEW,,FALSE,REVIEW_REQUIRED,"No freshwater, tidal, or modeled-site spatial evidence"
91111,Water,Water,0.09993504543014527,FALSE,TRUE,FALSE,,FALSE,Marine_open_water,Hard_marine_barrier,,TRUE,ASSIGNED,Within 30 ft of tidal wetland or eel grass
91112,Water,Water,0.013105727275366004,FALSE,TRUE,FALSE,,FALSE,Marine_open_water,Hard_marine_barrier,,TRUE,ASSIGNED,Within 30 ft of tidal wetland or eel grass
91113,Water,Water,0.06760760596116404,FALSE,TRUE,FALSE,,FALSE,Marine_open_water,Hard_marine_barrier,,TRUE,ASSIGNED,Within 30 ft of tidal wetland or eel grass
91114,Water,Water,0.2256740715905053,FALSE,TRUE,FALSE,,FALSE,Marine_open_water,Hard_marine_barrier,,TRUE,ASSIGNED,Within 30 ft of tidal wetland or eel grass
91115,Water,Water,0.09129945144952901,FALSE,TRUE,FALSE,,FALSE,Marine_open_water,Hard_marine_barrier,,TRUE,ASSIGNED,Within 30 ft of tidal wetland or eel grass
91116,Water,Water,0.023748373409911417,FALSE,TRUE,FALSE,,FALSE,Marine_open_water,Hard_marine_barrier,,TRUE,ASSIGNED,Within 30 ft of tidal wetland or eel grass
91117,Water,Water,0.054545723570522946,FALSE,TRUE,FALSE,,FALSE,Marine_open_water,Hard_marine_barrier,,TRUE,ASSIGNED,Within 30 ft of tidal wetland or eel grass
91118,Water,Water,0.014649768980681878,FALSE,TRUE,FALSE,,FALSE,Marine_open_water,Hard_marine_barrier,,TRUE,ASSIGNED,Within 30 ft of tidal wetland or eel grass
91119,Water,Water,1.2057362783812953,FALSE,TRUE,FALSE,,FALSE,Marine_open_water,Hard_marine_barrier,,TRUE,ASSIGNED,Within 30 ft of tidal wetland or eel grass
91120,Water,Water,0.05820326079926677,FALSE,TRUE,FALSE,,FALSE,Marine_open_water,Hard_marine_barrier,,TRUE,ASSIGNED,Within 30 ft of tidal wetland or eel grass
91121,Water,Water,0.03176614604777273,FALSE,TRUE,FALSE,,FALSE,Marine_open_water,Hard_marine_barrier,,TRUE,ASSIGNED,Within 30 ft of tidal wetland or eel grass
91122,Water,Water,0.016227555390097844,FALSE,TRUE,FALSE,,FALSE,Marine_open_water,Hard_marine_barrier,,TRUE,ASSIGNED,Within 30 ft of tidal wetland or eel grass
91123,Water,Water,0.058268419541151244,FALSE,TRUE,FALSE,,FALSE,Marine_open_water,Hard_marine_barrier,,TRUE,ASSIGNED,Within 30 ft of tidal wetland or eel grass
91124,Water,Water,3.0731436053326786,FALSE,TRUE,FALSE,,FALSE,Marine_open_water,Hard_marine_barrier,,TRUE,ASSIGNED,Within 30 ft of tidal wetland or eel grass
91125,Water,Water,0.061362471374722734,FALSE,TRUE,FALSE,,FALSE,Marine_open_water,Hard_marine_barrier,,TRUE,ASSIGNED,Within 30 ft of tidal wetland or eel grass
91126,Water,Water,0.020148896041793426,FALSE,TRUE,FALSE,,FALSE,Marine_open_water,Hard_marine_barrier,,TRUE,ASSIGNED,Within 30 ft of tidal wetland or eel grass
91127,Water,Water,0.02220153509935819,FALSE,TRUE,FALSE,,FALSE,Marine_open_water,Hard_marine_barrier,,TRUE,ASSIGNED,Within 30 ft of tidal wetland or eel grass
91128,Water,Water,0.014334450758015791,FALSE,TRUE,FALSE,,FALSE,Marine_open_water,Hard_marine_barrier,,TRUE,ASSIGNED,Within 30 ft of tidal wetland or eel grass
91129,Water,Water,0.1519891650559114,FALSE,TRUE,FALSE,,FALSE,Marine_open_water,Hard_marine_barrier,,TRUE,ASSIGNED,Within 30 ft of tidal wetland or eel grass
91130,Water,Water,0.1508219273817131,FALSE,TRUE,FALSE,,FALSE,Marine_open_water,Hard_marine_barrier,,TRUE,ASSIGNED,Within 30 ft of tidal wetland or eel grass
91131,Water,Water,0.03109873583887775,FALSE,TRUE,FALSE,,FALSE,Marine_open_water,Hard_marine_barrier,,TRUE,ASSIGNED,Within 30 ft of tidal wetland or eel grass
91132,Water,Water,0.012902280426739465,FALSE,TRUE,FALSE,,FALSE,Marine_open_water,Hard_marine_barrier,,TRUE,ASSIGNED,Within 30 ft of tidal wetland or eel grass
91133,Water,Water,0.016017178437260148,FALSE,TRUE,FALSE,,FALSE,Marine_open_water,Hard_marine_barrier,,TRUE,ASSIGNED,Within 30 ft of tidal wetland or eel grass
91134,Water,Water,0.021399989919258615,FALSE,TRUE,FALSE,,FALSE,Marine_open_water,Hard_marine_barrier,,TRUE,ASSIGNED,Within 30 ft of tidal wetland or eel grass
91135,Water,Water,0.026527360008970238,FALSE,TRUE,FALSE,,FALSE,Marine_open_water,Hard_marine_barrier,,TRUE,ASSIGNED,Within 30 ft of tidal wetland or eel grass
91136,Water,Water,0.036670086345175025,FALSE,TRUE,FALSE,,FALSE,Marine_open_water,Hard_marine_barrier,,TRUE,ASSIGNED,Within 30 ft of tidal wetland or eel grass
91137,Water,Water,0.029614294479130623,FALSE,FALSE,FALSE,,FALSE,UNRESOLVED_WATER_REVIEW,UNRESOLVED_REVIEW,,FALSE,REVIEW_REQUIRED,"No freshwater, tidal, or modeled-site spatial evidence"
91138,Water,Water,0.19945672619979182,FALSE,TRUE,FALSE,,FALSE,Marine_open_water,Hard_marine_barrier,,TRUE,ASSIGNED,Within 30 ft of tidal wetland or eel grass
91139,Water,Water,0.08670008368734594,FALSE,TRUE,FALSE,,FALSE,Marine_open_water,Hard_marine_barrier,,TRUE,ASSIGNED,Within 30 ft of tidal wetland or eel grass
91140,Water,Water,0.08479830121185128,FALSE,TRUE,FALSE,,FALSE,Marine_open_water,Hard_marine_barrier,,TRUE,ASSIGNED,Within 30 ft of tidal wetland or eel grass
91141,Water,Water,0.03408714971262918,FALSE,TRUE,FALSE,,FALSE,Marine_open_water,Hard_marine_barrier,,TRUE,ASSIGNED,Within 30 ft of tidal wetland or eel grass
91142,Water,Water,0.07883522572318857,FALSE,TRUE,FALSE,,FALSE,Marine_open_water,Hard_marine_barrier,,TRUE,ASSIGNED,Within 30 ft of tidal wetland or eel grass
91143,Water,Water,0.2352719478037317,FALSE,TRUE,FALSE,,FALSE,Marine_open_water,Hard_marine_barrier,,TRUE,ASSIGNED,Within 30 ft of tidal wetland or eel grass
91144,Water,Water,0.009992018283607835,FALSE,TRUE,FALSE,,FALSE,Marine_open_water,Hard_marine_barrier,,TRUE,ASSIGNED,Within 30 ft of tidal wetland or eel grass
91145,Water,Water,0.01047946138566405,FALSE,TRUE,FALSE,,FALSE,Marine_open_water,Hard_marine_barrier,,TRUE,ASSIGNED,Within 30 ft of tidal wetland or eel grass
91146,Water,Water,0.026231091118517628,FALSE,TRUE,FALSE,,FALSE,Marine_open_water,Hard_marine_barrier,,TRUE,ASSIGNED,Within 30 ft of tidal wetland or eel grass
91147,Water,Water,0.15845384334428395,FALSE,TRUE,FALSE,,FALSE,Marine_open_water,Hard_marine_barrier,,TRUE,ASSIGNED,Within 30 ft of tidal wetland or eel grass
91148,Water,Water,0.009776103660276227,FALSE,TRUE,FALSE,,FALSE,Marine_open_water,Hard_marine_barrier,,TRUE,ASSIGNED,Within 30 ft of tidal wetland or eel grass
91149,Water,Water,0.048713471544651915,FALSE,TRUE,FALSE,,FALSE,Marine_open_water,Hard_marine_barrier,,TRUE,ASSIGNED,Within 30 ft of tidal wetland or eel grass
91150,Water,Water,0.08665389448796744,FALSE,TRUE,FALSE,,FALSE,Marine_open_water,Hard_marine_barrier,,TRUE,ASSIGNED,Within 30 ft of tidal wetland or eel grass
91151,Water,Water,0.03464720398153143,FALSE,TRUE,FALSE,,FALSE,Marine_open_water,Hard_marine_barrier,,TRUE,ASSIGNED,Within 30 ft of tidal wetland or eel grass
91152,Water,Water,0.015393203606250076,FALSE,TRUE,FALSE,,FALSE,Marine_open_water,Hard_marine_barrier,,TRUE,ASSIGNED,Within 30 ft of tidal wetland or eel grass
91153,Water,Water,0.1119218633671822,FALSE,TRUE,FALSE,,FALSE,Marine_open_water,Hard_marine_barrier,,TRUE,ASSIGNED,Within 30 ft of tidal wetland or eel grass
91154,Water,Water,0.021612741247650523,FALSE,TRUE,FALSE,,FALSE,Marine_open_water,Hard_marine_barrier,,TRUE,ASSIGNED,Within 30 ft of tidal wetland or eel grass
91155,Water,Water,0.015205476046404112,FALSE,TRUE,FALSE,,FALSE,Marine_open_water,Hard_marine_barrier,,TRUE,ASSIGNED,Within 30 ft of tidal wetland or eel grass
91156,Water,Water,0.010223727153276454,FALSE,TRUE,FALSE,,FALSE,Marine_open_water,Hard_marine_barrier,,TRUE,ASSIGNED,Within 30 ft of tidal wetland or eel grass
91157,Water,Water,0.009679233730202236,FALSE,TRUE,FALSE,,FALSE,Marine_open_water,Hard_marine_barrier,,TRUE,ASSIGNED,Within 30 ft of tidal wetland or eel grass
91158,Water,Water,0.46961820791770564,FALSE,TRUE,FALSE,,FALSE,Marine_open_water,Hard_marine_barrier,,TRUE,ASSIGNED,Within 30 ft of tidal wetland or eel grass
91159,Water,Water,0.013891561634475668,FALSE,TRUE,FALSE,,FALSE,Marine_open_water,Hard_marine_barrier,,TRUE,ASSIGNED,Within 30 ft of tidal wetland or eel grass
91160,Water,Water,0.1471169435286346,FALSE,TRUE,FALSE,,FALSE,Marine_open_water,Hard_marine_barrier,,TRUE,ASSIGNED,Within 30 ft of tidal wetland or eel grass
91161,Water,Water,0.242979516757333,FALSE,TRUE,FALSE,,FALSE,Marine_open_water,Hard_marine_barrier,,TRUE,ASSIGNED,Within 30 ft of tidal wetland or eel grass
91162,Water,Water,0.016732576087518193,FALSE,TRUE,FALSE,,FALSE,Marine_open_water,Hard_marine_barrier,,TRUE,ASSIGNED,Within 30 ft of tidal wetland or eel grass
91163,Water,Water,0.014530160577377384,FALSE,TRUE,FALSE,,FALSE,Marine_open_water,Hard_marine_barrier,,TRUE,ASSIGNED,Within 30 ft of tidal wetland or eel grass
91164,Water,Water,0.039418561247269106,FALSE,TRUE,FALSE,,FALSE,Marine_open_water,Hard_marine_barrier,,TRUE,ASSIGNED,Within 30 ft of tidal wetland or eel grass
91165,Water,Water,0.06444695581228398,FALSE,TRUE,FALSE,,FALSE,Marine_open_water,Hard_marine_barrier,,TRUE,ASSIGNED,Within 30 ft of tidal wetland or eel grass
91166,Water,Water,0.010252672651036234,FALSE,TRUE,FALSE,,FALSE,Marine_open_water,Hard_marine_barrier,,TRUE,ASSIGNED,Within 30 ft of tidal wetland or eel grass
91167,Water,Water,0.056725565934062916,FALSE,TRUE,FALSE,,FALSE,Marine_open_water,Hard_marine_barrier,,TRUE,ASSIGNED,Within 30 ft of tidal wetland or eel grass
91168,Water,Water,0.04173414738211102,FALSE,TRUE,FALSE,,FALSE,Marine_open_water,Hard_marine_barrier,,TRUE,ASSIGNED,Within 30 ft of tidal wetland or eel grass
91169,Water,Water,0.039969116760968086,FALSE,TRUE,FALSE,,FALSE,Marine_open_water,Hard_marine_barrier,,TRUE,ASSIGNED,Within 30 ft of tidal wetland or eel grass
91170,Water,Water,0.030208739731468176,FALSE,TRUE,FALSE,,FALSE,Marine_open_water,Hard_marine_barrier,,TRUE,ASSIGNED,Within 30 ft of tidal wetland or eel grass
91171,Water,Water,0.16680814955321419,FALSE,TRUE,FALSE,,FALSE,Marine_open_water,Hard_marine_barrier,,TRUE,ASSIGNED,Within 30 ft of tidal wetland or eel grass
91172,Water,Water,0.042964622084593035,FALSE,TRUE,FALSE,,FALSE,Marine_open_water,Hard_marine_barrier,,TRUE,ASSIGNED,Within 30 ft of tidal wetland or eel grass
91173,Water,Water,0.01818022406577731,FALSE,TRUE,FALSE,,FALSE,Marine_open_water,Hard_marine_barrier,,TRUE,ASSIGNED,Within 30 ft of tidal wetland or eel grass
91174,Water,Water,0.26086818141286916,FALSE,TRUE,FALSE,,FALSE,Marine_open_water,Hard_marine_barrier,,TRUE,ASSIGNED,Within 30 ft of tidal wetland or eel grass
91175,Water,Water,0.030042696526230747,FALSE,TRUE,FALSE,,FALSE,Marine_open_water,Hard_marine_barrier,,TRUE,ASSIGNED,Within 30 ft of tidal wetland or eel grass
91176,Water,Water,0.015417423546115274,FALSE,TRUE,FALSE,,FALSE,Marine_open_water,Hard_marine_barrier,,TRUE,ASSIGNED,Within 30 ft of tidal wetland or eel grass
91177,Water,Water,0.013756160571769378,FALSE,TRUE,FALSE,,FALSE,Marine_open_water,Hard_marine_barrier,,TRUE,ASSIGNED,Within 30 ft of tidal wetland or eel grass
91178,Water,Water,0.03337253671324716,FALSE,TRUE,FALSE,,FALSE,Marine_open_water,Hard_marine_barrier,,TRUE,ASSIGNED,Within 30 ft of tidal wetland or eel grass
91179,Water,Water,0.06813149821968476,FALSE,TRUE,FALSE,,FALSE,Marine_open_water,Hard_marine_barrier,,TRUE,ASSIGNED,Within 30 ft of tidal wetland or eel grass
91180,Water,Water,0.010578173635346987,FALSE,TRUE,FALSE,,FALSE,Marine_open_water,Hard_marine_barrier,,TRUE,ASSIGNED,Within 30 ft of tidal wetland or eel grass
91181,Water,Water,0.03547575350156056,FALSE,TRUE,FALSE,,FALSE,Marine_open_water,Hard_marine_barrier,,TRUE,ASSIGNED,Within 30 ft of tidal wetland or eel grass
91182,Water,Water,0.018868999673428144,FALSE,TRUE,FALSE,,FALSE,Marine_open_water,Hard_marine_barrier,,TRUE,ASSIGNED,Within 30 ft of tidal wetland or eel grass
91183,Water,Water,0.013900324166993069,FALSE,TRUE,FALSE,,FALSE,Marine_open_water,Hard_marine_barrier,,TRUE,ASSIGNED,Within 30 ft of tidal wetland or eel grass
91184,Water,Water,0.02210354077975834,FALSE,TRUE,FALSE,,FALSE,Marine_open_water,Hard_marine_barrier,,TRUE,ASSIGNED,Within 30 ft of tidal wetland or eel grass
91185,Water,Water,0.3005826457091308,FALSE,TRUE,FALSE,,FALSE,Marine_open_water,Hard_marine_barrier,,TRUE,ASSIGNED,Within 30 ft of tidal wetland or eel grass
91186,Water,Water,0.1567980510533546,FALSE,TRUE,FALSE,,FALSE,Marine_open_water,Hard_marine_barrier,,TRUE,ASSIGNED,Within 30 ft of tidal wetland or eel grass
91187,Water,Water,0.6362776189901894,FALSE,TRUE,FALSE,,FALSE,Marine_open_water,Hard_marine_barrier,,TRUE,ASSIGNED,Within 30 ft of tidal wetland or eel grass
91188,Water,Water,0.07462442197001116,FALSE,TRUE,FALSE,,FALSE,Marine_open_water,Hard_marine_barrier,,TRUE,ASSIGNED,Within 30 ft of tidal wetland or eel grass
91189,Water,Water,0.09569661176503291,FALSE,TRUE,FALSE,,FALSE,Marine_open_water,Hard_marine_barrier,,TRUE,ASSIGNED,Within 30 ft of tidal wetland or eel grass
91190,Water,Water,0.014413412163545544,FALSE,TRUE,FALSE,,FALSE,Marine_open_water,Hard_marine_barrier,,TRUE,ASSIGNED,Within 30 ft of tidal wetland or eel grass
91191,Water,Water,0.16590014344816584,FALSE,TRUE,FALSE,,FALSE,Marine_open_water,Hard_marine_barrier,,TRUE,ASSIGNED,Within 30 ft of tidal wetland or eel grass
91192,Water,Water,0.7882034621424897,FALSE,TRUE,FALSE,,FALSE,Marine_open_water,Hard_marine_barrier,,TRUE,ASSIGNED,Within 30 ft of tidal wetland or eel grass
91193,Water,Water,0.05070226530866617,FALSE,TRUE,FALSE,,FALSE,Marine_open_water,Hard_marine_barrier,,TRUE,ASSIGNED,Within 30 ft of tidal wetland or eel grass
91194,Water,Water,0.6162565215325077,FALSE,TRUE,FALSE,,FALSE,Marine_open_water,Hard_marine_barrier,,TRUE,ASSIGNED,Within 30 ft of tidal wetland or eel grass
91195,Water,Water,0.05180219523088258,FALSE,TRUE,FALSE,,FALSE,Marine_open_water,Hard_marine_barrier,,TRUE,ASSIGNED,Within 30 ft of tidal wetland or eel grass
91196,Water,Water,0.010629174519046495,FALSE,TRUE,FALSE,,FALSE,Marine_open_water,Hard_marine_barrier,,TRUE,ASSIGNED,Within 30 ft of tidal wetland or eel grass
91197,Water,Water,0.179726160965714,FALSE,TRUE,FALSE,,FALSE,Marine_open_water,Hard_marine_barrier,,TRUE,ASSIGNED,Within 30 ft of tidal wetland or eel grass
91198,Water,Water,0.011069954649637915,FALSE,TRUE,FALSE,,FALSE,Marine_open_water,Hard_marine_barrier,,TRUE,ASSIGNED,Within 30 ft of tidal wetland or eel grass
91199,Water,Water,0.015870697067105248,FALSE,TRUE,FALSE,,FALSE,Marine_open_water,Hard_marine_barrier,,TRUE,ASSIGNED,Within 30 ft of tidal wetland or eel grass
91200,Water,Water,0.27716540260614625,FALSE,TRUE,FALSE,,FALSE,Marine_open_water,Hard_marine_barrier,,TRUE,ASSIGNED,Within 30 ft of tidal wetland or eel grass
91201,Water,Water,0.041763316777276425,FALSE,FALSE,FALSE,,FALSE,UNRESOLVED_WATER_REVIEW,UNRESOLVED_REVIEW,,FALSE,REVIEW_REQUIRED,"No freshwater, tidal, or modeled-site spatial evidence"
91202,Water,Water,0.06666685812740468,FALSE,TRUE,FALSE,,FALSE,Marine_open_water,Hard_marine_barrier,,TRUE,ASSIGNED,Within 30 ft of tidal wetland or eel grass
91203,Water,Water,0.00961991553218622,FALSE,TRUE,FALSE,,FALSE,Marine_open_water,Hard_marine_barrier,,TRUE,ASSIGNED,Within 30 ft of tidal wetland or eel grass
91204,Water,Water,0.009828760283415212,FALSE,TRUE,FALSE,,FALSE,Marine_open_water,Hard_marine_barrier,,TRUE,ASSIGNED,Within 30 ft of tidal wetland or eel grass
91205,Water,Water,0.02044345427974149,FALSE,TRUE,FALSE,,FALSE,Marine_open_water,Hard_marine_barrier,,TRUE,ASSIGNED,Within 30 ft of tidal wetland or eel grass
91206,Water,Water,0.010711940950773035,FALSE,TRUE,FALSE,,FALSE,Marine_open_water,Hard_marine_barrier,,TRUE,ASSIGNED,Within 30 ft of tidal wetland or eel grass
91207,Water,Water,0.0787030080854641,FALSE,TRUE,FALSE,,FALSE,Marine_open_water,Hard_marine_barrier,,TRUE,ASSIGNED,Within 30 ft of tidal wetland or eel grass
91208,Water,Water,0.011363428983697002,FALSE,FALSE,FALSE,,FALSE,UNRESOLVED_WATER_REVIEW,UNRESOLVED_REVIEW,,FALSE,REVIEW_REQUIRED,"No freshwater, tidal, or modeled-site spatial evidence"
91209,Water,Water,0.010147828428037355,FALSE,FALSE,FALSE,,FALSE,UNRESOLVED_WATER_REVIEW,UNRESOLVED_REVIEW,,FALSE,REVIEW_REQUIRED,"No freshwater, tidal, or modeled-site spatial evidence"
91210,Water,Water,0.016655154985437477,FALSE,TRUE,FALSE,,FALSE,Marine_open_water,Hard_marine_barrier,,TRUE,ASSIGNED,Within 30 ft of tidal wetland or eel grass
91211,Water,Water,0.03488228963173166,FALSE,TRUE,FALSE,,FALSE,Marine_open_water,Hard_marine_barrier,,TRUE,ASSIGNED,Within 30 ft of tidal wetland or eel grass
91212,Water,Water,0.013407165695586821,FALSE,TRUE,FALSE,,FALSE,Marine_open_water,Hard_marine_barrier,,TRUE,ASSIGNED,Within 30 ft of tidal wetland or eel grass
91213,Water,Water,0.07921804786485453,FALSE,TRUE,FALSE,,FALSE,Marine_open_water,Hard_marine_barrier,,TRUE,ASSIGNED,Within 30 ft of tidal wetland or eel grass
91214,Water,Water,0.32850327225599046,FALSE,TRUE,FALSE,,FALSE,Marine_open_water,Hard_marine_barrier,,TRUE,ASSIGNED,Within 30 ft of tidal wetland or eel grass
91215,Water,Water,0.028992588596837676,FALSE,TRUE,FALSE,,FALSE,Marine_open_water,Hard_marine_barrier,,TRUE,ASSIGNED,Within 30 ft of tidal wetland or eel grass
91216,Water,Water,0.0429750648387684,FALSE,TRUE,FALSE,,FALSE,Marine_open_water,Hard_marine_barrier,,TRUE,ASSIGNED,Within 30 ft of tidal wetland or eel grass
91217,Water,Water,0.07091422624831867,FALSE,TRUE,FALSE,,FALSE,Marine_open_water,Hard_marine_barrier,,TRUE,ASSIGNED,Within 30 ft of tidal wetland or eel grass
91218,Water,Water,0.013517177273298115,FALSE,FALSE,FALSE,,FALSE,UNRESOLVED_WATER_REVIEW,UNRESOLVED_REVIEW,,FALSE,REVIEW_REQUIRED,"No freshwater, tidal, or modeled-site spatial evidence"
91219,Water,Water,0.035140440519562166,FALSE,TRUE,FALSE,,FALSE,Marine_open_water,Hard_marine_barrier,,TRUE,ASSIGNED,Within 30 ft of tidal wetland or eel grass
91220,Water,Water,0.022373146582447743,FALSE,TRUE,FALSE,,FALSE,Marine_open_water,Hard_marine_barrier,,TRUE,ASSIGNED,Within 30 ft of tidal wetland or eel grass
91221,Water,Water,0.012060628497965327,FALSE,TRUE,FALSE,,FALSE,Marine_open_water,Hard_marine_barrier,,TRUE,ASSIGNED,Within 30 ft of tidal wetland or eel grass
91222,Water,Water,2.5740174920006336,FALSE,TRUE,FALSE,,FALSE,Marine_open_water,Hard_marine_barrier,,TRUE,ASSIGNED,Within 30 ft of tidal wetland or eel grass
91223,Water,Water,0.03389023283493488,FALSE,TRUE,FALSE,,FALSE,Marine_open_water,Hard_marine_barrier,,TRUE,ASSIGNED,Within 30 ft of tidal wetland or eel grass
91224,Water,Water,0.04688647456691502,FALSE,TRUE,FALSE,,FALSE,Marine_open_water,Hard_marine_barrier,,TRUE,ASSIGNED,Within 30 ft of tidal wetland or eel grass
91225,Water,Water,0.028485336479161436,FALSE,TRUE,FALSE,,FALSE,Marine_open_water,Hard_marine_barrier,,TRUE,ASSIGNED,Within 30 ft of tidal wetland or eel grass
91226,Water,Water,0.07098723763234958,FALSE,TRUE,FALSE,,FALSE,Marine_open_water,Hard_marine_barrier,,TRUE,ASSIGNED,Within 30 ft of tidal wetland or eel grass
91227,Water,Water,13.97450184143912,FALSE,TRUE,FALSE,,FALSE,Marine_open_water,Hard_marine_barrier,,TRUE,ASSIGNED,Within 30 ft of tidal wetland or eel grass
91228,Water,Water,0.010994919465216097,FALSE,FALSE,FALSE,,FALSE,UNRESOLVED_WATER_REVIEW,UNRESOLVED_REVIEW,,FALSE,REVIEW_REQUIRED,"No freshwater, tidal, or modeled-site spatial evidence"
91229,Water,Water,0.014029419681497455,FALSE,TRUE,FALSE,,FALSE,Marine_open_water,Hard_marine_barrier,,TRUE,ASSIGNED,Within 30 ft of tidal wetland or eel grass
91230,Water,Water,0.03254555046697744,FALSE,TRUE,FALSE,,FALSE,Marine_open_water,Hard_marine_barrier,,TRUE,ASSIGNED,Within 30 ft of tidal wetland or eel grass
91231,Water,Water,0.24699143761351067,FALSE,TRUE,FALSE,,FALSE,Marine_open_water,Hard_marine_barrier,,TRUE,ASSIGNED,Within 30 ft of tidal wetland or eel grass
91232,Water,Water,0.016633219324270657,FALSE,TRUE,FALSE,,FALSE,Marine_open_water,Hard_marine_barrier,,TRUE,ASSIGNED,Within 30 ft of tidal wetland or eel grass
91233,Water,Water,0.024095730092660864,FALSE,TRUE,FALSE,,FALSE,Marine_open_water,Hard_marine_barrier,,TRUE,ASSIGNED,Within 30 ft of tidal wetland or eel grass
91234,Water,Water,0.4570601048205879,FALSE,TRUE,FALSE,,FALSE,Marine_open_water,Hard_marine_barrier,,TRUE,ASSIGNED,Within 30 ft of tidal wetland or eel grass
91235,Water,Water,0.11341479814185446,FALSE,TRUE,FALSE,,FALSE,Marine_open_water,Hard_marine_barrier,,TRUE,ASSIGNED,Within 30 ft of tidal wetland or eel grass
91236,Water,Water,0.020180620795441345,FALSE,FALSE,FALSE,,FALSE,UNRESOLVED_WATER_REVIEW,UNRESOLVED_REVIEW,,FALSE,REVIEW_REQUIRED,"No freshwater, tidal, or modeled-site spatial evidence"
91237,Water,Water,0.09019462137251413,FALSE,TRUE,FALSE,,FALSE,Marine_open_water,Hard_marine_barrier,,TRUE,ASSIGNED,Within 30 ft of tidal wetland or eel grass
91238,Water,Water,0.009600011978433807,FALSE,FALSE,FALSE,,FALSE,UNRESOLVED_WATER_REVIEW,UNRESOLVED_REVIEW,,FALSE,REVIEW_REQUIRED,"No freshwater, tidal, or modeled-site spatial evidence"
91239,Water,Water,0.17533680489650944,FALSE,FALSE,FALSE,,FALSE,UNRESOLVED_WATER_REVIEW,UNRESOLVED_REVIEW,,FALSE,REVIEW_REQUIRED,"No freshwater, tidal, or modeled-site spatial evidence"
91240,Water,Water,0.01425564766153671,FALSE,TRUE,FALSE,,FALSE,Marine_open_water,Hard_marine_barrier,,TRUE,ASSIGNED,Within 30 ft of tidal wetland or eel grass
91241,Water,Water,0.031705221532569786,FALSE,TRUE,FALSE,,FALSE,Marine_open_water,Hard_marine_barrier,,TRUE,ASSIGNED,Within 30 ft of tidal wetland or eel grass
91242,Water,Water,0.7119434463451438,FALSE,TRUE,FALSE,,FALSE,Marine_open_water,Hard_marine_barrier,,TRUE,ASSIGNED,Within 30 ft of tidal wetland or eel grass
91243,Water,Water,0.9083209872619915,FALSE,TRUE,FALSE,,FALSE,Marine_open_water,Hard_marine_barrier,,TRUE,ASSIGNED,Within 30 ft of tidal wetland or eel grass
91244,Water,Water,0.011055681451744861,FALSE,TRUE,FALSE,,FALSE,Marine_open_water,Hard_marine_barrier,,TRUE,ASSIGNED,Within 30 ft of tidal wetland or eel grass
91245,Water,Water,0.05028689513531593,FALSE,TRUE,FALSE,,FALSE,Marine_open_water,Hard_marine_barrier,,TRUE,ASSIGNED,Within 30 ft of tidal wetland or eel grass
91246,Water,Water,0.014126936131099008,FALSE,TRUE,FALSE,,FALSE,Marine_open_water,Hard_marine_barrier,,TRUE,ASSIGNED,Within 30 ft of tidal wetland or eel grass
91247,Water,Water,0.026697246294542745,FALSE,TRUE,FALSE,,FALSE,Marine_open_water,Hard_marine_barrier,,TRUE,ASSIGNED,Within 30 ft of tidal wetland or eel grass
91248,Water,Water,0.028134317252277212,FALSE,FALSE,FALSE,,FALSE,UNRESOLVED_WATER_REVIEW,UNRESOLVED_REVIEW,,FALSE,REVIEW_REQUIRED,"No freshwater, tidal, or modeled-site spatial evidence"
91249,Water,Water,0.08358568241385385,FALSE,FALSE,FALSE,,FALSE,UNRESOLVED_WATER_REVIEW,UNRESOLVED_REVIEW,,FALSE,REVIEW_REQUIRED,"No freshwater, tidal, or modeled-site spatial evidence"
91250,Water,Water,0.014111963761844344,FALSE,FALSE,FALSE,,FALSE,UNRESOLVED_WATER_REVIEW,UNRESOLVED_REVIEW,,FALSE,REVIEW_REQUIRED,"No freshwater, tidal, or modeled-site spatial evidence"
91251,Water,Water,0.029149881567245933,FALSE,TRUE,FALSE,,FALSE,Marine_open_water,Hard_marine_barrier,,TRUE,ASSIGNED,Within 30 ft of tidal wetland or eel grass
91252,Water,Water,0.23960906003253318,FALSE,TRUE,FALSE,,FALSE,Marine_open_water,Hard_marine_barrier,,TRUE,ASSIGNED,Within 30 ft of tidal wetland or eel grass
91253,Water,Water,0.0169803460063614,FALSE,TRUE,FALSE,,FALSE,Marine_open_water,Hard_marine_barrier,,TRUE,ASSIGNED,Within 30 ft of tidal wetland or eel grass
91254,Water,Water,0.016509783375211123,FALSE,TRUE,FALSE,,FALSE,Marine_open_water,Hard_marine_barrier,,TRUE,ASSIGNED,Within 30 ft of tidal wetland or eel grass
91255,Water,Water,0.29544828265515405,FALSE,TRUE,FALSE,,FALSE,Marine_open_water,Hard_marine_barrier,,TRUE,ASSIGNED,Within 30 ft of tidal wetland or eel grass
91256,Water,Water,0.013872902288562704,FALSE,TRUE,FALSE,,FALSE,Marine_open_water,Hard_marine_barrier,,TRUE,ASSIGNED,Within 30 ft of tidal wetland or eel grass
91257,Water,Water,0.32181691802631185,FALSE,TRUE,FALSE,,FALSE,Marine_open_water,Hard_marine_barrier,,TRUE,ASSIGNED,Within 30 ft of tidal wetland or eel grass
91258,Water,Water,0.2507918152002499,FALSE,TRUE,FALSE,,FALSE,Marine_open_water,Hard_marine_barrier,,TRUE,ASSIGNED,Within 30 ft of tidal wetland or eel grass
91259,Water,Water,0.013706444673329158,FALSE,FALSE,FALSE,,FALSE,UNRESOLVED_WATER_REVIEW,UNRESOLVED_REVIEW,,FALSE,REVIEW_REQUIRED,"No freshwater, tidal, or modeled-site spatial evidence"
91260,Water,Water,0.04845463564638015,FALSE,FALSE,FALSE,,FALSE,UNRESOLVED_WATER_REVIEW,UNRESOLVED_REVIEW,,FALSE,REVIEW_REQUIRED,"No freshwater, tidal, or modeled-site spatial evidence"
91261,Water,Water,0.051280411474392176,FALSE,TRUE,FALSE,,FALSE,Marine_open_water,Hard_marine_barrier,,TRUE,ASSIGNED,Within 30 ft of tidal wetland or eel grass
91262,Water,Water,0.029477888184429583,FALSE,TRUE,FALSE,,FALSE,Marine_open_water,Hard_marine_barrier,,TRUE,ASSIGNED,Within 30 ft of tidal wetland or eel grass
91263,Water,Water,0.05811833395359102,FALSE,FALSE,FALSE,,FALSE,UNRESOLVED_WATER_REVIEW,UNRESOLVED_REVIEW,,FALSE,REVIEW_REQUIRED,"No freshwater, tidal, or modeled-site spatial evidence"
91264,Water,Water,0.026880435707611502,FALSE,TRUE,FALSE,,FALSE,Marine_open_water,Hard_marine_barrier,,TRUE,ASSIGNED,Within 30 ft of tidal wetland or eel grass
91265,Water,Water,0.019642207319086568,FALSE,FALSE,FALSE,,FALSE,UNRESOLVED_WATER_REVIEW,UNRESOLVED_REVIEW,,FALSE,REVIEW_REQUIRED,"No freshwater, tidal, or modeled-site spatial evidence"
91266,Water,Water,0.027733185468687003,FALSE,TRUE,FALSE,,FALSE,Marine_open_water,Hard_marine_barrier,,TRUE,ASSIGNED,Within 30 ft of tidal wetland or eel grass
91267,Water,Water,0.1453965654757807,FALSE,TRUE,FALSE,,FALSE,Marine_open_water,Hard_marine_barrier,,TRUE,ASSIGNED,Within 30 ft of tidal wetland or eel grass
91268,Water,Water,0.038519165140338596,FALSE,TRUE,FALSE,,FALSE,Marine_open_water,Hard_marine_barrier,,TRUE,ASSIGNED,Within 30 ft of tidal wetland or eel grass
91269,Water,Water,0.03964531316731078,FALSE,TRUE,FALSE,,FALSE,Marine_open_water,Hard_marine_barrier,,TRUE,ASSIGNED,Within 30 ft of tidal wetland or eel grass
91270,Water,Water,0.03493543527625499,FALSE,FALSE,FALSE,,FALSE,UNRESOLVED_WATER_REVIEW,UNRESOLVED_REVIEW,,FALSE,REVIEW_REQUIRED,"No freshwater, tidal, or modeled-site spatial evidence"
91271,Water,Water,0.00946647779787373,FALSE,TRUE,FALSE,,FALSE,Marine_open_water,Hard_marine_barrier,,TRUE,ASSIGNED,Within 30 ft of tidal wetland or eel grass
91272,Water,Water,0.026588124289960772,FALSE,TRUE,FALSE,,FALSE,Marine_open_water,Hard_marine_barrier,,TRUE,ASSIGNED,Within 30 ft of tidal wetland or eel grass
91273,Water,Water,0.2346001653851659,FALSE,FALSE,FALSE,,FALSE,UNRESOLVED_WATER_REVIEW,UNRESOLVED_REVIEW,,FALSE,REVIEW_REQUIRED,"No freshwater, tidal, or modeled-site spatial evidence"
91274,Water,Water,0.010282201505220296,FALSE,FALSE,FALSE,,FALSE,UNRESOLVED_WATER_REVIEW,UNRESOLVED_REVIEW,,FALSE,REVIEW_REQUIRED,"No freshwater, tidal, or modeled-site spatial evidence"
91275,Water,Water,2.658472093266422,FALSE,TRUE,FALSE,,FALSE,Marine_open_water,Hard_marine_barrier,,TRUE,ASSIGNED,Within 30 ft of tidal wetland or eel grass
91276,Water,Water,0.012177327848008582,FALSE,TRUE,FALSE,,FALSE,Marine_open_water,Hard_marine_barrier,,TRUE,ASSIGNED,Within 30 ft of tidal wetland or eel grass
91277,Water,Water,0.184105757255943,FALSE,TRUE,FALSE,,FALSE,Marine_open_water,Hard_marine_barrier,,TRUE,ASSIGNED,Within 30 ft of tidal wetland or eel grass
91278,Water,Water,0.014096375162816307,FALSE,TRUE,FALSE,,FALSE,Marine_open_water,Hard_marine_barrier,,TRUE,ASSIGNED,Within 30 ft of tidal wetland or eel grass
91279,Water,Water,0.014952114815885034,FALSE,FALSE,FALSE,,FALSE,UNRESOLVED_WATER_REVIEW,UNRESOLVED_REVIEW,,FALSE,REVIEW_REQUIRED,"No freshwater, tidal, or modeled-site spatial evidence"
91280,Water,Water,0.021724166338839817,FALSE,TRUE,FALSE,,FALSE,Marine_open_water,Hard_marine_barrier,,TRUE,ASSIGNED,Within 30 ft of tidal wetland or eel grass
91281,Water,Water,0.07297139595019848,FALSE,TRUE,FALSE,,FALSE,Marine_open_water,Hard_marine_barrier,,TRUE,ASSIGNED,Within 30 ft of tidal wetland or eel grass
91282,Water,Water,0.010032293458080606,FALSE,FALSE,FALSE,,FALSE,UNRESOLVED_WATER_REVIEW,UNRESOLVED_REVIEW,,FALSE,REVIEW_REQUIRED,"No freshwater, tidal, or modeled-site spatial evidence"
91283,Water,Water,0.01101760906671663,FALSE,TRUE,FALSE,,FALSE,Marine_open_water,Hard_marine_barrier,,TRUE,ASSIGNED,Within 30 ft of tidal wetland or eel grass
91284,Water,Water,0.014305384925659175,FALSE,TRUE,FALSE,,FALSE,Marine_open_water,Hard_marine_barrier,,TRUE,ASSIGNED,Within 30 ft of tidal wetland or eel grass
91285,Water,Water,0.13958859118210284,FALSE,FALSE,FALSE,,FALSE,UNRESOLVED_WATER_REVIEW,UNRESOLVED_REVIEW,,FALSE,REVIEW_REQUIRED,"No freshwater, tidal, or modeled-site spatial evidence"
91286,Water,Water,0.017041938582658716,FALSE,TRUE,FALSE,,FALSE,Marine_open_water,Hard_marine_barrier,,TRUE,ASSIGNED,Within 30 ft of tidal wetland or eel grass
91287,Water,Water,0.01943633031223939,FALSE,FALSE,FALSE,,FALSE,UNRESOLVED_WATER_REVIEW,UNRESOLVED_REVIEW,,FALSE,REVIEW_REQUIRED,"No freshwater, tidal, or modeled-site spatial evidence"
91288,Water,Water,0.013660773621052244,FALSE,TRUE,FALSE,,FALSE,Marine_open_water,Hard_marine_barrier,,TRUE,ASSIGNED,Within 30 ft of tidal wetland or eel grass
91289,Water,Water,0.010585588337048597,FALSE,TRUE,FALSE,,FALSE,Marine_open_water,Hard_marine_barrier,,TRUE,ASSIGNED,Within 30 ft of tidal wetland or eel grass
91290,Water,Water,0.5625965435841863,FALSE,TRUE,FALSE,,FALSE,Marine_open_water,Hard_marine_barrier,,TRUE,ASSIGNED,Within 30 ft of tidal wetland or eel grass
91291,Water,Water,0.09598918931693064,FALSE,TRUE,FALSE,,FALSE,Marine_open_water,Hard_marine_barrier,,TRUE,ASSIGNED,Within 30 ft of tidal wetland or eel grass
91292,Water,Water,0.05124581372889076,FALSE,TRUE,FALSE,,FALSE,Marine_open_water,Hard_marine_barrier,,TRUE,ASSIGNED,Within 30 ft of tidal wetland or eel grass
91293,Water,Water,0.08883481155383251,FALSE,FALSE,FALSE,,FALSE,UNRESOLVED_WATER_REVIEW,UNRESOLVED_REVIEW,,FALSE,REVIEW_REQUIRED,"No freshwater, tidal, or modeled-site spatial evidence"
91294,Water,Water,0.07190052830388492,FALSE,TRUE,FALSE,,FALSE,Marine_open_water,Hard_marine_barrier,,TRUE,ASSIGNED,Within 30 ft of tidal wetland or eel grass
91295,Water,Water,0.010908543962503568,FALSE,TRUE,FALSE,,FALSE,Marine_open_water,Hard_marine_barrier,,TRUE,ASSIGNED,Within 30 ft of tidal wetland or eel grass
91296,Water,Water,0.01056975877165714,FALSE,TRUE,FALSE,,FALSE,Marine_open_water,Hard_marine_barrier,,TRUE,ASSIGNED,Within 30 ft of tidal wetland or eel grass
91297,Water,Water,0.013383528760612558,FALSE,FALSE,FALSE,,FALSE,UNRESOLVED_WATER_REVIEW,UNRESOLVED_REVIEW,,FALSE,REVIEW_REQUIRED,"No freshwater, tidal, or modeled-site spatial evidence"
91298,Water,Water,0.010087519374389968,FALSE,FALSE,FALSE,,FALSE,UNRESOLVED_WATER_REVIEW,UNRESOLVED_REVIEW,,FALSE,REVIEW_REQUIRED,"No freshwater, tidal, or modeled-site spatial evidence"
91299,Water,Water,0.014221025794633852,FALSE,TRUE,FALSE,,FALSE,Marine_open_water,Hard_marine_barrier,,TRUE,ASSIGNED,Within 30 ft of tidal wetland or eel grass
91300,Water,Water,0.028795995818058407,FALSE,FALSE,FALSE,,FALSE,UNRESOLVED_WATER_REVIEW,UNRESOLVED_REVIEW,,FALSE,REVIEW_REQUIRED,"No freshwater, tidal, or modeled-site spatial evidence"
91301,Water,Water,0.010641653477815602,FALSE,TRUE,FALSE,,FALSE,Marine_open_water,Hard_marine_barrier,,TRUE,ASSIGNED,Within 30 ft of tidal wetland or eel grass
91302,Water,Water,0.14169489569621002,FALSE,TRUE,FALSE,,FALSE,Marine_open_water,Hard_marine_barrier,,TRUE,ASSIGNED,Within 30 ft of tidal wetland or eel grass
91303,Water,Water,0.0940724522281101,FALSE,TRUE,FALSE,,FALSE,Marine_open_water,Hard_marine_barrier,,TRUE,ASSIGNED,Within 30 ft of tidal wetland or eel grass
91304,Water,Water,0.0238987711307238,FALSE,TRUE,FALSE,,FALSE,Marine_open_water,Hard_marine_barrier,,TRUE,ASSIGNED,Within 30 ft of tidal wetland or eel grass
91305,Water,Water,0.042674262663521936,FALSE,TRUE,FALSE,,FALSE,Marine_open_water,Hard_marine_barrier,,TRUE,ASSIGNED,Within 30 ft of tidal wetland or eel grass
91306,Water,Water,0.04098704741276259,FALSE,TRUE,FALSE,,FALSE,Marine_open_water,Hard_marine_barrier,,TRUE,ASSIGNED,Within 30 ft of tidal wetland or eel grass
91307,Water,Water,0.018445591784592416,FALSE,TRUE,FALSE,,FALSE,Marine_open_water,Hard_marine_barrier,,TRUE,ASSIGNED,Within 30 ft of tidal wetland or eel grass
91308,Water,Water,0.0134383071225616,FALSE,TRUE,FALSE,,FALSE,Marine_open_water,Hard_marine_barrier,,TRUE,ASSIGNED,Within 30 ft of tidal wetland or eel grass
91309,Water,Water,0.06915973437323811,FALSE,TRUE,FALSE,,FALSE,Marine_open_water,Hard_marine_barrier,,TRUE,ASSIGNED,Within 30 ft of tidal wetland or eel grass
91310,Water,Water,0.022501660386797278,FALSE,TRUE,FALSE,,FALSE,Marine_open_water,Hard_marine_barrier,,TRUE,ASSIGNED,Within 30 ft of tidal wetland or eel grass
91311,Water,Water,0.01656290650979683,FALSE,TRUE,FALSE,,FALSE,Marine_open_water,Hard_marine_barrier,,TRUE,ASSIGNED,Within 30 ft of tidal wetland or eel grass
91312,Water,Water,0.14292182159886982,FALSE,FALSE,FALSE,,FALSE,UNRESOLVED_WATER_REVIEW,UNRESOLVED_REVIEW,,FALSE,REVIEW_REQUIRED,"No freshwater, tidal, or modeled-site spatial evidence"
91313,Water,Water,0.014849935834816587,FALSE,TRUE,FALSE,,FALSE,Marine_open_water,Hard_marine_barrier,,TRUE,ASSIGNED,Within 30 ft of tidal wetland or eel grass
91314,Water,Water,0.009373058966032891,FALSE,TRUE,FALSE,,FALSE,Marine_open_water,Hard_marine_barrier,,TRUE,ASSIGNED,Within 30 ft of tidal wetland or eel grass
91315,Water,Water,0.026131525384957433,FALSE,TRUE,FALSE,,FALSE,Marine_open_water,Hard_marine_barrier,,TRUE,ASSIGNED,Within 30 ft of tidal wetland or eel grass
91316,Water,Water,0.017528208600340187,FALSE,TRUE,FALSE,,FALSE,Marine_open_water,Hard_marine_barrier,,TRUE,ASSIGNED,Within 30 ft of tidal wetland or eel grass
91317,Water,Water,0.04285755779937939,FALSE,TRUE,FALSE,,FALSE,Marine_open_water,Hard_marine_barrier,,TRUE,ASSIGNED,Within 30 ft of tidal wetland or eel grass
91318,Water,Water,0.25422204739190685,FALSE,TRUE,FALSE,,FALSE,Marine_open_water,Hard_marine_barrier,,TRUE,ASSIGNED,Within 30 ft of tidal wetland or eel grass
91319,Water,Water,0.06749857517257038,FALSE,TRUE,FALSE,,FALSE,Marine_open_water,Hard_marine_barrier,,TRUE,ASSIGNED,Within 30 ft of tidal wetland or eel grass
91320,Water,Water,0.2814617726944261,FALSE,TRUE,FALSE,,FALSE,Marine_open_water,Hard_marine_barrier,,TRUE,ASSIGNED,Within 30 ft of tidal wetland or eel grass
91321,Water,Water,0.010095449227795556,FALSE,TRUE,FALSE,,FALSE,Marine_open_water,Hard_marine_barrier,,TRUE,ASSIGNED,Within 30 ft of tidal wetland or eel grass
91322,Water,Water,0.09235038402574944,FALSE,FALSE,FALSE,,FALSE,UNRESOLVED_WATER_REVIEW,UNRESOLVED_REVIEW,,FALSE,REVIEW_REQUIRED,"No freshwater, tidal, or modeled-site spatial evidence"
91323,Water,Water,0.03963466952383363,FALSE,TRUE,FALSE,,FALSE,Marine_open_water,Hard_marine_barrier,,TRUE,ASSIGNED,Within 30 ft of tidal wetland or eel grass
91324,Water,Water,0.014033108382126099,FALSE,TRUE,FALSE,,FALSE,Marine_open_water,Hard_marine_barrier,,TRUE,ASSIGNED,Within 30 ft of tidal wetland or eel grass
91325,Water,Water,0.3821542669876542,FALSE,TRUE,FALSE,,FALSE,Marine_open_water,Hard_marine_barrier,,TRUE,ASSIGNED,Within 30 ft of tidal wetland or eel grass
91326,Water,Water,0.15059235141527452,FALSE,TRUE,FALSE,,FALSE,Marine_open_water,Hard_marine_barrier,,TRUE,ASSIGNED,Within 30 ft of tidal wetland or eel grass
91327,Water,Water,0.04628945680045955,FALSE,FALSE,FALSE,,FALSE,UNRESOLVED_WATER_REVIEW,UNRESOLVED_REVIEW,,FALSE,REVIEW_REQUIRED,"No freshwater, tidal, or modeled-site spatial evidence"
91328,Water,Water,0.11646339585618057,FALSE,TRUE,FALSE,,FALSE,Marine_open_water,Hard_marine_barrier,,TRUE,ASSIGNED,Within 30 ft of tidal wetland or eel grass
91329,Water,Water,0.040970639906428116,FALSE,TRUE,FALSE,,FALSE,Marine_open_water,Hard_marine_barrier,,TRUE,ASSIGNED,Within 30 ft of tidal wetland or eel grass
91330,Water,Water,0.03334305340198118,FALSE,TRUE,FALSE,,FALSE,Marine_open_water,Hard_marine_barrier,,TRUE,ASSIGNED,Within 30 ft of tidal wetland or eel grass
91331,Water,Water,0.016341334190169705,FALSE,FALSE,FALSE,,FALSE,UNRESOLVED_WATER_REVIEW,UNRESOLVED_REVIEW,,FALSE,REVIEW_REQUIRED,"No freshwater, tidal, or modeled-site spatial evidence"
91332,Water,Water,0.08819594150126622,FALSE,TRUE,FALSE,,FALSE,Marine_open_water,Hard_marine_barrier,,TRUE,ASSIGNED,Within 30 ft of tidal wetland or eel grass
91333,Water,Water,0.044939082833786226,FALSE,TRUE,FALSE,,FALSE,Marine_open_water,Hard_marine_barrier,,TRUE,ASSIGNED,Within 30 ft of tidal wetland or eel grass
91334,Water,Water,0.022842161389600196,FALSE,TRUE,FALSE,,FALSE,Marine_open_water,Hard_marine_barrier,,TRUE,ASSIGNED,Within 30 ft of tidal wetland or eel grass
91335,Water,Water,0.010261682007058496,FALSE,TRUE,FALSE,,FALSE,Marine_open_water,Hard_marine_barrier,,TRUE,ASSIGNED,Within 30 ft of tidal wetland or eel grass
91336,Water,Water,0.02237170355552784,FALSE,TRUE,FALSE,,FALSE,Marine_open_water,Hard_marine_barrier,,TRUE,ASSIGNED,Within 30 ft of tidal wetland or eel grass
91337,Water,Water,0.27674210872856575,FALSE,TRUE,FALSE,,FALSE,Marine_open_water,Hard_marine_barrier,,TRUE,ASSIGNED,Within 30 ft of tidal wetland or eel grass
91338,Water,Water,0.022043374971142598,FALSE,TRUE,FALSE,,FALSE,Marine_open_water,Hard_marine_barrier,,TRUE,ASSIGNED,Within 30 ft of tidal wetland or eel grass
91339,Water,Water,0.017834320531474743,FALSE,FALSE,FALSE,,FALSE,UNRESOLVED_WATER_REVIEW,UNRESOLVED_REVIEW,,FALSE,REVIEW_REQUIRED,"No freshwater, tidal, or modeled-site spatial evidence"
91340,Water,Water,0.06363680481113196,FALSE,TRUE,FALSE,,FALSE,Marine_open_water,Hard_marine_barrier,,TRUE,ASSIGNED,Within 30 ft of tidal wetland or eel grass
91341,Water,Water,0.03775979677271946,FALSE,TRUE,FALSE,,FALSE,Marine_open_water,Hard_marine_barrier,,TRUE,ASSIGNED,Within 30 ft of tidal wetland or eel grass
91342,Water,Water,0.0644340247293501,FALSE,TRUE,FALSE,,FALSE,Marine_open_water,Hard_marine_barrier,,TRUE,ASSIGNED,Within 30 ft of tidal wetland or eel grass
91343,Water,Water,0.11247715655406258,FALSE,TRUE,FALSE,,FALSE,Marine_open_water,Hard_marine_barrier,,TRUE,ASSIGNED,Within 30 ft of tidal wetland or eel grass
91344,Water,Water,0.22086396716655818,FALSE,TRUE,FALSE,,FALSE,Marine_open_water,Hard_marine_barrier,,TRUE,ASSIGNED,Within 30 ft of tidal wetland or eel grass
91345,Water,Water,0.013310222334669134,FALSE,FALSE,FALSE,,FALSE,UNRESOLVED_WATER_REVIEW,UNRESOLVED_REVIEW,,FALSE,REVIEW_REQUIRED,"No freshwater, tidal, or modeled-site spatial evidence"
91346,Water,Water,0.009328314141056959,FALSE,FALSE,FALSE,,FALSE,UNRESOLVED_WATER_REVIEW,UNRESOLVED_REVIEW,,FALSE,REVIEW_REQUIRED,"No freshwater, tidal, or modeled-site spatial evidence"
91347,Water,Water,0.04151638239432018,FALSE,FALSE,FALSE,,FALSE,UNRESOLVED_WATER_REVIEW,UNRESOLVED_REVIEW,,FALSE,REVIEW_REQUIRED,"No freshwater, tidal, or modeled-site spatial evidence"
91348,Water,Water,0.09537817407281966,FALSE,TRUE,FALSE,,FALSE,Marine_open_water,Hard_marine_barrier,,TRUE,ASSIGNED,Within 30 ft of tidal wetland or eel grass
91349,Water,Water,0.01057285194127119,FALSE,TRUE,FALSE,,FALSE,Marine_open_water,Hard_marine_barrier,,TRUE,ASSIGNED,Within 30 ft of tidal wetland or eel grass
91350,Water,Water,0.02554739147091174,FALSE,FALSE,FALSE,,FALSE,UNRESOLVED_WATER_REVIEW,UNRESOLVED_REVIEW,,FALSE,REVIEW_REQUIRED,"No freshwater, tidal, or modeled-site spatial evidence"
91351,Water,Water,0.032558452924976576,FALSE,TRUE,FALSE,,FALSE,Marine_open_water,Hard_marine_barrier,,TRUE,ASSIGNED,Within 30 ft of tidal wetland or eel grass
91352,Water,Water,0.383520408699661,FALSE,TRUE,FALSE,,FALSE,Marine_open_water,Hard_marine_barrier,,TRUE,ASSIGNED,Within 30 ft of tidal wetland or eel grass
91353,Water,Water,0.2666953484461353,FALSE,TRUE,FALSE,,FALSE,Marine_open_water,Hard_marine_barrier,,TRUE,ASSIGNED,Within 30 ft of tidal wetland or eel grass
91354,Water,Water,0.21259245321959017,FALSE,TRUE,FALSE,,FALSE,Marine_open_water,Hard_marine_barrier,,TRUE,ASSIGNED,Within 30 ft of tidal wetland or eel grass
91355,Water,Water,0.009828758882826229,FALSE,FALSE,FALSE,,FALSE,UNRESOLVED_WATER_REVIEW,UNRESOLVED_REVIEW,,FALSE,REVIEW_REQUIRED,"No freshwater, tidal, or modeled-site spatial evidence"
91356,Water,Water,0.07075307796686978,FALSE,TRUE,FALSE,,FALSE,Marine_open_water,Hard_marine_barrier,,TRUE,ASSIGNED,Within 30 ft of tidal wetland or eel grass
91357,Water,Water,0.009716761737202335,FALSE,TRUE,FALSE,,FALSE,Marine_open_water,Hard_marine_barrier,,TRUE,ASSIGNED,Within 30 ft of tidal wetland or eel grass
91358,Water,Water,0.01668020029332184,FALSE,FALSE,FALSE,,FALSE,UNRESOLVED_WATER_REVIEW,UNRESOLVED_REVIEW,,FALSE,REVIEW_REQUIRED,"No freshwater, tidal, or modeled-site spatial evidence"
91359,Water,Water,0.024329886608775206,FALSE,FALSE,FALSE,,FALSE,UNRESOLVED_WATER_REVIEW,UNRESOLVED_REVIEW,,FALSE,REVIEW_REQUIRED,"No freshwater, tidal, or modeled-site spatial evidence"
91360,Water,Water,0.07548677140771344,FALSE,FALSE,FALSE,,FALSE,UNRESOLVED_WATER_REVIEW,UNRESOLVED_REVIEW,,FALSE,REVIEW_REQUIRED,"No freshwater, tidal, or modeled-site spatial evidence"
91361,Water,Water,0.041460024821060364,FALSE,TRUE,FALSE,,FALSE,Marine_open_water,Hard_marine_barrier,,TRUE,ASSIGNED,Within 30 ft of tidal wetland or eel grass
91362,Water,Water,0.010220070501718822,FALSE,FALSE,FALSE,,FALSE,UNRESOLVED_WATER_REVIEW,UNRESOLVED_REVIEW,,FALSE,REVIEW_REQUIRED,"No freshwater, tidal, or modeled-site spatial evidence"
91363,Water,Water,0.01667590259161675,FALSE,TRUE,FALSE,,FALSE,Marine_open_water,Hard_marine_barrier,,TRUE,ASSIGNED,Within 30 ft of tidal wetland or eel grass
91364,Water,Water,0.3644460625016873,FALSE,TRUE,FALSE,,FALSE,Marine_open_water,Hard_marine_barrier,,TRUE,ASSIGNED,Within 30 ft of tidal wetland or eel grass
91365,Water,Water,0.0354565305574929,FALSE,TRUE,FALSE,,FALSE,Marine_open_water,Hard_marine_barrier,,TRUE,ASSIGNED,Within 30 ft of tidal wetland or eel grass
91366,Water,Water,0.02334583434229918,FALSE,TRUE,FALSE,,FALSE,Marine_open_water,Hard_marine_barrier,,TRUE,ASSIGNED,Within 30 ft of tidal wetland or eel grass
91367,Water,Water,0.02822226540194415,FALSE,TRUE,FALSE,,FALSE,Marine_open_water,Hard_marine_barrier,,TRUE,ASSIGNED,Within 30 ft of tidal wetland or eel grass
91368,Water,Water,0.031806050482440805,FALSE,TRUE,FALSE,,FALSE,Marine_open_water,Hard_marine_barrier,,TRUE,ASSIGNED,Within 30 ft of tidal wetland or eel grass
91369,Water,Water,0.030139296184650582,FALSE,TRUE,FALSE,,FALSE,Marine_open_water,Hard_marine_barrier,,TRUE,ASSIGNED,Within 30 ft of tidal wetland or eel grass
91370,Water,Water,0.013943129657334633,FALSE,FALSE,FALSE,,FALSE,UNRESOLVED_WATER_REVIEW,UNRESOLVED_REVIEW,,FALSE,REVIEW_REQUIRED,"No freshwater, tidal, or modeled-site spatial evidence"
91371,Water,Water,0.058006112723183546,FALSE,TRUE,FALSE,,FALSE,Marine_open_water,Hard_marine_barrier,,TRUE,ASSIGNED,Within 30 ft of tidal wetland or eel grass
91372,Water,Water,0.023136522899444657,FALSE,FALSE,FALSE,,FALSE,UNRESOLVED_WATER_REVIEW,UNRESOLVED_REVIEW,,FALSE,REVIEW_REQUIRED,"No freshwater, tidal, or modeled-site spatial evidence"
91373,Water,Water,0.2425086467036359,FALSE,TRUE,FALSE,,FALSE,Marine_open_water,Hard_marine_barrier,,TRUE,ASSIGNED,Within 30 ft of tidal wetland or eel grass
91374,Water,Water,0.30750616840182227,FALSE,TRUE,FALSE,,FALSE,Marine_open_water,Hard_marine_barrier,,TRUE,ASSIGNED,Within 30 ft of tidal wetland or eel grass
91375,Water,Water,0.0218019826385477,FALSE,FALSE,FALSE,,FALSE,UNRESOLVED_WATER_REVIEW,UNRESOLVED_REVIEW,,FALSE,REVIEW_REQUIRED,"No freshwater, tidal, or modeled-site spatial evidence"
91376,Water,Water,0.10205125151677394,FALSE,TRUE,FALSE,,FALSE,Marine_open_water,Hard_marine_barrier,,TRUE,ASSIGNED,Within 30 ft of tidal wetland or eel grass
91377,Water,Water,0.2597491902284316,FALSE,TRUE,FALSE,,FALSE,Marine_open_water,Hard_marine_barrier,,TRUE,ASSIGNED,Within 30 ft of tidal wetland or eel grass
91378,Water,Water,0.017169483437415558,FALSE,FALSE,FALSE,,FALSE,UNRESOLVED_WATER_REVIEW,UNRESOLVED_REVIEW,,FALSE,REVIEW_REQUIRED,"No freshwater, tidal, or modeled-site spatial evidence"
91379,Water,Water,0.014273076305382543,FALSE,FALSE,FALSE,,FALSE,UNRESOLVED_WATER_REVIEW,UNRESOLVED_REVIEW,,FALSE,REVIEW_REQUIRED,"No freshwater, tidal, or modeled-site spatial evidence"
91380,Water,Water,0.32297654778609897,FALSE,TRUE,FALSE,,FALSE,Marine_open_water,Hard_marine_barrier,,TRUE,ASSIGNED,Within 30 ft of tidal wetland or eel grass
91381,Water,Water,0.6230104537787584,FALSE,TRUE,FALSE,,FALSE,Marine_open_water,Hard_marine_barrier,,TRUE,ASSIGNED,Within 30 ft of tidal wetland or eel grass
91382,Water,Water,0.11337980376362802,FALSE,FALSE,FALSE,,FALSE,UNRESOLVED_WATER_REVIEW,UNRESOLVED_REVIEW,,FALSE,REVIEW_REQUIRED,"No freshwater, tidal, or modeled-site spatial evidence"
91383,Water,Water,0.2100200268399897,FALSE,TRUE,FALSE,,FALSE,Marine_open_water,Hard_marine_barrier,,TRUE,ASSIGNED,Within 30 ft of tidal wetland or eel grass
91384,Water,Water,0.10226872375911775,FALSE,TRUE,FALSE,,FALSE,Marine_open_water,Hard_marine_barrier,,TRUE,ASSIGNED,Within 30 ft of tidal wetland or eel grass
91385,Water,Water,0.022113937972011645,FALSE,TRUE,FALSE,,FALSE,Marine_open_water,Hard_marine_barrier,,TRUE,ASSIGNED,Within 30 ft of tidal wetland or eel grass
91386,Water,Water,0.18017108472339313,FALSE,TRUE,FALSE,,FALSE,Marine_open_water,Hard_marine_barrier,,TRUE,ASSIGNED,Within 30 ft of tidal wetland or eel grass
91387,Water,Water,0.020087071081303844,FALSE,TRUE,FALSE,,FALSE,Marine_open_water,Hard_marine_barrier,,TRUE,ASSIGNED,Within 30 ft of tidal wetland or eel grass
91388,Water,Water,0.07822117030374089,FALSE,TRUE,FALSE,,FALSE,Marine_open_water,Hard_marine_barrier,,TRUE,ASSIGNED,Within 30 ft of tidal wetland or eel grass
91389,Water,Water,0.022666116655443002,FALSE,TRUE,FALSE,,FALSE,Marine_open_water,Hard_marine_barrier,,TRUE,ASSIGNED,Within 30 ft of tidal wetland or eel grass
91390,Water,Water,0.16379117690553882,FALSE,TRUE,FALSE,,FALSE,Marine_open_water,Hard_marine_barrier,,TRUE,ASSIGNED,Within 30 ft of tidal wetland or eel grass
91391,Water,Water,0.010365352673793448,FALSE,FALSE,FALSE,,FALSE,UNRESOLVED_WATER_REVIEW,UNRESOLVED_REVIEW,,FALSE,REVIEW_REQUIRED,"No freshwater, tidal, or modeled-site spatial evidence"
91392,Water,Water,0.23072013676478337,FALSE,TRUE,FALSE,,FALSE,Marine_open_water,Hard_marine_barrier,,TRUE,ASSIGNED,Within 30 ft of tidal wetland or eel grass
91393,Water,Water,0.10942686011375187,FALSE,TRUE,FALSE,,FALSE,Marine_open_water,Hard_marine_barrier,,TRUE,ASSIGNED,Within 30 ft of tidal wetland or eel grass
91394,Water,Water,0.09543883192118405,FALSE,FALSE,FALSE,,FALSE,UNRESOLVED_WATER_REVIEW,UNRESOLVED_REVIEW,,FALSE,REVIEW_REQUIRED,"No freshwater, tidal, or modeled-site spatial evidence"
91395,Water,Water,0.1307008818490388,FALSE,TRUE,FALSE,,FALSE,Marine_open_water,Hard_marine_barrier,,TRUE,ASSIGNED,Within 30 ft of tidal wetland or eel grass
91396,Water,Water,0.6688773382207764,FALSE,TRUE,FALSE,,FALSE,Marine_open_water,Hard_marine_barrier,,TRUE,ASSIGNED,Within 30 ft of tidal wetland or eel grass
91397,Water,Water,0.02475541589458668,FALSE,TRUE,FALSE,,FALSE,Marine_open_water,Hard_marine_barrier,,TRUE,ASSIGNED,Within 30 ft of tidal wetland or eel grass
91398,Water,Water,0.9246788910689988,FALSE,TRUE,FALSE,,FALSE,Marine_open_water,Hard_marine_barrier,,TRUE,ASSIGNED,Within 30 ft of tidal wetland or eel grass
91399,Water,Water,0.05241593609360904,FALSE,TRUE,FALSE,,FALSE,Marine_open_water,Hard_marine_barrier,,TRUE,ASSIGNED,Within 30 ft of tidal wetland or eel grass
91400,Water,Water,0.023543391988094294,FALSE,TRUE,FALSE,,FALSE,Marine_open_water,Hard_marine_barrier,,TRUE,ASSIGNED,Within 30 ft of tidal wetland or eel grass
91401,Water,Water,0.015780880795221587,FALSE,TRUE,FALSE,,FALSE,Marine_open_water,Hard_marine_barrier,,TRUE,ASSIGNED,Within 30 ft of tidal wetland or eel grass
91402,Water,Water,0.058521762604090866,FALSE,TRUE,FALSE,,FALSE,Marine_open_water,Hard_marine_barrier,,TRUE,ASSIGNED,Within 30 ft of tidal wetland or eel grass
91403,Water,Water,0.012602090576742364,FALSE,TRUE,FALSE,,FALSE,Marine_open_water,Hard_marine_barrier,,TRUE,ASSIGNED,Within 30 ft of tidal wetland or eel grass
91404,Water,Water,0.018754866563790572,FALSE,TRUE,FALSE,,FALSE,Marine_open_water,Hard_marine_barrier,,TRUE,ASSIGNED,Within 30 ft of tidal wetland or eel grass
91405,Water,Water,0.27031044279674,FALSE,TRUE,FALSE,,FALSE,Marine_open_water,Hard_marine_barrier,,TRUE,ASSIGNED,Within 30 ft of tidal wetland or eel grass
91406,Water,Water,0.3827852064281806,FALSE,TRUE,FALSE,,FALSE,Marine_open_water,Hard_marine_barrier,,TRUE,ASSIGNED,Within 30 ft of tidal wetland or eel grass
91407,Water,Water,0.03782690821971881,FALSE,TRUE,FALSE,,FALSE,Marine_open_water,Hard_marine_barrier,,TRUE,ASSIGNED,Within 30 ft of tidal wetland or eel grass
91408,Water,Water,0.12752905914720664,FALSE,TRUE,FALSE,,FALSE,Marine_open_water,Hard_marine_barrier,,TRUE,ASSIGNED,Within 30 ft of tidal wetland or eel grass
91409,Water,Water,0.16857369085641602,FALSE,TRUE,FALSE,,FALSE,Marine_open_water,Hard_marine_barrier,,TRUE,ASSIGNED,Within 30 ft of tidal wetland or eel grass
91410,Water,Water,0.039550829945730906,FALSE,TRUE,FALSE,,FALSE,Marine_open_water,Hard_marine_barrier,,TRUE,ASSIGNED,Within 30 ft of tidal wetland or eel grass
91411,Water,Water,0.010357991003516177,FALSE,TRUE,FALSE,,FALSE,Marine_open_water,Hard_marine_barrier,,TRUE,ASSIGNED,Within 30 ft of tidal wetland or eel grass
91412,Water,Water,0.3458310448528937,FALSE,TRUE,FALSE,,FALSE,Marine_open_water,Hard_marine_barrier,,TRUE,ASSIGNED,Within 30 ft of tidal wetland or eel grass
91413,Water,Water,0.022384138272544468,FALSE,TRUE,FALSE,,FALSE,Marine_open_water,Hard_marine_barrier,,TRUE,ASSIGNED,Within 30 ft of tidal wetland or eel grass
91414,Water,Water,0.08318660250441898,FALSE,TRUE,FALSE,,FALSE,Marine_open_water,Hard_marine_barrier,,TRUE,ASSIGNED,Within 30 ft of tidal wetland or eel grass
91415,Water,Water,0.24592169700936117,FALSE,TRUE,FALSE,,FALSE,Marine_open_water,Hard_marine_barrier,,TRUE,ASSIGNED,Within 30 ft of tidal wetland or eel grass
91416,Water,Water,0.025742701827244256,FALSE,TRUE,FALSE,,FALSE,Marine_open_water,Hard_marine_barrier,,TRUE,ASSIGNED,Within 30 ft of tidal wetland or eel grass
91417,Water,Water,0.011518247369968093,FALSE,TRUE,FALSE,,FALSE,Marine_open_water,Hard_marine_barrier,,TRUE,ASSIGNED,Within 30 ft of tidal wetland or eel grass
91418,Water,Water,0.02946060219209716,FALSE,TRUE,FALSE,,FALSE,Marine_open_water,Hard_marine_barrier,,TRUE,ASSIGNED,Within 30 ft of tidal wetland or eel grass
91419,Water,Water,0.018960105775725926,FALSE,TRUE,FALSE,,FALSE,Marine_open_water,Hard_marine_barrier,,TRUE,ASSIGNED,Within 30 ft of tidal wetland or eel grass
91420,Water,Water,0.024464281535317163,FALSE,TRUE,FALSE,,FALSE,Marine_open_water,Hard_marine_barrier,,TRUE,ASSIGNED,Within 30 ft of tidal wetland or eel grass
91421,Water,Water,0.02870668631453734,FALSE,TRUE,FALSE,,FALSE,Marine_open_water,Hard_marine_barrier,,TRUE,ASSIGNED,Within 30 ft of tidal wetland or eel grass
91422,Water,Water,0.030788557380586758,FALSE,TRUE,FALSE,,FALSE,Marine_open_water,Hard_marine_barrier,,TRUE,ASSIGNED,Within 30 ft of tidal wetland or eel grass
91423,Water,Water,0.01847119916666108,FALSE,TRUE,FALSE,,FALSE,Marine_open_water,Hard_marine_barrier,,TRUE,ASSIGNED,Within 30 ft of tidal wetland or eel grass
91424,Water,Water,1.6062007969955572,FALSE,TRUE,FALSE,,FALSE,Marine_open_water,Hard_marine_barrier,,TRUE,ASSIGNED,Within 30 ft of tidal wetland or eel grass
91425,Water,Water,0.020969334370658895,FALSE,TRUE,FALSE,,FALSE,Marine_open_water,Hard_marine_barrier,,TRUE,ASSIGNED,Within 30 ft of tidal wetland or eel grass
91426,Water,Water,0.09628755998340527,FALSE,TRUE,FALSE,,FALSE,Marine_open_water,Hard_marine_barrier,,TRUE,ASSIGNED,Within 30 ft of tidal wetland or eel grass
91427,Water,Water,0.014993454860423187,FALSE,TRUE,FALSE,,FALSE,Marine_open_water,Hard_marine_barrier,,TRUE,ASSIGNED,Within 30 ft of tidal wetland or eel grass
91428,Water,Water,0.009760446806557093,FALSE,TRUE,FALSE,,FALSE,Marine_open_water,Hard_marine_barrier,,TRUE,ASSIGNED,Within 30 ft of tidal wetland or eel grass
91429,Water,Water,0.027663988367204538,FALSE,TRUE,FALSE,,FALSE,Marine_open_water,Hard_marine_barrier,,TRUE,ASSIGNED,Within 30 ft of tidal wetland or eel grass
91430,Water,Water,0.09186610900005018,FALSE,TRUE,FALSE,,FALSE,Marine_open_water,Hard_marine_barrier,,TRUE,ASSIGNED,Within 30 ft of tidal wetland or eel grass
91431,Water,Water,0.5102890016844578,FALSE,TRUE,FALSE,,FALSE,Marine_open_water,Hard_marine_barrier,,TRUE,ASSIGNED,Within 30 ft of tidal wetland or eel grass
91432,Water,Water,0.0630850112144779,FALSE,FALSE,FALSE,,FALSE,UNRESOLVED_WATER_REVIEW,UNRESOLVED_REVIEW,,FALSE,REVIEW_REQUIRED,"No freshwater, tidal, or modeled-site spatial evidence"
91433,Water,Water,0.256317100287721,FALSE,TRUE,FALSE,,FALSE,Marine_open_water,Hard_marine_barrier,,TRUE,ASSIGNED,Within 30 ft of tidal wetland or eel grass
91434,Water,Water,0.030912132874758254,FALSE,TRUE,FALSE,,FALSE,Marine_open_water,Hard_marine_barrier,,TRUE,ASSIGNED,Within 30 ft of tidal wetland or eel grass
91435,Water,Water,0.010771375316870951,FALSE,TRUE,FALSE,,FALSE,Marine_open_water,Hard_marine_barrier,,TRUE,ASSIGNED,Within 30 ft of tidal wetland or eel grass
91436,Water,Water,0.05704617227853629,FALSE,TRUE,FALSE,,FALSE,Marine_open_water,Hard_marine_barrier,,TRUE,ASSIGNED,Within 30 ft of tidal wetland or eel grass
91437,Water,Water,0.014530395650403432,FALSE,TRUE,FALSE,,FALSE,Marine_open_water,Hard_marine_barrier,,TRUE,ASSIGNED,Within 30 ft of tidal wetland or eel grass
91438,Water,Water,0.08525674127839498,FALSE,TRUE,FALSE,,FALSE,Marine_open_water,Hard_marine_barrier,,TRUE,ASSIGNED,Within 30 ft of tidal wetland or eel grass
91439,Water,Water,0.013979376233003977,FALSE,TRUE,FALSE,,FALSE,Marine_open_water,Hard_marine_barrier,,TRUE,ASSIGNED,Within 30 ft of tidal wetland or eel grass
91440,Water,Water,0.01936756437272442,FALSE,TRUE,FALSE,,FALSE,Marine_open_water,Hard_marine_barrier,,TRUE,ASSIGNED,Within 30 ft of tidal wetland or eel grass
91441,Water,Water,0.0403661369569298,FALSE,TRUE,FALSE,,FALSE,Marine_open_water,Hard_marine_barrier,,TRUE,ASSIGNED,Within 30 ft of tidal wetland or eel grass
91442,Water,Water,0.03436007016538192,FALSE,TRUE,FALSE,,FALSE,Marine_open_water,Hard_marine_barrier,,TRUE,ASSIGNED,Within 30 ft of tidal wetland or eel grass
91443,Water,Water,0.013876590459987613,FALSE,TRUE,FALSE,,FALSE,Marine_open_water,Hard_marine_barrier,,TRUE,ASSIGNED,Within 30 ft of tidal wetland or eel grass
91444,Water,Water,0.04441937268718678,FALSE,TRUE,FALSE,,FALSE,Marine_open_water,Hard_marine_barrier,,TRUE,ASSIGNED,Within 30 ft of tidal wetland or eel grass
91445,Water,Water,0.013034161375562478,FALSE,TRUE,FALSE,,FALSE,Marine_open_water,Hard_marine_barrier,,TRUE,ASSIGNED,Within 30 ft of tidal wetland or eel grass
91446,Water,Water,0.027731607141478286,FALSE,TRUE,FALSE,,FALSE,Marine_open_water,Hard_marine_barrier,,TRUE,ASSIGNED,Within 30 ft of tidal wetland or eel grass
91447,Water,Water,0.23091132142967735,FALSE,TRUE,FALSE,,FALSE,Marine_open_water,Hard_marine_barrier,,TRUE,ASSIGNED,Within 30 ft of tidal wetland or eel grass
91448,Water,Water,0.18142433850112946,FALSE,TRUE,FALSE,,FALSE,Marine_open_water,Hard_marine_barrier,,TRUE,ASSIGNED,Within 30 ft of tidal wetland or eel grass
91449,Water,Water,0.15791041899553412,FALSE,TRUE,FALSE,,FALSE,Marine_open_water,Hard_marine_barrier,,TRUE,ASSIGNED,Within 30 ft of tidal wetland or eel grass
91450,Water,Water,0.012822937877335289,FALSE,TRUE,FALSE,,FALSE,Marine_open_water,Hard_marine_barrier,,TRUE,ASSIGNED,Within 30 ft of tidal wetland or eel grass
91451,Water,Water,0.06443069162837567,FALSE,TRUE,FALSE,,FALSE,Marine_open_water,Hard_marine_barrier,,TRUE,ASSIGNED,Within 30 ft of tidal wetland or eel grass
91452,Water,Water,0.06180907589535664,FALSE,TRUE,FALSE,,FALSE,Marine_open_water,Hard_marine_barrier,,TRUE,ASSIGNED,Within 30 ft of tidal wetland or eel grass
91453,Water,Water,0.023745964174220972,FALSE,TRUE,FALSE,,FALSE,Marine_open_water,Hard_marine_barrier,,TRUE,ASSIGNED,Within 30 ft of tidal wetland or eel grass
91454,Water,Water,0.012235691306475283,FALSE,TRUE,FALSE,,FALSE,Marine_open_water,Hard_marine_barrier,,TRUE,ASSIGNED,Within 30 ft of tidal wetland or eel grass
91455,Water,Water,0.016955483723349398,FALSE,TRUE,FALSE,,FALSE,Marine_open_water,Hard_marine_barrier,,TRUE,ASSIGNED,Within 30 ft of tidal wetland or eel grass
91456,Water,Water,0.03312240081096013,FALSE,TRUE,FALSE,,FALSE,Marine_open_water,Hard_marine_barrier,,TRUE,ASSIGNED,Within 30 ft of tidal wetland or eel grass
91457,Water,Water,0.01150133140540268,FALSE,TRUE,FALSE,,FALSE,Marine_open_water,Hard_marine_barrier,,TRUE,ASSIGNED,Within 30 ft of tidal wetland or eel grass
91458,Water,Water,0.08202703112635601,FALSE,TRUE,FALSE,,FALSE,Marine_open_water,Hard_marine_barrier,,TRUE,ASSIGNED,Within 30 ft of tidal wetland or eel grass
91459,Water,Water,0.025748603034074516,FALSE,TRUE,FALSE,,FALSE,Marine_open_water,Hard_marine_barrier,,TRUE,ASSIGNED,Within 30 ft of tidal wetland or eel grass
91460,Water,Water,0.03202652954000991,FALSE,TRUE,FALSE,,FALSE,Marine_open_water,Hard_marine_barrier,,TRUE,ASSIGNED,Within 30 ft of tidal wetland or eel grass
91461,Water,Water,0.0492253986974823,FALSE,TRUE,FALSE,,FALSE,Marine_open_water,Hard_marine_barrier,,TRUE,ASSIGNED,Within 30 ft of tidal wetland or eel grass
91462,Water,Water,0.16964100992791628,FALSE,TRUE,FALSE,,FALSE,Marine_open_water,Hard_marine_barrier,,TRUE,ASSIGNED,Within 30 ft of tidal wetland or eel grass
91463,Water,Water,0.026348438333322496,FALSE,TRUE,FALSE,,FALSE,Marine_open_water,Hard_marine_barrier,,TRUE,ASSIGNED,Within 30 ft of tidal wetland or eel grass
91464,Water,Water,0.32694927847240884,FALSE,TRUE,FALSE,,FALSE,Marine_open_water,Hard_marine_barrier,,TRUE,ASSIGNED,Within 30 ft of tidal wetland or eel grass
91465,Water,Water,0.10264906487800156,FALSE,TRUE,FALSE,,FALSE,Marine_open_water,Hard_marine_barrier,,TRUE,ASSIGNED,Within 30 ft of tidal wetland or eel grass
91466,Water,Water,0.029096467142737146,FALSE,TRUE,FALSE,,FALSE,Marine_open_water,Hard_marine_barrier,,TRUE,ASSIGNED,Within 30 ft of tidal wetland or eel grass
91467,Water,Water,0.09075389745910317,FALSE,TRUE,FALSE,,FALSE,Marine_open_water,Hard_marine_barrier,,TRUE,ASSIGNED,Within 30 ft of tidal wetland or eel grass
91468,Water,Water,0.07684335248313273,FALSE,TRUE,FALSE,,FALSE,Marine_open_water,Hard_marine_barrier,,TRUE,ASSIGNED,Within 30 ft of tidal wetland or eel grass
91469,Water,Water,0.0222021704667637,FALSE,FALSE,FALSE,,FALSE,UNRESOLVED_WATER_REVIEW,UNRESOLVED_REVIEW,,FALSE,REVIEW_REQUIRED,"No freshwater, tidal, or modeled-site spatial evidence"
91470,Water,Water,0.011343682357415662,FALSE,TRUE,FALSE,,FALSE,Marine_open_water,Hard_marine_barrier,,TRUE,ASSIGNED,Within 30 ft of tidal wetland or eel grass
91471,Water,Water,0.1957098955891028,FALSE,TRUE,FALSE,,FALSE,Marine_open_water,Hard_marine_barrier,,TRUE,ASSIGNED,Within 30 ft of tidal wetland or eel grass
91472,Water,Water,0.2297973618553441,FALSE,TRUE,FALSE,,FALSE,Marine_open_water,Hard_marine_barrier,,TRUE,ASSIGNED,Within 30 ft of tidal wetland or eel grass
91473,Water,Water,0.03670156850680427,FALSE,FALSE,FALSE,,FALSE,UNRESOLVED_WATER_REVIEW,UNRESOLVED_REVIEW,,FALSE,REVIEW_REQUIRED,"No freshwater, tidal, or modeled-site spatial evidence"
91474,Water,Water,0.07055014051876109,FALSE,FALSE,FALSE,,FALSE,UNRESOLVED_WATER_REVIEW,UNRESOLVED_REVIEW,,FALSE,REVIEW_REQUIRED,"No freshwater, tidal, or modeled-site spatial evidence"
91475,Water,Water,0.12627601097140778,FALSE,FALSE,FALSE,,FALSE,UNRESOLVED_WATER_REVIEW,UNRESOLVED_REVIEW,,FALSE,REVIEW_REQUIRED,"No freshwater, tidal, or modeled-site spatial evidence"
91476,Water,Water,0.018138058526612474,FALSE,FALSE,FALSE,,FALSE,UNRESOLVED_WATER_REVIEW,UNRESOLVED_REVIEW,,FALSE,REVIEW_REQUIRED,"No freshwater, tidal, or modeled-site spatial evidence"
91477,Water,Water,0.012052421432525386,FALSE,TRUE,FALSE,,FALSE,Marine_open_water,Hard_marine_barrier,,TRUE,ASSIGNED,Within 30 ft of tidal wetland or eel grass
91478,Water,Water,0.012450172324895351,FALSE,TRUE,FALSE,,FALSE,Marine_open_water,Hard_marine_barrier,,TRUE,ASSIGNED,Within 30 ft of tidal wetland or eel grass
91479,Water,Water,0.021839894420614535,FALSE,TRUE,FALSE,,FALSE,Marine_open_water,Hard_marine_barrier,,TRUE,ASSIGNED,Within 30 ft of tidal wetland or eel grass
91480,Water,Water,0.0355150438408414,FALSE,TRUE,FALSE,,FALSE,Marine_open_water,Hard_marine_barrier,,TRUE,ASSIGNED,Within 30 ft of tidal wetland or eel grass
91481,Water,Water,0.11857928082290065,FALSE,TRUE,FALSE,,FALSE,Marine_open_water,Hard_marine_barrier,,TRUE,ASSIGNED,Within 30 ft of tidal wetland or eel grass
91482,Water,Water,0.19297192664266427,FALSE,TRUE,FALSE,,FALSE,Marine_open_water,Hard_marine_barrier,,TRUE,ASSIGNED,Within 30 ft of tidal wetland or eel grass
91483,Water,Water,0.0328209549378035,FALSE,TRUE,FALSE,,FALSE,Marine_open_water,Hard_marine_barrier,,TRUE,ASSIGNED,Within 30 ft of tidal wetland or eel grass
91484,Water,Water,0.030288276892375073,FALSE,TRUE,FALSE,,FALSE,Marine_open_water,Hard_marine_barrier,,TRUE,ASSIGNED,Within 30 ft of tidal wetland or eel grass
91485,Water,Water,0.010799696927373557,FALSE,TRUE,FALSE,,FALSE,Marine_open_water,Hard_marine_barrier,,TRUE,ASSIGNED,Within 30 ft of tidal wetland or eel grass
91486,Water,Water,0.6031139733584607,FALSE,TRUE,FALSE,,FALSE,Marine_open_water,Hard_marine_barrier,,TRUE,ASSIGNED,Within 30 ft of tidal wetland or eel grass
91487,Water,Water,0.20936809425597733,FALSE,TRUE,FALSE,,FALSE,Marine_open_water,Hard_marine_barrier,,TRUE,ASSIGNED,Within 30 ft of tidal wetland or eel grass
91488,Water,Water,0.15707481002589577,FALSE,TRUE,FALSE,,FALSE,Marine_open_water,Hard_marine_barrier,,TRUE,ASSIGNED,Within 30 ft of tidal wetland or eel grass
91489,Water,Water,0.9443598264159995,FALSE,TRUE,FALSE,,FALSE,Marine_open_water,Hard_marine_barrier,,TRUE,ASSIGNED,Within 30 ft of tidal wetland or eel grass
91490,Water,Water,0.09270623637173402,FALSE,TRUE,FALSE,,FALSE,Marine_open_water,Hard_marine_barrier,,TRUE,ASSIGNED,Within 30 ft of tidal wetland or eel grass
91491,Water,Water,0.01097624848438158,FALSE,TRUE,FALSE,,FALSE,Marine_open_water,Hard_marine_barrier,,TRUE,ASSIGNED,Within 30 ft of tidal wetland or eel grass
91492,Water,Water,0.012663961214931452,FALSE,TRUE,FALSE,,FALSE,Marine_open_water,Hard_marine_barrier,,TRUE,ASSIGNED,Within 30 ft of tidal wetland or eel grass
91493,Water,Water,0.10129091203276978,FALSE,TRUE,FALSE,,FALSE,Marine_open_water,Hard_marine_barrier,,TRUE,ASSIGNED,Within 30 ft of tidal wetland or eel grass
91494,Water,Water,0.011570235543766195,FALSE,TRUE,FALSE,,FALSE,Marine_open_water,Hard_marine_barrier,,TRUE,ASSIGNED,Within 30 ft of tidal wetland or eel grass
91495,Water,Water,0.01572553898027914,FALSE,FALSE,FALSE,,FALSE,UNRESOLVED_WATER_REVIEW,UNRESOLVED_REVIEW,,FALSE,REVIEW_REQUIRED,"No freshwater, tidal, or modeled-site spatial evidence"
91496,Water,Water,0.039721183583459135,FALSE,TRUE,FALSE,,FALSE,Marine_open_water,Hard_marine_barrier,,TRUE,ASSIGNED,Within 30 ft of tidal wetland or eel grass
91497,Water,Water,0.018777347250233674,FALSE,TRUE,FALSE,,FALSE,Marine_open_water,Hard_marine_barrier,,TRUE,ASSIGNED,Within 30 ft of tidal wetland or eel grass
91498,Water,Water,0.011152913029814405,FALSE,TRUE,FALSE,,FALSE,Marine_open_water,Hard_marine_barrier,,TRUE,ASSIGNED,Within 30 ft of tidal wetland or eel grass
91499,Water,Water,0.03594101428978097,FALSE,FALSE,FALSE,,FALSE,UNRESOLVED_WATER_REVIEW,UNRESOLVED_REVIEW,,FALSE,REVIEW_REQUIRED,"No freshwater, tidal, or modeled-site spatial evidence"
91500,Water,Water,0.03502704773978441,FALSE,TRUE,FALSE,,FALSE,Marine_open_water,Hard_marine_barrier,,TRUE,ASSIGNED,Within 30 ft of tidal wetland or eel grass
91501,Water,Water,0.19670640151971988,FALSE,TRUE,FALSE,,FALSE,Marine_open_water,Hard_marine_barrier,,TRUE,ASSIGNED,Within 30 ft of tidal wetland or eel grass
91502,Water,Water,0.01841786556786257,FALSE,TRUE,FALSE,,FALSE,Marine_open_water,Hard_marine_barrier,,TRUE,ASSIGNED,Within 30 ft of tidal wetland or eel grass
91503,Water,Water,0.009552002565618981,FALSE,FALSE,FALSE,,FALSE,UNRESOLVED_WATER_REVIEW,UNRESOLVED_REVIEW,,FALSE,REVIEW_REQUIRED,"No freshwater, tidal, or modeled-site spatial evidence"
91504,Water,Water,0.011151421737169398,FALSE,TRUE,FALSE,,FALSE,Marine_open_water,Hard_marine_barrier,,TRUE,ASSIGNED,Within 30 ft of tidal wetland or eel grass
91505,Water,Water,0.18244633085440887,FALSE,TRUE,FALSE,,FALSE,Marine_open_water,Hard_marine_barrier,,TRUE,ASSIGNED,Within 30 ft of tidal wetland or eel grass
91506,Water,Water,0.009913846637897194,FALSE,TRUE,FALSE,,FALSE,Marine_open_water,Hard_marine_barrier,,TRUE,ASSIGNED,Within 30 ft of tidal wetland or eel grass
91507,Water,Water,0.04156927152076252,FALSE,TRUE,FALSE,,FALSE,Marine_open_water,Hard_marine_barrier,,TRUE,ASSIGNED,Within 30 ft of tidal wetland or eel grass
91508,Water,Water,0.022511992517545782,FALSE,FALSE,FALSE,,FALSE,UNRESOLVED_WATER_REVIEW,UNRESOLVED_REVIEW,,FALSE,REVIEW_REQUIRED,"No freshwater, tidal, or modeled-site spatial evidence"
91509,Water,Water,0.009703011975477956,FALSE,TRUE,FALSE,,FALSE,Marine_open_water,Hard_marine_barrier,,TRUE,ASSIGNED,Within 30 ft of tidal wetland or eel grass
91510,Water,Water,0.012759478591053633,FALSE,TRUE,FALSE,,FALSE,Marine_open_water,Hard_marine_barrier,,TRUE,ASSIGNED,Within 30 ft of tidal wetland or eel grass
91511,Water,Water,0.05454370670726643,FALSE,TRUE,FALSE,,FALSE,Marine_open_water,Hard_marine_barrier,,TRUE,ASSIGNED,Within 30 ft of tidal wetland or eel grass
91512,Water,Water,0.5319154648596597,FALSE,TRUE,FALSE,,FALSE,Marine_open_water,Hard_marine_barrier,,TRUE,ASSIGNED,Within 30 ft of tidal wetland or eel grass
91513,Water,Water,0.0368814939871262,FALSE,TRUE,FALSE,,FALSE,Marine_open_water,Hard_marine_barrier,,TRUE,ASSIGNED,Within 30 ft of tidal wetland or eel grass
91514,Water,Water,0.05885250305291123,FALSE,TRUE,FALSE,,FALSE,Marine_open_water,Hard_marine_barrier,,TRUE,ASSIGNED,Within 30 ft of tidal wetland or eel grass
91515,Water,Water,0.010501898899068633,FALSE,FALSE,FALSE,,FALSE,UNRESOLVED_WATER_REVIEW,UNRESOLVED_REVIEW,,FALSE,REVIEW_REQUIRED,"No freshwater, tidal, or modeled-site spatial evidence"
91516,Water,Water,0.1401474071033801,FALSE,TRUE,FALSE,,FALSE,Marine_open_water,Hard_marine_barrier,,TRUE,ASSIGNED,Within 30 ft of tidal wetland or eel grass
91517,Water,Water,0.04247333241971596,FALSE,TRUE,FALSE,,FALSE,Marine_open_water,Hard_marine_barrier,,TRUE,ASSIGNED,Within 30 ft of tidal wetland or eel grass
91518,Water,Water,0.014304615606517874,FALSE,TRUE,FALSE,,FALSE,Marine_open_water,Hard_marine_barrier,,TRUE,ASSIGNED,Within 30 ft of tidal wetland or eel grass
91519,Water,Water,0.017519468098549124,FALSE,TRUE,FALSE,,FALSE,Marine_open_water,Hard_marine_barrier,,TRUE,ASSIGNED,Within 30 ft of tidal wetland or eel grass
91520,Water,Water,1.169021306756705,FALSE,TRUE,FALSE,,FALSE,Marine_open_water,Hard_marine_barrier,,TRUE,ASSIGNED,Within 30 ft of tidal wetland or eel grass
91521,Water,Water,0.6835245211675369,FALSE,TRUE,FALSE,,FALSE,Marine_open_water,Hard_marine_barrier,,TRUE,ASSIGNED,Within 30 ft of tidal wetland or eel grass
91522,Water,Water,0.024581544736178587,FALSE,TRUE,FALSE,,FALSE,Marine_open_water,Hard_marine_barrier,,TRUE,ASSIGNED,Within 30 ft of tidal wetland or eel grass
91523,Water,Water,0.01690836386671934,FALSE,TRUE,FALSE,,FALSE,Marine_open_water,Hard_marine_barrier,,TRUE,ASSIGNED,Within 30 ft of tidal wetland or eel grass
91524,Water,Water,0.2421255608975803,FALSE,TRUE,FALSE,,FALSE,Marine_open_water,Hard_marine_barrier,,TRUE,ASSIGNED,Within 30 ft of tidal wetland or eel grass
91525,Water,Water,0.08747358263865435,FALSE,TRUE,FALSE,,FALSE,Marine_open_water,Hard_marine_barrier,,TRUE,ASSIGNED,Within 30 ft of tidal wetland or eel grass
91526,Water,Water,0.06574033179675488,FALSE,TRUE,FALSE,,FALSE,Marine_open_water,Hard_marine_barrier,,TRUE,ASSIGNED,Within 30 ft of tidal wetland or eel grass
91527,Water,Water,0.37894328388226056,FALSE,TRUE,FALSE,,FALSE,Marine_open_water,Hard_marine_barrier,,TRUE,ASSIGNED,Within 30 ft of tidal wetland or eel grass
91528,Water,Water,0.019955341881490604,FALSE,TRUE,FALSE,,FALSE,Marine_open_water,Hard_marine_barrier,,TRUE,ASSIGNED,Within 30 ft of tidal wetland or eel grass
91529,Water,Water,0.08378715030043571,FALSE,TRUE,FALSE,,FALSE,Marine_open_water,Hard_marine_barrier,,TRUE,ASSIGNED,Within 30 ft of tidal wetland or eel grass
91530,Water,Water,0.01866329113289591,FALSE,FALSE,FALSE,,FALSE,UNRESOLVED_WATER_REVIEW,UNRESOLVED_REVIEW,,FALSE,REVIEW_REQUIRED,"No freshwater, tidal, or modeled-site spatial evidence"
91531,Water,Water,0.02798355687910849,FALSE,FALSE,FALSE,,FALSE,UNRESOLVED_WATER_REVIEW,UNRESOLVED_REVIEW,,FALSE,REVIEW_REQUIRED,"No freshwater, tidal, or modeled-site spatial evidence"
91532,Water,Water,0.010926207595667078,FALSE,FALSE,FALSE,,FALSE,UNRESOLVED_WATER_REVIEW,UNRESOLVED_REVIEW,,FALSE,REVIEW_REQUIRED,"No freshwater, tidal, or modeled-site spatial evidence"
91533,Water,Water,0.01392320192055588,FALSE,FALSE,FALSE,,FALSE,UNRESOLVED_WATER_REVIEW,UNRESOLVED_REVIEW,,FALSE,REVIEW_REQUIRED,"No freshwater, tidal, or modeled-site spatial evidence"
91534,Water,Water,0.009926434007265285,FALSE,FALSE,FALSE,,FALSE,UNRESOLVED_WATER_REVIEW,UNRESOLVED_REVIEW,,FALSE,REVIEW_REQUIRED,"No freshwater, tidal, or modeled-site spatial evidence"
91535,Water,Water,0.00929321996083066,FALSE,FALSE,FALSE,,FALSE,UNRESOLVED_WATER_REVIEW,UNRESOLVED_REVIEW,,FALSE,REVIEW_REQUIRED,"No freshwater, tidal, or modeled-site spatial evidence"
91536,Water,Water,0.5532090485066662,FALSE,TRUE,FALSE,,FALSE,Marine_open_water,Hard_marine_barrier,,TRUE,ASSIGNED,Within 30 ft of tidal wetland or eel grass
91537,Water,Water,0.031878669246138656,FALSE,FALSE,FALSE,,FALSE,UNRESOLVED_WATER_REVIEW,UNRESOLVED_REVIEW,,FALSE,REVIEW_REQUIRED,"No freshwater, tidal, or modeled-site spatial evidence"
91538,Water,Water,0.28969228153203197,FALSE,TRUE,FALSE,,FALSE,Marine_open_water,Hard_marine_barrier,,TRUE,ASSIGNED,Within 30 ft of tidal wetland or eel grass
91539,Water,Water,0.17092720793607197,FALSE,TRUE,FALSE,,FALSE,Marine_open_water,Hard_marine_barrier,,TRUE,ASSIGNED,Within 30 ft of tidal wetland or eel grass
91540,Water,Water,0.01353705478983178,FALSE,FALSE,FALSE,,FALSE,UNRESOLVED_WATER_REVIEW,UNRESOLVED_REVIEW,,FALSE,REVIEW_REQUIRED,"No freshwater, tidal, or modeled-site spatial evidence"
91541,Water,Water,0.041549220285665045,FALSE,TRUE,FALSE,,FALSE,Marine_open_water,Hard_marine_barrier,,TRUE,ASSIGNED,Within 30 ft of tidal wetland or eel grass
91542,Water,Water,0.045906712785966655,FALSE,FALSE,FALSE,,FALSE,UNRESOLVED_WATER_REVIEW,UNRESOLVED_REVIEW,,FALSE,REVIEW_REQUIRED,"No freshwater, tidal, or modeled-site spatial evidence"
91543,Water,Water,0.010095580011881418,FALSE,TRUE,FALSE,,FALSE,Marine_open_water,Hard_marine_barrier,,TRUE,ASSIGNED,Within 30 ft of tidal wetland or eel grass
91544,Water,Water,0.08166243299044514,FALSE,TRUE,FALSE,,FALSE,Marine_open_water,Hard_marine_barrier,,TRUE,ASSIGNED,Within 30 ft of tidal wetland or eel grass
91545,Water,Water,0.11155036938191584,FALSE,TRUE,FALSE,,FALSE,Marine_open_water,Hard_marine_barrier,,TRUE,ASSIGNED,Within 30 ft of tidal wetland or eel grass
91546,Water,Water,0.060439976755386995,FALSE,TRUE,FALSE,,FALSE,Marine_open_water,Hard_marine_barrier,,TRUE,ASSIGNED,Within 30 ft of tidal wetland or eel grass
91547,Water,Water,0.012634315346719568,FALSE,TRUE,FALSE,,FALSE,Marine_open_water,Hard_marine_barrier,,TRUE,ASSIGNED,Within 30 ft of tidal wetland or eel grass
91548,Water,Water,0.024504741711673515,FALSE,FALSE,FALSE,,FALSE,UNRESOLVED_WATER_REVIEW,UNRESOLVED_REVIEW,,FALSE,REVIEW_REQUIRED,"No freshwater, tidal, or modeled-site spatial evidence"
91549,Water,Water,0.36613744439790274,FALSE,TRUE,FALSE,,FALSE,Marine_open_water,Hard_marine_barrier,,TRUE,ASSIGNED,Within 30 ft of tidal wetland or eel grass
91550,Water,Water,6.57247950256553,FALSE,TRUE,FALSE,,FALSE,Marine_open_water,Hard_marine_barrier,,TRUE,ASSIGNED,Within 30 ft of tidal wetland or eel grass
91551,Water,Water,0.02915436385300338,FALSE,TRUE,FALSE,,FALSE,Marine_open_water,Hard_marine_barrier,,TRUE,ASSIGNED,Within 30 ft of tidal wetland or eel grass
91552,Water,Water,0.06537424697865538,FALSE,TRUE,FALSE,,FALSE,Marine_open_water,Hard_marine_barrier,,TRUE,ASSIGNED,Within 30 ft of tidal wetland or eel grass
91553,Water,Water,0.01857205537976623,FALSE,TRUE,FALSE,,FALSE,Marine_open_water,Hard_marine_barrier,,TRUE,ASSIGNED,Within 30 ft of tidal wetland or eel grass
91554,Water,Water,3.992618541952853,FALSE,TRUE,FALSE,,FALSE,Marine_open_water,Hard_marine_barrier,,TRUE,ASSIGNED,Within 30 ft of tidal wetland or eel grass
91555,Water,Water,0.01986324006384801,FALSE,FALSE,FALSE,,FALSE,UNRESOLVED_WATER_REVIEW,UNRESOLVED_REVIEW,,FALSE,REVIEW_REQUIRED,"No freshwater, tidal, or modeled-site spatial evidence"
91556,Water,Water,0.009842779149481963,FALSE,FALSE,FALSE,,FALSE,UNRESOLVED_WATER_REVIEW,UNRESOLVED_REVIEW,,FALSE,REVIEW_REQUIRED,"No freshwater, tidal, or modeled-site spatial evidence"
91557,Water,Water,0.02356791115251492,FALSE,FALSE,FALSE,,FALSE,UNRESOLVED_WATER_REVIEW,UNRESOLVED_REVIEW,,FALSE,REVIEW_REQUIRED,"No freshwater, tidal, or modeled-site spatial evidence"
91558,Water,Water,0.022309689849502965,FALSE,FALSE,FALSE,,FALSE,UNRESOLVED_WATER_REVIEW,UNRESOLVED_REVIEW,,FALSE,REVIEW_REQUIRED,"No freshwater, tidal, or modeled-site spatial evidence"
91559,Water,Water,0.6515298916957987,FALSE,FALSE,FALSE,,FALSE,UNRESOLVED_WATER_REVIEW,UNRESOLVED_REVIEW,,FALSE,REVIEW_REQUIRED,"No freshwater, tidal, or modeled-site spatial evidence"
91560,Water,Water,0.02270884878827199,FALSE,FALSE,FALSE,,FALSE,UNRESOLVED_WATER_REVIEW,UNRESOLVED_REVIEW,,FALSE,REVIEW_REQUIRED,"No freshwater, tidal, or modeled-site spatial evidence"
91561,Water,Water,0.0410093134207294,FALSE,FALSE,FALSE,,FALSE,UNRESOLVED_WATER_REVIEW,UNRESOLVED_REVIEW,,FALSE,REVIEW_REQUIRED,"No freshwater, tidal, or modeled-site spatial evidence"
91562,Water,Water,0.029017977781265254,FALSE,FALSE,FALSE,,FALSE,UNRESOLVED_WATER_REVIEW,UNRESOLVED_REVIEW,,FALSE,REVIEW_REQUIRED,"No freshwater, tidal, or modeled-site spatial evidence"
91563,Water,Water,0.11742940821431805,FALSE,FALSE,FALSE,,FALSE,UNRESOLVED_WATER_REVIEW,UNRESOLVED_REVIEW,,FALSE,REVIEW_REQUIRED,"No freshwater, tidal, or modeled-site spatial evidence"
91564,Water,Water,0.2167948574999979,FALSE,FALSE,FALSE,,FALSE,UNRESOLVED_WATER_REVIEW,UNRESOLVED_REVIEW,,FALSE,REVIEW_REQUIRED,"No freshwater, tidal, or modeled-site spatial evidence"
91565,Water,Water,3.506723936019845,FALSE,TRUE,FALSE,,FALSE,Marine_open_water,Hard_marine_barrier,,TRUE,ASSIGNED,Within 30 ft of tidal wetland or eel grass
91566,Water,Water,0.02856168393217359,FALSE,FALSE,FALSE,,FALSE,UNRESOLVED_WATER_REVIEW,UNRESOLVED_REVIEW,,FALSE,REVIEW_REQUIRED,"No freshwater, tidal, or modeled-site spatial evidence"
91567,Water,Water,0.3854998803816161,FALSE,FALSE,FALSE,,FALSE,UNRESOLVED_WATER_REVIEW,UNRESOLVED_REVIEW,,FALSE,REVIEW_REQUIRED,"No freshwater, tidal, or modeled-site spatial evidence"
91568,Water,Water,0.699292109313135,FALSE,FALSE,FALSE,,FALSE,UNRESOLVED_WATER_REVIEW,UNRESOLVED_REVIEW,,FALSE,REVIEW_REQUIRED,"No freshwater, tidal, or modeled-site spatial evidence"
91569,Water,Water,0.037463859002786384,FALSE,FALSE,FALSE,,FALSE,UNRESOLVED_WATER_REVIEW,UNRESOLVED_REVIEW,,FALSE,REVIEW_REQUIRED,"No freshwater, tidal, or modeled-site spatial evidence"
91570,Water,Water,0.012578667286242306,FALSE,FALSE,FALSE,,FALSE,UNRESOLVED_WATER_REVIEW,UNRESOLVED_REVIEW,,FALSE,REVIEW_REQUIRED,"No freshwater, tidal, or modeled-site spatial evidence"
91571,Water,Water,0.01804024917797483,FALSE,TRUE,FALSE,,FALSE,Marine_open_water,Hard_marine_barrier,,TRUE,ASSIGNED,Within 30 ft of tidal wetland or eel grass
91572,Water,Water,0.026306942213396755,FALSE,FALSE,FALSE,,FALSE,UNRESOLVED_WATER_REVIEW,UNRESOLVED_REVIEW,,FALSE,REVIEW_REQUIRED,"No freshwater, tidal, or modeled-site spatial evidence"
91573,Water,Water,0.17565430058317028,FALSE,TRUE,FALSE,,FALSE,Marine_open_water,Hard_marine_barrier,,TRUE,ASSIGNED,Within 30 ft of tidal wetland or eel grass
91574,Water,Water,0.0925900087913335,FALSE,FALSE,FALSE,,FALSE,UNRESOLVED_WATER_REVIEW,UNRESOLVED_REVIEW,,FALSE,REVIEW_REQUIRED,"No freshwater, tidal, or modeled-site spatial evidence"
91575,Water,Water,0.0854615186073578,FALSE,TRUE,FALSE,,FALSE,Marine_open_water,Hard_marine_barrier,,TRUE,ASSIGNED,Within 30 ft of tidal wetland or eel grass
91576,Water,Water,0.08455480140992803,TRUE,FALSE,FALSE,,FALSE,Freshwater_open_water,Freshwater_wetland_riparian,1,FALSE,ASSIGNED,Within 30 ft of freshwater wetland or riparian forest
91577,Water,Water,0.018987637225329597,FALSE,TRUE,FALSE,,FALSE,Marine_open_water,Hard_marine_barrier,,TRUE,ASSIGNED,Within 30 ft of tidal wetland or eel grass
91578,Water,Water,0.08497207274369135,FALSE,TRUE,FALSE,,FALSE,Marine_open_water,Hard_marine_barrier,,TRUE,ASSIGNED,Within 30 ft of tidal wetland or eel grass
91579,Water,Water,0.04519405196675417,FALSE,TRUE,FALSE,,FALSE,Marine_open_water,Hard_marine_barrier,,TRUE,ASSIGNED,Within 30 ft of tidal wetland or eel grass
91580,Water,Water,0.03467338683451708,FALSE,TRUE,FALSE,,FALSE,Marine_open_water,Hard_marine_barrier,,TRUE,ASSIGNED,Within 30 ft of tidal wetland or eel grass
91581,Water,Water,0.018701492126302132,FALSE,TRUE,FALSE,,FALSE,Marine_open_water,Hard_marine_barrier,,TRUE,ASSIGNED,Within 30 ft of tidal wetland or eel grass
91582,Water,Water,0.011977590519118514,FALSE,TRUE,FALSE,,FALSE,Marine_open_water,Hard_marine_barrier,,TRUE,ASSIGNED,Within 30 ft of tidal wetland or eel grass
91583,Water,Water,0.055402296120646594,FALSE,TRUE,FALSE,,FALSE,Marine_open_water,Hard_marine_barrier,,TRUE,ASSIGNED,Within 30 ft of tidal wetland or eel grass
91584,Water,Water,0.07641966131533257,FALSE,TRUE,FALSE,,FALSE,Marine_open_water,Hard_marine_barrier,,TRUE,ASSIGNED,Within 30 ft of tidal wetland or eel grass
91585,Water,Water,0.011930653588967416,FALSE,TRUE,FALSE,,FALSE,Marine_open_water,Hard_marine_barrier,,TRUE,ASSIGNED,Within 30 ft of tidal wetland or eel grass
91586,Water,Water,0.019620199024185127,FALSE,FALSE,FALSE,,FALSE,UNRESOLVED_WATER_REVIEW,UNRESOLVED_REVIEW,,FALSE,REVIEW_REQUIRED,"No freshwater, tidal, or modeled-site spatial evidence"
91587,Water,Water,0.09257263613857969,FALSE,FALSE,FALSE,,FALSE,UNRESOLVED_WATER_REVIEW,UNRESOLVED_REVIEW,,FALSE,REVIEW_REQUIRED,"No freshwater, tidal, or modeled-site spatial evidence"
91588,Water,Water,0.5590755612803149,FALSE,TRUE,FALSE,,FALSE,Marine_open_water,Hard_marine_barrier,,TRUE,ASSIGNED,Within 30 ft of tidal wetland or eel grass
91589,Water,Water,0.02118958886833382,FALSE,TRUE,FALSE,,FALSE,Marine_open_water,Hard_marine_barrier,,TRUE,ASSIGNED,Within 30 ft of tidal wetland or eel grass
91590,Water,Water,0.011460832146783654,FALSE,TRUE,FALSE,,FALSE,Marine_open_water,Hard_marine_barrier,,TRUE,ASSIGNED,Within 30 ft of tidal wetland or eel grass
91591,Water,Water,0.01296559137808666,FALSE,TRUE,FALSE,,FALSE,Marine_open_water,Hard_marine_barrier,,TRUE,ASSIGNED,Within 30 ft of tidal wetland or eel grass
91592,Water,Water,0.07185766445271484,FALSE,TRUE,FALSE,,FALSE,Marine_open_water,Hard_marine_barrier,,TRUE,ASSIGNED,Within 30 ft of tidal wetland or eel grass
91593,Water,Water,0.009486690287739555,FALSE,TRUE,FALSE,,FALSE,Marine_open_water,Hard_marine_barrier,,TRUE,ASSIGNED,Within 30 ft of tidal wetland or eel grass
91594,Water,Water,0.021724377293462955,FALSE,TRUE,FALSE,,FALSE,Marine_open_water,Hard_marine_barrier,,TRUE,ASSIGNED,Within 30 ft of tidal wetland or eel grass
91595,Water,Water,0.012455373638063363,TRUE,FALSE,FALSE,,FALSE,Freshwater_open_water,Freshwater_wetland_riparian,1,FALSE,ASSIGNED,Within 30 ft of freshwater wetland or riparian forest
91596,Water,Water,0.019052683978452147,TRUE,FALSE,FALSE,,FALSE,Freshwater_open_water,Freshwater_wetland_riparian,1,FALSE,ASSIGNED,Within 30 ft of freshwater wetland or riparian forest
91597,Water,Water,0.04557771040569275,FALSE,TRUE,FALSE,,FALSE,Marine_open_water,Hard_marine_barrier,,TRUE,ASSIGNED,Within 30 ft of tidal wetland or eel grass
91598,Water,Water,0.031101746981371265,FALSE,TRUE,FALSE,,FALSE,Marine_open_water,Hard_marine_barrier,,TRUE,ASSIGNED,Within 30 ft of tidal wetland or eel grass
91599,Water,Water,0.028596054444205828,FALSE,TRUE,FALSE,,FALSE,Marine_open_water,Hard_marine_barrier,,TRUE,ASSIGNED,Within 30 ft of tidal wetland or eel grass
91600,Water,Water,0.01561053304157768,FALSE,TRUE,FALSE,,FALSE,Marine_open_water,Hard_marine_barrier,,TRUE,ASSIGNED,Within 30 ft of tidal wetland or eel grass
91601,Water,Water,0.0221463592644843,TRUE,FALSE,FALSE,,FALSE,Freshwater_open_water,Freshwater_wetland_riparian,1,FALSE,ASSIGNED,Within 30 ft of freshwater wetland or riparian forest
91602,Water,Water,0.019293627186882188,FALSE,TRUE,FALSE,,FALSE,Marine_open_water,Hard_marine_barrier,,TRUE,ASSIGNED,Within 30 ft of tidal wetland or eel grass
