polygon_row_id,map_class_clean,lifeform_clean,acres_numeric,adjacent_freshwater_anchor,adjacent_tidal_anchor,near_model_site,near_model_site_ids,near_map_edge,split_class,movement_group,base_cost,is_barrier,classification_status,decision_reason
91747,Mudflat/Dry Pond Bottom Mapping Unit,Mudflat,5.44186907534286,TRUE,TRUE,FALSE,,FALSE,Estuarine_transition_mudflat,Tidal_saline_matrix,25,FALSE,ASSIGNED,Within 30 ft of both freshwater and tidal anchors
91748,Mudflat/Dry Pond Bottom Mapping Unit,Mudflat,0.01521935793564988,FALSE,TRUE,FALSE,,FALSE,Tidal_mudflat,Tidal_saline_matrix,25,FALSE,ASSIGNED,Within 30 ft of tidal wetland or eel grass
91749,Mudflat/Dry Pond Bottom Mapping Unit,Mudflat,0.009889754886069328,FALSE,TRUE,FALSE,,FALSE,Tidal_mudflat,Tidal_saline_matrix,25,FALSE,ASSIGNED,Within 30 ft of tidal wetland or eel grass
91750,Mudflat/Dry Pond Bottom Mapping Unit,Mudflat,0.03654836029075479,FALSE,TRUE,FALSE,,FALSE,Tidal_mudflat,Tidal_saline_matrix,25,FALSE,ASSIGNED,Within 30 ft of tidal wetland or eel grass
91751,Mudflat/Dry Pond Bottom Mapping Unit,Mudflat,0.08039946969986457,FALSE,TRUE,FALSE,,FALSE,Tidal_mudflat,Tidal_saline_matrix,25,FALSE,ASSIGNED,Within 30 ft of tidal wetland or eel grass
91752,Mudflat/Dry Pond Bottom Mapping Unit,Mudflat,0.48450642625211027,FALSE,TRUE,FALSE,,FALSE,Tidal_mudflat,Tidal_saline_matrix,25,FALSE,ASSIGNED,Within 30 ft of tidal wetland or eel grass
91753,Mudflat/Dry Pond Bottom Mapping Unit,Mudflat,0.33842658883416926,FALSE,TRUE,FALSE,,FALSE,Tidal_mudflat,Tidal_saline_matrix,25,FALSE,ASSIGNED,Within 30 ft of tidal wetland or eel grass
91754,Mudflat/Dry Pond Bottom Mapping Unit,Mudflat,0.40290200342142485,FALSE,TRUE,FALSE,,FALSE,Tidal_mudflat,Tidal_saline_matrix,25,FALSE,ASSIGNED,Within 30 ft of tidal wetland or eel grass
91755,Mudflat/Dry Pond Bottom Mapping Unit,Mudflat,0.014723540547122126,FALSE,TRUE,FALSE,,FALSE,Tidal_mudflat,Tidal_saline_matrix,25,FALSE,ASSIGNED,Within 30 ft of tidal wetland or eel grass
91756,Mudflat/Dry Pond Bottom Mapping Unit,Mudflat,0.02814099324087562,FALSE,TRUE,FALSE,,FALSE,Tidal_mudflat,Tidal_saline_matrix,25,FALSE,ASSIGNED,Within 30 ft of tidal wetland or eel grass
91757,Mudflat/Dry Pond Bottom Mapping Unit,Mudflat,0.0449946431010062,FALSE,TRUE,FALSE,,FALSE,Tidal_mudflat,Tidal_saline_matrix,25,FALSE,ASSIGNED,Within 30 ft of tidal wetland or eel grass
91758,Mudflat/Dry Pond Bottom Mapping Unit,Mudflat,0.00954442431027056,FALSE,TRUE,FALSE,,FALSE,Tidal_mudflat,Tidal_saline_matrix,25,FALSE,ASSIGNED,Within 30 ft of tidal wetland or eel grass
91759,Mudflat/Dry Pond Bottom Mapping Unit,Mudflat,0.032705348230703514,FALSE,TRUE,FALSE,,FALSE,Tidal_mudflat,Tidal_saline_matrix,25,FALSE,ASSIGNED,Within 30 ft of tidal wetland or eel grass
91760,Mudflat/Dry Pond Bottom Mapping Unit,Mudflat,0.015257651507244615,FALSE,TRUE,FALSE,,FALSE,Tidal_mudflat,Tidal_saline_matrix,25,FALSE,ASSIGNED,Within 30 ft of tidal wetland or eel grass
91761,Mudflat/Dry Pond Bottom Mapping Unit,Mudflat,0.0335170724185849,FALSE,TRUE,FALSE,,FALSE,Tidal_mudflat,Tidal_saline_matrix,25,FALSE,ASSIGNED,Within 30 ft of tidal wetland or eel grass
91762,Mudflat/Dry Pond Bottom Mapping Unit,Mudflat,1.1350302856915364,FALSE,TRUE,FALSE,,FALSE,Tidal_mudflat,Tidal_saline_matrix,25,FALSE,ASSIGNED,Within 30 ft of tidal wetland or eel grass
91763,Mudflat/Dry Pond Bottom Mapping Unit,Mudflat,0.17827130791056958,FALSE,TRUE,FALSE,,FALSE,Tidal_mudflat,Tidal_saline_matrix,25,FALSE,ASSIGNED,Within 30 ft of tidal wetland or eel grass
91764,Mudflat/Dry Pond Bottom Mapping Unit,Mudflat,0.024770803770901923,FALSE,TRUE,FALSE,,FALSE,Tidal_mudflat,Tidal_saline_matrix,25,FALSE,ASSIGNED,Within 30 ft of tidal wetland or eel grass
91765,Mudflat/Dry Pond Bottom Mapping Unit,Mudflat,0.009636588288144187,FALSE,TRUE,FALSE,,FALSE,Tidal_mudflat,Tidal_saline_matrix,25,FALSE,ASSIGNED,Within 30 ft of tidal wetland or eel grass
91766,Mudflat/Dry Pond Bottom Mapping Unit,Mudflat,0.027669943061188366,FALSE,TRUE,FALSE,,FALSE,Tidal_mudflat,Tidal_saline_matrix,25,FALSE,ASSIGNED,Within 30 ft of tidal wetland or eel grass
91767,Mudflat/Dry Pond Bottom Mapping Unit,Mudflat,1.9237323303560072,FALSE,TRUE,FALSE,,FALSE,Tidal_mudflat,Tidal_saline_matrix,25,FALSE,ASSIGNED,Within 30 ft of tidal wetland or eel grass
91768,Mudflat/Dry Pond Bottom Mapping Unit,Mudflat,0.4050175051385038,FALSE,TRUE,FALSE,,FALSE,Tidal_mudflat,Tidal_saline_matrix,25,FALSE,ASSIGNED,Within 30 ft of tidal wetland or eel grass
91769,Mudflat/Dry Pond Bottom Mapping Unit,Mudflat,0.3527176866924495,FALSE,TRUE,FALSE,,FALSE,Tidal_mudflat,Tidal_saline_matrix,25,FALSE,ASSIGNED,Within 30 ft of tidal wetland or eel grass
91770,Mudflat/Dry Pond Bottom Mapping Unit,Mudflat,0.05163470414375763,FALSE,TRUE,FALSE,,FALSE,Tidal_mudflat,Tidal_saline_matrix,25,FALSE,ASSIGNED,Within 30 ft of tidal wetland or eel grass
91771,Mudflat/Dry Pond Bottom Mapping Unit,Mudflat,0.010213384966853053,FALSE,TRUE,FALSE,,FALSE,Tidal_mudflat,Tidal_saline_matrix,25,FALSE,ASSIGNED,Within 30 ft of tidal wetland or eel grass
91772,Mudflat/Dry Pond Bottom Mapping Unit,Mudflat,0.017562556353501964,FALSE,TRUE,FALSE,,FALSE,Tidal_mudflat,Tidal_saline_matrix,25,FALSE,ASSIGNED,Within 30 ft of tidal wetland or eel grass
91773,Mudflat/Dry Pond Bottom Mapping Unit,Mudflat,0.024219556470300628,FALSE,TRUE,FALSE,,FALSE,Tidal_mudflat,Tidal_saline_matrix,25,FALSE,ASSIGNED,Within 30 ft of tidal wetland or eel grass
91774,Mudflat/Dry Pond Bottom Mapping Unit,Mudflat,0.09365615099570944,FALSE,TRUE,FALSE,,FALSE,Tidal_mudflat,Tidal_saline_matrix,25,FALSE,ASSIGNED,Within 30 ft of tidal wetland or eel grass
91775,Mudflat/Dry Pond Bottom Mapping Unit,Mudflat,1.6303094179974575,FALSE,TRUE,FALSE,,TRUE,Tidal_mudflat,Tidal_saline_matrix,25,FALSE,ASSIGNED,Within 30 ft of tidal wetland or eel grass
91776,Mudflat/Dry Pond Bottom Mapping Unit,Mudflat,2.311060461871755,FALSE,TRUE,FALSE,,FALSE,Tidal_mudflat,Tidal_saline_matrix,25,FALSE,ASSIGNED,Within 30 ft of tidal wetland or eel grass
91777,Mudflat/Dry Pond Bottom Mapping Unit,Mudflat,11.086576775882238,FALSE,TRUE,FALSE,,FALSE,Tidal_mudflat,Tidal_saline_matrix,25,FALSE,ASSIGNED,Within 30 ft of tidal wetland or eel grass
91778,Mudflat/Dry Pond Bottom Mapping Unit,Mudflat,11.408094271106203,FALSE,TRUE,FALSE,,FALSE,Tidal_mudflat,Tidal_saline_matrix,25,FALSE,ASSIGNED,Within 30 ft of tidal wetland or eel grass
91779,Mudflat/Dry Pond Bottom Mapping Unit,Mudflat,0.07816092362383804,FALSE,TRUE,FALSE,,FALSE,Tidal_mudflat,Tidal_saline_matrix,25,FALSE,ASSIGNED,Within 30 ft of tidal wetland or eel grass
91780,Mudflat/Dry Pond Bottom Mapping Unit,Mudflat,0.020939218859729398,FALSE,FALSE,FALSE,,FALSE,UNRESOLVED_MUDFLAT_REVIEW,UNRESOLVED_REVIEW,,FALSE,REVIEW_REQUIRED,"No freshwater, tidal, or modeled-site spatial evidence"
91781,Mudflat/Dry Pond Bottom Mapping Unit,Mudflat,0.011070778163524161,FALSE,FALSE,FALSE,,FALSE,UNRESOLVED_MUDFLAT_REVIEW,UNRESOLVED_REVIEW,,FALSE,REVIEW_REQUIRED,"No freshwater, tidal, or modeled-site spatial evidence"
91782,Mudflat/Dry Pond Bottom Mapping Unit,Mudflat,0.009200684119213277,FALSE,TRUE,FALSE,,FALSE,Tidal_mudflat,Tidal_saline_matrix,25,FALSE,ASSIGNED,Within 30 ft of tidal wetland or eel grass
91783,Mudflat/Dry Pond Bottom Mapping Unit,Mudflat,0.026837564890509428,FALSE,FALSE,FALSE,,FALSE,UNRESOLVED_MUDFLAT_REVIEW,UNRESOLVED_REVIEW,,FALSE,REVIEW_REQUIRED,"No freshwater, tidal, or modeled-site spatial evidence"
91784,Mudflat/Dry Pond Bottom Mapping Unit,Mudflat,0.015306277013365538,FALSE,TRUE,FALSE,,FALSE,Tidal_mudflat,Tidal_saline_matrix,25,FALSE,ASSIGNED,Within 30 ft of tidal wetland or eel grass
91785,Mudflat/Dry Pond Bottom Mapping Unit,Mudflat,20.927302750450558,FALSE,TRUE,FALSE,,FALSE,Tidal_mudflat,Tidal_saline_matrix,25,FALSE,ASSIGNED,Within 30 ft of tidal wetland or eel grass
91786,Mudflat/Dry Pond Bottom Mapping Unit,Mudflat,0.02587077554484525,FALSE,FALSE,FALSE,,FALSE,UNRESOLVED_MUDFLAT_REVIEW,UNRESOLVED_REVIEW,,FALSE,REVIEW_REQUIRED,"No freshwater, tidal, or modeled-site spatial evidence"
91787,Mudflat/Dry Pond Bottom Mapping Unit,Mudflat,0.009358078727266808,FALSE,FALSE,FALSE,,FALSE,UNRESOLVED_MUDFLAT_REVIEW,UNRESOLVED_REVIEW,,FALSE,REVIEW_REQUIRED,"No freshwater, tidal, or modeled-site spatial evidence"
91788,Mudflat/Dry Pond Bottom Mapping Unit,Mudflat,0.09993045809732597,FALSE,FALSE,FALSE,,FALSE,UNRESOLVED_MUDFLAT_REVIEW,UNRESOLVED_REVIEW,,FALSE,REVIEW_REQUIRED,"No freshwater, tidal, or modeled-site spatial evidence"
91789,Mudflat/Dry Pond Bottom Mapping Unit,Mudflat,0.03295764108605441,FALSE,FALSE,FALSE,,FALSE,UNRESOLVED_MUDFLAT_REVIEW,UNRESOLVED_REVIEW,,FALSE,REVIEW_REQUIRED,"No freshwater, tidal, or modeled-site spatial evidence"
91790,Mudflat/Dry Pond Bottom Mapping Unit,Mudflat,0.02669645412454451,FALSE,FALSE,FALSE,,FALSE,UNRESOLVED_MUDFLAT_REVIEW,UNRESOLVED_REVIEW,,FALSE,REVIEW_REQUIRED,"No freshwater, tidal, or modeled-site spatial evidence"
91791,Mudflat/Dry Pond Bottom Mapping Unit,Mudflat,0.023572092623526105,FALSE,TRUE,FALSE,,FALSE,Tidal_mudflat,Tidal_saline_matrix,25,FALSE,ASSIGNED,Within 30 ft of tidal wetland or eel grass
91792,Mudflat/Dry Pond Bottom Mapping Unit,Mudflat,0.01838470424458225,FALSE,FALSE,FALSE,,FALSE,UNRESOLVED_MUDFLAT_REVIEW,UNRESOLVED_REVIEW,,FALSE,REVIEW_REQUIRED,"No freshwater, tidal, or modeled-site spatial evidence"
91793,Mudflat/Dry Pond Bottom Mapping Unit,Mudflat,0.0729636514098817,FALSE,TRUE,FALSE,,FALSE,Tidal_mudflat,Tidal_saline_matrix,25,FALSE,ASSIGNED,Within 30 ft of tidal wetland or eel grass
91794,Mudflat/Dry Pond Bottom Mapping Unit,Mudflat,0.009746217513392975,FALSE,FALSE,FALSE,,FALSE,UNRESOLVED_MUDFLAT_REVIEW,UNRESOLVED_REVIEW,,FALSE,REVIEW_REQUIRED,"No freshwater, tidal, or modeled-site spatial evidence"
91795,Mudflat/Dry Pond Bottom Mapping Unit,Mudflat,0.03779777521184747,FALSE,TRUE,FALSE,,FALSE,Tidal_mudflat,Tidal_saline_matrix,25,FALSE,ASSIGNED,Within 30 ft of tidal wetland or eel grass
91796,Mudflat/Dry Pond Bottom Mapping Unit,Mudflat,0.023563209326553865,FALSE,FALSE,FALSE,,FALSE,UNRESOLVED_MUDFLAT_REVIEW,UNRESOLVED_REVIEW,,FALSE,REVIEW_REQUIRED,"No freshwater, tidal, or modeled-site spatial evidence"
91797,Mudflat/Dry Pond Bottom Mapping Unit,Mudflat,0.0909716521845168,FALSE,FALSE,FALSE,,FALSE,UNRESOLVED_MUDFLAT_REVIEW,UNRESOLVED_REVIEW,,FALSE,REVIEW_REQUIRED,"No freshwater, tidal, or modeled-site spatial evidence"
91798,Mudflat/Dry Pond Bottom Mapping Unit,Mudflat,0.9768122468851964,FALSE,TRUE,FALSE,,FALSE,Tidal_mudflat,Tidal_saline_matrix,25,FALSE,ASSIGNED,Within 30 ft of tidal wetland or eel grass
91799,Mudflat/Dry Pond Bottom Mapping Unit,Mudflat,0.023108083581977135,FALSE,FALSE,FALSE,,FALSE,UNRESOLVED_MUDFLAT_REVIEW,UNRESOLVED_REVIEW,,FALSE,REVIEW_REQUIRED,"No freshwater, tidal, or modeled-site spatial evidence"
91800,Mudflat/Dry Pond Bottom Mapping Unit,Mudflat,0.3478160248164575,FALSE,TRUE,FALSE,,FALSE,Tidal_mudflat,Tidal_saline_matrix,25,FALSE,ASSIGNED,Within 30 ft of tidal wetland or eel grass
91801,Mudflat/Dry Pond Bottom Mapping Unit,Mudflat,0.11134728559680566,FALSE,FALSE,FALSE,,FALSE,UNRESOLVED_MUDFLAT_REVIEW,UNRESOLVED_REVIEW,,FALSE,REVIEW_REQUIRED,"No freshwater, tidal, or modeled-site spatial evidence"
91802,Mudflat/Dry Pond Bottom Mapping Unit,Mudflat,0.05044437774684844,FALSE,FALSE,FALSE,,FALSE,UNRESOLVED_MUDFLAT_REVIEW,UNRESOLVED_REVIEW,,FALSE,REVIEW_REQUIRED,"No freshwater, tidal, or modeled-site spatial evidence"
91803,Mudflat/Dry Pond Bottom Mapping Unit,Mudflat,0.036317908014478574,FALSE,FALSE,FALSE,,FALSE,UNRESOLVED_MUDFLAT_REVIEW,UNRESOLVED_REVIEW,,FALSE,REVIEW_REQUIRED,"No freshwater, tidal, or modeled-site spatial evidence"
91804,Mudflat/Dry Pond Bottom Mapping Unit,Mudflat,0.010933735811317515,FALSE,FALSE,FALSE,,FALSE,UNRESOLVED_MUDFLAT_REVIEW,UNRESOLVED_REVIEW,,FALSE,REVIEW_REQUIRED,"No freshwater, tidal, or modeled-site spatial evidence"
91805,Mudflat/Dry Pond Bottom Mapping Unit,Mudflat,0.27691372421949045,FALSE,TRUE,FALSE,,FALSE,Tidal_mudflat,Tidal_saline_matrix,25,FALSE,ASSIGNED,Within 30 ft of tidal wetland or eel grass
91806,Mudflat/Dry Pond Bottom Mapping Unit,Mudflat,0.01777788576978402,FALSE,FALSE,FALSE,,FALSE,UNRESOLVED_MUDFLAT_REVIEW,UNRESOLVED_REVIEW,,FALSE,REVIEW_REQUIRED,"No freshwater, tidal, or modeled-site spatial evidence"
91807,Mudflat/Dry Pond Bottom Mapping Unit,Mudflat,0.06256982998312412,FALSE,FALSE,FALSE,,FALSE,UNRESOLVED_MUDFLAT_REVIEW,UNRESOLVED_REVIEW,,FALSE,REVIEW_REQUIRED,"No freshwater, tidal, or modeled-site spatial evidence"
91808,Mudflat/Dry Pond Bottom Mapping Unit,Mudflat,0.1327565878706258,FALSE,FALSE,FALSE,,FALSE,UNRESOLVED_MUDFLAT_REVIEW,UNRESOLVED_REVIEW,,FALSE,REVIEW_REQUIRED,"No freshwater, tidal, or modeled-site spatial evidence"
91809,Mudflat/Dry Pond Bottom Mapping Unit,Mudflat,0.12344685335939037,FALSE,TRUE,FALSE,,FALSE,Tidal_mudflat,Tidal_saline_matrix,25,FALSE,ASSIGNED,Within 30 ft of tidal wetland or eel grass
91810,Mudflat/Dry Pond Bottom Mapping Unit,Mudflat,0.09053374652416489,FALSE,TRUE,FALSE,,FALSE,Tidal_mudflat,Tidal_saline_matrix,25,FALSE,ASSIGNED,Within 30 ft of tidal wetland or eel grass
91811,Mudflat/Dry Pond Bottom Mapping Unit,Mudflat,0.06041466664570338,FALSE,TRUE,FALSE,,FALSE,Tidal_mudflat,Tidal_saline_matrix,25,FALSE,ASSIGNED,Within 30 ft of tidal wetland or eel grass
91812,Mudflat/Dry Pond Bottom Mapping Unit,Mudflat,0.04534803755054081,FALSE,TRUE,FALSE,,FALSE,Tidal_mudflat,Tidal_saline_matrix,25,FALSE,ASSIGNED,Within 30 ft of tidal wetland or eel grass
91813,Mudflat/Dry Pond Bottom Mapping Unit,Mudflat,0.11744587145423481,FALSE,TRUE,FALSE,,FALSE,Tidal_mudflat,Tidal_saline_matrix,25,FALSE,ASSIGNED,Within 30 ft of tidal wetland or eel grass
91814,Mudflat/Dry Pond Bottom Mapping Unit,Mudflat,1.4548206465062852,FALSE,TRUE,FALSE,,FALSE,Tidal_mudflat,Tidal_saline_matrix,25,FALSE,ASSIGNED,Within 30 ft of tidal wetland or eel grass
91815,Mudflat/Dry Pond Bottom Mapping Unit,Mudflat,0.5455615867866834,FALSE,FALSE,FALSE,,FALSE,UNRESOLVED_MUDFLAT_REVIEW,UNRESOLVED_REVIEW,,FALSE,REVIEW_REQUIRED,"No freshwater, tidal, or modeled-site spatial evidence"
91816,Mudflat/Dry Pond Bottom Mapping Unit,Mudflat,0.05564070891829596,FALSE,TRUE,FALSE,,FALSE,Tidal_mudflat,Tidal_saline_matrix,25,FALSE,ASSIGNED,Within 30 ft of tidal wetland or eel grass
91817,Mudflat/Dry Pond Bottom Mapping Unit,Mudflat,0.13013215981527926,FALSE,TRUE,FALSE,,FALSE,Tidal_mudflat,Tidal_saline_matrix,25,FALSE,ASSIGNED,Within 30 ft of tidal wetland or eel grass
91818,Mudflat/Dry Pond Bottom Mapping Unit,Mudflat,0.2781677711979708,FALSE,FALSE,FALSE,,FALSE,UNRESOLVED_MUDFLAT_REVIEW,UNRESOLVED_REVIEW,,FALSE,REVIEW_REQUIRED,"No freshwater, tidal, or modeled-site spatial evidence"
91819,Mudflat/Dry Pond Bottom Mapping Unit,Mudflat,0.03872705374682015,FALSE,FALSE,FALSE,,FALSE,UNRESOLVED_MUDFLAT_REVIEW,UNRESOLVED_REVIEW,,FALSE,REVIEW_REQUIRED,"No freshwater, tidal, or modeled-site spatial evidence"
91820,Mudflat/Dry Pond Bottom Mapping Unit,Mudflat,0.02750700414622686,FALSE,TRUE,FALSE,,FALSE,Tidal_mudflat,Tidal_saline_matrix,25,FALSE,ASSIGNED,Within 30 ft of tidal wetland or eel grass
91821,Mudflat/Dry Pond Bottom Mapping Unit,Mudflat,0.010163295995841232,FALSE,FALSE,FALSE,,FALSE,UNRESOLVED_MUDFLAT_REVIEW,UNRESOLVED_REVIEW,,FALSE,REVIEW_REQUIRED,"No freshwater, tidal, or modeled-site spatial evidence"
91822,Mudflat/Dry Pond Bottom Mapping Unit,Mudflat,0.43390676147823437,FALSE,FALSE,FALSE,,FALSE,UNRESOLVED_MUDFLAT_REVIEW,UNRESOLVED_REVIEW,,FALSE,REVIEW_REQUIRED,"No freshwater, tidal, or modeled-site spatial evidence"
91823,Mudflat/Dry Pond Bottom Mapping Unit,Mudflat,0.02412802179081845,FALSE,FALSE,FALSE,,FALSE,UNRESOLVED_MUDFLAT_REVIEW,UNRESOLVED_REVIEW,,FALSE,REVIEW_REQUIRED,"No freshwater, tidal, or modeled-site spatial evidence"
91824,Mudflat/Dry Pond Bottom Mapping Unit,Mudflat,0.33069351031935895,FALSE,FALSE,FALSE,,FALSE,UNRESOLVED_MUDFLAT_REVIEW,UNRESOLVED_REVIEW,,FALSE,REVIEW_REQUIRED,"No freshwater, tidal, or modeled-site spatial evidence"
91825,Mudflat/Dry Pond Bottom Mapping Unit,Mudflat,0.01295652267972729,FALSE,FALSE,FALSE,,FALSE,UNRESOLVED_MUDFLAT_REVIEW,UNRESOLVED_REVIEW,,FALSE,REVIEW_REQUIRED,"No freshwater, tidal, or modeled-site spatial evidence"
91826,Mudflat/Dry Pond Bottom Mapping Unit,Mudflat,0.04831697700765771,FALSE,TRUE,FALSE,,FALSE,Tidal_mudflat,Tidal_saline_matrix,25,FALSE,ASSIGNED,Within 30 ft of tidal wetland or eel grass
91827,Mudflat/Dry Pond Bottom Mapping Unit,Mudflat,0.03608793265855154,FALSE,FALSE,FALSE,,FALSE,UNRESOLVED_MUDFLAT_REVIEW,UNRESOLVED_REVIEW,,FALSE,REVIEW_REQUIRED,"No freshwater, tidal, or modeled-site spatial evidence"
91828,Mudflat/Dry Pond Bottom Mapping Unit,Mudflat,0.3080119783844598,FALSE,FALSE,FALSE,,FALSE,UNRESOLVED_MUDFLAT_REVIEW,UNRESOLVED_REVIEW,,FALSE,REVIEW_REQUIRED,"No freshwater, tidal, or modeled-site spatial evidence"
91829,Mudflat/Dry Pond Bottom Mapping Unit,Mudflat,0.3643485981248303,FALSE,FALSE,FALSE,,FALSE,UNRESOLVED_MUDFLAT_REVIEW,UNRESOLVED_REVIEW,,FALSE,REVIEW_REQUIRED,"No freshwater, tidal, or modeled-site spatial evidence"
91830,Mudflat/Dry Pond Bottom Mapping Unit,Mudflat,0.02512982560929927,FALSE,FALSE,FALSE,,FALSE,UNRESOLVED_MUDFLAT_REVIEW,UNRESOLVED_REVIEW,,FALSE,REVIEW_REQUIRED,"No freshwater, tidal, or modeled-site spatial evidence"
91831,Mudflat/Dry Pond Bottom Mapping Unit,Mudflat,0.018847558967789984,FALSE,FALSE,FALSE,,FALSE,UNRESOLVED_MUDFLAT_REVIEW,UNRESOLVED_REVIEW,,FALSE,REVIEW_REQUIRED,"No freshwater, tidal, or modeled-site spatial evidence"
91832,Mudflat/Dry Pond Bottom Mapping Unit,Mudflat,0.009483433673789891,FALSE,FALSE,FALSE,,FALSE,UNRESOLVED_MUDFLAT_REVIEW,UNRESOLVED_REVIEW,,FALSE,REVIEW_REQUIRED,"No freshwater, tidal, or modeled-site spatial evidence"
91833,Mudflat/Dry Pond Bottom Mapping Unit,Mudflat,0.4478646797018241,FALSE,FALSE,FALSE,,FALSE,UNRESOLVED_MUDFLAT_REVIEW,UNRESOLVED_REVIEW,,FALSE,REVIEW_REQUIRED,"No freshwater, tidal, or modeled-site spatial evidence"
91834,Mudflat/Dry Pond Bottom Mapping Unit,Mudflat,0.023297306874579527,FALSE,FALSE,FALSE,,FALSE,UNRESOLVED_MUDFLAT_REVIEW,UNRESOLVED_REVIEW,,FALSE,REVIEW_REQUIRED,"No freshwater, tidal, or modeled-site spatial evidence"
91835,Mudflat/Dry Pond Bottom Mapping Unit,Mudflat,0.5725306503546881,FALSE,TRUE,FALSE,,FALSE,Tidal_mudflat,Tidal_saline_matrix,25,FALSE,ASSIGNED,Within 30 ft of tidal wetland or eel grass
91836,Mudflat/Dry Pond Bottom Mapping Unit,Mudflat,0.02293892230873527,FALSE,FALSE,FALSE,,FALSE,UNRESOLVED_MUDFLAT_REVIEW,UNRESOLVED_REVIEW,,FALSE,REVIEW_REQUIRED,"No freshwater, tidal, or modeled-site spatial evidence"
91837,Mudflat/Dry Pond Bottom Mapping Unit,Mudflat,0.44028941564637086,FALSE,FALSE,FALSE,,FALSE,UNRESOLVED_MUDFLAT_REVIEW,UNRESOLVED_REVIEW,,FALSE,REVIEW_REQUIRED,"No freshwater, tidal, or modeled-site spatial evidence"
91838,Mudflat/Dry Pond Bottom Mapping Unit,Mudflat,0.03117530698666058,FALSE,FALSE,FALSE,,FALSE,UNRESOLVED_MUDFLAT_REVIEW,UNRESOLVED_REVIEW,,FALSE,REVIEW_REQUIRED,"No freshwater, tidal, or modeled-site spatial evidence"
91839,Mudflat/Dry Pond Bottom Mapping Unit,Mudflat,0.020674558009052903,FALSE,TRUE,FALSE,,FALSE,Tidal_mudflat,Tidal_saline_matrix,25,FALSE,ASSIGNED,Within 30 ft of tidal wetland or eel grass
91840,Mudflat/Dry Pond Bottom Mapping Unit,Mudflat,0.7741740082766715,FALSE,FALSE,FALSE,,FALSE,UNRESOLVED_MUDFLAT_REVIEW,UNRESOLVED_REVIEW,,FALSE,REVIEW_REQUIRED,"No freshwater, tidal, or modeled-site spatial evidence"
91841,Mudflat/Dry Pond Bottom Mapping Unit,Mudflat,0.24908246985955354,FALSE,FALSE,FALSE,,FALSE,UNRESOLVED_MUDFLAT_REVIEW,UNRESOLVED_REVIEW,,FALSE,REVIEW_REQUIRED,"No freshwater, tidal, or modeled-site spatial evidence"
91842,Mudflat/Dry Pond Bottom Mapping Unit,Mudflat,0.050775330024664715,FALSE,TRUE,FALSE,,FALSE,Tidal_mudflat,Tidal_saline_matrix,25,FALSE,ASSIGNED,Within 30 ft of tidal wetland or eel grass
91843,Mudflat/Dry Pond Bottom Mapping Unit,Mudflat,0.02134973919864727,FALSE,FALSE,FALSE,,FALSE,UNRESOLVED_MUDFLAT_REVIEW,UNRESOLVED_REVIEW,,FALSE,REVIEW_REQUIRED,"No freshwater, tidal, or modeled-site spatial evidence"
91844,Mudflat/Dry Pond Bottom Mapping Unit,Mudflat,0.27272748857468054,FALSE,FALSE,FALSE,,FALSE,UNRESOLVED_MUDFLAT_REVIEW,UNRESOLVED_REVIEW,,FALSE,REVIEW_REQUIRED,"No freshwater, tidal, or modeled-site spatial evidence"
91845,Mudflat/Dry Pond Bottom Mapping Unit,Mudflat,0.01769969514283438,FALSE,FALSE,FALSE,,FALSE,UNRESOLVED_MUDFLAT_REVIEW,UNRESOLVED_REVIEW,,FALSE,REVIEW_REQUIRED,"No freshwater, tidal, or modeled-site spatial evidence"
91846,Mudflat/Dry Pond Bottom Mapping Unit,Mudflat,0.029568308176983228,FALSE,FALSE,FALSE,,FALSE,UNRESOLVED_MUDFLAT_REVIEW,UNRESOLVED_REVIEW,,FALSE,REVIEW_REQUIRED,"No freshwater, tidal, or modeled-site spatial evidence"
91847,Mudflat/Dry Pond Bottom Mapping Unit,Mudflat,0.023897930842225995,FALSE,FALSE,FALSE,,FALSE,UNRESOLVED_MUDFLAT_REVIEW,UNRESOLVED_REVIEW,,FALSE,REVIEW_REQUIRED,"No freshwater, tidal, or modeled-site spatial evidence"
91848,Mudflat/Dry Pond Bottom Mapping Unit,Mudflat,0.012703739068887289,FALSE,FALSE,FALSE,,FALSE,UNRESOLVED_MUDFLAT_REVIEW,UNRESOLVED_REVIEW,,FALSE,REVIEW_REQUIRED,"No freshwater, tidal, or modeled-site spatial evidence"
91849,Mudflat/Dry Pond Bottom Mapping Unit,Mudflat,0.04123812416472632,FALSE,FALSE,FALSE,,FALSE,UNRESOLVED_MUDFLAT_REVIEW,UNRESOLVED_REVIEW,,FALSE,REVIEW_REQUIRED,"No freshwater, tidal, or modeled-site spatial evidence"
91850,Mudflat/Dry Pond Bottom Mapping Unit,Mudflat,0.025642673918267984,FALSE,FALSE,FALSE,,FALSE,UNRESOLVED_MUDFLAT_REVIEW,UNRESOLVED_REVIEW,,FALSE,REVIEW_REQUIRED,"No freshwater, tidal, or modeled-site spatial evidence"
91851,Mudflat/Dry Pond Bottom Mapping Unit,Mudflat,0.031184688120212266,FALSE,FALSE,FALSE,,FALSE,UNRESOLVED_MUDFLAT_REVIEW,UNRESOLVED_REVIEW,,FALSE,REVIEW_REQUIRED,"No freshwater, tidal, or modeled-site spatial evidence"
91852,Mudflat/Dry Pond Bottom Mapping Unit,Mudflat,0.027734197329574772,FALSE,FALSE,FALSE,,FALSE,UNRESOLVED_MUDFLAT_REVIEW,UNRESOLVED_REVIEW,,FALSE,REVIEW_REQUIRED,"No freshwater, tidal, or modeled-site spatial evidence"
91853,Mudflat/Dry Pond Bottom Mapping Unit,Mudflat,0.029361735089104935,FALSE,FALSE,FALSE,,FALSE,UNRESOLVED_MUDFLAT_REVIEW,UNRESOLVED_REVIEW,,FALSE,REVIEW_REQUIRED,"No freshwater, tidal, or modeled-site spatial evidence"
91854,Mudflat/Dry Pond Bottom Mapping Unit,Mudflat,0.020867771737331203,FALSE,FALSE,FALSE,,FALSE,UNRESOLVED_MUDFLAT_REVIEW,UNRESOLVED_REVIEW,,FALSE,REVIEW_REQUIRED,"No freshwater, tidal, or modeled-site spatial evidence"
91855,Mudflat/Dry Pond Bottom Mapping Unit,Mudflat,0.01640830047338183,FALSE,TRUE,FALSE,,FALSE,Tidal_mudflat,Tidal_saline_matrix,25,FALSE,ASSIGNED,Within 30 ft of tidal wetland or eel grass
91856,Mudflat/Dry Pond Bottom Mapping Unit,Mudflat,0.02256651469596247,FALSE,FALSE,FALSE,,FALSE,UNRESOLVED_MUDFLAT_REVIEW,UNRESOLVED_REVIEW,,FALSE,REVIEW_REQUIRED,"No freshwater, tidal, or modeled-site spatial evidence"
91857,Mudflat/Dry Pond Bottom Mapping Unit,Mudflat,0.015197432066966391,FALSE,FALSE,FALSE,,FALSE,UNRESOLVED_MUDFLAT_REVIEW,UNRESOLVED_REVIEW,,FALSE,REVIEW_REQUIRED,"No freshwater, tidal, or modeled-site spatial evidence"
91858,Mudflat/Dry Pond Bottom Mapping Unit,Mudflat,0.437307999353911,FALSE,TRUE,FALSE,,FALSE,Tidal_mudflat,Tidal_saline_matrix,25,FALSE,ASSIGNED,Within 30 ft of tidal wetland or eel grass
91859,Mudflat/Dry Pond Bottom Mapping Unit,Mudflat,0.38271242720810444,FALSE,FALSE,FALSE,,FALSE,UNRESOLVED_MUDFLAT_REVIEW,UNRESOLVED_REVIEW,,FALSE,REVIEW_REQUIRED,"No freshwater, tidal, or modeled-site spatial evidence"
91860,Mudflat/Dry Pond Bottom Mapping Unit,Mudflat,0.08991118602958625,FALSE,FALSE,FALSE,,FALSE,UNRESOLVED_MUDFLAT_REVIEW,UNRESOLVED_REVIEW,,FALSE,REVIEW_REQUIRED,"No freshwater, tidal, or modeled-site spatial evidence"
91861,Mudflat/Dry Pond Bottom Mapping Unit,Mudflat,0.09072523144588983,FALSE,FALSE,FALSE,,FALSE,UNRESOLVED_MUDFLAT_REVIEW,UNRESOLVED_REVIEW,,FALSE,REVIEW_REQUIRED,"No freshwater, tidal, or modeled-site spatial evidence"
91862,Mudflat/Dry Pond Bottom Mapping Unit,Mudflat,0.35649696809754877,FALSE,FALSE,FALSE,,FALSE,UNRESOLVED_MUDFLAT_REVIEW,UNRESOLVED_REVIEW,,FALSE,REVIEW_REQUIRED,"No freshwater, tidal, or modeled-site spatial evidence"
91863,Mudflat/Dry Pond Bottom Mapping Unit,Mudflat,0.22913208311319236,FALSE,FALSE,FALSE,,FALSE,UNRESOLVED_MUDFLAT_REVIEW,UNRESOLVED_REVIEW,,FALSE,REVIEW_REQUIRED,"No freshwater, tidal, or modeled-site spatial evidence"
91864,Mudflat/Dry Pond Bottom Mapping Unit,Mudflat,0.13746620866827855,FALSE,FALSE,FALSE,,FALSE,UNRESOLVED_MUDFLAT_REVIEW,UNRESOLVED_REVIEW,,FALSE,REVIEW_REQUIRED,"No freshwater, tidal, or modeled-site spatial evidence"
91865,Mudflat/Dry Pond Bottom Mapping Unit,Mudflat,0.019696977527074156,FALSE,FALSE,FALSE,,FALSE,UNRESOLVED_MUDFLAT_REVIEW,UNRESOLVED_REVIEW,,FALSE,REVIEW_REQUIRED,"No freshwater, tidal, or modeled-site spatial evidence"
91866,Mudflat/Dry Pond Bottom Mapping Unit,Mudflat,0.2962352977846204,FALSE,FALSE,FALSE,,FALSE,UNRESOLVED_MUDFLAT_REVIEW,UNRESOLVED_REVIEW,,FALSE,REVIEW_REQUIRED,"No freshwater, tidal, or modeled-site spatial evidence"
91867,Mudflat/Dry Pond Bottom Mapping Unit,Mudflat,0.43390763516305086,FALSE,FALSE,FALSE,,FALSE,UNRESOLVED_MUDFLAT_REVIEW,UNRESOLVED_REVIEW,,FALSE,REVIEW_REQUIRED,"No freshwater, tidal, or modeled-site spatial evidence"
91868,Mudflat/Dry Pond Bottom Mapping Unit,Mudflat,0.06609029479529295,FALSE,FALSE,FALSE,,FALSE,UNRESOLVED_MUDFLAT_REVIEW,UNRESOLVED_REVIEW,,FALSE,REVIEW_REQUIRED,"No freshwater, tidal, or modeled-site spatial evidence"
91869,Mudflat/Dry Pond Bottom Mapping Unit,Mudflat,0.01629930708107514,FALSE,FALSE,FALSE,,FALSE,UNRESOLVED_MUDFLAT_REVIEW,UNRESOLVED_REVIEW,,FALSE,REVIEW_REQUIRED,"No freshwater, tidal, or modeled-site spatial evidence"
91870,Mudflat/Dry Pond Bottom Mapping Unit,Mudflat,0.3443983507228038,FALSE,FALSE,FALSE,,FALSE,UNRESOLVED_MUDFLAT_REVIEW,UNRESOLVED_REVIEW,,FALSE,REVIEW_REQUIRED,"No freshwater, tidal, or modeled-site spatial evidence"
91871,Mudflat/Dry Pond Bottom Mapping Unit,Mudflat,0.04644191434094701,FALSE,FALSE,FALSE,,FALSE,UNRESOLVED_MUDFLAT_REVIEW,UNRESOLVED_REVIEW,,FALSE,REVIEW_REQUIRED,"No freshwater, tidal, or modeled-site spatial evidence"
91872,Mudflat/Dry Pond Bottom Mapping Unit,Mudflat,0.29256186013540936,FALSE,FALSE,FALSE,,FALSE,UNRESOLVED_MUDFLAT_REVIEW,UNRESOLVED_REVIEW,,FALSE,REVIEW_REQUIRED,"No freshwater, tidal, or modeled-site spatial evidence"
91873,Mudflat/Dry Pond Bottom Mapping Unit,Mudflat,0.07924736519538673,FALSE,FALSE,FALSE,,FALSE,UNRESOLVED_MUDFLAT_REVIEW,UNRESOLVED_REVIEW,,FALSE,REVIEW_REQUIRED,"No freshwater, tidal, or modeled-site spatial evidence"
91874,Mudflat/Dry Pond Bottom Mapping Unit,Mudflat,0.29568533376318096,FALSE,FALSE,FALSE,,FALSE,UNRESOLVED_MUDFLAT_REVIEW,UNRESOLVED_REVIEW,,FALSE,REVIEW_REQUIRED,"No freshwater, tidal, or modeled-site spatial evidence"
91875,Mudflat/Dry Pond Bottom Mapping Unit,Mudflat,0.10316804942640569,FALSE,FALSE,FALSE,,FALSE,UNRESOLVED_MUDFLAT_REVIEW,UNRESOLVED_REVIEW,,FALSE,REVIEW_REQUIRED,"No freshwater, tidal, or modeled-site spatial evidence"
91876,Mudflat/Dry Pond Bottom Mapping Unit,Mudflat,0.27633179988757023,FALSE,FALSE,FALSE,,FALSE,UNRESOLVED_MUDFLAT_REVIEW,UNRESOLVED_REVIEW,,FALSE,REVIEW_REQUIRED,"No freshwater, tidal, or modeled-site spatial evidence"
91877,Mudflat/Dry Pond Bottom Mapping Unit,Mudflat,0.7053486796250161,FALSE,FALSE,FALSE,,FALSE,UNRESOLVED_MUDFLAT_REVIEW,UNRESOLVED_REVIEW,,FALSE,REVIEW_REQUIRED,"No freshwater, tidal, or modeled-site spatial evidence"
91878,Mudflat/Dry Pond Bottom Mapping Unit,Mudflat,0.03923352518497962,FALSE,FALSE,FALSE,,FALSE,UNRESOLVED_MUDFLAT_REVIEW,UNRESOLVED_REVIEW,,FALSE,REVIEW_REQUIRED,"No freshwater, tidal, or modeled-site spatial evidence"
91879,Mudflat/Dry Pond Bottom Mapping Unit,Mudflat,0.2761710085119182,FALSE,FALSE,FALSE,,FALSE,UNRESOLVED_MUDFLAT_REVIEW,UNRESOLVED_REVIEW,,FALSE,REVIEW_REQUIRED,"No freshwater, tidal, or modeled-site spatial evidence"
91880,Mudflat/Dry Pond Bottom Mapping Unit,Mudflat,0.15700980332277448,FALSE,TRUE,FALSE,,FALSE,Tidal_mudflat,Tidal_saline_matrix,25,FALSE,ASSIGNED,Within 30 ft of tidal wetland or eel grass
91881,Mudflat/Dry Pond Bottom Mapping Unit,Mudflat,0.01478420304781606,FALSE,FALSE,FALSE,,FALSE,UNRESOLVED_MUDFLAT_REVIEW,UNRESOLVED_REVIEW,,FALSE,REVIEW_REQUIRED,"No freshwater, tidal, or modeled-site spatial evidence"
91882,Mudflat/Dry Pond Bottom Mapping Unit,Mudflat,0.33870502414485043,FALSE,FALSE,FALSE,,FALSE,UNRESOLVED_MUDFLAT_REVIEW,UNRESOLVED_REVIEW,,FALSE,REVIEW_REQUIRED,"No freshwater, tidal, or modeled-site spatial evidence"
91883,Mudflat/Dry Pond Bottom Mapping Unit,Mudflat,0.030073447043966205,FALSE,FALSE,FALSE,,FALSE,UNRESOLVED_MUDFLAT_REVIEW,UNRESOLVED_REVIEW,,FALSE,REVIEW_REQUIRED,"No freshwater, tidal, or modeled-site spatial evidence"
91884,Mudflat/Dry Pond Bottom Mapping Unit,Mudflat,0.07086776755936779,FALSE,FALSE,FALSE,,FALSE,UNRESOLVED_MUDFLAT_REVIEW,UNRESOLVED_REVIEW,,FALSE,REVIEW_REQUIRED,"No freshwater, tidal, or modeled-site spatial evidence"
91885,Mudflat/Dry Pond Bottom Mapping Unit,Mudflat,0.5886826829936991,FALSE,FALSE,FALSE,,FALSE,UNRESOLVED_MUDFLAT_REVIEW,UNRESOLVED_REVIEW,,FALSE,REVIEW_REQUIRED,"No freshwater, tidal, or modeled-site spatial evidence"
91886,Mudflat/Dry Pond Bottom Mapping Unit,Mudflat,0.22456355066188147,FALSE,FALSE,FALSE,,FALSE,UNRESOLVED_MUDFLAT_REVIEW,UNRESOLVED_REVIEW,,FALSE,REVIEW_REQUIRED,"No freshwater, tidal, or modeled-site spatial evidence"
91887,Mudflat/Dry Pond Bottom Mapping Unit,Mudflat,0.2904273456493565,FALSE,FALSE,FALSE,,FALSE,UNRESOLVED_MUDFLAT_REVIEW,UNRESOLVED_REVIEW,,FALSE,REVIEW_REQUIRED,"No freshwater, tidal, or modeled-site spatial evidence"
91888,Mudflat/Dry Pond Bottom Mapping Unit,Mudflat,0.2945363175705488,FALSE,FALSE,FALSE,,FALSE,UNRESOLVED_MUDFLAT_REVIEW,UNRESOLVED_REVIEW,,FALSE,REVIEW_REQUIRED,"No freshwater, tidal, or modeled-site spatial evidence"
91889,Mudflat/Dry Pond Bottom Mapping Unit,Mudflat,0.6351466540066594,FALSE,FALSE,FALSE,,FALSE,UNRESOLVED_MUDFLAT_REVIEW,UNRESOLVED_REVIEW,,FALSE,REVIEW_REQUIRED,"No freshwater, tidal, or modeled-site spatial evidence"
91890,Mudflat/Dry Pond Bottom Mapping Unit,Mudflat,0.014600511391255929,FALSE,FALSE,FALSE,,FALSE,UNRESOLVED_MUDFLAT_REVIEW,UNRESOLVED_REVIEW,,FALSE,REVIEW_REQUIRED,"No freshwater, tidal, or modeled-site spatial evidence"
91891,Mudflat/Dry Pond Bottom Mapping Unit,Mudflat,0.2831544687806021,FALSE,TRUE,FALSE,,FALSE,Tidal_mudflat,Tidal_saline_matrix,25,FALSE,ASSIGNED,Within 30 ft of tidal wetland or eel grass
91892,Mudflat/Dry Pond Bottom Mapping Unit,Mudflat,0.5715792268708296,FALSE,FALSE,FALSE,,FALSE,UNRESOLVED_MUDFLAT_REVIEW,UNRESOLVED_REVIEW,,FALSE,REVIEW_REQUIRED,"No freshwater, tidal, or modeled-site spatial evidence"
91893,Mudflat/Dry Pond Bottom Mapping Unit,Mudflat,0.5066343307793697,FALSE,FALSE,FALSE,,FALSE,UNRESOLVED_MUDFLAT_REVIEW,UNRESOLVED_REVIEW,,FALSE,REVIEW_REQUIRED,"No freshwater, tidal, or modeled-site spatial evidence"
91894,Mudflat/Dry Pond Bottom Mapping Unit,Mudflat,0.014738191629943427,FALSE,FALSE,FALSE,,FALSE,UNRESOLVED_MUDFLAT_REVIEW,UNRESOLVED_REVIEW,,FALSE,REVIEW_REQUIRED,"No freshwater, tidal, or modeled-site spatial evidence"
91895,Mudflat/Dry Pond Bottom Mapping Unit,Mudflat,0.07103343314114083,FALSE,TRUE,FALSE,,FALSE,Tidal_mudflat,Tidal_saline_matrix,25,FALSE,ASSIGNED,Within 30 ft of tidal wetland or eel grass
91896,Mudflat/Dry Pond Bottom Mapping Unit,Mudflat,1.5603532063653065,FALSE,FALSE,FALSE,,FALSE,UNRESOLVED_MUDFLAT_REVIEW,UNRESOLVED_REVIEW,,FALSE,REVIEW_REQUIRED,"No freshwater, tidal, or modeled-site spatial evidence"
91897,Mudflat/Dry Pond Bottom Mapping Unit,Mudflat,0.4704547424138938,FALSE,FALSE,FALSE,,FALSE,UNRESOLVED_MUDFLAT_REVIEW,UNRESOLVED_REVIEW,,FALSE,REVIEW_REQUIRED,"No freshwater, tidal, or modeled-site spatial evidence"
91898,Mudflat/Dry Pond Bottom Mapping Unit,Mudflat,0.013917494865331457,FALSE,FALSE,FALSE,,FALSE,UNRESOLVED_MUDFLAT_REVIEW,UNRESOLVED_REVIEW,,FALSE,REVIEW_REQUIRED,"No freshwater, tidal, or modeled-site spatial evidence"
91899,Mudflat/Dry Pond Bottom Mapping Unit,Mudflat,0.04043220454537921,FALSE,TRUE,FALSE,,FALSE,Tidal_mudflat,Tidal_saline_matrix,25,FALSE,ASSIGNED,Within 30 ft of tidal wetland or eel grass
91900,Mudflat/Dry Pond Bottom Mapping Unit,Mudflat,0.49421491769659187,FALSE,FALSE,FALSE,,FALSE,UNRESOLVED_MUDFLAT_REVIEW,UNRESOLVED_REVIEW,,FALSE,REVIEW_REQUIRED,"No freshwater, tidal, or modeled-site spatial evidence"
91901,Mudflat/Dry Pond Bottom Mapping Unit,Mudflat,0.2982258201005934,FALSE,FALSE,FALSE,,FALSE,UNRESOLVED_MUDFLAT_REVIEW,UNRESOLVED_REVIEW,,FALSE,REVIEW_REQUIRED,"No freshwater, tidal, or modeled-site spatial evidence"
91902,Mudflat/Dry Pond Bottom Mapping Unit,Mudflat,0.6829429035856093,FALSE,FALSE,FALSE,,FALSE,UNRESOLVED_MUDFLAT_REVIEW,UNRESOLVED_REVIEW,,FALSE,REVIEW_REQUIRED,"No freshwater, tidal, or modeled-site spatial evidence"
91903,Mudflat/Dry Pond Bottom Mapping Unit,Mudflat,0.04850735898677473,FALSE,FALSE,FALSE,,FALSE,UNRESOLVED_MUDFLAT_REVIEW,UNRESOLVED_REVIEW,,FALSE,REVIEW_REQUIRED,"No freshwater, tidal, or modeled-site spatial evidence"
91904,Mudflat/Dry Pond Bottom Mapping Unit,Mudflat,3.436060572483538,FALSE,TRUE,FALSE,,FALSE,Tidal_mudflat,Tidal_saline_matrix,25,FALSE,ASSIGNED,Within 30 ft of tidal wetland or eel grass
91905,Mudflat/Dry Pond Bottom Mapping Unit,Mudflat,0.40991726346660723,FALSE,FALSE,FALSE,,FALSE,UNRESOLVED_MUDFLAT_REVIEW,UNRESOLVED_REVIEW,,FALSE,REVIEW_REQUIRED,"No freshwater, tidal, or modeled-site spatial evidence"
91906,Mudflat/Dry Pond Bottom Mapping Unit,Mudflat,0.022153191536090657,FALSE,FALSE,FALSE,,FALSE,UNRESOLVED_MUDFLAT_REVIEW,UNRESOLVED_REVIEW,,FALSE,REVIEW_REQUIRED,"No freshwater, tidal, or modeled-site spatial evidence"
91907,Mudflat/Dry Pond Bottom Mapping Unit,Mudflat,0.02121548174899089,FALSE,FALSE,FALSE,,FALSE,UNRESOLVED_MUDFLAT_REVIEW,UNRESOLVED_REVIEW,,FALSE,REVIEW_REQUIRED,"No freshwater, tidal, or modeled-site spatial evidence"
91908,Mudflat/Dry Pond Bottom Mapping Unit,Mudflat,0.020936634451734968,FALSE,FALSE,FALSE,,FALSE,UNRESOLVED_MUDFLAT_REVIEW,UNRESOLVED_REVIEW,,FALSE,REVIEW_REQUIRED,"No freshwater, tidal, or modeled-site spatial evidence"
91909,Mudflat/Dry Pond Bottom Mapping Unit,Mudflat,1.1903670344584636,FALSE,FALSE,FALSE,,FALSE,UNRESOLVED_MUDFLAT_REVIEW,UNRESOLVED_REVIEW,,FALSE,REVIEW_REQUIRED,"No freshwater, tidal, or modeled-site spatial evidence"
91910,Mudflat/Dry Pond Bottom Mapping Unit,Mudflat,0.136742245443906,FALSE,FALSE,FALSE,,FALSE,UNRESOLVED_MUDFLAT_REVIEW,UNRESOLVED_REVIEW,,FALSE,REVIEW_REQUIRED,"No freshwater, tidal, or modeled-site spatial evidence"
91911,Mudflat/Dry Pond Bottom Mapping Unit,Mudflat,0.4628788946284125,FALSE,FALSE,FALSE,,FALSE,UNRESOLVED_MUDFLAT_REVIEW,UNRESOLVED_REVIEW,,FALSE,REVIEW_REQUIRED,"No freshwater, tidal, or modeled-site spatial evidence"
91912,Mudflat/Dry Pond Bottom Mapping Unit,Mudflat,0.07237039179533501,FALSE,FALSE,FALSE,,FALSE,UNRESOLVED_MUDFLAT_REVIEW,UNRESOLVED_REVIEW,,FALSE,REVIEW_REQUIRED,"No freshwater, tidal, or modeled-site spatial evidence"
91913,Mudflat/Dry Pond Bottom Mapping Unit,Mudflat,0.16445262672287858,FALSE,FALSE,FALSE,,FALSE,UNRESOLVED_MUDFLAT_REVIEW,UNRESOLVED_REVIEW,,FALSE,REVIEW_REQUIRED,"No freshwater, tidal, or modeled-site spatial evidence"
91914,Mudflat/Dry Pond Bottom Mapping Unit,Mudflat,0.04198826354984535,FALSE,FALSE,FALSE,,FALSE,UNRESOLVED_MUDFLAT_REVIEW,UNRESOLVED_REVIEW,,FALSE,REVIEW_REQUIRED,"No freshwater, tidal, or modeled-site spatial evidence"
91915,Mudflat/Dry Pond Bottom Mapping Unit,Mudflat,0.8224072321872828,FALSE,FALSE,FALSE,,FALSE,UNRESOLVED_MUDFLAT_REVIEW,UNRESOLVED_REVIEW,,FALSE,REVIEW_REQUIRED,"No freshwater, tidal, or modeled-site spatial evidence"
91916,Mudflat/Dry Pond Bottom Mapping Unit,Mudflat,0.26986296408257093,FALSE,FALSE,FALSE,,FALSE,UNRESOLVED_MUDFLAT_REVIEW,UNRESOLVED_REVIEW,,FALSE,REVIEW_REQUIRED,"No freshwater, tidal, or modeled-site spatial evidence"
91917,Mudflat/Dry Pond Bottom Mapping Unit,Mudflat,0.06992517625741991,FALSE,FALSE,FALSE,,FALSE,UNRESOLVED_MUDFLAT_REVIEW,UNRESOLVED_REVIEW,,FALSE,REVIEW_REQUIRED,"No freshwater, tidal, or modeled-site spatial evidence"
91918,Mudflat/Dry Pond Bottom Mapping Unit,Mudflat,0.03034865689282952,FALSE,FALSE,FALSE,,FALSE,UNRESOLVED_MUDFLAT_REVIEW,UNRESOLVED_REVIEW,,FALSE,REVIEW_REQUIRED,"No freshwater, tidal, or modeled-site spatial evidence"
91919,Mudflat/Dry Pond Bottom Mapping Unit,Mudflat,0.02184978787411218,FALSE,FALSE,FALSE,,FALSE,UNRESOLVED_MUDFLAT_REVIEW,UNRESOLVED_REVIEW,,FALSE,REVIEW_REQUIRED,"No freshwater, tidal, or modeled-site spatial evidence"
91920,Mudflat/Dry Pond Bottom Mapping Unit,Mudflat,0.03083115910563209,FALSE,FALSE,FALSE,,FALSE,UNRESOLVED_MUDFLAT_REVIEW,UNRESOLVED_REVIEW,,FALSE,REVIEW_REQUIRED,"No freshwater, tidal, or modeled-site spatial evidence"
91921,Mudflat/Dry Pond Bottom Mapping Unit,Mudflat,0.011178266815678349,FALSE,FALSE,FALSE,,FALSE,UNRESOLVED_MUDFLAT_REVIEW,UNRESOLVED_REVIEW,,FALSE,REVIEW_REQUIRED,"No freshwater, tidal, or modeled-site spatial evidence"
91922,Mudflat/Dry Pond Bottom Mapping Unit,Mudflat,0.09616554584733368,FALSE,FALSE,FALSE,,FALSE,UNRESOLVED_MUDFLAT_REVIEW,UNRESOLVED_REVIEW,,FALSE,REVIEW_REQUIRED,"No freshwater, tidal, or modeled-site spatial evidence"
91923,Mudflat/Dry Pond Bottom Mapping Unit,Mudflat,0.07970651523394186,FALSE,FALSE,FALSE,,FALSE,UNRESOLVED_MUDFLAT_REVIEW,UNRESOLVED_REVIEW,,FALSE,REVIEW_REQUIRED,"No freshwater, tidal, or modeled-site spatial evidence"
91924,Mudflat/Dry Pond Bottom Mapping Unit,Mudflat,0.027869463530939054,FALSE,FALSE,FALSE,,FALSE,UNRESOLVED_MUDFLAT_REVIEW,UNRESOLVED_REVIEW,,FALSE,REVIEW_REQUIRED,"No freshwater, tidal, or modeled-site spatial evidence"
91925,Mudflat/Dry Pond Bottom Mapping Unit,Mudflat,0.0625151505098808,FALSE,FALSE,FALSE,,FALSE,UNRESOLVED_MUDFLAT_REVIEW,UNRESOLVED_REVIEW,,FALSE,REVIEW_REQUIRED,"No freshwater, tidal, or modeled-site spatial evidence"
91926,Mudflat/Dry Pond Bottom Mapping Unit,Mudflat,0.09163999408330363,FALSE,FALSE,FALSE,,FALSE,UNRESOLVED_MUDFLAT_REVIEW,UNRESOLVED_REVIEW,,FALSE,REVIEW_REQUIRED,"No freshwater, tidal, or modeled-site spatial evidence"
91927,Mudflat/Dry Pond Bottom Mapping Unit,Mudflat,0.023438088079520445,FALSE,FALSE,FALSE,,FALSE,UNRESOLVED_MUDFLAT_REVIEW,UNRESOLVED_REVIEW,,FALSE,REVIEW_REQUIRED,"No freshwater, tidal, or modeled-site spatial evidence"
91928,Mudflat/Dry Pond Bottom Mapping Unit,Mudflat,1.1028264676591195,FALSE,FALSE,FALSE,,FALSE,UNRESOLVED_MUDFLAT_REVIEW,UNRESOLVED_REVIEW,,FALSE,REVIEW_REQUIRED,"No freshwater, tidal, or modeled-site spatial evidence"
91929,Mudflat/Dry Pond Bottom Mapping Unit,Mudflat,0.03616618530432103,FALSE,FALSE,FALSE,,FALSE,UNRESOLVED_MUDFLAT_REVIEW,UNRESOLVED_REVIEW,,FALSE,REVIEW_REQUIRED,"No freshwater, tidal, or modeled-site spatial evidence"
91930,Mudflat/Dry Pond Bottom Mapping Unit,Mudflat,0.6570407591319567,FALSE,FALSE,FALSE,,FALSE,UNRESOLVED_MUDFLAT_REVIEW,UNRESOLVED_REVIEW,,FALSE,REVIEW_REQUIRED,"No freshwater, tidal, or modeled-site spatial evidence"
91931,Mudflat/Dry Pond Bottom Mapping Unit,Mudflat,0.0366607379470812,FALSE,FALSE,FALSE,,FALSE,UNRESOLVED_MUDFLAT_REVIEW,UNRESOLVED_REVIEW,,FALSE,REVIEW_REQUIRED,"No freshwater, tidal, or modeled-site spatial evidence"
91932,Mudflat/Dry Pond Bottom Mapping Unit,Mudflat,0.09302028704406685,FALSE,FALSE,FALSE,,FALSE,UNRESOLVED_MUDFLAT_REVIEW,UNRESOLVED_REVIEW,,FALSE,REVIEW_REQUIRED,"No freshwater, tidal, or modeled-site spatial evidence"
91933,Mudflat/Dry Pond Bottom Mapping Unit,Mudflat,0.12806956607710676,FALSE,FALSE,FALSE,,FALSE,UNRESOLVED_MUDFLAT_REVIEW,UNRESOLVED_REVIEW,,FALSE,REVIEW_REQUIRED,"No freshwater, tidal, or modeled-site spatial evidence"
91934,Mudflat/Dry Pond Bottom Mapping Unit,Mudflat,0.19627201591757396,FALSE,FALSE,FALSE,,FALSE,UNRESOLVED_MUDFLAT_REVIEW,UNRESOLVED_REVIEW,,FALSE,REVIEW_REQUIRED,"No freshwater, tidal, or modeled-site spatial evidence"
91935,Mudflat/Dry Pond Bottom Mapping Unit,Mudflat,0.1301039379926052,FALSE,FALSE,FALSE,,FALSE,UNRESOLVED_MUDFLAT_REVIEW,UNRESOLVED_REVIEW,,FALSE,REVIEW_REQUIRED,"No freshwater, tidal, or modeled-site spatial evidence"
91936,Mudflat/Dry Pond Bottom Mapping Unit,Mudflat,0.17326804215796593,FALSE,FALSE,FALSE,,FALSE,UNRESOLVED_MUDFLAT_REVIEW,UNRESOLVED_REVIEW,,FALSE,REVIEW_REQUIRED,"No freshwater, tidal, or modeled-site spatial evidence"
91937,Mudflat/Dry Pond Bottom Mapping Unit,Mudflat,0.050829717019471025,FALSE,FALSE,FALSE,,FALSE,UNRESOLVED_MUDFLAT_REVIEW,UNRESOLVED_REVIEW,,FALSE,REVIEW_REQUIRED,"No freshwater, tidal, or modeled-site spatial evidence"
91938,Mudflat/Dry Pond Bottom Mapping Unit,Mudflat,0.16052022926302426,FALSE,FALSE,FALSE,,FALSE,UNRESOLVED_MUDFLAT_REVIEW,UNRESOLVED_REVIEW,,FALSE,REVIEW_REQUIRED,"No freshwater, tidal, or modeled-site spatial evidence"
91939,Mudflat/Dry Pond Bottom Mapping Unit,Mudflat,0.5569550507860028,FALSE,FALSE,FALSE,,FALSE,UNRESOLVED_MUDFLAT_REVIEW,UNRESOLVED_REVIEW,,FALSE,REVIEW_REQUIRED,"No freshwater, tidal, or modeled-site spatial evidence"
91940,Mudflat/Dry Pond Bottom Mapping Unit,Mudflat,0.015922413685523128,FALSE,FALSE,FALSE,,FALSE,UNRESOLVED_MUDFLAT_REVIEW,UNRESOLVED_REVIEW,,FALSE,REVIEW_REQUIRED,"No freshwater, tidal, or modeled-site spatial evidence"
91941,Mudflat/Dry Pond Bottom Mapping Unit,Mudflat,1.354010423220016,FALSE,TRUE,FALSE,,FALSE,Tidal_mudflat,Tidal_saline_matrix,25,FALSE,ASSIGNED,Within 30 ft of tidal wetland or eel grass
91942,Mudflat/Dry Pond Bottom Mapping Unit,Mudflat,0.22630405767316014,FALSE,TRUE,FALSE,,FALSE,Tidal_mudflat,Tidal_saline_matrix,25,FALSE,ASSIGNED,Within 30 ft of tidal wetland or eel grass
91943,Mudflat/Dry Pond Bottom Mapping Unit,Mudflat,0.8359951114112769,FALSE,FALSE,FALSE,,FALSE,UNRESOLVED_MUDFLAT_REVIEW,UNRESOLVED_REVIEW,,FALSE,REVIEW_REQUIRED,"No freshwater, tidal, or modeled-site spatial evidence"
91944,Mudflat/Dry Pond Bottom Mapping Unit,Mudflat,9.114065750314925,FALSE,TRUE,FALSE,,FALSE,Tidal_mudflat,Tidal_saline_matrix,25,FALSE,ASSIGNED,Within 30 ft of tidal wetland or eel grass
91945,Mudflat/Dry Pond Bottom Mapping Unit,Mudflat,0.039206181866895694,FALSE,FALSE,FALSE,,FALSE,UNRESOLVED_MUDFLAT_REVIEW,UNRESOLVED_REVIEW,,FALSE,REVIEW_REQUIRED,"No freshwater, tidal, or modeled-site spatial evidence"
91946,Mudflat/Dry Pond Bottom Mapping Unit,Mudflat,0.018572172123862342,FALSE,TRUE,FALSE,,FALSE,Tidal_mudflat,Tidal_saline_matrix,25,FALSE,ASSIGNED,Within 30 ft of tidal wetland or eel grass
91947,Mudflat/Dry Pond Bottom Mapping Unit,Mudflat,2.256750302273244,FALSE,TRUE,FALSE,,FALSE,Tidal_mudflat,Tidal_saline_matrix,25,FALSE,ASSIGNED,Within 30 ft of tidal wetland or eel grass
91948,Mudflat/Dry Pond Bottom Mapping Unit,Mudflat,0.2359806499519935,FALSE,TRUE,FALSE,,FALSE,Tidal_mudflat,Tidal_saline_matrix,25,FALSE,ASSIGNED,Within 30 ft of tidal wetland or eel grass
91949,Mudflat/Dry Pond Bottom Mapping Unit,Mudflat,0.8591990227870919,FALSE,TRUE,FALSE,,FALSE,Tidal_mudflat,Tidal_saline_matrix,25,FALSE,ASSIGNED,Within 30 ft of tidal wetland or eel grass
91950,Mudflat/Dry Pond Bottom Mapping Unit,Mudflat,0.1614762119336881,FALSE,FALSE,FALSE,,FALSE,UNRESOLVED_MUDFLAT_REVIEW,UNRESOLVED_REVIEW,,FALSE,REVIEW_REQUIRED,"No freshwater, tidal, or modeled-site spatial evidence"
91951,Mudflat/Dry Pond Bottom Mapping Unit,Mudflat,0.014304278523100013,FALSE,TRUE,FALSE,,FALSE,Tidal_mudflat,Tidal_saline_matrix,25,FALSE,ASSIGNED,Within 30 ft of tidal wetland or eel grass
91952,Mudflat/Dry Pond Bottom Mapping Unit,Mudflat,0.4443945581231635,FALSE,FALSE,FALSE,,FALSE,UNRESOLVED_MUDFLAT_REVIEW,UNRESOLVED_REVIEW,,FALSE,REVIEW_REQUIRED,"No freshwater, tidal, or modeled-site spatial evidence"
91953,Mudflat/Dry Pond Bottom Mapping Unit,Mudflat,0.13329433097951665,FALSE,FALSE,FALSE,,FALSE,UNRESOLVED_MUDFLAT_REVIEW,UNRESOLVED_REVIEW,,FALSE,REVIEW_REQUIRED,"No freshwater, tidal, or modeled-site spatial evidence"
91954,Mudflat/Dry Pond Bottom Mapping Unit,Mudflat,0.027594231089628656,FALSE,TRUE,FALSE,,FALSE,Tidal_mudflat,Tidal_saline_matrix,25,FALSE,ASSIGNED,Within 30 ft of tidal wetland or eel grass
91955,Mudflat/Dry Pond Bottom Mapping Unit,Mudflat,0.017325355059334267,FALSE,FALSE,FALSE,,FALSE,UNRESOLVED_MUDFLAT_REVIEW,UNRESOLVED_REVIEW,,FALSE,REVIEW_REQUIRED,"No freshwater, tidal, or modeled-site spatial evidence"
91956,Mudflat/Dry Pond Bottom Mapping Unit,Mudflat,0.2385169327092294,FALSE,TRUE,FALSE,,FALSE,Tidal_mudflat,Tidal_saline_matrix,25,FALSE,ASSIGNED,Within 30 ft of tidal wetland or eel grass
91957,Mudflat/Dry Pond Bottom Mapping Unit,Mudflat,0.0187346441462995,FALSE,TRUE,FALSE,,FALSE,Tidal_mudflat,Tidal_saline_matrix,25,FALSE,ASSIGNED,Within 30 ft of tidal wetland or eel grass
91958,Mudflat/Dry Pond Bottom Mapping Unit,Mudflat,0.015024828266123273,FALSE,TRUE,FALSE,,FALSE,Tidal_mudflat,Tidal_saline_matrix,25,FALSE,ASSIGNED,Within 30 ft of tidal wetland or eel grass
91959,Mudflat/Dry Pond Bottom Mapping Unit,Mudflat,0.022406043406389464,FALSE,TRUE,FALSE,,FALSE,Tidal_mudflat,Tidal_saline_matrix,25,FALSE,ASSIGNED,Within 30 ft of tidal wetland or eel grass
91960,Mudflat/Dry Pond Bottom Mapping Unit,Mudflat,0.027183128442085133,FALSE,TRUE,FALSE,,FALSE,Tidal_mudflat,Tidal_saline_matrix,25,FALSE,ASSIGNED,Within 30 ft of tidal wetland or eel grass
91961,Mudflat/Dry Pond Bottom Mapping Unit,Mudflat,0.01841110959697111,FALSE,TRUE,FALSE,,FALSE,Tidal_mudflat,Tidal_saline_matrix,25,FALSE,ASSIGNED,Within 30 ft of tidal wetland or eel grass
91962,Mudflat/Dry Pond Bottom Mapping Unit,Mudflat,0.11285628960768267,FALSE,FALSE,FALSE,,FALSE,UNRESOLVED_MUDFLAT_REVIEW,UNRESOLVED_REVIEW,,FALSE,REVIEW_REQUIRED,"No freshwater, tidal, or modeled-site spatial evidence"
91963,Mudflat/Dry Pond Bottom Mapping Unit,Mudflat,0.027582264679291986,FALSE,FALSE,FALSE,,FALSE,UNRESOLVED_MUDFLAT_REVIEW,UNRESOLVED_REVIEW,,FALSE,REVIEW_REQUIRED,"No freshwater, tidal, or modeled-site spatial evidence"
91964,Mudflat/Dry Pond Bottom Mapping Unit,Mudflat,0.11829215701441784,FALSE,FALSE,FALSE,,FALSE,UNRESOLVED_MUDFLAT_REVIEW,UNRESOLVED_REVIEW,,FALSE,REVIEW_REQUIRED,"No freshwater, tidal, or modeled-site spatial evidence"
91965,Mudflat/Dry Pond Bottom Mapping Unit,Mudflat,0.053007995911277576,FALSE,FALSE,FALSE,,FALSE,UNRESOLVED_MUDFLAT_REVIEW,UNRESOLVED_REVIEW,,FALSE,REVIEW_REQUIRED,"No freshwater, tidal, or modeled-site spatial evidence"
91966,Mudflat/Dry Pond Bottom Mapping Unit,Mudflat,0.26007568779947177,FALSE,TRUE,FALSE,,FALSE,Tidal_mudflat,Tidal_saline_matrix,25,FALSE,ASSIGNED,Within 30 ft of tidal wetland or eel grass
91967,Mudflat/Dry Pond Bottom Mapping Unit,Mudflat,0.3957896315524392,FALSE,TRUE,FALSE,,FALSE,Tidal_mudflat,Tidal_saline_matrix,25,FALSE,ASSIGNED,Within 30 ft of tidal wetland or eel grass
91968,Mudflat/Dry Pond Bottom Mapping Unit,Mudflat,0.022384303026736465,FALSE,TRUE,FALSE,,FALSE,Tidal_mudflat,Tidal_saline_matrix,25,FALSE,ASSIGNED,Within 30 ft of tidal wetland or eel grass
91969,Mudflat/Dry Pond Bottom Mapping Unit,Mudflat,0.05916603287464741,FALSE,TRUE,FALSE,,FALSE,Tidal_mudflat,Tidal_saline_matrix,25,FALSE,ASSIGNED,Within 30 ft of tidal wetland or eel grass
91970,Mudflat/Dry Pond Bottom Mapping Unit,Mudflat,0.0706829561695445,FALSE,FALSE,FALSE,,FALSE,UNRESOLVED_MUDFLAT_REVIEW,UNRESOLVED_REVIEW,,FALSE,REVIEW_REQUIRED,"No freshwater, tidal, or modeled-site spatial evidence"
91971,Mudflat/Dry Pond Bottom Mapping Unit,Mudflat,0.0410482559878809,FALSE,FALSE,FALSE,,FALSE,UNRESOLVED_MUDFLAT_REVIEW,UNRESOLVED_REVIEW,,FALSE,REVIEW_REQUIRED,"No freshwater, tidal, or modeled-site spatial evidence"
91972,Mudflat/Dry Pond Bottom Mapping Unit,Mudflat,0.5983667542268687,FALSE,TRUE,FALSE,,FALSE,Tidal_mudflat,Tidal_saline_matrix,25,FALSE,ASSIGNED,Within 30 ft of tidal wetland or eel grass
91973,Mudflat/Dry Pond Bottom Mapping Unit,Mudflat,0.9600957638247801,FALSE,FALSE,FALSE,,FALSE,UNRESOLVED_MUDFLAT_REVIEW,UNRESOLVED_REVIEW,,FALSE,REVIEW_REQUIRED,"No freshwater, tidal, or modeled-site spatial evidence"
91974,Mudflat/Dry Pond Bottom Mapping Unit,Mudflat,0.027806469902466296,FALSE,FALSE,FALSE,,FALSE,UNRESOLVED_MUDFLAT_REVIEW,UNRESOLVED_REVIEW,,FALSE,REVIEW_REQUIRED,"No freshwater, tidal, or modeled-site spatial evidence"
91975,Mudflat/Dry Pond Bottom Mapping Unit,Mudflat,0.10728988734384828,FALSE,FALSE,FALSE,,FALSE,UNRESOLVED_MUDFLAT_REVIEW,UNRESOLVED_REVIEW,,FALSE,REVIEW_REQUIRED,"No freshwater, tidal, or modeled-site spatial evidence"
91976,Mudflat/Dry Pond Bottom Mapping Unit,Mudflat,0.009875096108949112,FALSE,TRUE,FALSE,,FALSE,Tidal_mudflat,Tidal_saline_matrix,25,FALSE,ASSIGNED,Within 30 ft of tidal wetland or eel grass
91977,Mudflat/Dry Pond Bottom Mapping Unit,Mudflat,0.042665717548772755,FALSE,TRUE,FALSE,,FALSE,Tidal_mudflat,Tidal_saline_matrix,25,FALSE,ASSIGNED,Within 30 ft of tidal wetland or eel grass
91978,Mudflat/Dry Pond Bottom Mapping Unit,Mudflat,0.1682113322943963,FALSE,TRUE,FALSE,,FALSE,Tidal_mudflat,Tidal_saline_matrix,25,FALSE,ASSIGNED,Within 30 ft of tidal wetland or eel grass
91979,Mudflat/Dry Pond Bottom Mapping Unit,Mudflat,0.011378669693488724,FALSE,TRUE,FALSE,,FALSE,Tidal_mudflat,Tidal_saline_matrix,25,FALSE,ASSIGNED,Within 30 ft of tidal wetland or eel grass
91980,Mudflat/Dry Pond Bottom Mapping Unit,Mudflat,0.011386141738308654,FALSE,TRUE,FALSE,,FALSE,Tidal_mudflat,Tidal_saline_matrix,25,FALSE,ASSIGNED,Within 30 ft of tidal wetland or eel grass
91981,Mudflat/Dry Pond Bottom Mapping Unit,Mudflat,0.8841010336071343,FALSE,TRUE,FALSE,,FALSE,Tidal_mudflat,Tidal_saline_matrix,25,FALSE,ASSIGNED,Within 30 ft of tidal wetland or eel grass
91982,Mudflat/Dry Pond Bottom Mapping Unit,Mudflat,0.011543920111074243,FALSE,TRUE,FALSE,,FALSE,Tidal_mudflat,Tidal_saline_matrix,25,FALSE,ASSIGNED,Within 30 ft of tidal wetland or eel grass
91983,Mudflat/Dry Pond Bottom Mapping Unit,Mudflat,0.040762033356364795,FALSE,TRUE,FALSE,,FALSE,Tidal_mudflat,Tidal_saline_matrix,25,FALSE,ASSIGNED,Within 30 ft of tidal wetland or eel grass
91984,Mudflat/Dry Pond Bottom Mapping Unit,Mudflat,0.028728099694677902,FALSE,TRUE,FALSE,,FALSE,Tidal_mudflat,Tidal_saline_matrix,25,FALSE,ASSIGNED,Within 30 ft of tidal wetland or eel grass
91985,Mudflat/Dry Pond Bottom Mapping Unit,Mudflat,0.06257739557810618,FALSE,TRUE,FALSE,,FALSE,Tidal_mudflat,Tidal_saline_matrix,25,FALSE,ASSIGNED,Within 30 ft of tidal wetland or eel grass
91986,Mudflat/Dry Pond Bottom Mapping Unit,Mudflat,0.029097912470820084,FALSE,TRUE,FALSE,,FALSE,Tidal_mudflat,Tidal_saline_matrix,25,FALSE,ASSIGNED,Within 30 ft of tidal wetland or eel grass
91987,Mudflat/Dry Pond Bottom Mapping Unit,Mudflat,0.028860058283481718,FALSE,TRUE,FALSE,,FALSE,Tidal_mudflat,Tidal_saline_matrix,25,FALSE,ASSIGNED,Within 30 ft of tidal wetland or eel grass
91988,Mudflat/Dry Pond Bottom Mapping Unit,Mudflat,0.5913805541513246,FALSE,TRUE,FALSE,,FALSE,Tidal_mudflat,Tidal_saline_matrix,25,FALSE,ASSIGNED,Within 30 ft of tidal wetland or eel grass
91989,Mudflat/Dry Pond Bottom Mapping Unit,Mudflat,0.0933974824596148,FALSE,TRUE,FALSE,,FALSE,Tidal_mudflat,Tidal_saline_matrix,25,FALSE,ASSIGNED,Within 30 ft of tidal wetland or eel grass
91990,Mudflat/Dry Pond Bottom Mapping Unit,Mudflat,0.2278780120020337,FALSE,TRUE,FALSE,,FALSE,Tidal_mudflat,Tidal_saline_matrix,25,FALSE,ASSIGNED,Within 30 ft of tidal wetland or eel grass
91991,Mudflat/Dry Pond Bottom Mapping Unit,Mudflat,0.13579657449669466,FALSE,TRUE,FALSE,,FALSE,Tidal_mudflat,Tidal_saline_matrix,25,FALSE,ASSIGNED,Within 30 ft of tidal wetland or eel grass
91992,Mudflat/Dry Pond Bottom Mapping Unit,Mudflat,0.020790871884388638,FALSE,TRUE,FALSE,,FALSE,Tidal_mudflat,Tidal_saline_matrix,25,FALSE,ASSIGNED,Within 30 ft of tidal wetland or eel grass
91993,Mudflat/Dry Pond Bottom Mapping Unit,Mudflat,0.05018016925525049,FALSE,TRUE,FALSE,,FALSE,Tidal_mudflat,Tidal_saline_matrix,25,FALSE,ASSIGNED,Within 30 ft of tidal wetland or eel grass
91994,Mudflat/Dry Pond Bottom Mapping Unit,Mudflat,0.2667326396774801,FALSE,TRUE,FALSE,,FALSE,Tidal_mudflat,Tidal_saline_matrix,25,FALSE,ASSIGNED,Within 30 ft of tidal wetland or eel grass
91995,Mudflat/Dry Pond Bottom Mapping Unit,Mudflat,0.009857546157226114,FALSE,TRUE,FALSE,,FALSE,Tidal_mudflat,Tidal_saline_matrix,25,FALSE,ASSIGNED,Within 30 ft of tidal wetland or eel grass
91996,Mudflat/Dry Pond Bottom Mapping Unit,Mudflat,0.016062319654419913,FALSE,TRUE,FALSE,,FALSE,Tidal_mudflat,Tidal_saline_matrix,25,FALSE,ASSIGNED,Within 30 ft of tidal wetland or eel grass
91997,Mudflat/Dry Pond Bottom Mapping Unit,Mudflat,0.010367510880928682,FALSE,TRUE,FALSE,,FALSE,Tidal_mudflat,Tidal_saline_matrix,25,FALSE,ASSIGNED,Within 30 ft of tidal wetland or eel grass
91998,Mudflat/Dry Pond Bottom Mapping Unit,Mudflat,0.37625190760512184,FALSE,TRUE,FALSE,,FALSE,Tidal_mudflat,Tidal_saline_matrix,25,FALSE,ASSIGNED,Within 30 ft of tidal wetland or eel grass
91999,Mudflat/Dry Pond Bottom Mapping Unit,Mudflat,0.7135080544963196,FALSE,TRUE,FALSE,,FALSE,Tidal_mudflat,Tidal_saline_matrix,25,FALSE,ASSIGNED,Within 30 ft of tidal wetland or eel grass
92000,Mudflat/Dry Pond Bottom Mapping Unit,Mudflat,0.016572995106163002,FALSE,TRUE,FALSE,,FALSE,Tidal_mudflat,Tidal_saline_matrix,25,FALSE,ASSIGNED,Within 30 ft of tidal wetland or eel grass
92001,Mudflat/Dry Pond Bottom Mapping Unit,Mudflat,8.218717870947712,FALSE,TRUE,FALSE,,FALSE,Tidal_mudflat,Tidal_saline_matrix,25,FALSE,ASSIGNED,Within 30 ft of tidal wetland or eel grass
92002,Mudflat/Dry Pond Bottom Mapping Unit,Mudflat,0.12186851254943902,FALSE,TRUE,FALSE,,FALSE,Tidal_mudflat,Tidal_saline_matrix,25,FALSE,ASSIGNED,Within 30 ft of tidal wetland or eel grass
92003,Mudflat/Dry Pond Bottom Mapping Unit,Mudflat,0.028801184111174962,FALSE,TRUE,FALSE,,FALSE,Tidal_mudflat,Tidal_saline_matrix,25,FALSE,ASSIGNED,Within 30 ft of tidal wetland or eel grass
92004,Mudflat/Dry Pond Bottom Mapping Unit,Mudflat,0.010518154831973183,FALSE,TRUE,FALSE,,FALSE,Tidal_mudflat,Tidal_saline_matrix,25,FALSE,ASSIGNED,Within 30 ft of tidal wetland or eel grass
92005,Mudflat/Dry Pond Bottom Mapping Unit,Mudflat,0.1674305125356935,FALSE,TRUE,FALSE,,FALSE,Tidal_mudflat,Tidal_saline_matrix,25,FALSE,ASSIGNED,Within 30 ft of tidal wetland or eel grass
92006,Mudflat/Dry Pond Bottom Mapping Unit,Mudflat,0.0315664981382243,FALSE,TRUE,FALSE,,FALSE,Tidal_mudflat,Tidal_saline_matrix,25,FALSE,ASSIGNED,Within 30 ft of tidal wetland or eel grass
92007,Mudflat/Dry Pond Bottom Mapping Unit,Mudflat,1.0544388448476487,FALSE,TRUE,FALSE,,FALSE,Tidal_mudflat,Tidal_saline_matrix,25,FALSE,ASSIGNED,Within 30 ft of tidal wetland or eel grass
92008,Mudflat/Dry Pond Bottom Mapping Unit,Mudflat,0.011818489765042173,FALSE,TRUE,FALSE,,FALSE,Tidal_mudflat,Tidal_saline_matrix,25,FALSE,ASSIGNED,Within 30 ft of tidal wetland or eel grass
92009,Mudflat/Dry Pond Bottom Mapping Unit,Mudflat,0.09858941966572046,FALSE,TRUE,FALSE,,FALSE,Tidal_mudflat,Tidal_saline_matrix,25,FALSE,ASSIGNED,Within 30 ft of tidal wetland or eel grass
92010,Mudflat/Dry Pond Bottom Mapping Unit,Mudflat,0.014531739047666591,FALSE,TRUE,FALSE,,FALSE,Tidal_mudflat,Tidal_saline_matrix,25,FALSE,ASSIGNED,Within 30 ft of tidal wetland or eel grass
92011,Mudflat/Dry Pond Bottom Mapping Unit,Mudflat,0.020077917902965106,FALSE,TRUE,FALSE,,FALSE,Tidal_mudflat,Tidal_saline_matrix,25,FALSE,ASSIGNED,Within 30 ft of tidal wetland or eel grass
92012,Mudflat/Dry Pond Bottom Mapping Unit,Mudflat,0.21858784945157989,FALSE,TRUE,FALSE,,FALSE,Tidal_mudflat,Tidal_saline_matrix,25,FALSE,ASSIGNED,Within 30 ft of tidal wetland or eel grass
92013,Mudflat/Dry Pond Bottom Mapping Unit,Mudflat,0.04542516516618413,FALSE,TRUE,FALSE,,FALSE,Tidal_mudflat,Tidal_saline_matrix,25,FALSE,ASSIGNED,Within 30 ft of tidal wetland or eel grass
92014,Mudflat/Dry Pond Bottom Mapping Unit,Mudflat,0.029437174365373662,FALSE,TRUE,FALSE,,FALSE,Tidal_mudflat,Tidal_saline_matrix,25,FALSE,ASSIGNED,Within 30 ft of tidal wetland or eel grass
92015,Mudflat/Dry Pond Bottom Mapping Unit,Mudflat,0.21402615043613196,FALSE,TRUE,FALSE,,FALSE,Tidal_mudflat,Tidal_saline_matrix,25,FALSE,ASSIGNED,Within 30 ft of tidal wetland or eel grass
92016,Mudflat/Dry Pond Bottom Mapping Unit,Mudflat,0.20315158067730021,FALSE,TRUE,FALSE,,FALSE,Tidal_mudflat,Tidal_saline_matrix,25,FALSE,ASSIGNED,Within 30 ft of tidal wetland or eel grass
92017,Mudflat/Dry Pond Bottom Mapping Unit,Mudflat,0.06558101457722172,FALSE,TRUE,FALSE,,FALSE,Tidal_mudflat,Tidal_saline_matrix,25,FALSE,ASSIGNED,Within 30 ft of tidal wetland or eel grass
92018,Mudflat/Dry Pond Bottom Mapping Unit,Mudflat,0.3306292969436479,FALSE,TRUE,FALSE,,FALSE,Tidal_mudflat,Tidal_saline_matrix,25,FALSE,ASSIGNED,Within 30 ft of tidal wetland or eel grass
92019,Mudflat/Dry Pond Bottom Mapping Unit,Mudflat,0.057605588852023146,FALSE,TRUE,FALSE,,FALSE,Tidal_mudflat,Tidal_saline_matrix,25,FALSE,ASSIGNED,Within 30 ft of tidal wetland or eel grass
92020,Mudflat/Dry Pond Bottom Mapping Unit,Mudflat,0.15255220083593973,FALSE,TRUE,FALSE,,FALSE,Tidal_mudflat,Tidal_saline_matrix,25,FALSE,ASSIGNED,Within 30 ft of tidal wetland or eel grass
92021,Mudflat/Dry Pond Bottom Mapping Unit,Mudflat,0.01330970564421723,FALSE,TRUE,FALSE,,FALSE,Tidal_mudflat,Tidal_saline_matrix,25,FALSE,ASSIGNED,Within 30 ft of tidal wetland or eel grass
92022,Mudflat/Dry Pond Bottom Mapping Unit,Mudflat,0.0939428732971187,FALSE,TRUE,FALSE,,FALSE,Tidal_mudflat,Tidal_saline_matrix,25,FALSE,ASSIGNED,Within 30 ft of tidal wetland or eel grass
92023,Mudflat/Dry Pond Bottom Mapping Unit,Mudflat,0.014665754051781806,FALSE,TRUE,FALSE,,FALSE,Tidal_mudflat,Tidal_saline_matrix,25,FALSE,ASSIGNED,Within 30 ft of tidal wetland or eel grass
92024,Mudflat/Dry Pond Bottom Mapping Unit,Mudflat,0.022543550411385255,FALSE,TRUE,FALSE,,FALSE,Tidal_mudflat,Tidal_saline_matrix,25,FALSE,ASSIGNED,Within 30 ft of tidal wetland or eel grass
92025,Mudflat/Dry Pond Bottom Mapping Unit,Mudflat,0.03743412424328288,FALSE,TRUE,FALSE,,FALSE,Tidal_mudflat,Tidal_saline_matrix,25,FALSE,ASSIGNED,Within 30 ft of tidal wetland or eel grass
92026,Mudflat/Dry Pond Bottom Mapping Unit,Mudflat,1.5729276469567,FALSE,TRUE,FALSE,,FALSE,Tidal_mudflat,Tidal_saline_matrix,25,FALSE,ASSIGNED,Within 30 ft of tidal wetland or eel grass
92027,Mudflat/Dry Pond Bottom Mapping Unit,Mudflat,0.06759460226359668,FALSE,FALSE,FALSE,,FALSE,UNRESOLVED_MUDFLAT_REVIEW,UNRESOLVED_REVIEW,,FALSE,REVIEW_REQUIRED,"No freshwater, tidal, or modeled-site spatial evidence"
92028,Mudflat/Dry Pond Bottom Mapping Unit,Mudflat,0.07113424016951213,FALSE,TRUE,FALSE,,FALSE,Tidal_mudflat,Tidal_saline_matrix,25,FALSE,ASSIGNED,Within 30 ft of tidal wetland or eel grass
92029,Mudflat/Dry Pond Bottom Mapping Unit,Mudflat,0.08436215228281466,FALSE,TRUE,FALSE,,FALSE,Tidal_mudflat,Tidal_saline_matrix,25,FALSE,ASSIGNED,Within 30 ft of tidal wetland or eel grass
92030,Mudflat/Dry Pond Bottom Mapping Unit,Mudflat,0.2118307898576749,FALSE,TRUE,FALSE,,FALSE,Tidal_mudflat,Tidal_saline_matrix,25,FALSE,ASSIGNED,Within 30 ft of tidal wetland or eel grass
92031,Mudflat/Dry Pond Bottom Mapping Unit,Mudflat,0.017308484043347647,FALSE,FALSE,FALSE,,FALSE,UNRESOLVED_MUDFLAT_REVIEW,UNRESOLVED_REVIEW,,FALSE,REVIEW_REQUIRED,"No freshwater, tidal, or modeled-site spatial evidence"
92032,Mudflat/Dry Pond Bottom Mapping Unit,Mudflat,0.03821611156455977,FALSE,FALSE,FALSE,,FALSE,UNRESOLVED_MUDFLAT_REVIEW,UNRESOLVED_REVIEW,,FALSE,REVIEW_REQUIRED,"No freshwater, tidal, or modeled-site spatial evidence"
92033,Mudflat/Dry Pond Bottom Mapping Unit,Mudflat,0.06811625869157224,FALSE,FALSE,FALSE,,FALSE,UNRESOLVED_MUDFLAT_REVIEW,UNRESOLVED_REVIEW,,FALSE,REVIEW_REQUIRED,"No freshwater, tidal, or modeled-site spatial evidence"
92034,Mudflat/Dry Pond Bottom Mapping Unit,Mudflat,0.11376671809434183,FALSE,FALSE,FALSE,,FALSE,UNRESOLVED_MUDFLAT_REVIEW,UNRESOLVED_REVIEW,,FALSE,REVIEW_REQUIRED,"No freshwater, tidal, or modeled-site spatial evidence"
92035,Mudflat/Dry Pond Bottom Mapping Unit,Mudflat,0.09226976198998772,FALSE,TRUE,FALSE,,FALSE,Tidal_mudflat,Tidal_saline_matrix,25,FALSE,ASSIGNED,Within 30 ft of tidal wetland or eel grass
92036,Mudflat/Dry Pond Bottom Mapping Unit,Mudflat,0.0362729555036413,FALSE,TRUE,FALSE,,FALSE,Tidal_mudflat,Tidal_saline_matrix,25,FALSE,ASSIGNED,Within 30 ft of tidal wetland or eel grass
92037,Mudflat/Dry Pond Bottom Mapping Unit,Mudflat,0.36912535930168483,FALSE,TRUE,FALSE,,FALSE,Tidal_mudflat,Tidal_saline_matrix,25,FALSE,ASSIGNED,Within 30 ft of tidal wetland or eel grass
92038,Mudflat/Dry Pond Bottom Mapping Unit,Mudflat,0.1479997988694906,FALSE,FALSE,FALSE,,FALSE,UNRESOLVED_MUDFLAT_REVIEW,UNRESOLVED_REVIEW,,FALSE,REVIEW_REQUIRED,"No freshwater, tidal, or modeled-site spatial evidence"
92039,Mudflat/Dry Pond Bottom Mapping Unit,Mudflat,0.01638129511380526,FALSE,TRUE,FALSE,,FALSE,Tidal_mudflat,Tidal_saline_matrix,25,FALSE,ASSIGNED,Within 30 ft of tidal wetland or eel grass
92040,Mudflat/Dry Pond Bottom Mapping Unit,Mudflat,1.2272260028561581,FALSE,TRUE,FALSE,,FALSE,Tidal_mudflat,Tidal_saline_matrix,25,FALSE,ASSIGNED,Within 30 ft of tidal wetland or eel grass
92041,Mudflat/Dry Pond Bottom Mapping Unit,Mudflat,0.011812256573243382,FALSE,TRUE,FALSE,,FALSE,Tidal_mudflat,Tidal_saline_matrix,25,FALSE,ASSIGNED,Within 30 ft of tidal wetland or eel grass
92042,Mudflat/Dry Pond Bottom Mapping Unit,Mudflat,0.01100165859557567,FALSE,FALSE,FALSE,,FALSE,UNRESOLVED_MUDFLAT_REVIEW,UNRESOLVED_REVIEW,,FALSE,REVIEW_REQUIRED,"No freshwater, tidal, or modeled-site spatial evidence"
92043,Mudflat/Dry Pond Bottom Mapping Unit,Mudflat,0.014537529147321863,FALSE,TRUE,FALSE,,FALSE,Tidal_mudflat,Tidal_saline_matrix,25,FALSE,ASSIGNED,Within 30 ft of tidal wetland or eel grass
92044,Mudflat/Dry Pond Bottom Mapping Unit,Mudflat,0.016246818365501296,FALSE,TRUE,FALSE,,FALSE,Tidal_mudflat,Tidal_saline_matrix,25,FALSE,ASSIGNED,Within 30 ft of tidal wetland or eel grass
92045,Mudflat/Dry Pond Bottom Mapping Unit,Mudflat,0.014504151506995048,FALSE,FALSE,FALSE,,FALSE,UNRESOLVED_MUDFLAT_REVIEW,UNRESOLVED_REVIEW,,FALSE,REVIEW_REQUIRED,"No freshwater, tidal, or modeled-site spatial evidence"
92046,Mudflat/Dry Pond Bottom Mapping Unit,Mudflat,0.031189054770075546,FALSE,TRUE,FALSE,,FALSE,Tidal_mudflat,Tidal_saline_matrix,25,FALSE,ASSIGNED,Within 30 ft of tidal wetland or eel grass
92047,Mudflat/Dry Pond Bottom Mapping Unit,Mudflat,0.013806053155121782,FALSE,FALSE,FALSE,,FALSE,UNRESOLVED_MUDFLAT_REVIEW,UNRESOLVED_REVIEW,,FALSE,REVIEW_REQUIRED,"No freshwater, tidal, or modeled-site spatial evidence"
92048,Mudflat/Dry Pond Bottom Mapping Unit,Mudflat,0.03959860927718349,FALSE,TRUE,FALSE,,FALSE,Tidal_mudflat,Tidal_saline_matrix,25,FALSE,ASSIGNED,Within 30 ft of tidal wetland or eel grass
92049,Mudflat/Dry Pond Bottom Mapping Unit,Mudflat,0.08561584924125552,FALSE,TRUE,FALSE,,FALSE,Tidal_mudflat,Tidal_saline_matrix,25,FALSE,ASSIGNED,Within 30 ft of tidal wetland or eel grass
92050,Mudflat/Dry Pond Bottom Mapping Unit,Mudflat,0.06053453552106945,FALSE,TRUE,FALSE,,FALSE,Tidal_mudflat,Tidal_saline_matrix,25,FALSE,ASSIGNED,Within 30 ft of tidal wetland or eel grass
92051,Mudflat/Dry Pond Bottom Mapping Unit,Mudflat,0.01812890575922001,FALSE,FALSE,FALSE,,FALSE,UNRESOLVED_MUDFLAT_REVIEW,UNRESOLVED_REVIEW,,FALSE,REVIEW_REQUIRED,"No freshwater, tidal, or modeled-site spatial evidence"
92052,Mudflat/Dry Pond Bottom Mapping Unit,Mudflat,0.10064040294969274,FALSE,FALSE,FALSE,,FALSE,UNRESOLVED_MUDFLAT_REVIEW,UNRESOLVED_REVIEW,,FALSE,REVIEW_REQUIRED,"No freshwater, tidal, or modeled-site spatial evidence"
92053,Mudflat/Dry Pond Bottom Mapping Unit,Mudflat,0.013463971925540021,FALSE,FALSE,FALSE,,FALSE,UNRESOLVED_MUDFLAT_REVIEW,UNRESOLVED_REVIEW,,FALSE,REVIEW_REQUIRED,"No freshwater, tidal, or modeled-site spatial evidence"
92054,Mudflat/Dry Pond Bottom Mapping Unit,Mudflat,0.011258376766493054,FALSE,FALSE,FALSE,,FALSE,UNRESOLVED_MUDFLAT_REVIEW,UNRESOLVED_REVIEW,,FALSE,REVIEW_REQUIRED,"No freshwater, tidal, or modeled-site spatial evidence"
92055,Mudflat/Dry Pond Bottom Mapping Unit,Mudflat,0.1739676702043023,FALSE,TRUE,FALSE,,FALSE,Tidal_mudflat,Tidal_saline_matrix,25,FALSE,ASSIGNED,Within 30 ft of tidal wetland or eel grass
92056,Mudflat/Dry Pond Bottom Mapping Unit,Mudflat,0.00999314856396476,FALSE,FALSE,FALSE,,FALSE,UNRESOLVED_MUDFLAT_REVIEW,UNRESOLVED_REVIEW,,FALSE,REVIEW_REQUIRED,"No freshwater, tidal, or modeled-site spatial evidence"
92057,Mudflat/Dry Pond Bottom Mapping Unit,Mudflat,0.06269341658073932,FALSE,FALSE,FALSE,,FALSE,UNRESOLVED_MUDFLAT_REVIEW,UNRESOLVED_REVIEW,,FALSE,REVIEW_REQUIRED,"No freshwater, tidal, or modeled-site spatial evidence"
92058,Mudflat/Dry Pond Bottom Mapping Unit,Mudflat,0.019890910114338488,FALSE,FALSE,FALSE,,FALSE,UNRESOLVED_MUDFLAT_REVIEW,UNRESOLVED_REVIEW,,FALSE,REVIEW_REQUIRED,"No freshwater, tidal, or modeled-site spatial evidence"
92059,Mudflat/Dry Pond Bottom Mapping Unit,Mudflat,0.2296482588849449,FALSE,TRUE,FALSE,,FALSE,Tidal_mudflat,Tidal_saline_matrix,25,FALSE,ASSIGNED,Within 30 ft of tidal wetland or eel grass
92060,Mudflat/Dry Pond Bottom Mapping Unit,Mudflat,0.010362639879474127,FALSE,FALSE,FALSE,,FALSE,UNRESOLVED_MUDFLAT_REVIEW,UNRESOLVED_REVIEW,,FALSE,REVIEW_REQUIRED,"No freshwater, tidal, or modeled-site spatial evidence"
92061,Mudflat/Dry Pond Bottom Mapping Unit,Mudflat,0.19516613431043806,FALSE,TRUE,FALSE,,FALSE,Tidal_mudflat,Tidal_saline_matrix,25,FALSE,ASSIGNED,Within 30 ft of tidal wetland or eel grass
92062,Mudflat/Dry Pond Bottom Mapping Unit,Mudflat,0.0369826748467309,FALSE,TRUE,FALSE,,FALSE,Tidal_mudflat,Tidal_saline_matrix,25,FALSE,ASSIGNED,Within 30 ft of tidal wetland or eel grass
92063,Mudflat/Dry Pond Bottom Mapping Unit,Mudflat,0.1996636437307202,FALSE,TRUE,FALSE,,FALSE,Tidal_mudflat,Tidal_saline_matrix,25,FALSE,ASSIGNED,Within 30 ft of tidal wetland or eel grass
92064,Mudflat/Dry Pond Bottom Mapping Unit,Mudflat,0.0162927368825348,FALSE,TRUE,FALSE,,FALSE,Tidal_mudflat,Tidal_saline_matrix,25,FALSE,ASSIGNED,Within 30 ft of tidal wetland or eel grass
92065,Mudflat/Dry Pond Bottom Mapping Unit,Mudflat,0.14166204039908145,FALSE,FALSE,FALSE,,FALSE,UNRESOLVED_MUDFLAT_REVIEW,UNRESOLVED_REVIEW,,FALSE,REVIEW_REQUIRED,"No freshwater, tidal, or modeled-site spatial evidence"
92066,Mudflat/Dry Pond Bottom Mapping Unit,Mudflat,1.702061161954499,FALSE,TRUE,FALSE,,FALSE,Tidal_mudflat,Tidal_saline_matrix,25,FALSE,ASSIGNED,Within 30 ft of tidal wetland or eel grass
92067,Mudflat/Dry Pond Bottom Mapping Unit,Mudflat,0.011014960164044975,FALSE,TRUE,FALSE,,FALSE,Tidal_mudflat,Tidal_saline_matrix,25,FALSE,ASSIGNED,Within 30 ft of tidal wetland or eel grass
92068,Mudflat/Dry Pond Bottom Mapping Unit,Mudflat,0.06215410798039487,FALSE,TRUE,FALSE,,FALSE,Tidal_mudflat,Tidal_saline_matrix,25,FALSE,ASSIGNED,Within 30 ft of tidal wetland or eel grass
92069,Mudflat/Dry Pond Bottom Mapping Unit,Mudflat,0.48555935474521356,FALSE,TRUE,FALSE,,FALSE,Tidal_mudflat,Tidal_saline_matrix,25,FALSE,ASSIGNED,Within 30 ft of tidal wetland or eel grass
92070,Mudflat/Dry Pond Bottom Mapping Unit,Mudflat,0.011506600801732261,FALSE,TRUE,FALSE,,FALSE,Tidal_mudflat,Tidal_saline_matrix,25,FALSE,ASSIGNED,Within 30 ft of tidal wetland or eel grass
92071,Mudflat/Dry Pond Bottom Mapping Unit,Mudflat,0.012842843089432187,FALSE,TRUE,FALSE,,FALSE,Tidal_mudflat,Tidal_saline_matrix,25,FALSE,ASSIGNED,Within 30 ft of tidal wetland or eel grass
92072,Mudflat/Dry Pond Bottom Mapping Unit,Mudflat,0.0344335882267702,FALSE,TRUE,FALSE,,FALSE,Tidal_mudflat,Tidal_saline_matrix,25,FALSE,ASSIGNED,Within 30 ft of tidal wetland or eel grass
92073,Mudflat/Dry Pond Bottom Mapping Unit,Mudflat,0.07079818177534655,FALSE,FALSE,FALSE,,FALSE,UNRESOLVED_MUDFLAT_REVIEW,UNRESOLVED_REVIEW,,FALSE,REVIEW_REQUIRED,"No freshwater, tidal, or modeled-site spatial evidence"
92074,Mudflat/Dry Pond Bottom Mapping Unit,Mudflat,0.1691875172756167,FALSE,FALSE,FALSE,,FALSE,UNRESOLVED_MUDFLAT_REVIEW,UNRESOLVED_REVIEW,,FALSE,REVIEW_REQUIRED,"No freshwater, tidal, or modeled-site spatial evidence"
92075,Mudflat/Dry Pond Bottom Mapping Unit,Mudflat,0.01299309081207796,FALSE,TRUE,FALSE,,FALSE,Tidal_mudflat,Tidal_saline_matrix,25,FALSE,ASSIGNED,Within 30 ft of tidal wetland or eel grass
92076,Mudflat/Dry Pond Bottom Mapping Unit,Mudflat,0.2168602362143804,FALSE,TRUE,FALSE,,FALSE,Tidal_mudflat,Tidal_saline_matrix,25,FALSE,ASSIGNED,Within 30 ft of tidal wetland or eel grass
92077,Mudflat/Dry Pond Bottom Mapping Unit,Mudflat,0.1636875789258478,FALSE,FALSE,FALSE,,FALSE,UNRESOLVED_MUDFLAT_REVIEW,UNRESOLVED_REVIEW,,FALSE,REVIEW_REQUIRED,"No freshwater, tidal, or modeled-site spatial evidence"
92078,Mudflat/Dry Pond Bottom Mapping Unit,Mudflat,0.016064006222020685,FALSE,FALSE,FALSE,,FALSE,UNRESOLVED_MUDFLAT_REVIEW,UNRESOLVED_REVIEW,,FALSE,REVIEW_REQUIRED,"No freshwater, tidal, or modeled-site spatial evidence"
92079,Mudflat/Dry Pond Bottom Mapping Unit,Mudflat,0.01697158213664263,FALSE,TRUE,FALSE,,FALSE,Tidal_mudflat,Tidal_saline_matrix,25,FALSE,ASSIGNED,Within 30 ft of tidal wetland or eel grass
92080,Mudflat/Dry Pond Bottom Mapping Unit,Mudflat,0.017566281136812543,FALSE,TRUE,FALSE,,FALSE,Tidal_mudflat,Tidal_saline_matrix,25,FALSE,ASSIGNED,Within 30 ft of tidal wetland or eel grass
92081,Mudflat/Dry Pond Bottom Mapping Unit,Mudflat,0.05531231225693189,FALSE,TRUE,FALSE,,FALSE,Tidal_mudflat,Tidal_saline_matrix,25,FALSE,ASSIGNED,Within 30 ft of tidal wetland or eel grass
92082,Mudflat/Dry Pond Bottom Mapping Unit,Mudflat,0.009808295406887461,FALSE,TRUE,FALSE,,FALSE,Tidal_mudflat,Tidal_saline_matrix,25,FALSE,ASSIGNED,Within 30 ft of tidal wetland or eel grass
92083,Mudflat/Dry Pond Bottom Mapping Unit,Mudflat,0.17141211944152718,FALSE,TRUE,FALSE,,FALSE,Tidal_mudflat,Tidal_saline_matrix,25,FALSE,ASSIGNED,Within 30 ft of tidal wetland or eel grass
92084,Mudflat/Dry Pond Bottom Mapping Unit,Mudflat,0.07733394482265986,FALSE,TRUE,FALSE,,FALSE,Tidal_mudflat,Tidal_saline_matrix,25,FALSE,ASSIGNED,Within 30 ft of tidal wetland or eel grass
92085,Mudflat/Dry Pond Bottom Mapping Unit,Mudflat,0.02029401003801117,FALSE,TRUE,FALSE,,FALSE,Tidal_mudflat,Tidal_saline_matrix,25,FALSE,ASSIGNED,Within 30 ft of tidal wetland or eel grass
92086,Mudflat/Dry Pond Bottom Mapping Unit,Mudflat,0.009806210771741751,FALSE,TRUE,FALSE,,FALSE,Tidal_mudflat,Tidal_saline_matrix,25,FALSE,ASSIGNED,Within 30 ft of tidal wetland or eel grass
92087,Mudflat/Dry Pond Bottom Mapping Unit,Mudflat,0.05171555644011468,FALSE,TRUE,FALSE,,FALSE,Tidal_mudflat,Tidal_saline_matrix,25,FALSE,ASSIGNED,Within 30 ft of tidal wetland or eel grass
92088,Mudflat/Dry Pond Bottom Mapping Unit,Mudflat,0.02543802781238708,FALSE,TRUE,FALSE,,FALSE,Tidal_mudflat,Tidal_saline_matrix,25,FALSE,ASSIGNED,Within 30 ft of tidal wetland or eel grass
92089,Mudflat/Dry Pond Bottom Mapping Unit,Mudflat,0.028880814246981686,FALSE,TRUE,FALSE,,FALSE,Tidal_mudflat,Tidal_saline_matrix,25,FALSE,ASSIGNED,Within 30 ft of tidal wetland or eel grass
92090,Mudflat/Dry Pond Bottom Mapping Unit,Mudflat,0.016604131338768223,FALSE,TRUE,FALSE,,FALSE,Tidal_mudflat,Tidal_saline_matrix,25,FALSE,ASSIGNED,Within 30 ft of tidal wetland or eel grass
92091,Mudflat/Dry Pond Bottom Mapping Unit,Mudflat,0.032960134048344865,FALSE,TRUE,FALSE,,FALSE,Tidal_mudflat,Tidal_saline_matrix,25,FALSE,ASSIGNED,Within 30 ft of tidal wetland or eel grass
92092,Mudflat/Dry Pond Bottom Mapping Unit,Mudflat,0.056027147934105855,FALSE,TRUE,FALSE,,FALSE,Tidal_mudflat,Tidal_saline_matrix,25,FALSE,ASSIGNED,Within 30 ft of tidal wetland or eel grass
92093,Mudflat/Dry Pond Bottom Mapping Unit,Mudflat,0.010663947305335063,FALSE,TRUE,FALSE,,FALSE,Tidal_mudflat,Tidal_saline_matrix,25,FALSE,ASSIGNED,Within 30 ft of tidal wetland or eel grass
92094,Mudflat/Dry Pond Bottom Mapping Unit,Mudflat,0.014830053114896928,FALSE,TRUE,FALSE,,FALSE,Tidal_mudflat,Tidal_saline_matrix,25,FALSE,ASSIGNED,Within 30 ft of tidal wetland or eel grass
92095,Mudflat/Dry Pond Bottom Mapping Unit,Mudflat,0.025675486078871226,FALSE,TRUE,FALSE,,FALSE,Tidal_mudflat,Tidal_saline_matrix,25,FALSE,ASSIGNED,Within 30 ft of tidal wetland or eel grass
92096,Mudflat/Dry Pond Bottom Mapping Unit,Mudflat,0.03459564666213276,FALSE,TRUE,FALSE,,FALSE,Tidal_mudflat,Tidal_saline_matrix,25,FALSE,ASSIGNED,Within 30 ft of tidal wetland or eel grass
92097,Mudflat/Dry Pond Bottom Mapping Unit,Mudflat,0.03155998574275516,FALSE,TRUE,FALSE,,FALSE,Tidal_mudflat,Tidal_saline_matrix,25,FALSE,ASSIGNED,Within 30 ft of tidal wetland or eel grass
92098,Mudflat/Dry Pond Bottom Mapping Unit,Mudflat,0.06613120490503097,FALSE,TRUE,FALSE,,FALSE,Tidal_mudflat,Tidal_saline_matrix,25,FALSE,ASSIGNED,Within 30 ft of tidal wetland or eel grass
92099,Mudflat/Dry Pond Bottom Mapping Unit,Mudflat,0.04173365507581848,FALSE,TRUE,FALSE,,FALSE,Tidal_mudflat,Tidal_saline_matrix,25,FALSE,ASSIGNED,Within 30 ft of tidal wetland or eel grass
92100,Mudflat/Dry Pond Bottom Mapping Unit,Mudflat,0.3157012251764672,FALSE,TRUE,FALSE,,FALSE,Tidal_mudflat,Tidal_saline_matrix,25,FALSE,ASSIGNED,Within 30 ft of tidal wetland or eel grass
92101,Mudflat/Dry Pond Bottom Mapping Unit,Mudflat,0.09659871345867997,FALSE,TRUE,FALSE,,FALSE,Tidal_mudflat,Tidal_saline_matrix,25,FALSE,ASSIGNED,Within 30 ft of tidal wetland or eel grass
92102,Mudflat/Dry Pond Bottom Mapping Unit,Mudflat,0.22737627142735994,FALSE,TRUE,FALSE,,FALSE,Tidal_mudflat,Tidal_saline_matrix,25,FALSE,ASSIGNED,Within 30 ft of tidal wetland or eel grass
92103,Mudflat/Dry Pond Bottom Mapping Unit,Mudflat,0.010474340889398234,FALSE,TRUE,FALSE,,FALSE,Tidal_mudflat,Tidal_saline_matrix,25,FALSE,ASSIGNED,Within 30 ft of tidal wetland or eel grass
92104,Mudflat/Dry Pond Bottom Mapping Unit,Mudflat,0.012986243165932186,FALSE,TRUE,FALSE,,FALSE,Tidal_mudflat,Tidal_saline_matrix,25,FALSE,ASSIGNED,Within 30 ft of tidal wetland or eel grass
92105,Mudflat/Dry Pond Bottom Mapping Unit,Mudflat,0.021656910162025582,FALSE,TRUE,FALSE,,FALSE,Tidal_mudflat,Tidal_saline_matrix,25,FALSE,ASSIGNED,Within 30 ft of tidal wetland or eel grass
92106,Mudflat/Dry Pond Bottom Mapping Unit,Mudflat,0.2938394021974029,FALSE,TRUE,FALSE,,FALSE,Tidal_mudflat,Tidal_saline_matrix,25,FALSE,ASSIGNED,Within 30 ft of tidal wetland or eel grass
92107,Mudflat/Dry Pond Bottom Mapping Unit,Mudflat,0.03380211160571573,FALSE,TRUE,FALSE,,FALSE,Tidal_mudflat,Tidal_saline_matrix,25,FALSE,ASSIGNED,Within 30 ft of tidal wetland or eel grass
92108,Mudflat/Dry Pond Bottom Mapping Unit,Mudflat,0.00931961457975422,FALSE,TRUE,FALSE,,FALSE,Tidal_mudflat,Tidal_saline_matrix,25,FALSE,ASSIGNED,Within 30 ft of tidal wetland or eel grass
92109,Mudflat/Dry Pond Bottom Mapping Unit,Mudflat,0.15787424355896537,FALSE,TRUE,FALSE,,FALSE,Tidal_mudflat,Tidal_saline_matrix,25,FALSE,ASSIGNED,Within 30 ft of tidal wetland or eel grass
92110,Mudflat/Dry Pond Bottom Mapping Unit,Mudflat,0.020084191619055815,FALSE,TRUE,FALSE,,FALSE,Tidal_mudflat,Tidal_saline_matrix,25,FALSE,ASSIGNED,Within 30 ft of tidal wetland or eel grass
92111,Mudflat/Dry Pond Bottom Mapping Unit,Mudflat,0.011545348269664241,FALSE,TRUE,FALSE,,FALSE,Tidal_mudflat,Tidal_saline_matrix,25,FALSE,ASSIGNED,Within 30 ft of tidal wetland or eel grass
92112,Mudflat/Dry Pond Bottom Mapping Unit,Mudflat,0.014017319159261044,FALSE,TRUE,FALSE,,FALSE,Tidal_mudflat,Tidal_saline_matrix,25,FALSE,ASSIGNED,Within 30 ft of tidal wetland or eel grass
92113,Mudflat/Dry Pond Bottom Mapping Unit,Mudflat,0.08190424641264399,FALSE,TRUE,FALSE,,FALSE,Tidal_mudflat,Tidal_saline_matrix,25,FALSE,ASSIGNED,Within 30 ft of tidal wetland or eel grass
92114,Mudflat/Dry Pond Bottom Mapping Unit,Mudflat,0.060089341062629406,FALSE,TRUE,FALSE,,FALSE,Tidal_mudflat,Tidal_saline_matrix,25,FALSE,ASSIGNED,Within 30 ft of tidal wetland or eel grass
92115,Mudflat/Dry Pond Bottom Mapping Unit,Mudflat,1.0682041900110548,FALSE,TRUE,FALSE,,FALSE,Tidal_mudflat,Tidal_saline_matrix,25,FALSE,ASSIGNED,Within 30 ft of tidal wetland or eel grass
92116,Mudflat/Dry Pond Bottom Mapping Unit,Mudflat,0.024462185852304297,FALSE,FALSE,FALSE,,FALSE,UNRESOLVED_MUDFLAT_REVIEW,UNRESOLVED_REVIEW,,FALSE,REVIEW_REQUIRED,"No freshwater, tidal, or modeled-site spatial evidence"
92117,Mudflat/Dry Pond Bottom Mapping Unit,Mudflat,0.014522092680219388,FALSE,FALSE,FALSE,,FALSE,UNRESOLVED_MUDFLAT_REVIEW,UNRESOLVED_REVIEW,,FALSE,REVIEW_REQUIRED,"No freshwater, tidal, or modeled-site spatial evidence"
92118,Mudflat/Dry Pond Bottom Mapping Unit,Mudflat,0.014115689073219797,FALSE,TRUE,FALSE,,FALSE,Tidal_mudflat,Tidal_saline_matrix,25,FALSE,ASSIGNED,Within 30 ft of tidal wetland or eel grass
92119,Mudflat/Dry Pond Bottom Mapping Unit,Mudflat,0.21898386186386787,FALSE,TRUE,FALSE,,FALSE,Tidal_mudflat,Tidal_saline_matrix,25,FALSE,ASSIGNED,Within 30 ft of tidal wetland or eel grass
92120,Mudflat/Dry Pond Bottom Mapping Unit,Mudflat,0.0485766941614969,FALSE,TRUE,FALSE,,FALSE,Tidal_mudflat,Tidal_saline_matrix,25,FALSE,ASSIGNED,Within 30 ft of tidal wetland or eel grass
92121,Mudflat/Dry Pond Bottom Mapping Unit,Mudflat,0.06474799469849993,FALSE,TRUE,FALSE,,FALSE,Tidal_mudflat,Tidal_saline_matrix,25,FALSE,ASSIGNED,Within 30 ft of tidal wetland or eel grass
92122,Mudflat/Dry Pond Bottom Mapping Unit,Mudflat,0.03659729200085158,FALSE,TRUE,FALSE,,FALSE,Tidal_mudflat,Tidal_saline_matrix,25,FALSE,ASSIGNED,Within 30 ft of tidal wetland or eel grass
92123,Mudflat/Dry Pond Bottom Mapping Unit,Mudflat,0.19310971016841727,FALSE,TRUE,FALSE,,FALSE,Tidal_mudflat,Tidal_saline_matrix,25,FALSE,ASSIGNED,Within 30 ft of tidal wetland or eel grass
92124,Mudflat/Dry Pond Bottom Mapping Unit,Mudflat,0.06711935210650022,FALSE,TRUE,FALSE,,FALSE,Tidal_mudflat,Tidal_saline_matrix,25,FALSE,ASSIGNED,Within 30 ft of tidal wetland or eel grass
92125,Mudflat/Dry Pond Bottom Mapping Unit,Mudflat,0.022092390829682635,FALSE,FALSE,FALSE,,FALSE,UNRESOLVED_MUDFLAT_REVIEW,UNRESOLVED_REVIEW,,FALSE,REVIEW_REQUIRED,"No freshwater, tidal, or modeled-site spatial evidence"
92126,Mudflat/Dry Pond Bottom Mapping Unit,Mudflat,0.010646957443706025,FALSE,TRUE,FALSE,,FALSE,Tidal_mudflat,Tidal_saline_matrix,25,FALSE,ASSIGNED,Within 30 ft of tidal wetland or eel grass
92127,Mudflat/Dry Pond Bottom Mapping Unit,Mudflat,0.013803369896554389,FALSE,TRUE,FALSE,,FALSE,Tidal_mudflat,Tidal_saline_matrix,25,FALSE,ASSIGNED,Within 30 ft of tidal wetland or eel grass
92128,Mudflat/Dry Pond Bottom Mapping Unit,Mudflat,0.15801727451001227,FALSE,TRUE,FALSE,,FALSE,Tidal_mudflat,Tidal_saline_matrix,25,FALSE,ASSIGNED,Within 30 ft of tidal wetland or eel grass
92129,Mudflat/Dry Pond Bottom Mapping Unit,Mudflat,0.020324290336814373,FALSE,FALSE,FALSE,,FALSE,UNRESOLVED_MUDFLAT_REVIEW,UNRESOLVED_REVIEW,,FALSE,REVIEW_REQUIRED,"No freshwater, tidal, or modeled-site spatial evidence"
92130,Mudflat/Dry Pond Bottom Mapping Unit,Mudflat,0.182990672007039,FALSE,TRUE,FALSE,,FALSE,Tidal_mudflat,Tidal_saline_matrix,25,FALSE,ASSIGNED,Within 30 ft of tidal wetland or eel grass
92131,Mudflat/Dry Pond Bottom Mapping Unit,Mudflat,0.056938850773381434,FALSE,FALSE,FALSE,,FALSE,UNRESOLVED_MUDFLAT_REVIEW,UNRESOLVED_REVIEW,,FALSE,REVIEW_REQUIRED,"No freshwater, tidal, or modeled-site spatial evidence"
92132,Mudflat/Dry Pond Bottom Mapping Unit,Mudflat,0.03460388559886276,FALSE,TRUE,FALSE,,FALSE,Tidal_mudflat,Tidal_saline_matrix,25,FALSE,ASSIGNED,Within 30 ft of tidal wetland or eel grass
92133,Mudflat/Dry Pond Bottom Mapping Unit,Mudflat,0.04318994284876401,FALSE,TRUE,FALSE,,FALSE,Tidal_mudflat,Tidal_saline_matrix,25,FALSE,ASSIGNED,Within 30 ft of tidal wetland or eel grass
92134,Mudflat/Dry Pond Bottom Mapping Unit,Mudflat,0.01719503454610599,FALSE,TRUE,FALSE,,FALSE,Tidal_mudflat,Tidal_saline_matrix,25,FALSE,ASSIGNED,Within 30 ft of tidal wetland or eel grass
92135,Mudflat/Dry Pond Bottom Mapping Unit,Mudflat,0.017871027210206843,FALSE,TRUE,FALSE,,FALSE,Tidal_mudflat,Tidal_saline_matrix,25,FALSE,ASSIGNED,Within 30 ft of tidal wetland or eel grass
92136,Mudflat/Dry Pond Bottom Mapping Unit,Mudflat,0.05659663252977015,FALSE,TRUE,FALSE,,FALSE,Tidal_mudflat,Tidal_saline_matrix,25,FALSE,ASSIGNED,Within 30 ft of tidal wetland or eel grass
92137,Mudflat/Dry Pond Bottom Mapping Unit,Mudflat,0.3797234644378685,FALSE,TRUE,FALSE,,FALSE,Tidal_mudflat,Tidal_saline_matrix,25,FALSE,ASSIGNED,Within 30 ft of tidal wetland or eel grass
92138,Mudflat/Dry Pond Bottom Mapping Unit,Mudflat,0.047388762466513495,FALSE,TRUE,FALSE,,FALSE,Tidal_mudflat,Tidal_saline_matrix,25,FALSE,ASSIGNED,Within 30 ft of tidal wetland or eel grass
92139,Mudflat/Dry Pond Bottom Mapping Unit,Mudflat,0.07897408155777512,FALSE,TRUE,FALSE,,FALSE,Tidal_mudflat,Tidal_saline_matrix,25,FALSE,ASSIGNED,Within 30 ft of tidal wetland or eel grass
92140,Mudflat/Dry Pond Bottom Mapping Unit,Mudflat,0.03325819139342678,FALSE,FALSE,FALSE,,FALSE,UNRESOLVED_MUDFLAT_REVIEW,UNRESOLVED_REVIEW,,FALSE,REVIEW_REQUIRED,"No freshwater, tidal, or modeled-site spatial evidence"
92141,Mudflat/Dry Pond Bottom Mapping Unit,Mudflat,0.31530819262825444,FALSE,TRUE,FALSE,,FALSE,Tidal_mudflat,Tidal_saline_matrix,25,FALSE,ASSIGNED,Within 30 ft of tidal wetland or eel grass
92142,Mudflat/Dry Pond Bottom Mapping Unit,Mudflat,1.6306999504834896,FALSE,TRUE,FALSE,,FALSE,Tidal_mudflat,Tidal_saline_matrix,25,FALSE,ASSIGNED,Within 30 ft of tidal wetland or eel grass
92143,Mudflat/Dry Pond Bottom Mapping Unit,Mudflat,0.03324661936539258,FALSE,TRUE,FALSE,,FALSE,Tidal_mudflat,Tidal_saline_matrix,25,FALSE,ASSIGNED,Within 30 ft of tidal wetland or eel grass
92144,Mudflat/Dry Pond Bottom Mapping Unit,Mudflat,0.08114977278170363,FALSE,TRUE,FALSE,,FALSE,Tidal_mudflat,Tidal_saline_matrix,25,FALSE,ASSIGNED,Within 30 ft of tidal wetland or eel grass
92145,Mudflat/Dry Pond Bottom Mapping Unit,Mudflat,0.013785882606063891,FALSE,TRUE,FALSE,,FALSE,Tidal_mudflat,Tidal_saline_matrix,25,FALSE,ASSIGNED,Within 30 ft of tidal wetland or eel grass
92146,Mudflat/Dry Pond Bottom Mapping Unit,Mudflat,0.013104846754527081,FALSE,FALSE,FALSE,,FALSE,UNRESOLVED_MUDFLAT_REVIEW,UNRESOLVED_REVIEW,,FALSE,REVIEW_REQUIRED,"No freshwater, tidal, or modeled-site spatial evidence"
92147,Mudflat/Dry Pond Bottom Mapping Unit,Mudflat,0.04092697040321243,FALSE,TRUE,FALSE,,FALSE,Tidal_mudflat,Tidal_saline_matrix,25,FALSE,ASSIGNED,Within 30 ft of tidal wetland or eel grass
92148,Mudflat/Dry Pond Bottom Mapping Unit,Mudflat,0.016552962142992435,FALSE,TRUE,FALSE,,FALSE,Tidal_mudflat,Tidal_saline_matrix,25,FALSE,ASSIGNED,Within 30 ft of tidal wetland or eel grass
92149,Mudflat/Dry Pond Bottom Mapping Unit,Mudflat,0.877600018425535,FALSE,TRUE,FALSE,,FALSE,Tidal_mudflat,Tidal_saline_matrix,25,FALSE,ASSIGNED,Within 30 ft of tidal wetland or eel grass
92150,Mudflat/Dry Pond Bottom Mapping Unit,Mudflat,0.048650971045751126,FALSE,TRUE,FALSE,,FALSE,Tidal_mudflat,Tidal_saline_matrix,25,FALSE,ASSIGNED,Within 30 ft of tidal wetland or eel grass
92151,Mudflat/Dry Pond Bottom Mapping Unit,Mudflat,0.0376101184563679,FALSE,FALSE,FALSE,,FALSE,UNRESOLVED_MUDFLAT_REVIEW,UNRESOLVED_REVIEW,,FALSE,REVIEW_REQUIRED,"No freshwater, tidal, or modeled-site spatial evidence"
92152,Mudflat/Dry Pond Bottom Mapping Unit,Mudflat,0.23607446926200057,FALSE,TRUE,FALSE,,FALSE,Tidal_mudflat,Tidal_saline_matrix,25,FALSE,ASSIGNED,Within 30 ft of tidal wetland or eel grass
92153,Mudflat/Dry Pond Bottom Mapping Unit,Mudflat,0.07715164404286651,FALSE,TRUE,FALSE,,FALSE,Tidal_mudflat,Tidal_saline_matrix,25,FALSE,ASSIGNED,Within 30 ft of tidal wetland or eel grass
92154,Mudflat/Dry Pond Bottom Mapping Unit,Mudflat,0.08093965826648533,FALSE,TRUE,FALSE,,FALSE,Tidal_mudflat,Tidal_saline_matrix,25,FALSE,ASSIGNED,Within 30 ft of tidal wetland or eel grass
92155,Mudflat/Dry Pond Bottom Mapping Unit,Mudflat,0.08583314857199047,FALSE,TRUE,FALSE,,FALSE,Tidal_mudflat,Tidal_saline_matrix,25,FALSE,ASSIGNED,Within 30 ft of tidal wetland or eel grass
92156,Mudflat/Dry Pond Bottom Mapping Unit,Mudflat,0.03840613390552951,FALSE,TRUE,FALSE,,FALSE,Tidal_mudflat,Tidal_saline_matrix,25,FALSE,ASSIGNED,Within 30 ft of tidal wetland or eel grass
92157,Mudflat/Dry Pond Bottom Mapping Unit,Mudflat,0.01039502653942106,FALSE,TRUE,FALSE,,FALSE,Tidal_mudflat,Tidal_saline_matrix,25,FALSE,ASSIGNED,Within 30 ft of tidal wetland or eel grass
92158,Mudflat/Dry Pond Bottom Mapping Unit,Mudflat,0.026975008958852294,FALSE,FALSE,FALSE,,FALSE,UNRESOLVED_MUDFLAT_REVIEW,UNRESOLVED_REVIEW,,FALSE,REVIEW_REQUIRED,"No freshwater, tidal, or modeled-site spatial evidence"
92159,Mudflat/Dry Pond Bottom Mapping Unit,Mudflat,0.03342878707847638,FALSE,TRUE,FALSE,,FALSE,Tidal_mudflat,Tidal_saline_matrix,25,FALSE,ASSIGNED,Within 30 ft of tidal wetland or eel grass
92160,Mudflat/Dry Pond Bottom Mapping Unit,Mudflat,0.04232231186304239,FALSE,TRUE,FALSE,,FALSE,Tidal_mudflat,Tidal_saline_matrix,25,FALSE,ASSIGNED,Within 30 ft of tidal wetland or eel grass
92161,Mudflat/Dry Pond Bottom Mapping Unit,Mudflat,0.09692824325818857,FALSE,TRUE,FALSE,,FALSE,Tidal_mudflat,Tidal_saline_matrix,25,FALSE,ASSIGNED,Within 30 ft of tidal wetland or eel grass
92162,Mudflat/Dry Pond Bottom Mapping Unit,Mudflat,0.11235551675740392,FALSE,FALSE,FALSE,,FALSE,UNRESOLVED_MUDFLAT_REVIEW,UNRESOLVED_REVIEW,,FALSE,REVIEW_REQUIRED,"No freshwater, tidal, or modeled-site spatial evidence"
92163,Mudflat/Dry Pond Bottom Mapping Unit,Mudflat,0.07641803107823653,FALSE,TRUE,FALSE,,FALSE,Tidal_mudflat,Tidal_saline_matrix,25,FALSE,ASSIGNED,Within 30 ft of tidal wetland or eel grass
92164,Mudflat/Dry Pond Bottom Mapping Unit,Mudflat,0.041165263267809185,FALSE,TRUE,FALSE,,FALSE,Tidal_mudflat,Tidal_saline_matrix,25,FALSE,ASSIGNED,Within 30 ft of tidal wetland or eel grass
92165,Mudflat/Dry Pond Bottom Mapping Unit,Mudflat,0.3460721047634314,FALSE,TRUE,FALSE,,FALSE,Tidal_mudflat,Tidal_saline_matrix,25,FALSE,ASSIGNED,Within 30 ft of tidal wetland or eel grass
92166,Mudflat/Dry Pond Bottom Mapping Unit,Mudflat,0.021154269049948736,FALSE,TRUE,FALSE,,FALSE,Tidal_mudflat,Tidal_saline_matrix,25,FALSE,ASSIGNED,Within 30 ft of tidal wetland or eel grass
92167,Mudflat/Dry Pond Bottom Mapping Unit,Mudflat,0.16719406829464348,FALSE,FALSE,FALSE,,FALSE,UNRESOLVED_MUDFLAT_REVIEW,UNRESOLVED_REVIEW,,FALSE,REVIEW_REQUIRED,"No freshwater, tidal, or modeled-site spatial evidence"
92168,Mudflat/Dry Pond Bottom Mapping Unit,Mudflat,0.026166991179786506,FALSE,FALSE,FALSE,,FALSE,UNRESOLVED_MUDFLAT_REVIEW,UNRESOLVED_REVIEW,,FALSE,REVIEW_REQUIRED,"No freshwater, tidal, or modeled-site spatial evidence"
92169,Mudflat/Dry Pond Bottom Mapping Unit,Mudflat,0.943413553177351,FALSE,TRUE,FALSE,,FALSE,Tidal_mudflat,Tidal_saline_matrix,25,FALSE,ASSIGNED,Within 30 ft of tidal wetland or eel grass
92170,Mudflat/Dry Pond Bottom Mapping Unit,Mudflat,0.10077285906889157,FALSE,TRUE,FALSE,,FALSE,Tidal_mudflat,Tidal_saline_matrix,25,FALSE,ASSIGNED,Within 30 ft of tidal wetland or eel grass
92171,Mudflat/Dry Pond Bottom Mapping Unit,Mudflat,0.31099539644018076,FALSE,FALSE,FALSE,,FALSE,UNRESOLVED_MUDFLAT_REVIEW,UNRESOLVED_REVIEW,,FALSE,REVIEW_REQUIRED,"No freshwater, tidal, or modeled-site spatial evidence"
92172,Mudflat/Dry Pond Bottom Mapping Unit,Mudflat,0.031337919894438536,FALSE,FALSE,FALSE,,FALSE,UNRESOLVED_MUDFLAT_REVIEW,UNRESOLVED_REVIEW,,FALSE,REVIEW_REQUIRED,"No freshwater, tidal, or modeled-site spatial evidence"
92173,Mudflat/Dry Pond Bottom Mapping Unit,Mudflat,0.05022848628952683,FALSE,FALSE,FALSE,,FALSE,UNRESOLVED_MUDFLAT_REVIEW,UNRESOLVED_REVIEW,,FALSE,REVIEW_REQUIRED,"No freshwater, tidal, or modeled-site spatial evidence"
92174,Mudflat/Dry Pond Bottom Mapping Unit,Mudflat,0.017245439398606108,FALSE,FALSE,FALSE,,FALSE,UNRESOLVED_MUDFLAT_REVIEW,UNRESOLVED_REVIEW,,FALSE,REVIEW_REQUIRED,"No freshwater, tidal, or modeled-site spatial evidence"
92175,Mudflat/Dry Pond Bottom Mapping Unit,Mudflat,0.13613581052888485,FALSE,TRUE,FALSE,,FALSE,Tidal_mudflat,Tidal_saline_matrix,25,FALSE,ASSIGNED,Within 30 ft of tidal wetland or eel grass
92176,Mudflat/Dry Pond Bottom Mapping Unit,Mudflat,0.020060696634619228,FALSE,TRUE,FALSE,,FALSE,Tidal_mudflat,Tidal_saline_matrix,25,FALSE,ASSIGNED,Within 30 ft of tidal wetland or eel grass
92177,Mudflat/Dry Pond Bottom Mapping Unit,Mudflat,0.013565471734948634,FALSE,TRUE,FALSE,,FALSE,Tidal_mudflat,Tidal_saline_matrix,25,FALSE,ASSIGNED,Within 30 ft of tidal wetland or eel grass
92178,Mudflat/Dry Pond Bottom Mapping Unit,Mudflat,0.02204134442978452,FALSE,FALSE,FALSE,,FALSE,UNRESOLVED_MUDFLAT_REVIEW,UNRESOLVED_REVIEW,,FALSE,REVIEW_REQUIRED,"No freshwater, tidal, or modeled-site spatial evidence"
92179,Mudflat/Dry Pond Bottom Mapping Unit,Mudflat,0.20513323445091716,FALSE,FALSE,FALSE,,FALSE,UNRESOLVED_MUDFLAT_REVIEW,UNRESOLVED_REVIEW,,FALSE,REVIEW_REQUIRED,"No freshwater, tidal, or modeled-site spatial evidence"
92180,Mudflat/Dry Pond Bottom Mapping Unit,Mudflat,0.031585290650022683,FALSE,TRUE,FALSE,,FALSE,Tidal_mudflat,Tidal_saline_matrix,25,FALSE,ASSIGNED,Within 30 ft of tidal wetland or eel grass
92181,Mudflat/Dry Pond Bottom Mapping Unit,Mudflat,0.014847913852441929,FALSE,TRUE,FALSE,,FALSE,Tidal_mudflat,Tidal_saline_matrix,25,FALSE,ASSIGNED,Within 30 ft of tidal wetland or eel grass
92182,Mudflat/Dry Pond Bottom Mapping Unit,Mudflat,0.1225655121813924,FALSE,FALSE,FALSE,,FALSE,UNRESOLVED_MUDFLAT_REVIEW,UNRESOLVED_REVIEW,,FALSE,REVIEW_REQUIRED,"No freshwater, tidal, or modeled-site spatial evidence"
92183,Mudflat/Dry Pond Bottom Mapping Unit,Mudflat,0.17368119410466268,FALSE,FALSE,FALSE,,FALSE,UNRESOLVED_MUDFLAT_REVIEW,UNRESOLVED_REVIEW,,FALSE,REVIEW_REQUIRED,"No freshwater, tidal, or modeled-site spatial evidence"
92184,Mudflat/Dry Pond Bottom Mapping Unit,Mudflat,0.016880309699622953,FALSE,FALSE,FALSE,,FALSE,UNRESOLVED_MUDFLAT_REVIEW,UNRESOLVED_REVIEW,,FALSE,REVIEW_REQUIRED,"No freshwater, tidal, or modeled-site spatial evidence"
92185,Mudflat/Dry Pond Bottom Mapping Unit,Mudflat,0.049640012081291846,FALSE,TRUE,FALSE,,FALSE,Tidal_mudflat,Tidal_saline_matrix,25,FALSE,ASSIGNED,Within 30 ft of tidal wetland or eel grass
92186,Mudflat/Dry Pond Bottom Mapping Unit,Mudflat,0.2285070211858597,FALSE,TRUE,FALSE,,FALSE,Tidal_mudflat,Tidal_saline_matrix,25,FALSE,ASSIGNED,Within 30 ft of tidal wetland or eel grass
92187,Mudflat/Dry Pond Bottom Mapping Unit,Mudflat,0.01198574097671597,FALSE,FALSE,FALSE,,FALSE,UNRESOLVED_MUDFLAT_REVIEW,UNRESOLVED_REVIEW,,FALSE,REVIEW_REQUIRED,"No freshwater, tidal, or modeled-site spatial evidence"
92188,Mudflat/Dry Pond Bottom Mapping Unit,Mudflat,0.18301641039112287,FALSE,TRUE,FALSE,,FALSE,Tidal_mudflat,Tidal_saline_matrix,25,FALSE,ASSIGNED,Within 30 ft of tidal wetland or eel grass
92189,Mudflat/Dry Pond Bottom Mapping Unit,Mudflat,0.4668397682614072,FALSE,TRUE,FALSE,,FALSE,Tidal_mudflat,Tidal_saline_matrix,25,FALSE,ASSIGNED,Within 30 ft of tidal wetland or eel grass
92190,Mudflat/Dry Pond Bottom Mapping Unit,Mudflat,0.13145877350943408,FALSE,TRUE,FALSE,,FALSE,Tidal_mudflat,Tidal_saline_matrix,25,FALSE,ASSIGNED,Within 30 ft of tidal wetland or eel grass
92191,Mudflat/Dry Pond Bottom Mapping Unit,Mudflat,0.027071617623309844,FALSE,TRUE,FALSE,,FALSE,Tidal_mudflat,Tidal_saline_matrix,25,FALSE,ASSIGNED,Within 30 ft of tidal wetland or eel grass
92192,Mudflat/Dry Pond Bottom Mapping Unit,Mudflat,0.03121145934128705,FALSE,FALSE,FALSE,,FALSE,UNRESOLVED_MUDFLAT_REVIEW,UNRESOLVED_REVIEW,,FALSE,REVIEW_REQUIRED,"No freshwater, tidal, or modeled-site spatial evidence"
92193,Mudflat/Dry Pond Bottom Mapping Unit,Mudflat,0.029650608799875508,FALSE,FALSE,FALSE,,FALSE,UNRESOLVED_MUDFLAT_REVIEW,UNRESOLVED_REVIEW,,FALSE,REVIEW_REQUIRED,"No freshwater, tidal, or modeled-site spatial evidence"
92194,Mudflat/Dry Pond Bottom Mapping Unit,Mudflat,0.01712268726392651,FALSE,FALSE,FALSE,,FALSE,UNRESOLVED_MUDFLAT_REVIEW,UNRESOLVED_REVIEW,,FALSE,REVIEW_REQUIRED,"No freshwater, tidal, or modeled-site spatial evidence"
92195,Mudflat/Dry Pond Bottom Mapping Unit,Mudflat,0.13189125165256066,FALSE,TRUE,FALSE,,FALSE,Tidal_mudflat,Tidal_saline_matrix,25,FALSE,ASSIGNED,Within 30 ft of tidal wetland or eel grass
92196,Mudflat/Dry Pond Bottom Mapping Unit,Mudflat,0.030258675718781543,FALSE,TRUE,FALSE,,FALSE,Tidal_mudflat,Tidal_saline_matrix,25,FALSE,ASSIGNED,Within 30 ft of tidal wetland or eel grass
92197,Mudflat/Dry Pond Bottom Mapping Unit,Mudflat,1.2160589153414325,FALSE,TRUE,FALSE,,FALSE,Tidal_mudflat,Tidal_saline_matrix,25,FALSE,ASSIGNED,Within 30 ft of tidal wetland or eel grass
92198,Mudflat/Dry Pond Bottom Mapping Unit,Mudflat,0.024796953459862905,FALSE,FALSE,FALSE,,FALSE,UNRESOLVED_MUDFLAT_REVIEW,UNRESOLVED_REVIEW,,FALSE,REVIEW_REQUIRED,"No freshwater, tidal, or modeled-site spatial evidence"
92199,Mudflat/Dry Pond Bottom Mapping Unit,Mudflat,0.15117107543147335,FALSE,FALSE,FALSE,,FALSE,UNRESOLVED_MUDFLAT_REVIEW,UNRESOLVED_REVIEW,,FALSE,REVIEW_REQUIRED,"No freshwater, tidal, or modeled-site spatial evidence"
92200,Mudflat/Dry Pond Bottom Mapping Unit,Mudflat,0.01712951597717682,FALSE,FALSE,FALSE,,FALSE,UNRESOLVED_MUDFLAT_REVIEW,UNRESOLVED_REVIEW,,FALSE,REVIEW_REQUIRED,"No freshwater, tidal, or modeled-site spatial evidence"
92201,Mudflat/Dry Pond Bottom Mapping Unit,Mudflat,0.2421821287461421,FALSE,TRUE,FALSE,,FALSE,Tidal_mudflat,Tidal_saline_matrix,25,FALSE,ASSIGNED,Within 30 ft of tidal wetland or eel grass
92202,Mudflat/Dry Pond Bottom Mapping Unit,Mudflat,0.2656379328375134,FALSE,TRUE,FALSE,,FALSE,Tidal_mudflat,Tidal_saline_matrix,25,FALSE,ASSIGNED,Within 30 ft of tidal wetland or eel grass
92203,Mudflat/Dry Pond Bottom Mapping Unit,Mudflat,0.01816127999206574,FALSE,FALSE,FALSE,,FALSE,UNRESOLVED_MUDFLAT_REVIEW,UNRESOLVED_REVIEW,,FALSE,REVIEW_REQUIRED,"No freshwater, tidal, or modeled-site spatial evidence"
92204,Mudflat/Dry Pond Bottom Mapping Unit,Mudflat,0.012433513324592999,FALSE,TRUE,FALSE,,FALSE,Tidal_mudflat,Tidal_saline_matrix,25,FALSE,ASSIGNED,Within 30 ft of tidal wetland or eel grass
92205,Mudflat/Dry Pond Bottom Mapping Unit,Mudflat,0.016903227651540616,FALSE,FALSE,FALSE,,FALSE,UNRESOLVED_MUDFLAT_REVIEW,UNRESOLVED_REVIEW,,FALSE,REVIEW_REQUIRED,"No freshwater, tidal, or modeled-site spatial evidence"
92206,Mudflat/Dry Pond Bottom Mapping Unit,Mudflat,0.09535633048678271,FALSE,TRUE,FALSE,,FALSE,Tidal_mudflat,Tidal_saline_matrix,25,FALSE,ASSIGNED,Within 30 ft of tidal wetland or eel grass
92207,Mudflat/Dry Pond Bottom Mapping Unit,Mudflat,0.7203537976160124,FALSE,TRUE,FALSE,,FALSE,Tidal_mudflat,Tidal_saline_matrix,25,FALSE,ASSIGNED,Within 30 ft of tidal wetland or eel grass
92208,Mudflat/Dry Pond Bottom Mapping Unit,Mudflat,0.1376379940585779,FALSE,TRUE,FALSE,,FALSE,Tidal_mudflat,Tidal_saline_matrix,25,FALSE,ASSIGNED,Within 30 ft of tidal wetland or eel grass
92209,Mudflat/Dry Pond Bottom Mapping Unit,Mudflat,0.01042456382169955,FALSE,FALSE,FALSE,,FALSE,UNRESOLVED_MUDFLAT_REVIEW,UNRESOLVED_REVIEW,,FALSE,REVIEW_REQUIRED,"No freshwater, tidal, or modeled-site spatial evidence"
92210,Mudflat/Dry Pond Bottom Mapping Unit,Mudflat,0.014757277063746478,FALSE,FALSE,FALSE,,FALSE,UNRESOLVED_MUDFLAT_REVIEW,UNRESOLVED_REVIEW,,FALSE,REVIEW_REQUIRED,"No freshwater, tidal, or modeled-site spatial evidence"
92211,Mudflat/Dry Pond Bottom Mapping Unit,Mudflat,0.11587859822608307,FALSE,FALSE,FALSE,,FALSE,UNRESOLVED_MUDFLAT_REVIEW,UNRESOLVED_REVIEW,,FALSE,REVIEW_REQUIRED,"No freshwater, tidal, or modeled-site spatial evidence"
92212,Mudflat/Dry Pond Bottom Mapping Unit,Mudflat,0.06538043792570174,FALSE,TRUE,FALSE,,FALSE,Tidal_mudflat,Tidal_saline_matrix,25,FALSE,ASSIGNED,Within 30 ft of tidal wetland or eel grass
92213,Mudflat/Dry Pond Bottom Mapping Unit,Mudflat,0.052917286935831497,FALSE,FALSE,FALSE,,FALSE,UNRESOLVED_MUDFLAT_REVIEW,UNRESOLVED_REVIEW,,FALSE,REVIEW_REQUIRED,"No freshwater, tidal, or modeled-site spatial evidence"
92214,Mudflat/Dry Pond Bottom Mapping Unit,Mudflat,0.07324794325071023,FALSE,FALSE,FALSE,,FALSE,UNRESOLVED_MUDFLAT_REVIEW,UNRESOLVED_REVIEW,,FALSE,REVIEW_REQUIRED,"No freshwater, tidal, or modeled-site spatial evidence"
92215,Mudflat/Dry Pond Bottom Mapping Unit,Mudflat,0.017195020650377046,FALSE,TRUE,FALSE,,FALSE,Tidal_mudflat,Tidal_saline_matrix,25,FALSE,ASSIGNED,Within 30 ft of tidal wetland or eel grass
92216,Mudflat/Dry Pond Bottom Mapping Unit,Mudflat,0.011076574531786582,FALSE,FALSE,FALSE,,FALSE,UNRESOLVED_MUDFLAT_REVIEW,UNRESOLVED_REVIEW,,FALSE,REVIEW_REQUIRED,"No freshwater, tidal, or modeled-site spatial evidence"
92217,Mudflat/Dry Pond Bottom Mapping Unit,Mudflat,0.6856727341107663,FALSE,TRUE,FALSE,,FALSE,Tidal_mudflat,Tidal_saline_matrix,25,FALSE,ASSIGNED,Within 30 ft of tidal wetland or eel grass
92218,Mudflat/Dry Pond Bottom Mapping Unit,Mudflat,0.022911423285356086,FALSE,FALSE,FALSE,,FALSE,UNRESOLVED_MUDFLAT_REVIEW,UNRESOLVED_REVIEW,,FALSE,REVIEW_REQUIRED,"No freshwater, tidal, or modeled-site spatial evidence"
92219,Mudflat/Dry Pond Bottom Mapping Unit,Mudflat,0.02513654086593513,FALSE,FALSE,FALSE,,FALSE,UNRESOLVED_MUDFLAT_REVIEW,UNRESOLVED_REVIEW,,FALSE,REVIEW_REQUIRED,"No freshwater, tidal, or modeled-site spatial evidence"
92220,Mudflat/Dry Pond Bottom Mapping Unit,Mudflat,0.03452144527393708,FALSE,FALSE,FALSE,,FALSE,UNRESOLVED_MUDFLAT_REVIEW,UNRESOLVED_REVIEW,,FALSE,REVIEW_REQUIRED,"No freshwater, tidal, or modeled-site spatial evidence"
92221,Mudflat/Dry Pond Bottom Mapping Unit,Mudflat,0.0166803989117459,FALSE,FALSE,FALSE,,FALSE,UNRESOLVED_MUDFLAT_REVIEW,UNRESOLVED_REVIEW,,FALSE,REVIEW_REQUIRED,"No freshwater, tidal, or modeled-site spatial evidence"
92222,Mudflat/Dry Pond Bottom Mapping Unit,Mudflat,0.08126498171031911,FALSE,TRUE,FALSE,,FALSE,Tidal_mudflat,Tidal_saline_matrix,25,FALSE,ASSIGNED,Within 30 ft of tidal wetland or eel grass
92223,Mudflat/Dry Pond Bottom Mapping Unit,Mudflat,0.034578121609825485,FALSE,FALSE,FALSE,,FALSE,UNRESOLVED_MUDFLAT_REVIEW,UNRESOLVED_REVIEW,,FALSE,REVIEW_REQUIRED,"No freshwater, tidal, or modeled-site spatial evidence"
92224,Mudflat/Dry Pond Bottom Mapping Unit,Mudflat,0.012005483609647273,FALSE,FALSE,FALSE,,FALSE,UNRESOLVED_MUDFLAT_REVIEW,UNRESOLVED_REVIEW,,FALSE,REVIEW_REQUIRED,"No freshwater, tidal, or modeled-site spatial evidence"
92225,Mudflat/Dry Pond Bottom Mapping Unit,Mudflat,0.18856451351943931,FALSE,TRUE,FALSE,,FALSE,Tidal_mudflat,Tidal_saline_matrix,25,FALSE,ASSIGNED,Within 30 ft of tidal wetland or eel grass
92226,Mudflat/Dry Pond Bottom Mapping Unit,Mudflat,0.015554586663630864,FALSE,TRUE,FALSE,,FALSE,Tidal_mudflat,Tidal_saline_matrix,25,FALSE,ASSIGNED,Within 30 ft of tidal wetland or eel grass
92227,Mudflat/Dry Pond Bottom Mapping Unit,Mudflat,0.015132019583711824,FALSE,TRUE,FALSE,,FALSE,Tidal_mudflat,Tidal_saline_matrix,25,FALSE,ASSIGNED,Within 30 ft of tidal wetland or eel grass
92228,Mudflat/Dry Pond Bottom Mapping Unit,Mudflat,0.03226925186483972,FALSE,FALSE,FALSE,,FALSE,UNRESOLVED_MUDFLAT_REVIEW,UNRESOLVED_REVIEW,,FALSE,REVIEW_REQUIRED,"No freshwater, tidal, or modeled-site spatial evidence"
92229,Mudflat/Dry Pond Bottom Mapping Unit,Mudflat,0.07320789201672247,FALSE,TRUE,FALSE,,FALSE,Tidal_mudflat,Tidal_saline_matrix,25,FALSE,ASSIGNED,Within 30 ft of tidal wetland or eel grass
92230,Mudflat/Dry Pond Bottom Mapping Unit,Mudflat,0.018298253246646523,FALSE,FALSE,FALSE,,FALSE,UNRESOLVED_MUDFLAT_REVIEW,UNRESOLVED_REVIEW,,FALSE,REVIEW_REQUIRED,"No freshwater, tidal, or modeled-site spatial evidence"
92231,Mudflat/Dry Pond Bottom Mapping Unit,Mudflat,0.0480841014462148,FALSE,FALSE,FALSE,,FALSE,UNRESOLVED_MUDFLAT_REVIEW,UNRESOLVED_REVIEW,,FALSE,REVIEW_REQUIRED,"No freshwater, tidal, or modeled-site spatial evidence"
92232,Mudflat/Dry Pond Bottom Mapping Unit,Mudflat,0.03378440835195717,FALSE,FALSE,FALSE,,FALSE,UNRESOLVED_MUDFLAT_REVIEW,UNRESOLVED_REVIEW,,FALSE,REVIEW_REQUIRED,"No freshwater, tidal, or modeled-site spatial evidence"
92233,Mudflat/Dry Pond Bottom Mapping Unit,Mudflat,0.4232374187260748,FALSE,TRUE,FALSE,,FALSE,Tidal_mudflat,Tidal_saline_matrix,25,FALSE,ASSIGNED,Within 30 ft of tidal wetland or eel grass
92234,Mudflat/Dry Pond Bottom Mapping Unit,Mudflat,0.12638493680069282,FALSE,TRUE,FALSE,,FALSE,Tidal_mudflat,Tidal_saline_matrix,25,FALSE,ASSIGNED,Within 30 ft of tidal wetland or eel grass
92235,Mudflat/Dry Pond Bottom Mapping Unit,Mudflat,0.010625380813540882,FALSE,TRUE,FALSE,,FALSE,Tidal_mudflat,Tidal_saline_matrix,25,FALSE,ASSIGNED,Within 30 ft of tidal wetland or eel grass
92236,Mudflat/Dry Pond Bottom Mapping Unit,Mudflat,0.014872952260099928,FALSE,TRUE,FALSE,,FALSE,Tidal_mudflat,Tidal_saline_matrix,25,FALSE,ASSIGNED,Within 30 ft of tidal wetland or eel grass
92237,Mudflat/Dry Pond Bottom Mapping Unit,Mudflat,0.10334877818217732,FALSE,TRUE,FALSE,,FALSE,Tidal_mudflat,Tidal_saline_matrix,25,FALSE,ASSIGNED,Within 30 ft of tidal wetland or eel grass
92238,Mudflat/Dry Pond Bottom Mapping Unit,Mudflat,0.0457514420225234,FALSE,FALSE,FALSE,,FALSE,UNRESOLVED_MUDFLAT_REVIEW,UNRESOLVED_REVIEW,,FALSE,REVIEW_REQUIRED,"No freshwater, tidal, or modeled-site spatial evidence"
92239,Mudflat/Dry Pond Bottom Mapping Unit,Mudflat,0.9509240280667516,FALSE,TRUE,FALSE,,FALSE,Tidal_mudflat,Tidal_saline_matrix,25,FALSE,ASSIGNED,Within 30 ft of tidal wetland or eel grass
92240,Mudflat/Dry Pond Bottom Mapping Unit,Mudflat,0.03290539331138024,FALSE,FALSE,FALSE,,FALSE,UNRESOLVED_MUDFLAT_REVIEW,UNRESOLVED_REVIEW,,FALSE,REVIEW_REQUIRED,"No freshwater, tidal, or modeled-site spatial evidence"
92241,Mudflat/Dry Pond Bottom Mapping Unit,Mudflat,0.03341306940923884,FALSE,FALSE,FALSE,,FALSE,UNRESOLVED_MUDFLAT_REVIEW,UNRESOLVED_REVIEW,,FALSE,REVIEW_REQUIRED,"No freshwater, tidal, or modeled-site spatial evidence"
92242,Mudflat/Dry Pond Bottom Mapping Unit,Mudflat,0.17382493955500136,FALSE,TRUE,FALSE,,FALSE,Tidal_mudflat,Tidal_saline_matrix,25,FALSE,ASSIGNED,Within 30 ft of tidal wetland or eel grass
92243,Mudflat/Dry Pond Bottom Mapping Unit,Mudflat,0.00970482177346504,FALSE,TRUE,FALSE,,FALSE,Tidal_mudflat,Tidal_saline_matrix,25,FALSE,ASSIGNED,Within 30 ft of tidal wetland or eel grass
92244,Mudflat/Dry Pond Bottom Mapping Unit,Mudflat,0.010190514740508139,FALSE,FALSE,FALSE,,FALSE,UNRESOLVED_MUDFLAT_REVIEW,UNRESOLVED_REVIEW,,FALSE,REVIEW_REQUIRED,"No freshwater, tidal, or modeled-site spatial evidence"
92245,Mudflat/Dry Pond Bottom Mapping Unit,Mudflat,0.12462291592288739,FALSE,TRUE,FALSE,,FALSE,Tidal_mudflat,Tidal_saline_matrix,25,FALSE,ASSIGNED,Within 30 ft of tidal wetland or eel grass
92246,Mudflat/Dry Pond Bottom Mapping Unit,Mudflat,0.01996589200273709,FALSE,TRUE,FALSE,,FALSE,Tidal_mudflat,Tidal_saline_matrix,25,FALSE,ASSIGNED,Within 30 ft of tidal wetland or eel grass
92247,Mudflat/Dry Pond Bottom Mapping Unit,Mudflat,0.00982018936836259,FALSE,TRUE,FALSE,,FALSE,Tidal_mudflat,Tidal_saline_matrix,25,FALSE,ASSIGNED,Within 30 ft of tidal wetland or eel grass
92248,Mudflat/Dry Pond Bottom Mapping Unit,Mudflat,0.05875547255098943,FALSE,FALSE,FALSE,,FALSE,UNRESOLVED_MUDFLAT_REVIEW,UNRESOLVED_REVIEW,,FALSE,REVIEW_REQUIRED,"No freshwater, tidal, or modeled-site spatial evidence"
92249,Mudflat/Dry Pond Bottom Mapping Unit,Mudflat,0.1725584884071949,FALSE,FALSE,FALSE,,FALSE,UNRESOLVED_MUDFLAT_REVIEW,UNRESOLVED_REVIEW,,FALSE,REVIEW_REQUIRED,"No freshwater, tidal, or modeled-site spatial evidence"
92250,Mudflat/Dry Pond Bottom Mapping Unit,Mudflat,0.8585463086026017,FALSE,FALSE,FALSE,,FALSE,UNRESOLVED_MUDFLAT_REVIEW,UNRESOLVED_REVIEW,,FALSE,REVIEW_REQUIRED,"No freshwater, tidal, or modeled-site spatial evidence"
92251,Mudflat/Dry Pond Bottom Mapping Unit,Mudflat,0.030462813375998345,FALSE,TRUE,FALSE,,FALSE,Tidal_mudflat,Tidal_saline_matrix,25,FALSE,ASSIGNED,Within 30 ft of tidal wetland or eel grass
92252,Mudflat/Dry Pond Bottom Mapping Unit,Mudflat,0.7223568770521351,FALSE,TRUE,FALSE,,FALSE,Tidal_mudflat,Tidal_saline_matrix,25,FALSE,ASSIGNED,Within 30 ft of tidal wetland or eel grass
92253,Mudflat/Dry Pond Bottom Mapping Unit,Mudflat,0.025783478635607995,FALSE,TRUE,FALSE,,FALSE,Tidal_mudflat,Tidal_saline_matrix,25,FALSE,ASSIGNED,Within 30 ft of tidal wetland or eel grass
92254,Mudflat/Dry Pond Bottom Mapping Unit,Mudflat,1.1425108074879733,FALSE,TRUE,FALSE,,FALSE,Tidal_mudflat,Tidal_saline_matrix,25,FALSE,ASSIGNED,Within 30 ft of tidal wetland or eel grass
92255,Mudflat/Dry Pond Bottom Mapping Unit,Mudflat,0.33227762722740006,FALSE,TRUE,FALSE,,FALSE,Tidal_mudflat,Tidal_saline_matrix,25,FALSE,ASSIGNED,Within 30 ft of tidal wetland or eel grass
92256,Mudflat/Dry Pond Bottom Mapping Unit,Mudflat,0.015240998725275302,FALSE,TRUE,FALSE,,FALSE,Tidal_mudflat,Tidal_saline_matrix,25,FALSE,ASSIGNED,Within 30 ft of tidal wetland or eel grass
92257,Mudflat/Dry Pond Bottom Mapping Unit,Mudflat,0.07685703923078473,FALSE,TRUE,FALSE,,FALSE,Tidal_mudflat,Tidal_saline_matrix,25,FALSE,ASSIGNED,Within 30 ft of tidal wetland or eel grass
92258,Mudflat/Dry Pond Bottom Mapping Unit,Mudflat,0.036805998684552275,FALSE,FALSE,FALSE,,FALSE,UNRESOLVED_MUDFLAT_REVIEW,UNRESOLVED_REVIEW,,FALSE,REVIEW_REQUIRED,"No freshwater, tidal, or modeled-site spatial evidence"
92259,Mudflat/Dry Pond Bottom Mapping Unit,Mudflat,0.2534330593546718,FALSE,FALSE,FALSE,,FALSE,UNRESOLVED_MUDFLAT_REVIEW,UNRESOLVED_REVIEW,,FALSE,REVIEW_REQUIRED,"No freshwater, tidal, or modeled-site spatial evidence"
92260,Mudflat/Dry Pond Bottom Mapping Unit,Mudflat,0.5591404157697849,FALSE,TRUE,FALSE,,FALSE,Tidal_mudflat,Tidal_saline_matrix,25,FALSE,ASSIGNED,Within 30 ft of tidal wetland or eel grass
92261,Mudflat/Dry Pond Bottom Mapping Unit,Mudflat,0.017581272311481377,FALSE,TRUE,FALSE,,FALSE,Tidal_mudflat,Tidal_saline_matrix,25,FALSE,ASSIGNED,Within 30 ft of tidal wetland or eel grass
92262,Mudflat/Dry Pond Bottom Mapping Unit,Mudflat,0.09439356538837938,FALSE,TRUE,FALSE,,FALSE,Tidal_mudflat,Tidal_saline_matrix,25,FALSE,ASSIGNED,Within 30 ft of tidal wetland or eel grass
92263,Mudflat/Dry Pond Bottom Mapping Unit,Mudflat,0.013144029638401576,FALSE,FALSE,FALSE,,FALSE,UNRESOLVED_MUDFLAT_REVIEW,UNRESOLVED_REVIEW,,FALSE,REVIEW_REQUIRED,"No freshwater, tidal, or modeled-site spatial evidence"
92264,Mudflat/Dry Pond Bottom Mapping Unit,Mudflat,0.018783002819438042,FALSE,TRUE,FALSE,,FALSE,Tidal_mudflat,Tidal_saline_matrix,25,FALSE,ASSIGNED,Within 30 ft of tidal wetland or eel grass
92265,Mudflat/Dry Pond Bottom Mapping Unit,Mudflat,0.018312470329315225,FALSE,TRUE,FALSE,,FALSE,Tidal_mudflat,Tidal_saline_matrix,25,FALSE,ASSIGNED,Within 30 ft of tidal wetland or eel grass
92266,Mudflat/Dry Pond Bottom Mapping Unit,Mudflat,0.020696831328276814,FALSE,TRUE,FALSE,,FALSE,Tidal_mudflat,Tidal_saline_matrix,25,FALSE,ASSIGNED,Within 30 ft of tidal wetland or eel grass
92267,Mudflat/Dry Pond Bottom Mapping Unit,Mudflat,0.0795822865428277,FALSE,TRUE,FALSE,,FALSE,Tidal_mudflat,Tidal_saline_matrix,25,FALSE,ASSIGNED,Within 30 ft of tidal wetland or eel grass
92268,Mudflat/Dry Pond Bottom Mapping Unit,Mudflat,0.026037386156995836,FALSE,TRUE,FALSE,,FALSE,Tidal_mudflat,Tidal_saline_matrix,25,FALSE,ASSIGNED,Within 30 ft of tidal wetland or eel grass
92269,Mudflat/Dry Pond Bottom Mapping Unit,Mudflat,0.08436680689995582,FALSE,TRUE,FALSE,,FALSE,Tidal_mudflat,Tidal_saline_matrix,25,FALSE,ASSIGNED,Within 30 ft of tidal wetland or eel grass
92270,Mudflat/Dry Pond Bottom Mapping Unit,Mudflat,0.10242767323640163,FALSE,TRUE,FALSE,,FALSE,Tidal_mudflat,Tidal_saline_matrix,25,FALSE,ASSIGNED,Within 30 ft of tidal wetland or eel grass
92271,Mudflat/Dry Pond Bottom Mapping Unit,Mudflat,0.2573728408499909,FALSE,TRUE,FALSE,,FALSE,Tidal_mudflat,Tidal_saline_matrix,25,FALSE,ASSIGNED,Within 30 ft of tidal wetland or eel grass
92272,Mudflat/Dry Pond Bottom Mapping Unit,Mudflat,0.06863756984035846,FALSE,FALSE,FALSE,,FALSE,UNRESOLVED_MUDFLAT_REVIEW,UNRESOLVED_REVIEW,,FALSE,REVIEW_REQUIRED,"No freshwater, tidal, or modeled-site spatial evidence"
92273,Mudflat/Dry Pond Bottom Mapping Unit,Mudflat,0.18234006388318158,FALSE,FALSE,FALSE,,FALSE,UNRESOLVED_MUDFLAT_REVIEW,UNRESOLVED_REVIEW,,FALSE,REVIEW_REQUIRED,"No freshwater, tidal, or modeled-site spatial evidence"
92274,Mudflat/Dry Pond Bottom Mapping Unit,Mudflat,0.07826360721114944,FALSE,TRUE,FALSE,,FALSE,Tidal_mudflat,Tidal_saline_matrix,25,FALSE,ASSIGNED,Within 30 ft of tidal wetland or eel grass
92275,Mudflat/Dry Pond Bottom Mapping Unit,Mudflat,0.06794851721516507,FALSE,TRUE,FALSE,,FALSE,Tidal_mudflat,Tidal_saline_matrix,25,FALSE,ASSIGNED,Within 30 ft of tidal wetland or eel grass
92276,Mudflat/Dry Pond Bottom Mapping Unit,Mudflat,0.019519234339636846,FALSE,TRUE,FALSE,,FALSE,Tidal_mudflat,Tidal_saline_matrix,25,FALSE,ASSIGNED,Within 30 ft of tidal wetland or eel grass
92277,Mudflat/Dry Pond Bottom Mapping Unit,Mudflat,0.03810837708947749,FALSE,FALSE,FALSE,,FALSE,UNRESOLVED_MUDFLAT_REVIEW,UNRESOLVED_REVIEW,,FALSE,REVIEW_REQUIRED,"No freshwater, tidal, or modeled-site spatial evidence"
92278,Mudflat/Dry Pond Bottom Mapping Unit,Mudflat,0.0626447096788175,FALSE,FALSE,FALSE,,FALSE,UNRESOLVED_MUDFLAT_REVIEW,UNRESOLVED_REVIEW,,FALSE,REVIEW_REQUIRED,"No freshwater, tidal, or modeled-site spatial evidence"
92279,Mudflat/Dry Pond Bottom Mapping Unit,Mudflat,0.020983774705821263,FALSE,TRUE,FALSE,,FALSE,Tidal_mudflat,Tidal_saline_matrix,25,FALSE,ASSIGNED,Within 30 ft of tidal wetland or eel grass
92280,Mudflat/Dry Pond Bottom Mapping Unit,Mudflat,0.09382816954182295,FALSE,TRUE,FALSE,,FALSE,Tidal_mudflat,Tidal_saline_matrix,25,FALSE,ASSIGNED,Within 30 ft of tidal wetland or eel grass
92281,Mudflat/Dry Pond Bottom Mapping Unit,Mudflat,0.07703864550753249,FALSE,FALSE,FALSE,,FALSE,UNRESOLVED_MUDFLAT_REVIEW,UNRESOLVED_REVIEW,,FALSE,REVIEW_REQUIRED,"No freshwater, tidal, or modeled-site spatial evidence"
92282,Mudflat/Dry Pond Bottom Mapping Unit,Mudflat,0.028181764754159098,FALSE,TRUE,FALSE,,FALSE,Tidal_mudflat,Tidal_saline_matrix,25,FALSE,ASSIGNED,Within 30 ft of tidal wetland or eel grass
92283,Mudflat/Dry Pond Bottom Mapping Unit,Mudflat,0.030701044501975683,FALSE,FALSE,FALSE,,FALSE,UNRESOLVED_MUDFLAT_REVIEW,UNRESOLVED_REVIEW,,FALSE,REVIEW_REQUIRED,"No freshwater, tidal, or modeled-site spatial evidence"
92284,Mudflat/Dry Pond Bottom Mapping Unit,Mudflat,0.012437622549025102,FALSE,TRUE,FALSE,,FALSE,Tidal_mudflat,Tidal_saline_matrix,25,FALSE,ASSIGNED,Within 30 ft of tidal wetland or eel grass
92285,Mudflat/Dry Pond Bottom Mapping Unit,Mudflat,0.8574131543969542,FALSE,TRUE,FALSE,,FALSE,Tidal_mudflat,Tidal_saline_matrix,25,FALSE,ASSIGNED,Within 30 ft of tidal wetland or eel grass
92286,Mudflat/Dry Pond Bottom Mapping Unit,Mudflat,0.01934427869068291,FALSE,FALSE,FALSE,,FALSE,UNRESOLVED_MUDFLAT_REVIEW,UNRESOLVED_REVIEW,,FALSE,REVIEW_REQUIRED,"No freshwater, tidal, or modeled-site spatial evidence"
92287,Mudflat/Dry Pond Bottom Mapping Unit,Mudflat,0.7732164293839064,FALSE,TRUE,FALSE,,FALSE,Tidal_mudflat,Tidal_saline_matrix,25,FALSE,ASSIGNED,Within 30 ft of tidal wetland or eel grass
92288,Mudflat/Dry Pond Bottom Mapping Unit,Mudflat,0.030496752338603276,FALSE,TRUE,FALSE,,FALSE,Tidal_mudflat,Tidal_saline_matrix,25,FALSE,ASSIGNED,Within 30 ft of tidal wetland or eel grass
92289,Mudflat/Dry Pond Bottom Mapping Unit,Mudflat,0.18464756139585609,FALSE,TRUE,FALSE,,FALSE,Tidal_mudflat,Tidal_saline_matrix,25,FALSE,ASSIGNED,Within 30 ft of tidal wetland or eel grass
92290,Mudflat/Dry Pond Bottom Mapping Unit,Mudflat,0.3285108362427173,FALSE,FALSE,FALSE,,FALSE,UNRESOLVED_MUDFLAT_REVIEW,UNRESOLVED_REVIEW,,FALSE,REVIEW_REQUIRED,"No freshwater, tidal, or modeled-site spatial evidence"
92291,Mudflat/Dry Pond Bottom Mapping Unit,Mudflat,0.20797317892217868,FALSE,TRUE,FALSE,,FALSE,Tidal_mudflat,Tidal_saline_matrix,25,FALSE,ASSIGNED,Within 30 ft of tidal wetland or eel grass
92292,Mudflat/Dry Pond Bottom Mapping Unit,Mudflat,0.021475774693298876,FALSE,TRUE,FALSE,,FALSE,Tidal_mudflat,Tidal_saline_matrix,25,FALSE,ASSIGNED,Within 30 ft of tidal wetland or eel grass
92293,Mudflat/Dry Pond Bottom Mapping Unit,Mudflat,0.032562105288316344,FALSE,TRUE,FALSE,,FALSE,Tidal_mudflat,Tidal_saline_matrix,25,FALSE,ASSIGNED,Within 30 ft of tidal wetland or eel grass
92294,Mudflat/Dry Pond Bottom Mapping Unit,Mudflat,0.042250396421392014,FALSE,TRUE,FALSE,,FALSE,Tidal_mudflat,Tidal_saline_matrix,25,FALSE,ASSIGNED,Within 30 ft of tidal wetland or eel grass
92295,Mudflat/Dry Pond Bottom Mapping Unit,Mudflat,0.01790703934281494,FALSE,TRUE,FALSE,,FALSE,Tidal_mudflat,Tidal_saline_matrix,25,FALSE,ASSIGNED,Within 30 ft of tidal wetland or eel grass
92296,Mudflat/Dry Pond Bottom Mapping Unit,Mudflat,0.10520309785002388,FALSE,FALSE,FALSE,,FALSE,UNRESOLVED_MUDFLAT_REVIEW,UNRESOLVED_REVIEW,,FALSE,REVIEW_REQUIRED,"No freshwater, tidal, or modeled-site spatial evidence"
92297,Mudflat/Dry Pond Bottom Mapping Unit,Mudflat,2.0395720732328293,FALSE,TRUE,FALSE,,FALSE,Tidal_mudflat,Tidal_saline_matrix,25,FALSE,ASSIGNED,Within 30 ft of tidal wetland or eel grass
92298,Mudflat/Dry Pond Bottom Mapping Unit,Mudflat,0.017122343043255096,FALSE,FALSE,FALSE,,FALSE,UNRESOLVED_MUDFLAT_REVIEW,UNRESOLVED_REVIEW,,FALSE,REVIEW_REQUIRED,"No freshwater, tidal, or modeled-site spatial evidence"
92299,Mudflat/Dry Pond Bottom Mapping Unit,Mudflat,0.03682270875682833,FALSE,FALSE,FALSE,,FALSE,UNRESOLVED_MUDFLAT_REVIEW,UNRESOLVED_REVIEW,,FALSE,REVIEW_REQUIRED,"No freshwater, tidal, or modeled-site spatial evidence"
92300,Mudflat/Dry Pond Bottom Mapping Unit,Mudflat,0.015031745031029073,FALSE,FALSE,FALSE,,FALSE,UNRESOLVED_MUDFLAT_REVIEW,UNRESOLVED_REVIEW,,FALSE,REVIEW_REQUIRED,"No freshwater, tidal, or modeled-site spatial evidence"
92301,Mudflat/Dry Pond Bottom Mapping Unit,Mudflat,0.07384325097866977,FALSE,FALSE,FALSE,,FALSE,UNRESOLVED_MUDFLAT_REVIEW,UNRESOLVED_REVIEW,,FALSE,REVIEW_REQUIRED,"No freshwater, tidal, or modeled-site spatial evidence"
92302,Mudflat/Dry Pond Bottom Mapping Unit,Mudflat,0.03814624801519112,FALSE,FALSE,FALSE,,FALSE,UNRESOLVED_MUDFLAT_REVIEW,UNRESOLVED_REVIEW,,FALSE,REVIEW_REQUIRED,"No freshwater, tidal, or modeled-site spatial evidence"
92303,Mudflat/Dry Pond Bottom Mapping Unit,Mudflat,0.03551167046883392,FALSE,TRUE,FALSE,,FALSE,Tidal_mudflat,Tidal_saline_matrix,25,FALSE,ASSIGNED,Within 30 ft of tidal wetland or eel grass
92304,Mudflat/Dry Pond Bottom Mapping Unit,Mudflat,0.016343341394938028,FALSE,FALSE,FALSE,,FALSE,UNRESOLVED_MUDFLAT_REVIEW,UNRESOLVED_REVIEW,,FALSE,REVIEW_REQUIRED,"No freshwater, tidal, or modeled-site spatial evidence"
92305,Mudflat/Dry Pond Bottom Mapping Unit,Mudflat,0.3923675345130034,FALSE,FALSE,FALSE,,FALSE,UNRESOLVED_MUDFLAT_REVIEW,UNRESOLVED_REVIEW,,FALSE,REVIEW_REQUIRED,"No freshwater, tidal, or modeled-site spatial evidence"
92306,Mudflat/Dry Pond Bottom Mapping Unit,Mudflat,0.5807745576690917,FALSE,TRUE,FALSE,,FALSE,Tidal_mudflat,Tidal_saline_matrix,25,FALSE,ASSIGNED,Within 30 ft of tidal wetland or eel grass
92307,Mudflat/Dry Pond Bottom Mapping Unit,Mudflat,0.04166423105457491,FALSE,TRUE,FALSE,,FALSE,Tidal_mudflat,Tidal_saline_matrix,25,FALSE,ASSIGNED,Within 30 ft of tidal wetland or eel grass
92308,Mudflat/Dry Pond Bottom Mapping Unit,Mudflat,0.8057764547648547,FALSE,TRUE,FALSE,,FALSE,Tidal_mudflat,Tidal_saline_matrix,25,FALSE,ASSIGNED,Within 30 ft of tidal wetland or eel grass
92309,Mudflat/Dry Pond Bottom Mapping Unit,Mudflat,0.024125905367277566,FALSE,FALSE,FALSE,,FALSE,UNRESOLVED_MUDFLAT_REVIEW,UNRESOLVED_REVIEW,,FALSE,REVIEW_REQUIRED,"No freshwater, tidal, or modeled-site spatial evidence"
92310,Mudflat/Dry Pond Bottom Mapping Unit,Mudflat,0.051095446259434435,FALSE,TRUE,FALSE,,FALSE,Tidal_mudflat,Tidal_saline_matrix,25,FALSE,ASSIGNED,Within 30 ft of tidal wetland or eel grass
92311,Mudflat/Dry Pond Bottom Mapping Unit,Mudflat,0.2210803502472944,FALSE,TRUE,FALSE,,FALSE,Tidal_mudflat,Tidal_saline_matrix,25,FALSE,ASSIGNED,Within 30 ft of tidal wetland or eel grass
92312,Mudflat/Dry Pond Bottom Mapping Unit,Mudflat,0.0186368516349944,FALSE,TRUE,FALSE,,FALSE,Tidal_mudflat,Tidal_saline_matrix,25,FALSE,ASSIGNED,Within 30 ft of tidal wetland or eel grass
92313,Mudflat/Dry Pond Bottom Mapping Unit,Mudflat,0.013602111234833993,FALSE,TRUE,FALSE,,FALSE,Tidal_mudflat,Tidal_saline_matrix,25,FALSE,ASSIGNED,Within 30 ft of tidal wetland or eel grass
92314,Mudflat/Dry Pond Bottom Mapping Unit,Mudflat,0.030856981666925572,FALSE,TRUE,FALSE,,FALSE,Tidal_mudflat,Tidal_saline_matrix,25,FALSE,ASSIGNED,Within 30 ft of tidal wetland or eel grass
92315,Mudflat/Dry Pond Bottom Mapping Unit,Mudflat,0.2571054423710967,FALSE,TRUE,FALSE,,FALSE,Tidal_mudflat,Tidal_saline_matrix,25,FALSE,ASSIGNED,Within 30 ft of tidal wetland or eel grass
92316,Mudflat/Dry Pond Bottom Mapping Unit,Mudflat,0.21760673338565945,FALSE,TRUE,FALSE,,FALSE,Tidal_mudflat,Tidal_saline_matrix,25,FALSE,ASSIGNED,Within 30 ft of tidal wetland or eel grass
92317,Mudflat/Dry Pond Bottom Mapping Unit,Mudflat,0.3253463807223537,FALSE,TRUE,FALSE,,FALSE,Tidal_mudflat,Tidal_saline_matrix,25,FALSE,ASSIGNED,Within 30 ft of tidal wetland or eel grass
92318,Mudflat/Dry Pond Bottom Mapping Unit,Mudflat,0.06834258831108524,FALSE,TRUE,FALSE,,FALSE,Tidal_mudflat,Tidal_saline_matrix,25,FALSE,ASSIGNED,Within 30 ft of tidal wetland or eel grass
92319,Mudflat/Dry Pond Bottom Mapping Unit,Mudflat,0.19426030112536893,FALSE,TRUE,FALSE,,FALSE,Tidal_mudflat,Tidal_saline_matrix,25,FALSE,ASSIGNED,Within 30 ft of tidal wetland or eel grass
92320,Mudflat/Dry Pond Bottom Mapping Unit,Mudflat,0.5371786234739963,FALSE,TRUE,FALSE,,FALSE,Tidal_mudflat,Tidal_saline_matrix,25,FALSE,ASSIGNED,Within 30 ft of tidal wetland or eel grass
92321,Mudflat/Dry Pond Bottom Mapping Unit,Mudflat,0.13835067753100327,FALSE,TRUE,FALSE,,FALSE,Tidal_mudflat,Tidal_saline_matrix,25,FALSE,ASSIGNED,Within 30 ft of tidal wetland or eel grass
92322,Mudflat/Dry Pond Bottom Mapping Unit,Mudflat,0.009590332781903535,FALSE,TRUE,FALSE,,FALSE,Tidal_mudflat,Tidal_saline_matrix,25,FALSE,ASSIGNED,Within 30 ft of tidal wetland or eel grass
92323,Mudflat/Dry Pond Bottom Mapping Unit,Mudflat,0.026892842892908067,FALSE,TRUE,FALSE,,FALSE,Tidal_mudflat,Tidal_saline_matrix,25,FALSE,ASSIGNED,Within 30 ft of tidal wetland or eel grass
92324,Mudflat/Dry Pond Bottom Mapping Unit,Mudflat,0.00968591518961915,FALSE,TRUE,FALSE,,FALSE,Tidal_mudflat,Tidal_saline_matrix,25,FALSE,ASSIGNED,Within 30 ft of tidal wetland or eel grass
92325,Mudflat/Dry Pond Bottom Mapping Unit,Mudflat,0.08940140410303228,FALSE,TRUE,FALSE,,FALSE,Tidal_mudflat,Tidal_saline_matrix,25,FALSE,ASSIGNED,Within 30 ft of tidal wetland or eel grass
92326,Mudflat/Dry Pond Bottom Mapping Unit,Mudflat,0.07460951811456615,FALSE,TRUE,FALSE,,FALSE,Tidal_mudflat,Tidal_saline_matrix,25,FALSE,ASSIGNED,Within 30 ft of tidal wetland or eel grass
92327,Mudflat/Dry Pond Bottom Mapping Unit,Mudflat,0.6075610870966344,FALSE,TRUE,FALSE,,FALSE,Tidal_mudflat,Tidal_saline_matrix,25,FALSE,ASSIGNED,Within 30 ft of tidal wetland or eel grass
92328,Mudflat/Dry Pond Bottom Mapping Unit,Mudflat,1.7948391483125252,FALSE,TRUE,FALSE,,FALSE,Tidal_mudflat,Tidal_saline_matrix,25,FALSE,ASSIGNED,Within 30 ft of tidal wetland or eel grass
92329,Mudflat/Dry Pond Bottom Mapping Unit,Mudflat,0.019402810258794614,FALSE,TRUE,FALSE,,FALSE,Tidal_mudflat,Tidal_saline_matrix,25,FALSE,ASSIGNED,Within 30 ft of tidal wetland or eel grass
92330,Mudflat/Dry Pond Bottom Mapping Unit,Mudflat,0.03496763796076709,FALSE,TRUE,FALSE,,FALSE,Tidal_mudflat,Tidal_saline_matrix,25,FALSE,ASSIGNED,Within 30 ft of tidal wetland or eel grass
92331,Mudflat/Dry Pond Bottom Mapping Unit,Mudflat,0.16103762572304964,FALSE,TRUE,FALSE,,FALSE,Tidal_mudflat,Tidal_saline_matrix,25,FALSE,ASSIGNED,Within 30 ft of tidal wetland or eel grass
92332,Mudflat/Dry Pond Bottom Mapping Unit,Mudflat,0.02207536748606495,FALSE,TRUE,FALSE,,FALSE,Tidal_mudflat,Tidal_saline_matrix,25,FALSE,ASSIGNED,Within 30 ft of tidal wetland or eel grass
92333,Mudflat/Dry Pond Bottom Mapping Unit,Mudflat,0.028208076520238913,FALSE,TRUE,FALSE,,FALSE,Tidal_mudflat,Tidal_saline_matrix,25,FALSE,ASSIGNED,Within 30 ft of tidal wetland or eel grass
92334,Mudflat/Dry Pond Bottom Mapping Unit,Mudflat,0.10729543318378605,FALSE,TRUE,FALSE,,FALSE,Tidal_mudflat,Tidal_saline_matrix,25,FALSE,ASSIGNED,Within 30 ft of tidal wetland or eel grass
92335,Mudflat/Dry Pond Bottom Mapping Unit,Mudflat,0.061782515388244454,FALSE,TRUE,FALSE,,FALSE,Tidal_mudflat,Tidal_saline_matrix,25,FALSE,ASSIGNED,Within 30 ft of tidal wetland or eel grass
92336,Mudflat/Dry Pond Bottom Mapping Unit,Mudflat,0.03968274887087252,FALSE,TRUE,FALSE,,FALSE,Tidal_mudflat,Tidal_saline_matrix,25,FALSE,ASSIGNED,Within 30 ft of tidal wetland or eel grass
92337,Mudflat/Dry Pond Bottom Mapping Unit,Mudflat,0.05394959299865981,FALSE,TRUE,FALSE,,FALSE,Tidal_mudflat,Tidal_saline_matrix,25,FALSE,ASSIGNED,Within 30 ft of tidal wetland or eel grass
92338,Mudflat/Dry Pond Bottom Mapping Unit,Mudflat,0.02065288519560811,FALSE,TRUE,FALSE,,FALSE,Tidal_mudflat,Tidal_saline_matrix,25,FALSE,ASSIGNED,Within 30 ft of tidal wetland or eel grass
92339,Mudflat/Dry Pond Bottom Mapping Unit,Mudflat,0.017026917541427045,FALSE,FALSE,FALSE,,FALSE,UNRESOLVED_MUDFLAT_REVIEW,UNRESOLVED_REVIEW,,FALSE,REVIEW_REQUIRED,"No freshwater, tidal, or modeled-site spatial evidence"
92340,Mudflat/Dry Pond Bottom Mapping Unit,Mudflat,0.03720676346170011,FALSE,TRUE,FALSE,,FALSE,Tidal_mudflat,Tidal_saline_matrix,25,FALSE,ASSIGNED,Within 30 ft of tidal wetland or eel grass
92341,Mudflat/Dry Pond Bottom Mapping Unit,Mudflat,0.02777378013463647,FALSE,TRUE,FALSE,,FALSE,Tidal_mudflat,Tidal_saline_matrix,25,FALSE,ASSIGNED,Within 30 ft of tidal wetland or eel grass
92342,Mudflat/Dry Pond Bottom Mapping Unit,Mudflat,0.01748319145715729,FALSE,TRUE,FALSE,,FALSE,Tidal_mudflat,Tidal_saline_matrix,25,FALSE,ASSIGNED,Within 30 ft of tidal wetland or eel grass
92343,Mudflat/Dry Pond Bottom Mapping Unit,Mudflat,0.046034141334929134,FALSE,TRUE,FALSE,,FALSE,Tidal_mudflat,Tidal_saline_matrix,25,FALSE,ASSIGNED,Within 30 ft of tidal wetland or eel grass
92344,Mudflat/Dry Pond Bottom Mapping Unit,Mudflat,0.08663850422712593,FALSE,TRUE,FALSE,,FALSE,Tidal_mudflat,Tidal_saline_matrix,25,FALSE,ASSIGNED,Within 30 ft of tidal wetland or eel grass
92345,Mudflat/Dry Pond Bottom Mapping Unit,Mudflat,0.010181302438912541,FALSE,FALSE,FALSE,,FALSE,UNRESOLVED_MUDFLAT_REVIEW,UNRESOLVED_REVIEW,,FALSE,REVIEW_REQUIRED,"No freshwater, tidal, or modeled-site spatial evidence"
92346,Mudflat/Dry Pond Bottom Mapping Unit,Mudflat,0.0550500961950785,FALSE,TRUE,FALSE,,FALSE,Tidal_mudflat,Tidal_saline_matrix,25,FALSE,ASSIGNED,Within 30 ft of tidal wetland or eel grass
92347,Mudflat/Dry Pond Bottom Mapping Unit,Mudflat,0.01728607911168854,FALSE,TRUE,FALSE,,FALSE,Tidal_mudflat,Tidal_saline_matrix,25,FALSE,ASSIGNED,Within 30 ft of tidal wetland or eel grass
92348,Mudflat/Dry Pond Bottom Mapping Unit,Mudflat,0.015771279231312076,FALSE,TRUE,FALSE,,FALSE,Tidal_mudflat,Tidal_saline_matrix,25,FALSE,ASSIGNED,Within 30 ft of tidal wetland or eel grass
92349,Mudflat/Dry Pond Bottom Mapping Unit,Mudflat,0.06487903963520608,FALSE,TRUE,FALSE,,FALSE,Tidal_mudflat,Tidal_saline_matrix,25,FALSE,ASSIGNED,Within 30 ft of tidal wetland or eel grass
92350,Mudflat/Dry Pond Bottom Mapping Unit,Mudflat,0.5421149445076546,FALSE,TRUE,FALSE,,FALSE,Tidal_mudflat,Tidal_saline_matrix,25,FALSE,ASSIGNED,Within 30 ft of tidal wetland or eel grass
92351,Mudflat/Dry Pond Bottom Mapping Unit,Mudflat,0.34267466498654975,FALSE,TRUE,FALSE,,FALSE,Tidal_mudflat,Tidal_saline_matrix,25,FALSE,ASSIGNED,Within 30 ft of tidal wetland or eel grass
92352,Mudflat/Dry Pond Bottom Mapping Unit,Mudflat,0.14925767476225488,FALSE,TRUE,FALSE,,FALSE,Tidal_mudflat,Tidal_saline_matrix,25,FALSE,ASSIGNED,Within 30 ft of tidal wetland or eel grass
92353,Mudflat/Dry Pond Bottom Mapping Unit,Mudflat,0.02299769789735828,FALSE,TRUE,FALSE,,FALSE,Tidal_mudflat,Tidal_saline_matrix,25,FALSE,ASSIGNED,Within 30 ft of tidal wetland or eel grass
92354,Mudflat/Dry Pond Bottom Mapping Unit,Mudflat,0.027222845106644994,FALSE,TRUE,FALSE,,FALSE,Tidal_mudflat,Tidal_saline_matrix,25,FALSE,ASSIGNED,Within 30 ft of tidal wetland or eel grass
92355,Mudflat/Dry Pond Bottom Mapping Unit,Mudflat,0.31013256881177026,FALSE,TRUE,FALSE,,FALSE,Tidal_mudflat,Tidal_saline_matrix,25,FALSE,ASSIGNED,Within 30 ft of tidal wetland or eel grass
92356,Mudflat/Dry Pond Bottom Mapping Unit,Mudflat,1.6622193428372263,FALSE,TRUE,FALSE,,FALSE,Tidal_mudflat,Tidal_saline_matrix,25,FALSE,ASSIGNED,Within 30 ft of tidal wetland or eel grass
92357,Mudflat/Dry Pond Bottom Mapping Unit,Mudflat,0.5147530120593173,FALSE,TRUE,FALSE,,FALSE,Tidal_mudflat,Tidal_saline_matrix,25,FALSE,ASSIGNED,Within 30 ft of tidal wetland or eel grass
92358,Mudflat/Dry Pond Bottom Mapping Unit,Mudflat,0.1848247592301091,FALSE,TRUE,FALSE,,FALSE,Tidal_mudflat,Tidal_saline_matrix,25,FALSE,ASSIGNED,Within 30 ft of tidal wetland or eel grass
92359,Mudflat/Dry Pond Bottom Mapping Unit,Mudflat,0.025263743739744254,FALSE,TRUE,FALSE,,FALSE,Tidal_mudflat,Tidal_saline_matrix,25,FALSE,ASSIGNED,Within 30 ft of tidal wetland or eel grass
92360,Mudflat/Dry Pond Bottom Mapping Unit,Mudflat,0.049333343951173586,FALSE,TRUE,FALSE,,FALSE,Tidal_mudflat,Tidal_saline_matrix,25,FALSE,ASSIGNED,Within 30 ft of tidal wetland or eel grass
92361,Mudflat/Dry Pond Bottom Mapping Unit,Mudflat,0.040290529836329164,FALSE,TRUE,FALSE,,FALSE,Tidal_mudflat,Tidal_saline_matrix,25,FALSE,ASSIGNED,Within 30 ft of tidal wetland or eel grass
92362,Mudflat/Dry Pond Bottom Mapping Unit,Mudflat,0.10716470083808832,FALSE,TRUE,FALSE,,FALSE,Tidal_mudflat,Tidal_saline_matrix,25,FALSE,ASSIGNED,Within 30 ft of tidal wetland or eel grass
92363,Mudflat/Dry Pond Bottom Mapping Unit,Mudflat,0.06012703048855219,FALSE,TRUE,FALSE,,FALSE,Tidal_mudflat,Tidal_saline_matrix,25,FALSE,ASSIGNED,Within 30 ft of tidal wetland or eel grass
92364,Mudflat/Dry Pond Bottom Mapping Unit,Mudflat,18.16920731315792,FALSE,TRUE,FALSE,,FALSE,Tidal_mudflat,Tidal_saline_matrix,25,FALSE,ASSIGNED,Within 30 ft of tidal wetland or eel grass
92365,Mudflat/Dry Pond Bottom Mapping Unit,Mudflat,0.37477385273881675,FALSE,TRUE,FALSE,,FALSE,Tidal_mudflat,Tidal_saline_matrix,25,FALSE,ASSIGNED,Within 30 ft of tidal wetland or eel grass
92366,Mudflat/Dry Pond Bottom Mapping Unit,Mudflat,0.029260786770510923,FALSE,TRUE,FALSE,,FALSE,Tidal_mudflat,Tidal_saline_matrix,25,FALSE,ASSIGNED,Within 30 ft of tidal wetland or eel grass
92367,Mudflat/Dry Pond Bottom Mapping Unit,Mudflat,0.26959264891827606,FALSE,TRUE,FALSE,,FALSE,Tidal_mudflat,Tidal_saline_matrix,25,FALSE,ASSIGNED,Within 30 ft of tidal wetland or eel grass
92368,Mudflat/Dry Pond Bottom Mapping Unit,Mudflat,0.10314509425328972,FALSE,TRUE,FALSE,,FALSE,Tidal_mudflat,Tidal_saline_matrix,25,FALSE,ASSIGNED,Within 30 ft of tidal wetland or eel grass
92369,Mudflat/Dry Pond Bottom Mapping Unit,Mudflat,0.04252976385403504,FALSE,TRUE,FALSE,,FALSE,Tidal_mudflat,Tidal_saline_matrix,25,FALSE,ASSIGNED,Within 30 ft of tidal wetland or eel grass
92370,Mudflat/Dry Pond Bottom Mapping Unit,Mudflat,0.2638782701603906,FALSE,TRUE,FALSE,,FALSE,Tidal_mudflat,Tidal_saline_matrix,25,FALSE,ASSIGNED,Within 30 ft of tidal wetland or eel grass
92371,Mudflat/Dry Pond Bottom Mapping Unit,Mudflat,0.0696047218824065,FALSE,TRUE,FALSE,,FALSE,Tidal_mudflat,Tidal_saline_matrix,25,FALSE,ASSIGNED,Within 30 ft of tidal wetland or eel grass
92372,Mudflat/Dry Pond Bottom Mapping Unit,Mudflat,0.019498423078419078,FALSE,TRUE,FALSE,,FALSE,Tidal_mudflat,Tidal_saline_matrix,25,FALSE,ASSIGNED,Within 30 ft of tidal wetland or eel grass
92373,Mudflat/Dry Pond Bottom Mapping Unit,Mudflat,0.04893075182381352,FALSE,TRUE,FALSE,,FALSE,Tidal_mudflat,Tidal_saline_matrix,25,FALSE,ASSIGNED,Within 30 ft of tidal wetland or eel grass
92374,Mudflat/Dry Pond Bottom Mapping Unit,Mudflat,0.011258184622206811,FALSE,TRUE,FALSE,,FALSE,Tidal_mudflat,Tidal_saline_matrix,25,FALSE,ASSIGNED,Within 30 ft of tidal wetland or eel grass
92375,Mudflat/Dry Pond Bottom Mapping Unit,Mudflat,0.01658135230244739,FALSE,TRUE,FALSE,,FALSE,Tidal_mudflat,Tidal_saline_matrix,25,FALSE,ASSIGNED,Within 30 ft of tidal wetland or eel grass
92376,Mudflat/Dry Pond Bottom Mapping Unit,Mudflat,0.01424764113736043,FALSE,TRUE,FALSE,,FALSE,Tidal_mudflat,Tidal_saline_matrix,25,FALSE,ASSIGNED,Within 30 ft of tidal wetland or eel grass
92377,Mudflat/Dry Pond Bottom Mapping Unit,Mudflat,0.647039851786613,FALSE,TRUE,FALSE,,FALSE,Tidal_mudflat,Tidal_saline_matrix,25,FALSE,ASSIGNED,Within 30 ft of tidal wetland or eel grass
92378,Mudflat/Dry Pond Bottom Mapping Unit,Mudflat,0.0417669085765725,FALSE,TRUE,FALSE,,FALSE,Tidal_mudflat,Tidal_saline_matrix,25,FALSE,ASSIGNED,Within 30 ft of tidal wetland or eel grass
92379,Mudflat/Dry Pond Bottom Mapping Unit,Mudflat,0.0359016123439251,FALSE,TRUE,FALSE,,FALSE,Tidal_mudflat,Tidal_saline_matrix,25,FALSE,ASSIGNED,Within 30 ft of tidal wetland or eel grass
92380,Mudflat/Dry Pond Bottom Mapping Unit,Mudflat,0.011882256330466492,FALSE,TRUE,FALSE,,FALSE,Tidal_mudflat,Tidal_saline_matrix,25,FALSE,ASSIGNED,Within 30 ft of tidal wetland or eel grass
92381,Mudflat/Dry Pond Bottom Mapping Unit,Mudflat,0.04389377193170511,FALSE,FALSE,FALSE,,FALSE,UNRESOLVED_MUDFLAT_REVIEW,UNRESOLVED_REVIEW,,FALSE,REVIEW_REQUIRED,"No freshwater, tidal, or modeled-site spatial evidence"
92382,Mudflat/Dry Pond Bottom Mapping Unit,Mudflat,0.03884367727454702,FALSE,TRUE,FALSE,,FALSE,Tidal_mudflat,Tidal_saline_matrix,25,FALSE,ASSIGNED,Within 30 ft of tidal wetland or eel grass
92383,Mudflat/Dry Pond Bottom Mapping Unit,Mudflat,0.014374695150666276,FALSE,TRUE,FALSE,,FALSE,Tidal_mudflat,Tidal_saline_matrix,25,FALSE,ASSIGNED,Within 30 ft of tidal wetland or eel grass
92384,Mudflat/Dry Pond Bottom Mapping Unit,Mudflat,0.9053068355499846,FALSE,TRUE,FALSE,,FALSE,Tidal_mudflat,Tidal_saline_matrix,25,FALSE,ASSIGNED,Within 30 ft of tidal wetland or eel grass
92385,Mudflat/Dry Pond Bottom Mapping Unit,Mudflat,0.011816776768263539,FALSE,TRUE,FALSE,,FALSE,Tidal_mudflat,Tidal_saline_matrix,25,FALSE,ASSIGNED,Within 30 ft of tidal wetland or eel grass
92386,Mudflat/Dry Pond Bottom Mapping Unit,Mudflat,0.009776672922310365,FALSE,TRUE,FALSE,,FALSE,Tidal_mudflat,Tidal_saline_matrix,25,FALSE,ASSIGNED,Within 30 ft of tidal wetland or eel grass
92387,Mudflat/Dry Pond Bottom Mapping Unit,Mudflat,0.07342594725617187,FALSE,TRUE,FALSE,,FALSE,Tidal_mudflat,Tidal_saline_matrix,25,FALSE,ASSIGNED,Within 30 ft of tidal wetland or eel grass
92388,Mudflat/Dry Pond Bottom Mapping Unit,Mudflat,0.03718129321568665,FALSE,TRUE,FALSE,,FALSE,Tidal_mudflat,Tidal_saline_matrix,25,FALSE,ASSIGNED,Within 30 ft of tidal wetland or eel grass
92389,Mudflat/Dry Pond Bottom Mapping Unit,Mudflat,0.015361117582014097,FALSE,TRUE,FALSE,,FALSE,Tidal_mudflat,Tidal_saline_matrix,25,FALSE,ASSIGNED,Within 30 ft of tidal wetland or eel grass
92390,Mudflat/Dry Pond Bottom Mapping Unit,Mudflat,0.42094980831292933,FALSE,TRUE,FALSE,,FALSE,Tidal_mudflat,Tidal_saline_matrix,25,FALSE,ASSIGNED,Within 30 ft of tidal wetland or eel grass
92391,Mudflat/Dry Pond Bottom Mapping Unit,Mudflat,0.08366108448425363,FALSE,TRUE,FALSE,,FALSE,Tidal_mudflat,Tidal_saline_matrix,25,FALSE,ASSIGNED,Within 30 ft of tidal wetland or eel grass
92392,Mudflat/Dry Pond Bottom Mapping Unit,Mudflat,0.011337511806573426,FALSE,FALSE,FALSE,,FALSE,UNRESOLVED_MUDFLAT_REVIEW,UNRESOLVED_REVIEW,,FALSE,REVIEW_REQUIRED,"No freshwater, tidal, or modeled-site spatial evidence"
92393,Mudflat/Dry Pond Bottom Mapping Unit,Mudflat,0.04348811052172519,FALSE,TRUE,FALSE,,FALSE,Tidal_mudflat,Tidal_saline_matrix,25,FALSE,ASSIGNED,Within 30 ft of tidal wetland or eel grass
92394,Mudflat/Dry Pond Bottom Mapping Unit,Mudflat,0.09632155246834109,FALSE,TRUE,FALSE,,FALSE,Tidal_mudflat,Tidal_saline_matrix,25,FALSE,ASSIGNED,Within 30 ft of tidal wetland or eel grass
92395,Mudflat/Dry Pond Bottom Mapping Unit,Mudflat,0.0580989629888817,FALSE,TRUE,FALSE,,FALSE,Tidal_mudflat,Tidal_saline_matrix,25,FALSE,ASSIGNED,Within 30 ft of tidal wetland or eel grass
92396,Mudflat/Dry Pond Bottom Mapping Unit,Mudflat,0.19926600801498168,FALSE,TRUE,FALSE,,FALSE,Tidal_mudflat,Tidal_saline_matrix,25,FALSE,ASSIGNED,Within 30 ft of tidal wetland or eel grass
92397,Mudflat/Dry Pond Bottom Mapping Unit,Mudflat,0.03372808837044717,FALSE,TRUE,FALSE,,FALSE,Tidal_mudflat,Tidal_saline_matrix,25,FALSE,ASSIGNED,Within 30 ft of tidal wetland or eel grass
92398,Mudflat/Dry Pond Bottom Mapping Unit,Mudflat,0.0297354684268795,FALSE,TRUE,FALSE,,FALSE,Tidal_mudflat,Tidal_saline_matrix,25,FALSE,ASSIGNED,Within 30 ft of tidal wetland or eel grass
92399,Mudflat/Dry Pond Bottom Mapping Unit,Mudflat,0.49924023440804244,FALSE,TRUE,FALSE,,FALSE,Tidal_mudflat,Tidal_saline_matrix,25,FALSE,ASSIGNED,Within 30 ft of tidal wetland or eel grass
92400,Mudflat/Dry Pond Bottom Mapping Unit,Mudflat,0.7039035693285172,FALSE,TRUE,FALSE,,FALSE,Tidal_mudflat,Tidal_saline_matrix,25,FALSE,ASSIGNED,Within 30 ft of tidal wetland or eel grass
92401,Mudflat/Dry Pond Bottom Mapping Unit,Mudflat,0.08798996391477762,FALSE,TRUE,FALSE,,FALSE,Tidal_mudflat,Tidal_saline_matrix,25,FALSE,ASSIGNED,Within 30 ft of tidal wetland or eel grass
92402,Mudflat/Dry Pond Bottom Mapping Unit,Mudflat,0.04125296496093311,FALSE,TRUE,FALSE,,FALSE,Tidal_mudflat,Tidal_saline_matrix,25,FALSE,ASSIGNED,Within 30 ft of tidal wetland or eel grass
92403,Mudflat/Dry Pond Bottom Mapping Unit,Mudflat,0.3736445983384915,FALSE,TRUE,FALSE,,FALSE,Tidal_mudflat,Tidal_saline_matrix,25,FALSE,ASSIGNED,Within 30 ft of tidal wetland or eel grass
92404,Mudflat/Dry Pond Bottom Mapping Unit,Mudflat,0.01620514900557843,FALSE,TRUE,FALSE,,FALSE,Tidal_mudflat,Tidal_saline_matrix,25,FALSE,ASSIGNED,Within 30 ft of tidal wetland or eel grass
92405,Mudflat/Dry Pond Bottom Mapping Unit,Mudflat,0.3306104095449366,FALSE,TRUE,FALSE,,FALSE,Tidal_mudflat,Tidal_saline_matrix,25,FALSE,ASSIGNED,Within 30 ft of tidal wetland or eel grass
92406,Mudflat/Dry Pond Bottom Mapping Unit,Mudflat,0.3222553962709695,FALSE,TRUE,FALSE,,FALSE,Tidal_mudflat,Tidal_saline_matrix,25,FALSE,ASSIGNED,Within 30 ft of tidal wetland or eel grass
92407,Mudflat/Dry Pond Bottom Mapping Unit,Mudflat,0.03379608897233995,FALSE,TRUE,FALSE,,FALSE,Tidal_mudflat,Tidal_saline_matrix,25,FALSE,ASSIGNED,Within 30 ft of tidal wetland or eel grass
92408,Mudflat/Dry Pond Bottom Mapping Unit,Mudflat,0.11724588388776157,FALSE,TRUE,FALSE,,FALSE,Tidal_mudflat,Tidal_saline_matrix,25,FALSE,ASSIGNED,Within 30 ft of tidal wetland or eel grass
92409,Mudflat/Dry Pond Bottom Mapping Unit,Mudflat,0.17255507463742484,FALSE,FALSE,FALSE,,FALSE,UNRESOLVED_MUDFLAT_REVIEW,UNRESOLVED_REVIEW,,FALSE,REVIEW_REQUIRED,"No freshwater, tidal, or modeled-site spatial evidence"
92410,Mudflat/Dry Pond Bottom Mapping Unit,Mudflat,0.15498763087164208,FALSE,TRUE,FALSE,,FALSE,Tidal_mudflat,Tidal_saline_matrix,25,FALSE,ASSIGNED,Within 30 ft of tidal wetland or eel grass
92411,Mudflat/Dry Pond Bottom Mapping Unit,Mudflat,0.6902946712296705,FALSE,FALSE,FALSE,,FALSE,UNRESOLVED_MUDFLAT_REVIEW,UNRESOLVED_REVIEW,,FALSE,REVIEW_REQUIRED,"No freshwater, tidal, or modeled-site spatial evidence"
92412,Mudflat/Dry Pond Bottom Mapping Unit,Mudflat,0.011445369083459323,FALSE,TRUE,FALSE,,FALSE,Tidal_mudflat,Tidal_saline_matrix,25,FALSE,ASSIGNED,Within 30 ft of tidal wetland or eel grass
92413,Mudflat/Dry Pond Bottom Mapping Unit,Mudflat,0.023753711968706993,FALSE,TRUE,FALSE,,FALSE,Tidal_mudflat,Tidal_saline_matrix,25,FALSE,ASSIGNED,Within 30 ft of tidal wetland or eel grass
92414,Mudflat/Dry Pond Bottom Mapping Unit,Mudflat,0.4114801221792306,FALSE,TRUE,FALSE,,FALSE,Tidal_mudflat,Tidal_saline_matrix,25,FALSE,ASSIGNED,Within 30 ft of tidal wetland or eel grass
92415,Mudflat/Dry Pond Bottom Mapping Unit,Mudflat,0.033047595908880095,FALSE,TRUE,FALSE,,FALSE,Tidal_mudflat,Tidal_saline_matrix,25,FALSE,ASSIGNED,Within 30 ft of tidal wetland or eel grass
92416,Mudflat/Dry Pond Bottom Mapping Unit,Mudflat,0.13459534413867025,FALSE,TRUE,FALSE,,FALSE,Tidal_mudflat,Tidal_saline_matrix,25,FALSE,ASSIGNED,Within 30 ft of tidal wetland or eel grass
92417,Mudflat/Dry Pond Bottom Mapping Unit,Mudflat,0.029425113367096162,FALSE,TRUE,FALSE,,FALSE,Tidal_mudflat,Tidal_saline_matrix,25,FALSE,ASSIGNED,Within 30 ft of tidal wetland or eel grass
92418,Mudflat/Dry Pond Bottom Mapping Unit,Mudflat,0.2602562267976823,FALSE,TRUE,FALSE,,FALSE,Tidal_mudflat,Tidal_saline_matrix,25,FALSE,ASSIGNED,Within 30 ft of tidal wetland or eel grass
92419,Mudflat/Dry Pond Bottom Mapping Unit,Mudflat,0.022726261687174596,FALSE,TRUE,FALSE,,FALSE,Tidal_mudflat,Tidal_saline_matrix,25,FALSE,ASSIGNED,Within 30 ft of tidal wetland or eel grass
92420,Mudflat/Dry Pond Bottom Mapping Unit,Mudflat,0.056772531541220216,FALSE,FALSE,FALSE,,FALSE,UNRESOLVED_MUDFLAT_REVIEW,UNRESOLVED_REVIEW,,FALSE,REVIEW_REQUIRED,"No freshwater, tidal, or modeled-site spatial evidence"
92421,Mudflat/Dry Pond Bottom Mapping Unit,Mudflat,0.039726724386374514,FALSE,FALSE,FALSE,,FALSE,UNRESOLVED_MUDFLAT_REVIEW,UNRESOLVED_REVIEW,,FALSE,REVIEW_REQUIRED,"No freshwater, tidal, or modeled-site spatial evidence"
92422,Mudflat/Dry Pond Bottom Mapping Unit,Mudflat,0.013010843331419764,FALSE,TRUE,FALSE,,FALSE,Tidal_mudflat,Tidal_saline_matrix,25,FALSE,ASSIGNED,Within 30 ft of tidal wetland or eel grass
92423,Mudflat/Dry Pond Bottom Mapping Unit,Mudflat,0.011848415055151768,FALSE,TRUE,FALSE,,FALSE,Tidal_mudflat,Tidal_saline_matrix,25,FALSE,ASSIGNED,Within 30 ft of tidal wetland or eel grass
92424,Mudflat/Dry Pond Bottom Mapping Unit,Mudflat,0.024655642901591383,FALSE,TRUE,FALSE,,FALSE,Tidal_mudflat,Tidal_saline_matrix,25,FALSE,ASSIGNED,Within 30 ft of tidal wetland or eel grass
92425,Mudflat/Dry Pond Bottom Mapping Unit,Mudflat,0.3064704783319069,FALSE,TRUE,FALSE,,FALSE,Tidal_mudflat,Tidal_saline_matrix,25,FALSE,ASSIGNED,Within 30 ft of tidal wetland or eel grass
92426,Mudflat/Dry Pond Bottom Mapping Unit,Mudflat,1.2662099068012698,FALSE,TRUE,FALSE,,FALSE,Tidal_mudflat,Tidal_saline_matrix,25,FALSE,ASSIGNED,Within 30 ft of tidal wetland or eel grass
92427,Mudflat/Dry Pond Bottom Mapping Unit,Mudflat,0.011946122171492383,FALSE,TRUE,FALSE,,FALSE,Tidal_mudflat,Tidal_saline_matrix,25,FALSE,ASSIGNED,Within 30 ft of tidal wetland or eel grass
92428,Mudflat/Dry Pond Bottom Mapping Unit,Mudflat,0.03097374084951034,FALSE,TRUE,FALSE,,FALSE,Tidal_mudflat,Tidal_saline_matrix,25,FALSE,ASSIGNED,Within 30 ft of tidal wetland or eel grass
92429,Mudflat/Dry Pond Bottom Mapping Unit,Mudflat,3.430466037518716,FALSE,TRUE,FALSE,,FALSE,Tidal_mudflat,Tidal_saline_matrix,25,FALSE,ASSIGNED,Within 30 ft of tidal wetland or eel grass
92430,Mudflat/Dry Pond Bottom Mapping Unit,Mudflat,0.03144515612793403,FALSE,TRUE,FALSE,,FALSE,Tidal_mudflat,Tidal_saline_matrix,25,FALSE,ASSIGNED,Within 30 ft of tidal wetland or eel grass
92431,Mudflat/Dry Pond Bottom Mapping Unit,Mudflat,0.016338156798461553,FALSE,TRUE,FALSE,,FALSE,Tidal_mudflat,Tidal_saline_matrix,25,FALSE,ASSIGNED,Within 30 ft of tidal wetland or eel grass
92432,Mudflat/Dry Pond Bottom Mapping Unit,Mudflat,0.01397244013315494,FALSE,TRUE,FALSE,,FALSE,Tidal_mudflat,Tidal_saline_matrix,25,FALSE,ASSIGNED,Within 30 ft of tidal wetland or eel grass
92433,Mudflat/Dry Pond Bottom Mapping Unit,Mudflat,0.11144206098441663,FALSE,TRUE,FALSE,,FALSE,Tidal_mudflat,Tidal_saline_matrix,25,FALSE,ASSIGNED,Within 30 ft of tidal wetland or eel grass
92434,Mudflat/Dry Pond Bottom Mapping Unit,Mudflat,0.014673450821277037,FALSE,TRUE,FALSE,,FALSE,Tidal_mudflat,Tidal_saline_matrix,25,FALSE,ASSIGNED,Within 30 ft of tidal wetland or eel grass
92435,Mudflat/Dry Pond Bottom Mapping Unit,Mudflat,0.03849949417839339,FALSE,TRUE,FALSE,,FALSE,Tidal_mudflat,Tidal_saline_matrix,25,FALSE,ASSIGNED,Within 30 ft of tidal wetland or eel grass
92436,Mudflat/Dry Pond Bottom Mapping Unit,Mudflat,0.0268656039573605,FALSE,FALSE,FALSE,,FALSE,UNRESOLVED_MUDFLAT_REVIEW,UNRESOLVED_REVIEW,,FALSE,REVIEW_REQUIRED,"No freshwater, tidal, or modeled-site spatial evidence"
92437,Mudflat/Dry Pond Bottom Mapping Unit,Mudflat,0.014320921802401939,FALSE,TRUE,FALSE,,FALSE,Tidal_mudflat,Tidal_saline_matrix,25,FALSE,ASSIGNED,Within 30 ft of tidal wetland or eel grass
92438,Mudflat/Dry Pond Bottom Mapping Unit,Mudflat,0.865555472771827,FALSE,TRUE,FALSE,,FALSE,Tidal_mudflat,Tidal_saline_matrix,25,FALSE,ASSIGNED,Within 30 ft of tidal wetland or eel grass
92439,Mudflat/Dry Pond Bottom Mapping Unit,Mudflat,0.05022408098599016,FALSE,TRUE,FALSE,,FALSE,Tidal_mudflat,Tidal_saline_matrix,25,FALSE,ASSIGNED,Within 30 ft of tidal wetland or eel grass
92440,Mudflat/Dry Pond Bottom Mapping Unit,Mudflat,0.023993476078592813,FALSE,FALSE,FALSE,,FALSE,UNRESOLVED_MUDFLAT_REVIEW,UNRESOLVED_REVIEW,,FALSE,REVIEW_REQUIRED,"No freshwater, tidal, or modeled-site spatial evidence"
92441,Mudflat/Dry Pond Bottom Mapping Unit,Mudflat,0.187539401728666,FALSE,FALSE,FALSE,,FALSE,UNRESOLVED_MUDFLAT_REVIEW,UNRESOLVED_REVIEW,,FALSE,REVIEW_REQUIRED,"No freshwater, tidal, or modeled-site spatial evidence"
92442,Mudflat/Dry Pond Bottom Mapping Unit,Mudflat,0.015373039692856983,FALSE,FALSE,FALSE,,FALSE,UNRESOLVED_MUDFLAT_REVIEW,UNRESOLVED_REVIEW,,FALSE,REVIEW_REQUIRED,"No freshwater, tidal, or modeled-site spatial evidence"
92443,Mudflat/Dry Pond Bottom Mapping Unit,Mudflat,0.1290365185493786,FALSE,TRUE,FALSE,,FALSE,Tidal_mudflat,Tidal_saline_matrix,25,FALSE,ASSIGNED,Within 30 ft of tidal wetland or eel grass
92444,Mudflat/Dry Pond Bottom Mapping Unit,Mudflat,0.010971389027729274,FALSE,TRUE,FALSE,,FALSE,Tidal_mudflat,Tidal_saline_matrix,25,FALSE,ASSIGNED,Within 30 ft of tidal wetland or eel grass
92445,Mudflat/Dry Pond Bottom Mapping Unit,Mudflat,0.012673677153900567,FALSE,FALSE,FALSE,,FALSE,UNRESOLVED_MUDFLAT_REVIEW,UNRESOLVED_REVIEW,,FALSE,REVIEW_REQUIRED,"No freshwater, tidal, or modeled-site spatial evidence"
92446,Mudflat/Dry Pond Bottom Mapping Unit,Mudflat,0.044228866368513406,FALSE,FALSE,FALSE,,FALSE,UNRESOLVED_MUDFLAT_REVIEW,UNRESOLVED_REVIEW,,FALSE,REVIEW_REQUIRED,"No freshwater, tidal, or modeled-site spatial evidence"
92447,Mudflat/Dry Pond Bottom Mapping Unit,Mudflat,0.01866547868860515,FALSE,FALSE,FALSE,,FALSE,UNRESOLVED_MUDFLAT_REVIEW,UNRESOLVED_REVIEW,,FALSE,REVIEW_REQUIRED,"No freshwater, tidal, or modeled-site spatial evidence"
92448,Mudflat/Dry Pond Bottom Mapping Unit,Mudflat,0.03437345783026714,FALSE,TRUE,FALSE,,FALSE,Tidal_mudflat,Tidal_saline_matrix,25,FALSE,ASSIGNED,Within 30 ft of tidal wetland or eel grass
92449,Mudflat/Dry Pond Bottom Mapping Unit,Mudflat,1.080758339443516,FALSE,TRUE,FALSE,,FALSE,Tidal_mudflat,Tidal_saline_matrix,25,FALSE,ASSIGNED,Within 30 ft of tidal wetland or eel grass
92450,Mudflat/Dry Pond Bottom Mapping Unit,Mudflat,0.01847038264107698,FALSE,FALSE,FALSE,,FALSE,UNRESOLVED_MUDFLAT_REVIEW,UNRESOLVED_REVIEW,,FALSE,REVIEW_REQUIRED,"No freshwater, tidal, or modeled-site spatial evidence"
92451,Mudflat/Dry Pond Bottom Mapping Unit,Mudflat,0.013637914481038179,FALSE,FALSE,FALSE,,FALSE,UNRESOLVED_MUDFLAT_REVIEW,UNRESOLVED_REVIEW,,FALSE,REVIEW_REQUIRED,"No freshwater, tidal, or modeled-site spatial evidence"
92452,Mudflat/Dry Pond Bottom Mapping Unit,Mudflat,0.03949525073353354,FALSE,FALSE,FALSE,,FALSE,UNRESOLVED_MUDFLAT_REVIEW,UNRESOLVED_REVIEW,,FALSE,REVIEW_REQUIRED,"No freshwater, tidal, or modeled-site spatial evidence"
92453,Mudflat/Dry Pond Bottom Mapping Unit,Mudflat,0.013969148063251108,FALSE,FALSE,FALSE,,FALSE,UNRESOLVED_MUDFLAT_REVIEW,UNRESOLVED_REVIEW,,FALSE,REVIEW_REQUIRED,"No freshwater, tidal, or modeled-site spatial evidence"
92454,Mudflat/Dry Pond Bottom Mapping Unit,Mudflat,0.01110381360462478,FALSE,FALSE,FALSE,,FALSE,UNRESOLVED_MUDFLAT_REVIEW,UNRESOLVED_REVIEW,,FALSE,REVIEW_REQUIRED,"No freshwater, tidal, or modeled-site spatial evidence"
92455,Mudflat/Dry Pond Bottom Mapping Unit,Mudflat,0.030581997963607655,FALSE,FALSE,FALSE,,FALSE,UNRESOLVED_MUDFLAT_REVIEW,UNRESOLVED_REVIEW,,FALSE,REVIEW_REQUIRED,"No freshwater, tidal, or modeled-site spatial evidence"
92456,Mudflat/Dry Pond Bottom Mapping Unit,Mudflat,0.03113135016880564,FALSE,FALSE,FALSE,,FALSE,UNRESOLVED_MUDFLAT_REVIEW,UNRESOLVED_REVIEW,,FALSE,REVIEW_REQUIRED,"No freshwater, tidal, or modeled-site spatial evidence"
92457,Mudflat/Dry Pond Bottom Mapping Unit,Mudflat,0.08684379239230178,FALSE,TRUE,FALSE,,FALSE,Tidal_mudflat,Tidal_saline_matrix,25,FALSE,ASSIGNED,Within 30 ft of tidal wetland or eel grass
92458,Mudflat/Dry Pond Bottom Mapping Unit,Mudflat,0.45061292722485885,FALSE,TRUE,FALSE,,FALSE,Tidal_mudflat,Tidal_saline_matrix,25,FALSE,ASSIGNED,Within 30 ft of tidal wetland or eel grass
92459,Mudflat/Dry Pond Bottom Mapping Unit,Mudflat,0.7514282144333241,FALSE,TRUE,FALSE,,FALSE,Tidal_mudflat,Tidal_saline_matrix,25,FALSE,ASSIGNED,Within 30 ft of tidal wetland or eel grass
92460,Mudflat/Dry Pond Bottom Mapping Unit,Mudflat,0.36297811781990336,FALSE,TRUE,FALSE,,FALSE,Tidal_mudflat,Tidal_saline_matrix,25,FALSE,ASSIGNED,Within 30 ft of tidal wetland or eel grass
92461,Mudflat/Dry Pond Bottom Mapping Unit,Mudflat,0.012534678858385388,FALSE,FALSE,FALSE,,FALSE,UNRESOLVED_MUDFLAT_REVIEW,UNRESOLVED_REVIEW,,FALSE,REVIEW_REQUIRED,"No freshwater, tidal, or modeled-site spatial evidence"
92462,Mudflat/Dry Pond Bottom Mapping Unit,Mudflat,0.06068869350236587,FALSE,TRUE,FALSE,,FALSE,Tidal_mudflat,Tidal_saline_matrix,25,FALSE,ASSIGNED,Within 30 ft of tidal wetland or eel grass
92463,Mudflat/Dry Pond Bottom Mapping Unit,Mudflat,0.04639072199411934,FALSE,FALSE,FALSE,,FALSE,UNRESOLVED_MUDFLAT_REVIEW,UNRESOLVED_REVIEW,,FALSE,REVIEW_REQUIRED,"No freshwater, tidal, or modeled-site spatial evidence"
92464,Mudflat/Dry Pond Bottom Mapping Unit,Mudflat,0.05139000138290739,FALSE,FALSE,FALSE,,FALSE,UNRESOLVED_MUDFLAT_REVIEW,UNRESOLVED_REVIEW,,FALSE,REVIEW_REQUIRED,"No freshwater, tidal, or modeled-site spatial evidence"
92465,Mudflat/Dry Pond Bottom Mapping Unit,Mudflat,0.011317324357966818,FALSE,TRUE,FALSE,,FALSE,Tidal_mudflat,Tidal_saline_matrix,25,FALSE,ASSIGNED,Within 30 ft of tidal wetland or eel grass
92466,Mudflat/Dry Pond Bottom Mapping Unit,Mudflat,0.08057024787127219,FALSE,FALSE,FALSE,,FALSE,UNRESOLVED_MUDFLAT_REVIEW,UNRESOLVED_REVIEW,,FALSE,REVIEW_REQUIRED,"No freshwater, tidal, or modeled-site spatial evidence"
92467,Mudflat/Dry Pond Bottom Mapping Unit,Mudflat,0.04618913777924861,FALSE,FALSE,FALSE,,FALSE,UNRESOLVED_MUDFLAT_REVIEW,UNRESOLVED_REVIEW,,FALSE,REVIEW_REQUIRED,"No freshwater, tidal, or modeled-site spatial evidence"
92468,Mudflat/Dry Pond Bottom Mapping Unit,Mudflat,1.3782396179074112,FALSE,TRUE,FALSE,,FALSE,Tidal_mudflat,Tidal_saline_matrix,25,FALSE,ASSIGNED,Within 30 ft of tidal wetland or eel grass
92469,Mudflat/Dry Pond Bottom Mapping Unit,Mudflat,0.023550770931704837,FALSE,FALSE,FALSE,,FALSE,UNRESOLVED_MUDFLAT_REVIEW,UNRESOLVED_REVIEW,,FALSE,REVIEW_REQUIRED,"No freshwater, tidal, or modeled-site spatial evidence"
92470,Mudflat/Dry Pond Bottom Mapping Unit,Mudflat,0.6699933091105449,FALSE,FALSE,FALSE,,FALSE,UNRESOLVED_MUDFLAT_REVIEW,UNRESOLVED_REVIEW,,FALSE,REVIEW_REQUIRED,"No freshwater, tidal, or modeled-site spatial evidence"
92471,Mudflat/Dry Pond Bottom Mapping Unit,Mudflat,0.035903010151391385,FALSE,FALSE,FALSE,,FALSE,UNRESOLVED_MUDFLAT_REVIEW,UNRESOLVED_REVIEW,,FALSE,REVIEW_REQUIRED,"No freshwater, tidal, or modeled-site spatial evidence"
92472,Mudflat/Dry Pond Bottom Mapping Unit,Mudflat,0.011618043733923807,FALSE,FALSE,FALSE,,FALSE,UNRESOLVED_MUDFLAT_REVIEW,UNRESOLVED_REVIEW,,FALSE,REVIEW_REQUIRED,"No freshwater, tidal, or modeled-site spatial evidence"
92473,Mudflat/Dry Pond Bottom Mapping Unit,Mudflat,0.10195135677050939,FALSE,FALSE,FALSE,,FALSE,UNRESOLVED_MUDFLAT_REVIEW,UNRESOLVED_REVIEW,,FALSE,REVIEW_REQUIRED,"No freshwater, tidal, or modeled-site spatial evidence"
92474,Mudflat/Dry Pond Bottom Mapping Unit,Mudflat,0.10677189376849683,FALSE,FALSE,FALSE,,FALSE,UNRESOLVED_MUDFLAT_REVIEW,UNRESOLVED_REVIEW,,FALSE,REVIEW_REQUIRED,"No freshwater, tidal, or modeled-site spatial evidence"
92475,Mudflat/Dry Pond Bottom Mapping Unit,Mudflat,0.6463511139394452,FALSE,FALSE,FALSE,,FALSE,UNRESOLVED_MUDFLAT_REVIEW,UNRESOLVED_REVIEW,,FALSE,REVIEW_REQUIRED,"No freshwater, tidal, or modeled-site spatial evidence"
92476,Mudflat/Dry Pond Bottom Mapping Unit,Mudflat,0.1823934429952943,FALSE,FALSE,FALSE,,FALSE,UNRESOLVED_MUDFLAT_REVIEW,UNRESOLVED_REVIEW,,FALSE,REVIEW_REQUIRED,"No freshwater, tidal, or modeled-site spatial evidence"
92477,Mudflat/Dry Pond Bottom Mapping Unit,Mudflat,0.026490256172221054,FALSE,FALSE,FALSE,,FALSE,UNRESOLVED_MUDFLAT_REVIEW,UNRESOLVED_REVIEW,,FALSE,REVIEW_REQUIRED,"No freshwater, tidal, or modeled-site spatial evidence"
92478,Mudflat/Dry Pond Bottom Mapping Unit,Mudflat,0.1985577478536195,FALSE,TRUE,FALSE,,FALSE,Tidal_mudflat,Tidal_saline_matrix,25,FALSE,ASSIGNED,Within 30 ft of tidal wetland or eel grass
92479,Mudflat/Dry Pond Bottom Mapping Unit,Mudflat,0.01040280185268891,FALSE,FALSE,FALSE,,FALSE,UNRESOLVED_MUDFLAT_REVIEW,UNRESOLVED_REVIEW,,FALSE,REVIEW_REQUIRED,"No freshwater, tidal, or modeled-site spatial evidence"
92480,Mudflat/Dry Pond Bottom Mapping Unit,Mudflat,0.021649755744469326,FALSE,FALSE,FALSE,,FALSE,UNRESOLVED_MUDFLAT_REVIEW,UNRESOLVED_REVIEW,,FALSE,REVIEW_REQUIRED,"No freshwater, tidal, or modeled-site spatial evidence"
92481,Mudflat/Dry Pond Bottom Mapping Unit,Mudflat,0.026213786254248535,FALSE,FALSE,FALSE,,FALSE,UNRESOLVED_MUDFLAT_REVIEW,UNRESOLVED_REVIEW,,FALSE,REVIEW_REQUIRED,"No freshwater, tidal, or modeled-site spatial evidence"
92482,Mudflat/Dry Pond Bottom Mapping Unit,Mudflat,0.0502722882204936,FALSE,FALSE,FALSE,,FALSE,UNRESOLVED_MUDFLAT_REVIEW,UNRESOLVED_REVIEW,,FALSE,REVIEW_REQUIRED,"No freshwater, tidal, or modeled-site spatial evidence"
92483,Mudflat/Dry Pond Bottom Mapping Unit,Mudflat,0.012534476524853132,FALSE,FALSE,FALSE,,FALSE,UNRESOLVED_MUDFLAT_REVIEW,UNRESOLVED_REVIEW,,FALSE,REVIEW_REQUIRED,"No freshwater, tidal, or modeled-site spatial evidence"
92484,Mudflat/Dry Pond Bottom Mapping Unit,Mudflat,0.2857939958363272,FALSE,TRUE,FALSE,,FALSE,Tidal_mudflat,Tidal_saline_matrix,25,FALSE,ASSIGNED,Within 30 ft of tidal wetland or eel grass
92485,Mudflat/Dry Pond Bottom Mapping Unit,Mudflat,0.2727207894715957,FALSE,TRUE,FALSE,,FALSE,Tidal_mudflat,Tidal_saline_matrix,25,FALSE,ASSIGNED,Within 30 ft of tidal wetland or eel grass
92486,Mudflat/Dry Pond Bottom Mapping Unit,Mudflat,0.07274631182290692,FALSE,FALSE,FALSE,,FALSE,UNRESOLVED_MUDFLAT_REVIEW,UNRESOLVED_REVIEW,,FALSE,REVIEW_REQUIRED,"No freshwater, tidal, or modeled-site spatial evidence"
92487,Mudflat/Dry Pond Bottom Mapping Unit,Mudflat,0.009520095838583624,FALSE,FALSE,FALSE,,FALSE,UNRESOLVED_MUDFLAT_REVIEW,UNRESOLVED_REVIEW,,FALSE,REVIEW_REQUIRED,"No freshwater, tidal, or modeled-site spatial evidence"
92488,Mudflat/Dry Pond Bottom Mapping Unit,Mudflat,0.03857298508872996,FALSE,FALSE,FALSE,,FALSE,UNRESOLVED_MUDFLAT_REVIEW,UNRESOLVED_REVIEW,,FALSE,REVIEW_REQUIRED,"No freshwater, tidal, or modeled-site spatial evidence"
92489,Mudflat/Dry Pond Bottom Mapping Unit,Mudflat,0.009493431281832615,FALSE,FALSE,FALSE,,FALSE,UNRESOLVED_MUDFLAT_REVIEW,UNRESOLVED_REVIEW,,FALSE,REVIEW_REQUIRED,"No freshwater, tidal, or modeled-site spatial evidence"
92490,Mudflat/Dry Pond Bottom Mapping Unit,Mudflat,0.021901390751237575,FALSE,TRUE,FALSE,,FALSE,Tidal_mudflat,Tidal_saline_matrix,25,FALSE,ASSIGNED,Within 30 ft of tidal wetland or eel grass
92491,Mudflat/Dry Pond Bottom Mapping Unit,Mudflat,6.94160058829531,FALSE,FALSE,FALSE,,FALSE,UNRESOLVED_MUDFLAT_REVIEW,UNRESOLVED_REVIEW,,FALSE,REVIEW_REQUIRED,"No freshwater, tidal, or modeled-site spatial evidence"
92492,Mudflat/Dry Pond Bottom Mapping Unit,Mudflat,1.0844371518902018,FALSE,TRUE,FALSE,,FALSE,Tidal_mudflat,Tidal_saline_matrix,25,FALSE,ASSIGNED,Within 30 ft of tidal wetland or eel grass
92493,Mudflat/Dry Pond Bottom Mapping Unit,Mudflat,0.04077284057921126,FALSE,FALSE,FALSE,,FALSE,UNRESOLVED_MUDFLAT_REVIEW,UNRESOLVED_REVIEW,,FALSE,REVIEW_REQUIRED,"No freshwater, tidal, or modeled-site spatial evidence"
92494,Mudflat/Dry Pond Bottom Mapping Unit,Mudflat,0.012533558632144767,FALSE,FALSE,FALSE,,FALSE,UNRESOLVED_MUDFLAT_REVIEW,UNRESOLVED_REVIEW,,FALSE,REVIEW_REQUIRED,"No freshwater, tidal, or modeled-site spatial evidence"
92495,Mudflat/Dry Pond Bottom Mapping Unit,Mudflat,0.4085860432988238,FALSE,TRUE,FALSE,,FALSE,Tidal_mudflat,Tidal_saline_matrix,25,FALSE,ASSIGNED,Within 30 ft of tidal wetland or eel grass
92496,Mudflat/Dry Pond Bottom Mapping Unit,Mudflat,0.042832819855025996,FALSE,FALSE,FALSE,,FALSE,UNRESOLVED_MUDFLAT_REVIEW,UNRESOLVED_REVIEW,,FALSE,REVIEW_REQUIRED,"No freshwater, tidal, or modeled-site spatial evidence"
92497,Mudflat/Dry Pond Bottom Mapping Unit,Mudflat,0.01672914847002085,FALSE,FALSE,FALSE,,FALSE,UNRESOLVED_MUDFLAT_REVIEW,UNRESOLVED_REVIEW,,FALSE,REVIEW_REQUIRED,"No freshwater, tidal, or modeled-site spatial evidence"
92498,Mudflat/Dry Pond Bottom Mapping Unit,Mudflat,0.07619640136229015,FALSE,FALSE,FALSE,,FALSE,UNRESOLVED_MUDFLAT_REVIEW,UNRESOLVED_REVIEW,,FALSE,REVIEW_REQUIRED,"No freshwater, tidal, or modeled-site spatial evidence"
92499,Mudflat/Dry Pond Bottom Mapping Unit,Mudflat,0.07537208605205388,FALSE,FALSE,FALSE,,FALSE,UNRESOLVED_MUDFLAT_REVIEW,UNRESOLVED_REVIEW,,FALSE,REVIEW_REQUIRED,"No freshwater, tidal, or modeled-site spatial evidence"
92500,Mudflat/Dry Pond Bottom Mapping Unit,Mudflat,0.0998548425088378,FALSE,FALSE,FALSE,,FALSE,UNRESOLVED_MUDFLAT_REVIEW,UNRESOLVED_REVIEW,,FALSE,REVIEW_REQUIRED,"No freshwater, tidal, or modeled-site spatial evidence"
92501,Mudflat/Dry Pond Bottom Mapping Unit,Mudflat,0.020333371285648237,FALSE,FALSE,FALSE,,FALSE,UNRESOLVED_MUDFLAT_REVIEW,UNRESOLVED_REVIEW,,FALSE,REVIEW_REQUIRED,"No freshwater, tidal, or modeled-site spatial evidence"
92502,Mudflat/Dry Pond Bottom Mapping Unit,Mudflat,0.0803435820911878,FALSE,FALSE,FALSE,,FALSE,UNRESOLVED_MUDFLAT_REVIEW,UNRESOLVED_REVIEW,,FALSE,REVIEW_REQUIRED,"No freshwater, tidal, or modeled-site spatial evidence"
92503,Mudflat/Dry Pond Bottom Mapping Unit,Mudflat,0.016660285961509876,FALSE,TRUE,FALSE,,FALSE,Tidal_mudflat,Tidal_saline_matrix,25,FALSE,ASSIGNED,Within 30 ft of tidal wetland or eel grass
92504,Mudflat/Dry Pond Bottom Mapping Unit,Mudflat,0.02563131994630942,FALSE,FALSE,FALSE,,FALSE,UNRESOLVED_MUDFLAT_REVIEW,UNRESOLVED_REVIEW,,FALSE,REVIEW_REQUIRED,"No freshwater, tidal, or modeled-site spatial evidence"
92505,Mudflat/Dry Pond Bottom Mapping Unit,Mudflat,0.10973519665868403,FALSE,FALSE,FALSE,,FALSE,UNRESOLVED_MUDFLAT_REVIEW,UNRESOLVED_REVIEW,,FALSE,REVIEW_REQUIRED,"No freshwater, tidal, or modeled-site spatial evidence"
92506,Mudflat/Dry Pond Bottom Mapping Unit,Mudflat,0.06471634451671306,FALSE,FALSE,FALSE,,FALSE,UNRESOLVED_MUDFLAT_REVIEW,UNRESOLVED_REVIEW,,FALSE,REVIEW_REQUIRED,"No freshwater, tidal, or modeled-site spatial evidence"
92507,Mudflat/Dry Pond Bottom Mapping Unit,Mudflat,0.04977771141872481,FALSE,FALSE,FALSE,,FALSE,UNRESOLVED_MUDFLAT_REVIEW,UNRESOLVED_REVIEW,,FALSE,REVIEW_REQUIRED,"No freshwater, tidal, or modeled-site spatial evidence"
92508,Mudflat/Dry Pond Bottom Mapping Unit,Mudflat,0.025443767685072817,FALSE,FALSE,FALSE,,FALSE,UNRESOLVED_MUDFLAT_REVIEW,UNRESOLVED_REVIEW,,FALSE,REVIEW_REQUIRED,"No freshwater, tidal, or modeled-site spatial evidence"
92509,Mudflat/Dry Pond Bottom Mapping Unit,Mudflat,0.06028060048607106,FALSE,FALSE,FALSE,,FALSE,UNRESOLVED_MUDFLAT_REVIEW,UNRESOLVED_REVIEW,,FALSE,REVIEW_REQUIRED,"No freshwater, tidal, or modeled-site spatial evidence"
92510,Mudflat/Dry Pond Bottom Mapping Unit,Mudflat,0.1659531447064992,FALSE,FALSE,FALSE,,FALSE,UNRESOLVED_MUDFLAT_REVIEW,UNRESOLVED_REVIEW,,FALSE,REVIEW_REQUIRED,"No freshwater, tidal, or modeled-site spatial evidence"
92511,Mudflat/Dry Pond Bottom Mapping Unit,Mudflat,0.07236541121354233,FALSE,FALSE,FALSE,,FALSE,UNRESOLVED_MUDFLAT_REVIEW,UNRESOLVED_REVIEW,,FALSE,REVIEW_REQUIRED,"No freshwater, tidal, or modeled-site spatial evidence"
92512,Mudflat/Dry Pond Bottom Mapping Unit,Mudflat,0.17438407608205075,FALSE,FALSE,FALSE,,FALSE,UNRESOLVED_MUDFLAT_REVIEW,UNRESOLVED_REVIEW,,FALSE,REVIEW_REQUIRED,"No freshwater, tidal, or modeled-site spatial evidence"
92513,Mudflat/Dry Pond Bottom Mapping Unit,Mudflat,0.730786066045804,FALSE,FALSE,FALSE,,FALSE,UNRESOLVED_MUDFLAT_REVIEW,UNRESOLVED_REVIEW,,FALSE,REVIEW_REQUIRED,"No freshwater, tidal, or modeled-site spatial evidence"
92514,Mudflat/Dry Pond Bottom Mapping Unit,Mudflat,0.3295584652709031,FALSE,FALSE,FALSE,,FALSE,UNRESOLVED_MUDFLAT_REVIEW,UNRESOLVED_REVIEW,,FALSE,REVIEW_REQUIRED,"No freshwater, tidal, or modeled-site spatial evidence"
92515,Mudflat/Dry Pond Bottom Mapping Unit,Mudflat,0.717975005520398,FALSE,TRUE,FALSE,,FALSE,Tidal_mudflat,Tidal_saline_matrix,25,FALSE,ASSIGNED,Within 30 ft of tidal wetland or eel grass
92516,Mudflat/Dry Pond Bottom Mapping Unit,Mudflat,0.16119356670615925,FALSE,TRUE,FALSE,,FALSE,Tidal_mudflat,Tidal_saline_matrix,25,FALSE,ASSIGNED,Within 30 ft of tidal wetland or eel grass
92517,Mudflat/Dry Pond Bottom Mapping Unit,Mudflat,0.019109827172394754,FALSE,TRUE,FALSE,,FALSE,Tidal_mudflat,Tidal_saline_matrix,25,FALSE,ASSIGNED,Within 30 ft of tidal wetland or eel grass
92518,Mudflat/Dry Pond Bottom Mapping Unit,Mudflat,0.10488065134155342,FALSE,FALSE,FALSE,,FALSE,UNRESOLVED_MUDFLAT_REVIEW,UNRESOLVED_REVIEW,,FALSE,REVIEW_REQUIRED,"No freshwater, tidal, or modeled-site spatial evidence"
92519,Mudflat/Dry Pond Bottom Mapping Unit,Mudflat,0.037350041410781465,FALSE,FALSE,FALSE,,FALSE,UNRESOLVED_MUDFLAT_REVIEW,UNRESOLVED_REVIEW,,FALSE,REVIEW_REQUIRED,"No freshwater, tidal, or modeled-site spatial evidence"
92520,Mudflat/Dry Pond Bottom Mapping Unit,Mudflat,0.009593337057502474,FALSE,FALSE,FALSE,,FALSE,UNRESOLVED_MUDFLAT_REVIEW,UNRESOLVED_REVIEW,,FALSE,REVIEW_REQUIRED,"No freshwater, tidal, or modeled-site spatial evidence"
92521,Mudflat/Dry Pond Bottom Mapping Unit,Mudflat,0.012964797807958953,FALSE,FALSE,FALSE,,FALSE,UNRESOLVED_MUDFLAT_REVIEW,UNRESOLVED_REVIEW,,FALSE,REVIEW_REQUIRED,"No freshwater, tidal, or modeled-site spatial evidence"
92522,Mudflat/Dry Pond Bottom Mapping Unit,Mudflat,0.2669954564903373,FALSE,TRUE,FALSE,,FALSE,Tidal_mudflat,Tidal_saline_matrix,25,FALSE,ASSIGNED,Within 30 ft of tidal wetland or eel grass
92523,Mudflat/Dry Pond Bottom Mapping Unit,Mudflat,0.020528818001522064,FALSE,FALSE,FALSE,,FALSE,UNRESOLVED_MUDFLAT_REVIEW,UNRESOLVED_REVIEW,,FALSE,REVIEW_REQUIRED,"No freshwater, tidal, or modeled-site spatial evidence"
92524,Mudflat/Dry Pond Bottom Mapping Unit,Mudflat,0.04162297154046107,FALSE,FALSE,FALSE,,FALSE,UNRESOLVED_MUDFLAT_REVIEW,UNRESOLVED_REVIEW,,FALSE,REVIEW_REQUIRED,"No freshwater, tidal, or modeled-site spatial evidence"
92525,Mudflat/Dry Pond Bottom Mapping Unit,Mudflat,0.01421134967539662,FALSE,FALSE,FALSE,,FALSE,UNRESOLVED_MUDFLAT_REVIEW,UNRESOLVED_REVIEW,,FALSE,REVIEW_REQUIRED,"No freshwater, tidal, or modeled-site spatial evidence"
92526,Mudflat/Dry Pond Bottom Mapping Unit,Mudflat,0.01673665631706189,FALSE,FALSE,FALSE,,FALSE,UNRESOLVED_MUDFLAT_REVIEW,UNRESOLVED_REVIEW,,FALSE,REVIEW_REQUIRED,"No freshwater, tidal, or modeled-site spatial evidence"
92527,Mudflat/Dry Pond Bottom Mapping Unit,Mudflat,0.02913763227413953,FALSE,TRUE,FALSE,,FALSE,Tidal_mudflat,Tidal_saline_matrix,25,FALSE,ASSIGNED,Within 30 ft of tidal wetland or eel grass
92528,Mudflat/Dry Pond Bottom Mapping Unit,Mudflat,0.011328677429321926,FALSE,TRUE,FALSE,,FALSE,Tidal_mudflat,Tidal_saline_matrix,25,FALSE,ASSIGNED,Within 30 ft of tidal wetland or eel grass
92529,Mudflat/Dry Pond Bottom Mapping Unit,Mudflat,0.029323351677886814,FALSE,TRUE,FALSE,,FALSE,Tidal_mudflat,Tidal_saline_matrix,25,FALSE,ASSIGNED,Within 30 ft of tidal wetland or eel grass
92530,Mudflat/Dry Pond Bottom Mapping Unit,Mudflat,0.024370044286070033,FALSE,TRUE,FALSE,,FALSE,Tidal_mudflat,Tidal_saline_matrix,25,FALSE,ASSIGNED,Within 30 ft of tidal wetland or eel grass
92531,Mudflat/Dry Pond Bottom Mapping Unit,Mudflat,0.054211214897972655,FALSE,FALSE,FALSE,,FALSE,UNRESOLVED_MUDFLAT_REVIEW,UNRESOLVED_REVIEW,,FALSE,REVIEW_REQUIRED,"No freshwater, tidal, or modeled-site spatial evidence"
92532,Mudflat/Dry Pond Bottom Mapping Unit,Mudflat,0.04562752773124773,FALSE,FALSE,FALSE,,FALSE,UNRESOLVED_MUDFLAT_REVIEW,UNRESOLVED_REVIEW,,FALSE,REVIEW_REQUIRED,"No freshwater, tidal, or modeled-site spatial evidence"
92533,Mudflat/Dry Pond Bottom Mapping Unit,Mudflat,0.10492097851808851,FALSE,FALSE,FALSE,,FALSE,UNRESOLVED_MUDFLAT_REVIEW,UNRESOLVED_REVIEW,,FALSE,REVIEW_REQUIRED,"No freshwater, tidal, or modeled-site spatial evidence"
92534,Mudflat/Dry Pond Bottom Mapping Unit,Mudflat,0.01394995417268175,FALSE,TRUE,FALSE,,FALSE,Tidal_mudflat,Tidal_saline_matrix,25,FALSE,ASSIGNED,Within 30 ft of tidal wetland or eel grass
92535,Mudflat/Dry Pond Bottom Mapping Unit,Mudflat,0.29643772409083025,FALSE,TRUE,FALSE,,FALSE,Tidal_mudflat,Tidal_saline_matrix,25,FALSE,ASSIGNED,Within 30 ft of tidal wetland or eel grass
92536,Mudflat/Dry Pond Bottom Mapping Unit,Mudflat,0.1303084139915102,FALSE,FALSE,FALSE,,FALSE,UNRESOLVED_MUDFLAT_REVIEW,UNRESOLVED_REVIEW,,FALSE,REVIEW_REQUIRED,"No freshwater, tidal, or modeled-site spatial evidence"
92537,Mudflat/Dry Pond Bottom Mapping Unit,Mudflat,0.2965836257735118,FALSE,FALSE,FALSE,,FALSE,UNRESOLVED_MUDFLAT_REVIEW,UNRESOLVED_REVIEW,,FALSE,REVIEW_REQUIRED,"No freshwater, tidal, or modeled-site spatial evidence"
92538,Mudflat/Dry Pond Bottom Mapping Unit,Mudflat,0.014093124302061508,FALSE,TRUE,FALSE,,FALSE,Tidal_mudflat,Tidal_saline_matrix,25,FALSE,ASSIGNED,Within 30 ft of tidal wetland or eel grass
92539,Mudflat/Dry Pond Bottom Mapping Unit,Mudflat,0.18306903231001226,FALSE,TRUE,FALSE,,FALSE,Tidal_mudflat,Tidal_saline_matrix,25,FALSE,ASSIGNED,Within 30 ft of tidal wetland or eel grass
92540,Mudflat/Dry Pond Bottom Mapping Unit,Mudflat,0.4038784584668087,FALSE,TRUE,FALSE,,FALSE,Tidal_mudflat,Tidal_saline_matrix,25,FALSE,ASSIGNED,Within 30 ft of tidal wetland or eel grass
92541,Mudflat/Dry Pond Bottom Mapping Unit,Mudflat,0.024746277616833866,FALSE,FALSE,FALSE,,FALSE,UNRESOLVED_MUDFLAT_REVIEW,UNRESOLVED_REVIEW,,FALSE,REVIEW_REQUIRED,"No freshwater, tidal, or modeled-site spatial evidence"
92542,Mudflat/Dry Pond Bottom Mapping Unit,Mudflat,0.0836419155341014,FALSE,FALSE,FALSE,,FALSE,UNRESOLVED_MUDFLAT_REVIEW,UNRESOLVED_REVIEW,,FALSE,REVIEW_REQUIRED,"No freshwater, tidal, or modeled-site spatial evidence"
92543,Mudflat/Dry Pond Bottom Mapping Unit,Mudflat,0.013565788890732032,FALSE,FALSE,FALSE,,FALSE,UNRESOLVED_MUDFLAT_REVIEW,UNRESOLVED_REVIEW,,FALSE,REVIEW_REQUIRED,"No freshwater, tidal, or modeled-site spatial evidence"
92544,Mudflat/Dry Pond Bottom Mapping Unit,Mudflat,0.053961118314570816,FALSE,FALSE,FALSE,,FALSE,UNRESOLVED_MUDFLAT_REVIEW,UNRESOLVED_REVIEW,,FALSE,REVIEW_REQUIRED,"No freshwater, tidal, or modeled-site spatial evidence"
92545,Mudflat/Dry Pond Bottom Mapping Unit,Mudflat,0.6736029113826643,FALSE,FALSE,FALSE,,FALSE,UNRESOLVED_MUDFLAT_REVIEW,UNRESOLVED_REVIEW,,FALSE,REVIEW_REQUIRED,"No freshwater, tidal, or modeled-site spatial evidence"
92546,Mudflat/Dry Pond Bottom Mapping Unit,Mudflat,0.07750639878722225,FALSE,TRUE,FALSE,,FALSE,Tidal_mudflat,Tidal_saline_matrix,25,FALSE,ASSIGNED,Within 30 ft of tidal wetland or eel grass
92547,Mudflat/Dry Pond Bottom Mapping Unit,Mudflat,0.24531120283119628,FALSE,FALSE,FALSE,,FALSE,UNRESOLVED_MUDFLAT_REVIEW,UNRESOLVED_REVIEW,,FALSE,REVIEW_REQUIRED,"No freshwater, tidal, or modeled-site spatial evidence"
92548,Mudflat/Dry Pond Bottom Mapping Unit,Mudflat,0.041773725297116655,FALSE,FALSE,FALSE,,FALSE,UNRESOLVED_MUDFLAT_REVIEW,UNRESOLVED_REVIEW,,FALSE,REVIEW_REQUIRED,"No freshwater, tidal, or modeled-site spatial evidence"
92549,Mudflat/Dry Pond Bottom Mapping Unit,Mudflat,0.02017322663417823,FALSE,FALSE,FALSE,,FALSE,UNRESOLVED_MUDFLAT_REVIEW,UNRESOLVED_REVIEW,,FALSE,REVIEW_REQUIRED,"No freshwater, tidal, or modeled-site spatial evidence"
92550,Mudflat/Dry Pond Bottom Mapping Unit,Mudflat,0.234703294739278,FALSE,TRUE,FALSE,,FALSE,Tidal_mudflat,Tidal_saline_matrix,25,FALSE,ASSIGNED,Within 30 ft of tidal wetland or eel grass
92551,Mudflat/Dry Pond Bottom Mapping Unit,Mudflat,0.048171366015577435,FALSE,TRUE,FALSE,,FALSE,Tidal_mudflat,Tidal_saline_matrix,25,FALSE,ASSIGNED,Within 30 ft of tidal wetland or eel grass
92552,Mudflat/Dry Pond Bottom Mapping Unit,Mudflat,0.016667760880814,FALSE,TRUE,FALSE,,FALSE,Tidal_mudflat,Tidal_saline_matrix,25,FALSE,ASSIGNED,Within 30 ft of tidal wetland or eel grass
92553,Mudflat/Dry Pond Bottom Mapping Unit,Mudflat,0.0390460675387406,FALSE,FALSE,FALSE,,FALSE,UNRESOLVED_MUDFLAT_REVIEW,UNRESOLVED_REVIEW,,FALSE,REVIEW_REQUIRED,"No freshwater, tidal, or modeled-site spatial evidence"
92554,Mudflat/Dry Pond Bottom Mapping Unit,Mudflat,0.05062139643112353,FALSE,TRUE,FALSE,,FALSE,Tidal_mudflat,Tidal_saline_matrix,25,FALSE,ASSIGNED,Within 30 ft of tidal wetland or eel grass
92555,Mudflat/Dry Pond Bottom Mapping Unit,Mudflat,0.03209107520835818,FALSE,TRUE,FALSE,,FALSE,Tidal_mudflat,Tidal_saline_matrix,25,FALSE,ASSIGNED,Within 30 ft of tidal wetland or eel grass
92556,Mudflat/Dry Pond Bottom Mapping Unit,Mudflat,0.10994548166155663,FALSE,TRUE,FALSE,,FALSE,Tidal_mudflat,Tidal_saline_matrix,25,FALSE,ASSIGNED,Within 30 ft of tidal wetland or eel grass
92557,Mudflat/Dry Pond Bottom Mapping Unit,Mudflat,0.11390321312182504,FALSE,TRUE,FALSE,,FALSE,Tidal_mudflat,Tidal_saline_matrix,25,FALSE,ASSIGNED,Within 30 ft of tidal wetland or eel grass
92558,Mudflat/Dry Pond Bottom Mapping Unit,Mudflat,0.051994382813471345,FALSE,FALSE,FALSE,,FALSE,UNRESOLVED_MUDFLAT_REVIEW,UNRESOLVED_REVIEW,,FALSE,REVIEW_REQUIRED,"No freshwater, tidal, or modeled-site spatial evidence"
92559,Mudflat/Dry Pond Bottom Mapping Unit,Mudflat,0.020827207086347777,FALSE,FALSE,FALSE,,FALSE,UNRESOLVED_MUDFLAT_REVIEW,UNRESOLVED_REVIEW,,FALSE,REVIEW_REQUIRED,"No freshwater, tidal, or modeled-site spatial evidence"
92560,Mudflat/Dry Pond Bottom Mapping Unit,Mudflat,0.1108970883249441,FALSE,FALSE,FALSE,,FALSE,UNRESOLVED_MUDFLAT_REVIEW,UNRESOLVED_REVIEW,,FALSE,REVIEW_REQUIRED,"No freshwater, tidal, or modeled-site spatial evidence"
92561,Mudflat/Dry Pond Bottom Mapping Unit,Mudflat,0.08909924984582412,FALSE,TRUE,FALSE,,FALSE,Tidal_mudflat,Tidal_saline_matrix,25,FALSE,ASSIGNED,Within 30 ft of tidal wetland or eel grass
92562,Mudflat/Dry Pond Bottom Mapping Unit,Mudflat,0.01343425836036166,FALSE,TRUE,FALSE,,FALSE,Tidal_mudflat,Tidal_saline_matrix,25,FALSE,ASSIGNED,Within 30 ft of tidal wetland or eel grass
92563,Mudflat/Dry Pond Bottom Mapping Unit,Mudflat,0.02734974177140873,FALSE,TRUE,FALSE,,FALSE,Tidal_mudflat,Tidal_saline_matrix,25,FALSE,ASSIGNED,Within 30 ft of tidal wetland or eel grass
92564,Mudflat/Dry Pond Bottom Mapping Unit,Mudflat,0.10637186151741632,FALSE,TRUE,FALSE,,FALSE,Tidal_mudflat,Tidal_saline_matrix,25,FALSE,ASSIGNED,Within 30 ft of tidal wetland or eel grass
92565,Mudflat/Dry Pond Bottom Mapping Unit,Mudflat,0.02355376894922397,FALSE,TRUE,FALSE,,FALSE,Tidal_mudflat,Tidal_saline_matrix,25,FALSE,ASSIGNED,Within 30 ft of tidal wetland or eel grass
92566,Mudflat/Dry Pond Bottom Mapping Unit,Mudflat,0.010079964294428543,FALSE,FALSE,FALSE,,FALSE,UNRESOLVED_MUDFLAT_REVIEW,UNRESOLVED_REVIEW,,FALSE,REVIEW_REQUIRED,"No freshwater, tidal, or modeled-site spatial evidence"
92567,Mudflat/Dry Pond Bottom Mapping Unit,Mudflat,0.017415658511680372,FALSE,TRUE,FALSE,,FALSE,Tidal_mudflat,Tidal_saline_matrix,25,FALSE,ASSIGNED,Within 30 ft of tidal wetland or eel grass
92568,Mudflat/Dry Pond Bottom Mapping Unit,Mudflat,0.02231917215511105,FALSE,FALSE,FALSE,,FALSE,UNRESOLVED_MUDFLAT_REVIEW,UNRESOLVED_REVIEW,,FALSE,REVIEW_REQUIRED,"No freshwater, tidal, or modeled-site spatial evidence"
92569,Mudflat/Dry Pond Bottom Mapping Unit,Mudflat,0.537822636421738,FALSE,FALSE,FALSE,,FALSE,UNRESOLVED_MUDFLAT_REVIEW,UNRESOLVED_REVIEW,,FALSE,REVIEW_REQUIRED,"No freshwater, tidal, or modeled-site spatial evidence"
92570,Mudflat/Dry Pond Bottom Mapping Unit,Mudflat,0.19127636584182703,FALSE,FALSE,FALSE,,FALSE,UNRESOLVED_MUDFLAT_REVIEW,UNRESOLVED_REVIEW,,FALSE,REVIEW_REQUIRED,"No freshwater, tidal, or modeled-site spatial evidence"
92571,Mudflat/Dry Pond Bottom Mapping Unit,Mudflat,0.04336182991579382,FALSE,TRUE,FALSE,,FALSE,Tidal_mudflat,Tidal_saline_matrix,25,FALSE,ASSIGNED,Within 30 ft of tidal wetland or eel grass
92572,Mudflat/Dry Pond Bottom Mapping Unit,Mudflat,0.9382540114074254,FALSE,TRUE,FALSE,,FALSE,Tidal_mudflat,Tidal_saline_matrix,25,FALSE,ASSIGNED,Within 30 ft of tidal wetland or eel grass
92573,Mudflat/Dry Pond Bottom Mapping Unit,Mudflat,0.022671519878480293,FALSE,TRUE,FALSE,,FALSE,Tidal_mudflat,Tidal_saline_matrix,25,FALSE,ASSIGNED,Within 30 ft of tidal wetland or eel grass
92574,Mudflat/Dry Pond Bottom Mapping Unit,Mudflat,1.127820708977992,FALSE,TRUE,FALSE,,FALSE,Tidal_mudflat,Tidal_saline_matrix,25,FALSE,ASSIGNED,Within 30 ft of tidal wetland or eel grass
92575,Mudflat/Dry Pond Bottom Mapping Unit,Mudflat,0.17103572630953662,FALSE,TRUE,FALSE,,FALSE,Tidal_mudflat,Tidal_saline_matrix,25,FALSE,ASSIGNED,Within 30 ft of tidal wetland or eel grass
92576,Mudflat/Dry Pond Bottom Mapping Unit,Mudflat,0.010140401487168011,FALSE,TRUE,FALSE,,FALSE,Tidal_mudflat,Tidal_saline_matrix,25,FALSE,ASSIGNED,Within 30 ft of tidal wetland or eel grass
92577,Mudflat/Dry Pond Bottom Mapping Unit,Mudflat,0.03692700860694886,FALSE,TRUE,FALSE,,FALSE,Tidal_mudflat,Tidal_saline_matrix,25,FALSE,ASSIGNED,Within 30 ft of tidal wetland or eel grass
92578,Mudflat/Dry Pond Bottom Mapping Unit,Mudflat,0.21042909162227444,FALSE,TRUE,FALSE,,FALSE,Tidal_mudflat,Tidal_saline_matrix,25,FALSE,ASSIGNED,Within 30 ft of tidal wetland or eel grass
92579,Mudflat/Dry Pond Bottom Mapping Unit,Mudflat,0.014165689761431509,FALSE,TRUE,FALSE,,FALSE,Tidal_mudflat,Tidal_saline_matrix,25,FALSE,ASSIGNED,Within 30 ft of tidal wetland or eel grass
92580,Mudflat/Dry Pond Bottom Mapping Unit,Mudflat,0.049511756171209814,FALSE,TRUE,FALSE,,FALSE,Tidal_mudflat,Tidal_saline_matrix,25,FALSE,ASSIGNED,Within 30 ft of tidal wetland or eel grass
92581,Mudflat/Dry Pond Bottom Mapping Unit,Mudflat,0.01960517908164113,FALSE,TRUE,FALSE,,FALSE,Tidal_mudflat,Tidal_saline_matrix,25,FALSE,ASSIGNED,Within 30 ft of tidal wetland or eel grass
92582,Mudflat/Dry Pond Bottom Mapping Unit,Mudflat,0.0146802298630271,FALSE,TRUE,FALSE,,FALSE,Tidal_mudflat,Tidal_saline_matrix,25,FALSE,ASSIGNED,Within 30 ft of tidal wetland or eel grass
92583,Mudflat/Dry Pond Bottom Mapping Unit,Mudflat,0.06726897980181831,FALSE,TRUE,FALSE,,FALSE,Tidal_mudflat,Tidal_saline_matrix,25,FALSE,ASSIGNED,Within 30 ft of tidal wetland or eel grass
92584,Mudflat/Dry Pond Bottom Mapping Unit,Mudflat,0.02656737149699347,FALSE,TRUE,FALSE,,FALSE,Tidal_mudflat,Tidal_saline_matrix,25,FALSE,ASSIGNED,Within 30 ft of tidal wetland or eel grass
92585,Mudflat/Dry Pond Bottom Mapping Unit,Mudflat,0.10424082099157903,FALSE,TRUE,FALSE,,FALSE,Tidal_mudflat,Tidal_saline_matrix,25,FALSE,ASSIGNED,Within 30 ft of tidal wetland or eel grass
92586,Mudflat/Dry Pond Bottom Mapping Unit,Mudflat,0.03152961799689538,FALSE,TRUE,FALSE,,FALSE,Tidal_mudflat,Tidal_saline_matrix,25,FALSE,ASSIGNED,Within 30 ft of tidal wetland or eel grass
92587,Mudflat/Dry Pond Bottom Mapping Unit,Mudflat,0.06390749927648015,FALSE,TRUE,FALSE,,FALSE,Tidal_mudflat,Tidal_saline_matrix,25,FALSE,ASSIGNED,Within 30 ft of tidal wetland or eel grass
92588,Mudflat/Dry Pond Bottom Mapping Unit,Mudflat,0.012829342159133388,FALSE,TRUE,FALSE,,FALSE,Tidal_mudflat,Tidal_saline_matrix,25,FALSE,ASSIGNED,Within 30 ft of tidal wetland or eel grass
92589,Mudflat/Dry Pond Bottom Mapping Unit,Mudflat,0.30705417073767166,FALSE,TRUE,FALSE,,FALSE,Tidal_mudflat,Tidal_saline_matrix,25,FALSE,ASSIGNED,Within 30 ft of tidal wetland or eel grass
92590,Mudflat/Dry Pond Bottom Mapping Unit,Mudflat,0.05462390762944504,FALSE,TRUE,FALSE,,FALSE,Tidal_mudflat,Tidal_saline_matrix,25,FALSE,ASSIGNED,Within 30 ft of tidal wetland or eel grass
92591,Mudflat/Dry Pond Bottom Mapping Unit,Mudflat,1.0685362992201117,FALSE,TRUE,FALSE,,FALSE,Tidal_mudflat,Tidal_saline_matrix,25,FALSE,ASSIGNED,Within 30 ft of tidal wetland or eel grass
92592,Mudflat/Dry Pond Bottom Mapping Unit,Mudflat,0.054995053746118065,FALSE,TRUE,FALSE,,FALSE,Tidal_mudflat,Tidal_saline_matrix,25,FALSE,ASSIGNED,Within 30 ft of tidal wetland or eel grass
92593,Mudflat/Dry Pond Bottom Mapping Unit,Mudflat,0.08380890512853839,FALSE,TRUE,FALSE,,FALSE,Tidal_mudflat,Tidal_saline_matrix,25,FALSE,ASSIGNED,Within 30 ft of tidal wetland or eel grass
92594,Mudflat/Dry Pond Bottom Mapping Unit,Mudflat,0.16072606779552837,FALSE,TRUE,FALSE,,FALSE,Tidal_mudflat,Tidal_saline_matrix,25,FALSE,ASSIGNED,Within 30 ft of tidal wetland or eel grass
92595,Mudflat/Dry Pond Bottom Mapping Unit,Mudflat,0.18365924666791195,FALSE,TRUE,FALSE,,FALSE,Tidal_mudflat,Tidal_saline_matrix,25,FALSE,ASSIGNED,Within 30 ft of tidal wetland or eel grass
92596,Mudflat/Dry Pond Bottom Mapping Unit,Mudflat,0.048092219287813445,FALSE,TRUE,FALSE,,FALSE,Tidal_mudflat,Tidal_saline_matrix,25,FALSE,ASSIGNED,Within 30 ft of tidal wetland or eel grass
92597,Mudflat/Dry Pond Bottom Mapping Unit,Mudflat,0.18579523432556158,FALSE,TRUE,FALSE,,FALSE,Tidal_mudflat,Tidal_saline_matrix,25,FALSE,ASSIGNED,Within 30 ft of tidal wetland or eel grass
92598,Mudflat/Dry Pond Bottom Mapping Unit,Mudflat,0.0247612260726303,FALSE,TRUE,FALSE,,FALSE,Tidal_mudflat,Tidal_saline_matrix,25,FALSE,ASSIGNED,Within 30 ft of tidal wetland or eel grass
92599,Mudflat/Dry Pond Bottom Mapping Unit,Mudflat,0.08011125901194903,FALSE,TRUE,FALSE,,FALSE,Tidal_mudflat,Tidal_saline_matrix,25,FALSE,ASSIGNED,Within 30 ft of tidal wetland or eel grass
92600,Mudflat/Dry Pond Bottom Mapping Unit,Mudflat,14.384935293480007,FALSE,TRUE,FALSE,,FALSE,Tidal_mudflat,Tidal_saline_matrix,25,FALSE,ASSIGNED,Within 30 ft of tidal wetland or eel grass
92601,Mudflat/Dry Pond Bottom Mapping Unit,Mudflat,0.04118467408826825,FALSE,TRUE,FALSE,,FALSE,Tidal_mudflat,Tidal_saline_matrix,25,FALSE,ASSIGNED,Within 30 ft of tidal wetland or eel grass
92602,Mudflat/Dry Pond Bottom Mapping Unit,Mudflat,0.34756143027928815,FALSE,TRUE,FALSE,,FALSE,Tidal_mudflat,Tidal_saline_matrix,25,FALSE,ASSIGNED,Within 30 ft of tidal wetland or eel grass
92603,Mudflat/Dry Pond Bottom Mapping Unit,Mudflat,0.02774206897916319,FALSE,TRUE,FALSE,,FALSE,Tidal_mudflat,Tidal_saline_matrix,25,FALSE,ASSIGNED,Within 30 ft of tidal wetland or eel grass
92604,Mudflat/Dry Pond Bottom Mapping Unit,Mudflat,0.028466625225608107,FALSE,TRUE,FALSE,,FALSE,Tidal_mudflat,Tidal_saline_matrix,25,FALSE,ASSIGNED,Within 30 ft of tidal wetland or eel grass
92605,Mudflat/Dry Pond Bottom Mapping Unit,Mudflat,0.06487593172271447,FALSE,TRUE,FALSE,,FALSE,Tidal_mudflat,Tidal_saline_matrix,25,FALSE,ASSIGNED,Within 30 ft of tidal wetland or eel grass
92606,Mudflat/Dry Pond Bottom Mapping Unit,Mudflat,0.08013436376069996,FALSE,TRUE,FALSE,,FALSE,Tidal_mudflat,Tidal_saline_matrix,25,FALSE,ASSIGNED,Within 30 ft of tidal wetland or eel grass
92607,Mudflat/Dry Pond Bottom Mapping Unit,Mudflat,0.042927234153134125,FALSE,TRUE,FALSE,,FALSE,Tidal_mudflat,Tidal_saline_matrix,25,FALSE,ASSIGNED,Within 30 ft of tidal wetland or eel grass
92608,Mudflat/Dry Pond Bottom Mapping Unit,Mudflat,0.06111146543811689,FALSE,TRUE,FALSE,,FALSE,Tidal_mudflat,Tidal_saline_matrix,25,FALSE,ASSIGNED,Within 30 ft of tidal wetland or eel grass
92609,Mudflat/Dry Pond Bottom Mapping Unit,Mudflat,0.029889928620319032,FALSE,TRUE,FALSE,,FALSE,Tidal_mudflat,Tidal_saline_matrix,25,FALSE,ASSIGNED,Within 30 ft of tidal wetland or eel grass
92610,Mudflat/Dry Pond Bottom Mapping Unit,Mudflat,0.27667042153521093,FALSE,TRUE,FALSE,,FALSE,Tidal_mudflat,Tidal_saline_matrix,25,FALSE,ASSIGNED,Within 30 ft of tidal wetland or eel grass
92611,Mudflat/Dry Pond Bottom Mapping Unit,Mudflat,0.11189076852156046,FALSE,TRUE,FALSE,,FALSE,Tidal_mudflat,Tidal_saline_matrix,25,FALSE,ASSIGNED,Within 30 ft of tidal wetland or eel grass
92612,Mudflat/Dry Pond Bottom Mapping Unit,Mudflat,0.1639423270484794,FALSE,TRUE,FALSE,,TRUE,Tidal_mudflat,Tidal_saline_matrix,25,FALSE,ASSIGNED,Within 30 ft of tidal wetland or eel grass
92613,Mudflat/Dry Pond Bottom Mapping Unit,Mudflat,0.0427685156290209,FALSE,TRUE,FALSE,,FALSE,Tidal_mudflat,Tidal_saline_matrix,25,FALSE,ASSIGNED,Within 30 ft of tidal wetland or eel grass
92614,Mudflat/Dry Pond Bottom Mapping Unit,Mudflat,0.14825501092203824,FALSE,TRUE,FALSE,,FALSE,Tidal_mudflat,Tidal_saline_matrix,25,FALSE,ASSIGNED,Within 30 ft of tidal wetland or eel grass
92615,Mudflat/Dry Pond Bottom Mapping Unit,Mudflat,0.02672207798252798,FALSE,TRUE,FALSE,,FALSE,Tidal_mudflat,Tidal_saline_matrix,25,FALSE,ASSIGNED,Within 30 ft of tidal wetland or eel grass
92616,Mudflat/Dry Pond Bottom Mapping Unit,Mudflat,0.036179919760478615,FALSE,TRUE,FALSE,,FALSE,Tidal_mudflat,Tidal_saline_matrix,25,FALSE,ASSIGNED,Within 30 ft of tidal wetland or eel grass
92617,Mudflat/Dry Pond Bottom Mapping Unit,Mudflat,0.04361805718052371,FALSE,TRUE,FALSE,,FALSE,Tidal_mudflat,Tidal_saline_matrix,25,FALSE,ASSIGNED,Within 30 ft of tidal wetland or eel grass
92618,Mudflat/Dry Pond Bottom Mapping Unit,Mudflat,0.028890127388379285,FALSE,TRUE,FALSE,,FALSE,Tidal_mudflat,Tidal_saline_matrix,25,FALSE,ASSIGNED,Within 30 ft of tidal wetland or eel grass
92619,Mudflat/Dry Pond Bottom Mapping Unit,Mudflat,0.02176298328145696,FALSE,TRUE,FALSE,,FALSE,Tidal_mudflat,Tidal_saline_matrix,25,FALSE,ASSIGNED,Within 30 ft of tidal wetland or eel grass
92620,Mudflat/Dry Pond Bottom Mapping Unit,Mudflat,0.17135115275220222,FALSE,TRUE,FALSE,,FALSE,Tidal_mudflat,Tidal_saline_matrix,25,FALSE,ASSIGNED,Within 30 ft of tidal wetland or eel grass
92621,Mudflat/Dry Pond Bottom Mapping Unit,Mudflat,0.023335810350383717,FALSE,TRUE,FALSE,,FALSE,Tidal_mudflat,Tidal_saline_matrix,25,FALSE,ASSIGNED,Within 30 ft of tidal wetland or eel grass
92622,Mudflat/Dry Pond Bottom Mapping Unit,Mudflat,0.012642811907422162,FALSE,TRUE,FALSE,,FALSE,Tidal_mudflat,Tidal_saline_matrix,25,FALSE,ASSIGNED,Within 30 ft of tidal wetland or eel grass
92623,Mudflat/Dry Pond Bottom Mapping Unit,Mudflat,0.08393597815160649,FALSE,TRUE,FALSE,,FALSE,Tidal_mudflat,Tidal_saline_matrix,25,FALSE,ASSIGNED,Within 30 ft of tidal wetland or eel grass
92624,Mudflat/Dry Pond Bottom Mapping Unit,Mudflat,0.01744904141139219,FALSE,TRUE,FALSE,,FALSE,Tidal_mudflat,Tidal_saline_matrix,25,FALSE,ASSIGNED,Within 30 ft of tidal wetland or eel grass
92625,Mudflat/Dry Pond Bottom Mapping Unit,Mudflat,1.1317344289413542,FALSE,TRUE,FALSE,,FALSE,Tidal_mudflat,Tidal_saline_matrix,25,FALSE,ASSIGNED,Within 30 ft of tidal wetland or eel grass
92626,Mudflat/Dry Pond Bottom Mapping Unit,Mudflat,0.08210970040252362,FALSE,TRUE,FALSE,,FALSE,Tidal_mudflat,Tidal_saline_matrix,25,FALSE,ASSIGNED,Within 30 ft of tidal wetland or eel grass
92627,Mudflat/Dry Pond Bottom Mapping Unit,Mudflat,0.011365162892162616,FALSE,TRUE,FALSE,,FALSE,Tidal_mudflat,Tidal_saline_matrix,25,FALSE,ASSIGNED,Within 30 ft of tidal wetland or eel grass
92628,Mudflat/Dry Pond Bottom Mapping Unit,Mudflat,0.04380980146773839,FALSE,TRUE,FALSE,,FALSE,Tidal_mudflat,Tidal_saline_matrix,25,FALSE,ASSIGNED,Within 30 ft of tidal wetland or eel grass
92629,Mudflat/Dry Pond Bottom Mapping Unit,Mudflat,0.34397981353357765,FALSE,TRUE,FALSE,,FALSE,Tidal_mudflat,Tidal_saline_matrix,25,FALSE,ASSIGNED,Within 30 ft of tidal wetland or eel grass
92630,Mudflat/Dry Pond Bottom Mapping Unit,Mudflat,0.03525067489497183,FALSE,TRUE,FALSE,,FALSE,Tidal_mudflat,Tidal_saline_matrix,25,FALSE,ASSIGNED,Within 30 ft of tidal wetland or eel grass
92631,Mudflat/Dry Pond Bottom Mapping Unit,Mudflat,0.02762232018573557,FALSE,TRUE,FALSE,,FALSE,Tidal_mudflat,Tidal_saline_matrix,25,FALSE,ASSIGNED,Within 30 ft of tidal wetland or eel grass
92632,Mudflat/Dry Pond Bottom Mapping Unit,Mudflat,0.10933042051769394,FALSE,TRUE,FALSE,,FALSE,Tidal_mudflat,Tidal_saline_matrix,25,FALSE,ASSIGNED,Within 30 ft of tidal wetland or eel grass
92633,Mudflat/Dry Pond Bottom Mapping Unit,Mudflat,1.5733420744210014,FALSE,TRUE,FALSE,,FALSE,Tidal_mudflat,Tidal_saline_matrix,25,FALSE,ASSIGNED,Within 30 ft of tidal wetland or eel grass
92634,Mudflat/Dry Pond Bottom Mapping Unit,Mudflat,0.015522928872147039,FALSE,TRUE,FALSE,,FALSE,Tidal_mudflat,Tidal_saline_matrix,25,FALSE,ASSIGNED,Within 30 ft of tidal wetland or eel grass
92635,Mudflat/Dry Pond Bottom Mapping Unit,Mudflat,0.1074352722818,FALSE,TRUE,FALSE,,FALSE,Tidal_mudflat,Tidal_saline_matrix,25,FALSE,ASSIGNED,Within 30 ft of tidal wetland or eel grass
92636,Mudflat/Dry Pond Bottom Mapping Unit,Mudflat,0.10430143431407714,FALSE,TRUE,FALSE,,FALSE,Tidal_mudflat,Tidal_saline_matrix,25,FALSE,ASSIGNED,Within 30 ft of tidal wetland or eel grass
92637,Mudflat/Dry Pond Bottom Mapping Unit,Mudflat,0.1669840209030811,FALSE,TRUE,FALSE,,FALSE,Tidal_mudflat,Tidal_saline_matrix,25,FALSE,ASSIGNED,Within 30 ft of tidal wetland or eel grass
92638,Mudflat/Dry Pond Bottom Mapping Unit,Mudflat,0.24259305297583414,FALSE,TRUE,FALSE,,FALSE,Tidal_mudflat,Tidal_saline_matrix,25,FALSE,ASSIGNED,Within 30 ft of tidal wetland or eel grass
92639,Mudflat/Dry Pond Bottom Mapping Unit,Mudflat,0.010225296059199125,FALSE,TRUE,FALSE,,FALSE,Tidal_mudflat,Tidal_saline_matrix,25,FALSE,ASSIGNED,Within 30 ft of tidal wetland or eel grass
92640,Mudflat/Dry Pond Bottom Mapping Unit,Mudflat,0.02347991486211933,FALSE,TRUE,FALSE,,FALSE,Tidal_mudflat,Tidal_saline_matrix,25,FALSE,ASSIGNED,Within 30 ft of tidal wetland or eel grass
92641,Mudflat/Dry Pond Bottom Mapping Unit,Mudflat,0.28070306389375754,FALSE,TRUE,FALSE,,FALSE,Tidal_mudflat,Tidal_saline_matrix,25,FALSE,ASSIGNED,Within 30 ft of tidal wetland or eel grass
92642,Mudflat/Dry Pond Bottom Mapping Unit,Mudflat,0.014497439091891951,FALSE,TRUE,FALSE,,FALSE,Tidal_mudflat,Tidal_saline_matrix,25,FALSE,ASSIGNED,Within 30 ft of tidal wetland or eel grass
92643,Mudflat/Dry Pond Bottom Mapping Unit,Mudflat,0.053336674788853254,FALSE,TRUE,FALSE,,FALSE,Tidal_mudflat,Tidal_saline_matrix,25,FALSE,ASSIGNED,Within 30 ft of tidal wetland or eel grass
92644,Mudflat/Dry Pond Bottom Mapping Unit,Mudflat,0.8503045625177582,FALSE,TRUE,FALSE,,FALSE,Tidal_mudflat,Tidal_saline_matrix,25,FALSE,ASSIGNED,Within 30 ft of tidal wetland or eel grass
92645,Mudflat/Dry Pond Bottom Mapping Unit,Mudflat,0.017892396067596992,FALSE,TRUE,FALSE,,FALSE,Tidal_mudflat,Tidal_saline_matrix,25,FALSE,ASSIGNED,Within 30 ft of tidal wetland or eel grass
92646,Mudflat/Dry Pond Bottom Mapping Unit,Mudflat,0.054370627432141105,FALSE,TRUE,FALSE,,FALSE,Tidal_mudflat,Tidal_saline_matrix,25,FALSE,ASSIGNED,Within 30 ft of tidal wetland or eel grass
92647,Mudflat/Dry Pond Bottom Mapping Unit,Mudflat,0.1092749660416321,FALSE,TRUE,FALSE,,FALSE,Tidal_mudflat,Tidal_saline_matrix,25,FALSE,ASSIGNED,Within 30 ft of tidal wetland or eel grass
92648,Mudflat/Dry Pond Bottom Mapping Unit,Mudflat,0.045129092182674795,FALSE,TRUE,FALSE,,FALSE,Tidal_mudflat,Tidal_saline_matrix,25,FALSE,ASSIGNED,Within 30 ft of tidal wetland or eel grass
92649,Mudflat/Dry Pond Bottom Mapping Unit,Mudflat,0.08235722320964332,FALSE,TRUE,FALSE,,FALSE,Tidal_mudflat,Tidal_saline_matrix,25,FALSE,ASSIGNED,Within 30 ft of tidal wetland or eel grass
92650,Mudflat/Dry Pond Bottom Mapping Unit,Mudflat,0.04965817230203991,FALSE,TRUE,FALSE,,FALSE,Tidal_mudflat,Tidal_saline_matrix,25,FALSE,ASSIGNED,Within 30 ft of tidal wetland or eel grass
92651,Mudflat/Dry Pond Bottom Mapping Unit,Mudflat,0.012037018792415824,FALSE,TRUE,FALSE,,FALSE,Tidal_mudflat,Tidal_saline_matrix,25,FALSE,ASSIGNED,Within 30 ft of tidal wetland or eel grass
92652,Mudflat/Dry Pond Bottom Mapping Unit,Mudflat,0.034651081886376556,FALSE,TRUE,FALSE,,FALSE,Tidal_mudflat,Tidal_saline_matrix,25,FALSE,ASSIGNED,Within 30 ft of tidal wetland or eel grass
92653,Mudflat/Dry Pond Bottom Mapping Unit,Mudflat,0.045343870679210745,FALSE,TRUE,FALSE,,FALSE,Tidal_mudflat,Tidal_saline_matrix,25,FALSE,ASSIGNED,Within 30 ft of tidal wetland or eel grass
92654,Mudflat/Dry Pond Bottom Mapping Unit,Mudflat,0.2919431521287822,FALSE,TRUE,FALSE,,FALSE,Tidal_mudflat,Tidal_saline_matrix,25,FALSE,ASSIGNED,Within 30 ft of tidal wetland or eel grass
92655,Mudflat/Dry Pond Bottom Mapping Unit,Mudflat,0.04129941796254908,FALSE,TRUE,FALSE,,FALSE,Tidal_mudflat,Tidal_saline_matrix,25,FALSE,ASSIGNED,Within 30 ft of tidal wetland or eel grass
92656,Mudflat/Dry Pond Bottom Mapping Unit,Mudflat,0.015432024260120808,FALSE,TRUE,FALSE,,FALSE,Tidal_mudflat,Tidal_saline_matrix,25,FALSE,ASSIGNED,Within 30 ft of tidal wetland or eel grass
92657,Mudflat/Dry Pond Bottom Mapping Unit,Mudflat,0.14408868990124632,FALSE,TRUE,FALSE,,FALSE,Tidal_mudflat,Tidal_saline_matrix,25,FALSE,ASSIGNED,Within 30 ft of tidal wetland or eel grass
92658,Mudflat/Dry Pond Bottom Mapping Unit,Mudflat,0.018223469596794106,FALSE,TRUE,FALSE,,FALSE,Tidal_mudflat,Tidal_saline_matrix,25,FALSE,ASSIGNED,Within 30 ft of tidal wetland or eel grass
92659,Mudflat/Dry Pond Bottom Mapping Unit,Mudflat,0.08758746993615744,FALSE,TRUE,FALSE,,FALSE,Tidal_mudflat,Tidal_saline_matrix,25,FALSE,ASSIGNED,Within 30 ft of tidal wetland or eel grass
92660,Mudflat/Dry Pond Bottom Mapping Unit,Mudflat,0.10155453927359591,FALSE,TRUE,FALSE,,FALSE,Tidal_mudflat,Tidal_saline_matrix,25,FALSE,ASSIGNED,Within 30 ft of tidal wetland or eel grass
92661,Mudflat/Dry Pond Bottom Mapping Unit,Mudflat,0.015405318651127483,FALSE,TRUE,FALSE,,FALSE,Tidal_mudflat,Tidal_saline_matrix,25,FALSE,ASSIGNED,Within 30 ft of tidal wetland or eel grass
92662,Mudflat/Dry Pond Bottom Mapping Unit,Mudflat,0.029522546498489507,FALSE,TRUE,FALSE,,FALSE,Tidal_mudflat,Tidal_saline_matrix,25,FALSE,ASSIGNED,Within 30 ft of tidal wetland or eel grass
92663,Mudflat/Dry Pond Bottom Mapping Unit,Mudflat,0.15359299480576863,FALSE,TRUE,FALSE,,FALSE,Tidal_mudflat,Tidal_saline_matrix,25,FALSE,ASSIGNED,Within 30 ft of tidal wetland or eel grass
92664,Mudflat/Dry Pond Bottom Mapping Unit,Mudflat,0.015679459778793255,FALSE,TRUE,FALSE,,FALSE,Tidal_mudflat,Tidal_saline_matrix,25,FALSE,ASSIGNED,Within 30 ft of tidal wetland or eel grass
92665,Mudflat/Dry Pond Bottom Mapping Unit,Mudflat,0.01496792859194334,FALSE,TRUE,FALSE,,FALSE,Tidal_mudflat,Tidal_saline_matrix,25,FALSE,ASSIGNED,Within 30 ft of tidal wetland or eel grass
92666,Mudflat/Dry Pond Bottom Mapping Unit,Mudflat,0.01809687944519651,FALSE,TRUE,FALSE,,FALSE,Tidal_mudflat,Tidal_saline_matrix,25,FALSE,ASSIGNED,Within 30 ft of tidal wetland or eel grass
92667,Mudflat/Dry Pond Bottom Mapping Unit,Mudflat,0.15352232354360598,FALSE,TRUE,FALSE,,FALSE,Tidal_mudflat,Tidal_saline_matrix,25,FALSE,ASSIGNED,Within 30 ft of tidal wetland or eel grass
92668,Mudflat/Dry Pond Bottom Mapping Unit,Mudflat,0.13438916837114176,FALSE,TRUE,FALSE,,FALSE,Tidal_mudflat,Tidal_saline_matrix,25,FALSE,ASSIGNED,Within 30 ft of tidal wetland or eel grass
92669,Mudflat/Dry Pond Bottom Mapping Unit,Mudflat,0.7038953848855153,FALSE,TRUE,FALSE,,FALSE,Tidal_mudflat,Tidal_saline_matrix,25,FALSE,ASSIGNED,Within 30 ft of tidal wetland or eel grass
92670,Mudflat/Dry Pond Bottom Mapping Unit,Mudflat,0.0379620513385535,FALSE,TRUE,FALSE,,FALSE,Tidal_mudflat,Tidal_saline_matrix,25,FALSE,ASSIGNED,Within 30 ft of tidal wetland or eel grass
92671,Mudflat/Dry Pond Bottom Mapping Unit,Mudflat,0.04076200694328589,FALSE,TRUE,FALSE,,FALSE,Tidal_mudflat,Tidal_saline_matrix,25,FALSE,ASSIGNED,Within 30 ft of tidal wetland or eel grass
92672,Mudflat/Dry Pond Bottom Mapping Unit,Mudflat,0.017355453116370115,FALSE,TRUE,FALSE,,FALSE,Tidal_mudflat,Tidal_saline_matrix,25,FALSE,ASSIGNED,Within 30 ft of tidal wetland or eel grass
92673,Mudflat/Dry Pond Bottom Mapping Unit,Mudflat,0.029906648363951047,FALSE,TRUE,FALSE,,FALSE,Tidal_mudflat,Tidal_saline_matrix,25,FALSE,ASSIGNED,Within 30 ft of tidal wetland or eel grass
92674,Mudflat/Dry Pond Bottom Mapping Unit,Mudflat,0.019214799169346562,FALSE,TRUE,FALSE,,FALSE,Tidal_mudflat,Tidal_saline_matrix,25,FALSE,ASSIGNED,Within 30 ft of tidal wetland or eel grass
92675,Mudflat/Dry Pond Bottom Mapping Unit,Mudflat,0.035541176837439875,FALSE,TRUE,FALSE,,FALSE,Tidal_mudflat,Tidal_saline_matrix,25,FALSE,ASSIGNED,Within 30 ft of tidal wetland or eel grass
92676,Mudflat/Dry Pond Bottom Mapping Unit,Mudflat,0.036753755649980985,FALSE,TRUE,FALSE,,FALSE,Tidal_mudflat,Tidal_saline_matrix,25,FALSE,ASSIGNED,Within 30 ft of tidal wetland or eel grass
92677,Mudflat/Dry Pond Bottom Mapping Unit,Mudflat,0.019926639164698216,FALSE,TRUE,FALSE,,FALSE,Tidal_mudflat,Tidal_saline_matrix,25,FALSE,ASSIGNED,Within 30 ft of tidal wetland or eel grass
92678,Mudflat/Dry Pond Bottom Mapping Unit,Mudflat,0.18963076740545004,FALSE,TRUE,FALSE,,FALSE,Tidal_mudflat,Tidal_saline_matrix,25,FALSE,ASSIGNED,Within 30 ft of tidal wetland or eel grass
92679,Mudflat/Dry Pond Bottom Mapping Unit,Mudflat,0.022948452926268535,FALSE,TRUE,FALSE,,FALSE,Tidal_mudflat,Tidal_saline_matrix,25,FALSE,ASSIGNED,Within 30 ft of tidal wetland or eel grass
92680,Mudflat/Dry Pond Bottom Mapping Unit,Mudflat,0.02270133071783808,FALSE,TRUE,FALSE,,FALSE,Tidal_mudflat,Tidal_saline_matrix,25,FALSE,ASSIGNED,Within 30 ft of tidal wetland or eel grass
92681,Mudflat/Dry Pond Bottom Mapping Unit,Mudflat,0.02605274386464284,FALSE,TRUE,FALSE,,FALSE,Tidal_mudflat,Tidal_saline_matrix,25,FALSE,ASSIGNED,Within 30 ft of tidal wetland or eel grass
92682,Mudflat/Dry Pond Bottom Mapping Unit,Mudflat,0.020362900250767372,FALSE,TRUE,FALSE,,FALSE,Tidal_mudflat,Tidal_saline_matrix,25,FALSE,ASSIGNED,Within 30 ft of tidal wetland or eel grass
92683,Mudflat/Dry Pond Bottom Mapping Unit,Mudflat,0.043112370585418947,FALSE,TRUE,FALSE,,FALSE,Tidal_mudflat,Tidal_saline_matrix,25,FALSE,ASSIGNED,Within 30 ft of tidal wetland or eel grass
92684,Mudflat/Dry Pond Bottom Mapping Unit,Mudflat,0.028043803524643078,FALSE,TRUE,FALSE,,FALSE,Tidal_mudflat,Tidal_saline_matrix,25,FALSE,ASSIGNED,Within 30 ft of tidal wetland or eel grass
92685,Mudflat/Dry Pond Bottom Mapping Unit,Mudflat,0.027626575606241814,FALSE,TRUE,FALSE,,FALSE,Tidal_mudflat,Tidal_saline_matrix,25,FALSE,ASSIGNED,Within 30 ft of tidal wetland or eel grass
92686,Mudflat/Dry Pond Bottom Mapping Unit,Mudflat,0.025068890751549656,FALSE,TRUE,FALSE,,FALSE,Tidal_mudflat,Tidal_saline_matrix,25,FALSE,ASSIGNED,Within 30 ft of tidal wetland or eel grass
92687,Mudflat/Dry Pond Bottom Mapping Unit,Mudflat,0.01502015610874235,FALSE,TRUE,FALSE,,FALSE,Tidal_mudflat,Tidal_saline_matrix,25,FALSE,ASSIGNED,Within 30 ft of tidal wetland or eel grass
92688,Mudflat/Dry Pond Bottom Mapping Unit,Mudflat,0.03682269368003738,FALSE,TRUE,FALSE,,FALSE,Tidal_mudflat,Tidal_saline_matrix,25,FALSE,ASSIGNED,Within 30 ft of tidal wetland or eel grass
92689,Mudflat/Dry Pond Bottom Mapping Unit,Mudflat,0.015459487161389063,FALSE,TRUE,FALSE,,FALSE,Tidal_mudflat,Tidal_saline_matrix,25,FALSE,ASSIGNED,Within 30 ft of tidal wetland or eel grass
92690,Mudflat/Dry Pond Bottom Mapping Unit,Mudflat,0.02139699933548163,FALSE,TRUE,FALSE,,FALSE,Tidal_mudflat,Tidal_saline_matrix,25,FALSE,ASSIGNED,Within 30 ft of tidal wetland or eel grass
92691,Mudflat/Dry Pond Bottom Mapping Unit,Mudflat,5.606410537735105,FALSE,TRUE,FALSE,,FALSE,Tidal_mudflat,Tidal_saline_matrix,25,FALSE,ASSIGNED,Within 30 ft of tidal wetland or eel grass
92692,Mudflat/Dry Pond Bottom Mapping Unit,Mudflat,0.10125436408019382,FALSE,TRUE,FALSE,,FALSE,Tidal_mudflat,Tidal_saline_matrix,25,FALSE,ASSIGNED,Within 30 ft of tidal wetland or eel grass
92693,Mudflat/Dry Pond Bottom Mapping Unit,Mudflat,0.01880353521248392,FALSE,TRUE,FALSE,,FALSE,Tidal_mudflat,Tidal_saline_matrix,25,FALSE,ASSIGNED,Within 30 ft of tidal wetland or eel grass
92694,Mudflat/Dry Pond Bottom Mapping Unit,Mudflat,0.023403465325639243,FALSE,TRUE,FALSE,,FALSE,Tidal_mudflat,Tidal_saline_matrix,25,FALSE,ASSIGNED,Within 30 ft of tidal wetland or eel grass
92695,Mudflat/Dry Pond Bottom Mapping Unit,Mudflat,0.021179310942731004,FALSE,TRUE,FALSE,,FALSE,Tidal_mudflat,Tidal_saline_matrix,25,FALSE,ASSIGNED,Within 30 ft of tidal wetland or eel grass
92696,Mudflat/Dry Pond Bottom Mapping Unit,Mudflat,0.09804827630990111,FALSE,TRUE,FALSE,,FALSE,Tidal_mudflat,Tidal_saline_matrix,25,FALSE,ASSIGNED,Within 30 ft of tidal wetland or eel grass
92697,Mudflat/Dry Pond Bottom Mapping Unit,Mudflat,1.4220629744827278,FALSE,TRUE,FALSE,,FALSE,Tidal_mudflat,Tidal_saline_matrix,25,FALSE,ASSIGNED,Within 30 ft of tidal wetland or eel grass
92698,Mudflat/Dry Pond Bottom Mapping Unit,Mudflat,0.061937437684389134,FALSE,TRUE,FALSE,,FALSE,Tidal_mudflat,Tidal_saline_matrix,25,FALSE,ASSIGNED,Within 30 ft of tidal wetland or eel grass
92699,Mudflat/Dry Pond Bottom Mapping Unit,Mudflat,0.016666599995667844,FALSE,TRUE,FALSE,,FALSE,Tidal_mudflat,Tidal_saline_matrix,25,FALSE,ASSIGNED,Within 30 ft of tidal wetland or eel grass
92700,Mudflat/Dry Pond Bottom Mapping Unit,Mudflat,0.014554579063788242,FALSE,TRUE,FALSE,,FALSE,Tidal_mudflat,Tidal_saline_matrix,25,FALSE,ASSIGNED,Within 30 ft of tidal wetland or eel grass
92701,Mudflat/Dry Pond Bottom Mapping Unit,Mudflat,0.014946391395396247,FALSE,TRUE,FALSE,,FALSE,Tidal_mudflat,Tidal_saline_matrix,25,FALSE,ASSIGNED,Within 30 ft of tidal wetland or eel grass
92702,Mudflat/Dry Pond Bottom Mapping Unit,Mudflat,0.04601793813547811,FALSE,TRUE,FALSE,,FALSE,Tidal_mudflat,Tidal_saline_matrix,25,FALSE,ASSIGNED,Within 30 ft of tidal wetland or eel grass
92703,Mudflat/Dry Pond Bottom Mapping Unit,Mudflat,0.35575904703878286,FALSE,TRUE,FALSE,,FALSE,Tidal_mudflat,Tidal_saline_matrix,25,FALSE,ASSIGNED,Within 30 ft of tidal wetland or eel grass
92704,Mudflat/Dry Pond Bottom Mapping Unit,Mudflat,0.05947007178638807,FALSE,TRUE,FALSE,,FALSE,Tidal_mudflat,Tidal_saline_matrix,25,FALSE,ASSIGNED,Within 30 ft of tidal wetland or eel grass
92705,Mudflat/Dry Pond Bottom Mapping Unit,Mudflat,0.07588763078086536,FALSE,TRUE,FALSE,,FALSE,Tidal_mudflat,Tidal_saline_matrix,25,FALSE,ASSIGNED,Within 30 ft of tidal wetland or eel grass
92706,Mudflat/Dry Pond Bottom Mapping Unit,Mudflat,0.06786106230554757,FALSE,TRUE,FALSE,,FALSE,Tidal_mudflat,Tidal_saline_matrix,25,FALSE,ASSIGNED,Within 30 ft of tidal wetland or eel grass
92707,Mudflat/Dry Pond Bottom Mapping Unit,Mudflat,0.0281453435662254,FALSE,TRUE,FALSE,,FALSE,Tidal_mudflat,Tidal_saline_matrix,25,FALSE,ASSIGNED,Within 30 ft of tidal wetland or eel grass
92708,Mudflat/Dry Pond Bottom Mapping Unit,Mudflat,0.02053237006536289,FALSE,TRUE,FALSE,,FALSE,Tidal_mudflat,Tidal_saline_matrix,25,FALSE,ASSIGNED,Within 30 ft of tidal wetland or eel grass
92709,Mudflat/Dry Pond Bottom Mapping Unit,Mudflat,0.033793149282948784,FALSE,TRUE,FALSE,,FALSE,Tidal_mudflat,Tidal_saline_matrix,25,FALSE,ASSIGNED,Within 30 ft of tidal wetland or eel grass
92710,Mudflat/Dry Pond Bottom Mapping Unit,Mudflat,0.197969717330669,FALSE,TRUE,FALSE,,FALSE,Tidal_mudflat,Tidal_saline_matrix,25,FALSE,ASSIGNED,Within 30 ft of tidal wetland or eel grass
92711,Mudflat/Dry Pond Bottom Mapping Unit,Mudflat,0.022291282253321554,FALSE,TRUE,FALSE,,FALSE,Tidal_mudflat,Tidal_saline_matrix,25,FALSE,ASSIGNED,Within 30 ft of tidal wetland or eel grass
92712,Mudflat/Dry Pond Bottom Mapping Unit,Mudflat,0.1610698569800752,FALSE,TRUE,FALSE,,FALSE,Tidal_mudflat,Tidal_saline_matrix,25,FALSE,ASSIGNED,Within 30 ft of tidal wetland or eel grass
92713,Mudflat/Dry Pond Bottom Mapping Unit,Mudflat,0.06857163208687926,FALSE,TRUE,FALSE,,FALSE,Tidal_mudflat,Tidal_saline_matrix,25,FALSE,ASSIGNED,Within 30 ft of tidal wetland or eel grass
92714,Mudflat/Dry Pond Bottom Mapping Unit,Mudflat,0.017378327016771493,FALSE,TRUE,FALSE,,FALSE,Tidal_mudflat,Tidal_saline_matrix,25,FALSE,ASSIGNED,Within 30 ft of tidal wetland or eel grass
92715,Mudflat/Dry Pond Bottom Mapping Unit,Mudflat,0.23415197724871767,FALSE,TRUE,FALSE,,FALSE,Tidal_mudflat,Tidal_saline_matrix,25,FALSE,ASSIGNED,Within 30 ft of tidal wetland or eel grass
92716,Mudflat/Dry Pond Bottom Mapping Unit,Mudflat,0.018526021379404786,FALSE,TRUE,FALSE,,FALSE,Tidal_mudflat,Tidal_saline_matrix,25,FALSE,ASSIGNED,Within 30 ft of tidal wetland or eel grass
92717,Mudflat/Dry Pond Bottom Mapping Unit,Mudflat,0.01827715659459948,FALSE,TRUE,FALSE,,FALSE,Tidal_mudflat,Tidal_saline_matrix,25,FALSE,ASSIGNED,Within 30 ft of tidal wetland or eel grass
92718,Mudflat/Dry Pond Bottom Mapping Unit,Mudflat,0.015679633008816307,FALSE,TRUE,FALSE,,FALSE,Tidal_mudflat,Tidal_saline_matrix,25,FALSE,ASSIGNED,Within 30 ft of tidal wetland or eel grass
92719,Mudflat/Dry Pond Bottom Mapping Unit,Mudflat,0.024242379998008413,FALSE,TRUE,FALSE,,FALSE,Tidal_mudflat,Tidal_saline_matrix,25,FALSE,ASSIGNED,Within 30 ft of tidal wetland or eel grass
92720,Mudflat/Dry Pond Bottom Mapping Unit,Mudflat,5.040222187814412,FALSE,TRUE,FALSE,,FALSE,Tidal_mudflat,Tidal_saline_matrix,25,FALSE,ASSIGNED,Within 30 ft of tidal wetland or eel grass
92721,Mudflat/Dry Pond Bottom Mapping Unit,Mudflat,0.015771286778687145,FALSE,TRUE,FALSE,,FALSE,Tidal_mudflat,Tidal_saline_matrix,25,FALSE,ASSIGNED,Within 30 ft of tidal wetland or eel grass
92722,Mudflat/Dry Pond Bottom Mapping Unit,Mudflat,0.7282986565200756,FALSE,TRUE,FALSE,,FALSE,Tidal_mudflat,Tidal_saline_matrix,25,FALSE,ASSIGNED,Within 30 ft of tidal wetland or eel grass
92723,Mudflat/Dry Pond Bottom Mapping Unit,Mudflat,0.03716697713513602,FALSE,TRUE,FALSE,,FALSE,Tidal_mudflat,Tidal_saline_matrix,25,FALSE,ASSIGNED,Within 30 ft of tidal wetland or eel grass
92724,Mudflat/Dry Pond Bottom Mapping Unit,Mudflat,0.01453156206121317,FALSE,TRUE,FALSE,,FALSE,Tidal_mudflat,Tidal_saline_matrix,25,FALSE,ASSIGNED,Within 30 ft of tidal wetland or eel grass
92725,Mudflat/Dry Pond Bottom Mapping Unit,Mudflat,0.01859485396651103,FALSE,TRUE,FALSE,,FALSE,Tidal_mudflat,Tidal_saline_matrix,25,FALSE,ASSIGNED,Within 30 ft of tidal wetland or eel grass
92726,Mudflat/Dry Pond Bottom Mapping Unit,Mudflat,0.021671111096174155,FALSE,TRUE,FALSE,,FALSE,Tidal_mudflat,Tidal_saline_matrix,25,FALSE,ASSIGNED,Within 30 ft of tidal wetland or eel grass
92727,Mudflat/Dry Pond Bottom Mapping Unit,Mudflat,0.7840273722322135,FALSE,TRUE,FALSE,,FALSE,Tidal_mudflat,Tidal_saline_matrix,25,FALSE,ASSIGNED,Within 30 ft of tidal wetland or eel grass
92728,Mudflat/Dry Pond Bottom Mapping Unit,Mudflat,0.054733352903443507,FALSE,TRUE,FALSE,,FALSE,Tidal_mudflat,Tidal_saline_matrix,25,FALSE,ASSIGNED,Within 30 ft of tidal wetland or eel grass
92729,Mudflat/Dry Pond Bottom Mapping Unit,Mudflat,0.022639359390477225,FALSE,TRUE,FALSE,,FALSE,Tidal_mudflat,Tidal_saline_matrix,25,FALSE,ASSIGNED,Within 30 ft of tidal wetland or eel grass
92730,Mudflat/Dry Pond Bottom Mapping Unit,Mudflat,0.06163918070595654,FALSE,TRUE,FALSE,,FALSE,Tidal_mudflat,Tidal_saline_matrix,25,FALSE,ASSIGNED,Within 30 ft of tidal wetland or eel grass
92731,Mudflat/Dry Pond Bottom Mapping Unit,Mudflat,0.033818960572733925,FALSE,TRUE,FALSE,,FALSE,Tidal_mudflat,Tidal_saline_matrix,25,FALSE,ASSIGNED,Within 30 ft of tidal wetland or eel grass
92732,Mudflat/Dry Pond Bottom Mapping Unit,Mudflat,0.8415015555005037,FALSE,TRUE,FALSE,,FALSE,Tidal_mudflat,Tidal_saline_matrix,25,FALSE,ASSIGNED,Within 30 ft of tidal wetland or eel grass
92733,Mudflat/Dry Pond Bottom Mapping Unit,Mudflat,0.06202933999554525,FALSE,TRUE,FALSE,,FALSE,Tidal_mudflat,Tidal_saline_matrix,25,FALSE,ASSIGNED,Within 30 ft of tidal wetland or eel grass
92734,Mudflat/Dry Pond Bottom Mapping Unit,Mudflat,0.342352611557088,FALSE,FALSE,FALSE,,FALSE,UNRESOLVED_MUDFLAT_REVIEW,UNRESOLVED_REVIEW,,FALSE,REVIEW_REQUIRED,"No freshwater, tidal, or modeled-site spatial evidence"
92735,Mudflat/Dry Pond Bottom Mapping Unit,Mudflat,0.9789798090302694,TRUE,FALSE,FALSE,,FALSE,Freshwater_dry_pond_bottom,Freshwater_wetland_riparian,1,FALSE,ASSIGNED,Within 30 ft of freshwater wetland or riparian forest
92736,Mudflat/Dry Pond Bottom Mapping Unit,Mudflat,0.1926978353420672,FALSE,FALSE,FALSE,,FALSE,UNRESOLVED_MUDFLAT_REVIEW,UNRESOLVED_REVIEW,,FALSE,REVIEW_REQUIRED,"No freshwater, tidal, or modeled-site spatial evidence"
92737,Mudflat/Dry Pond Bottom Mapping Unit,Mudflat,0.09825507534363322,FALSE,TRUE,FALSE,,FALSE,Tidal_mudflat,Tidal_saline_matrix,25,FALSE,ASSIGNED,Within 30 ft of tidal wetland or eel grass
92738,Mudflat/Dry Pond Bottom Mapping Unit,Mudflat,0.025780774706129803,FALSE,TRUE,FALSE,,FALSE,Tidal_mudflat,Tidal_saline_matrix,25,FALSE,ASSIGNED,Within 30 ft of tidal wetland or eel grass
92739,Mudflat/Dry Pond Bottom Mapping Unit,Mudflat,0.01958209210256442,FALSE,TRUE,FALSE,,FALSE,Tidal_mudflat,Tidal_saline_matrix,25,FALSE,ASSIGNED,Within 30 ft of tidal wetland or eel grass
92740,Mudflat/Dry Pond Bottom Mapping Unit,Mudflat,0.03159206605081425,FALSE,FALSE,FALSE,,FALSE,UNRESOLVED_MUDFLAT_REVIEW,UNRESOLVED_REVIEW,,FALSE,REVIEW_REQUIRED,"No freshwater, tidal, or modeled-site spatial evidence"
92741,Mudflat/Dry Pond Bottom Mapping Unit,Mudflat,0.2500465704788229,FALSE,FALSE,FALSE,,FALSE,UNRESOLVED_MUDFLAT_REVIEW,UNRESOLVED_REVIEW,,FALSE,REVIEW_REQUIRED,"No freshwater, tidal, or modeled-site spatial evidence"
92742,Mudflat/Dry Pond Bottom Mapping Unit,Mudflat,0.014899953396691899,FALSE,FALSE,FALSE,,FALSE,UNRESOLVED_MUDFLAT_REVIEW,UNRESOLVED_REVIEW,,FALSE,REVIEW_REQUIRED,"No freshwater, tidal, or modeled-site spatial evidence"
92743,Mudflat/Dry Pond Bottom Mapping Unit,Mudflat,0.016689888139311687,FALSE,TRUE,FALSE,,FALSE,Tidal_mudflat,Tidal_saline_matrix,25,FALSE,ASSIGNED,Within 30 ft of tidal wetland or eel grass
92744,Mudflat/Dry Pond Bottom Mapping Unit,Mudflat,0.054361582372496865,FALSE,TRUE,FALSE,,FALSE,Tidal_mudflat,Tidal_saline_matrix,25,FALSE,ASSIGNED,Within 30 ft of tidal wetland or eel grass
92745,Mudflat/Dry Pond Bottom Mapping Unit,Mudflat,0.020270809641101766,FALSE,TRUE,FALSE,,FALSE,Tidal_mudflat,Tidal_saline_matrix,25,FALSE,ASSIGNED,Within 30 ft of tidal wetland or eel grass
92746,Mudflat/Dry Pond Bottom Mapping Unit,Mudflat,0.09512964542654315,FALSE,TRUE,FALSE,,FALSE,Tidal_mudflat,Tidal_saline_matrix,25,FALSE,ASSIGNED,Within 30 ft of tidal wetland or eel grass
92747,Mudflat/Dry Pond Bottom Mapping Unit,Mudflat,0.018251135391280933,FALSE,TRUE,FALSE,,FALSE,Tidal_mudflat,Tidal_saline_matrix,25,FALSE,ASSIGNED,Within 30 ft of tidal wetland or eel grass
92748,Mudflat/Dry Pond Bottom Mapping Unit,Mudflat,0.032281044488360305,FALSE,FALSE,FALSE,,FALSE,UNRESOLVED_MUDFLAT_REVIEW,UNRESOLVED_REVIEW,,FALSE,REVIEW_REQUIRED,"No freshwater, tidal, or modeled-site spatial evidence"
92749,Mudflat/Dry Pond Bottom Mapping Unit,Mudflat,0.01763083619482004,FALSE,TRUE,FALSE,,FALSE,Tidal_mudflat,Tidal_saline_matrix,25,FALSE,ASSIGNED,Within 30 ft of tidal wetland or eel grass
92750,Mudflat/Dry Pond Bottom Mapping Unit,Mudflat,0.01713168120305812,FALSE,TRUE,FALSE,,FALSE,Tidal_mudflat,Tidal_saline_matrix,25,FALSE,ASSIGNED,Within 30 ft of tidal wetland or eel grass
92751,Mudflat/Dry Pond Bottom Mapping Unit,Mudflat,0.04553333649999244,FALSE,FALSE,FALSE,,FALSE,UNRESOLVED_MUDFLAT_REVIEW,UNRESOLVED_REVIEW,,FALSE,REVIEW_REQUIRED,"No freshwater, tidal, or modeled-site spatial evidence"
92752,Mudflat/Dry Pond Bottom Mapping Unit,Mudflat,1.307222909092109,FALSE,FALSE,FALSE,,FALSE,UNRESOLVED_MUDFLAT_REVIEW,UNRESOLVED_REVIEW,,FALSE,REVIEW_REQUIRED,"No freshwater, tidal, or modeled-site spatial evidence"
92753,Mudflat/Dry Pond Bottom Mapping Unit,Mudflat,0.03368432628564296,FALSE,TRUE,FALSE,,FALSE,Tidal_mudflat,Tidal_saline_matrix,25,FALSE,ASSIGNED,Within 30 ft of tidal wetland or eel grass
92754,Mudflat/Dry Pond Bottom Mapping Unit,Mudflat,0.12124644382367845,FALSE,TRUE,FALSE,,FALSE,Tidal_mudflat,Tidal_saline_matrix,25,FALSE,ASSIGNED,Within 30 ft of tidal wetland or eel grass
92755,Mudflat/Dry Pond Bottom Mapping Unit,Mudflat,0.10950323101151523,FALSE,TRUE,FALSE,,FALSE,Tidal_mudflat,Tidal_saline_matrix,25,FALSE,ASSIGNED,Within 30 ft of tidal wetland or eel grass
92756,Mudflat/Dry Pond Bottom Mapping Unit,Mudflat,0.059044834543908555,FALSE,TRUE,FALSE,,FALSE,Tidal_mudflat,Tidal_saline_matrix,25,FALSE,ASSIGNED,Within 30 ft of tidal wetland or eel grass
92757,Mudflat/Dry Pond Bottom Mapping Unit,Mudflat,2.0438419069427676,FALSE,TRUE,FALSE,,FALSE,Tidal_mudflat,Tidal_saline_matrix,25,FALSE,ASSIGNED,Within 30 ft of tidal wetland or eel grass
92758,Mudflat/Dry Pond Bottom Mapping Unit,Mudflat,0.03859026546033453,FALSE,TRUE,FALSE,,FALSE,Tidal_mudflat,Tidal_saline_matrix,25,FALSE,ASSIGNED,Within 30 ft of tidal wetland or eel grass
92759,Mudflat/Dry Pond Bottom Mapping Unit,Mudflat,0.03234356321817469,FALSE,TRUE,FALSE,,FALSE,Tidal_mudflat,Tidal_saline_matrix,25,FALSE,ASSIGNED,Within 30 ft of tidal wetland or eel grass
92760,Mudflat/Dry Pond Bottom Mapping Unit,Mudflat,0.020480705420508342,FALSE,TRUE,FALSE,,FALSE,Tidal_mudflat,Tidal_saline_matrix,25,FALSE,ASSIGNED,Within 30 ft of tidal wetland or eel grass
92761,Mudflat/Dry Pond Bottom Mapping Unit,Mudflat,0.01910735624001302,FALSE,TRUE,FALSE,,FALSE,Tidal_mudflat,Tidal_saline_matrix,25,FALSE,ASSIGNED,Within 30 ft of tidal wetland or eel grass
92762,Mudflat/Dry Pond Bottom Mapping Unit,Mudflat,0.045262112447224584,FALSE,TRUE,FALSE,,FALSE,Tidal_mudflat,Tidal_saline_matrix,25,FALSE,ASSIGNED,Within 30 ft of tidal wetland or eel grass
92763,Mudflat/Dry Pond Bottom Mapping Unit,Mudflat,0.02454076501404415,FALSE,TRUE,FALSE,,FALSE,Tidal_mudflat,Tidal_saline_matrix,25,FALSE,ASSIGNED,Within 30 ft of tidal wetland or eel grass
92764,Mudflat/Dry Pond Bottom Mapping Unit,Mudflat,0.03953147712432153,FALSE,TRUE,FALSE,,FALSE,Tidal_mudflat,Tidal_saline_matrix,25,FALSE,ASSIGNED,Within 30 ft of tidal wetland or eel grass
92765,Mudflat/Dry Pond Bottom Mapping Unit,Mudflat,7.204133572045542,FALSE,FALSE,FALSE,,FALSE,UNRESOLVED_MUDFLAT_REVIEW,UNRESOLVED_REVIEW,,FALSE,REVIEW_REQUIRED,"No freshwater, tidal, or modeled-site spatial evidence"
92766,Mudflat/Dry Pond Bottom Mapping Unit,Mudflat,0.01566740213342897,FALSE,TRUE,FALSE,,FALSE,Tidal_mudflat,Tidal_saline_matrix,25,FALSE,ASSIGNED,Within 30 ft of tidal wetland or eel grass
92767,Mudflat/Dry Pond Bottom Mapping Unit,Mudflat,0.03034840981351189,FALSE,TRUE,FALSE,,FALSE,Tidal_mudflat,Tidal_saline_matrix,25,FALSE,ASSIGNED,Within 30 ft of tidal wetland or eel grass
92768,Mudflat/Dry Pond Bottom Mapping Unit,Mudflat,0.09734054813112694,FALSE,TRUE,FALSE,,FALSE,Tidal_mudflat,Tidal_saline_matrix,25,FALSE,ASSIGNED,Within 30 ft of tidal wetland or eel grass
92769,Mudflat/Dry Pond Bottom Mapping Unit,Mudflat,2.346227228037371,FALSE,FALSE,FALSE,,FALSE,UNRESOLVED_MUDFLAT_REVIEW,UNRESOLVED_REVIEW,,FALSE,REVIEW_REQUIRED,"No freshwater, tidal, or modeled-site spatial evidence"
92770,Mudflat/Dry Pond Bottom Mapping Unit,Mudflat,1.4799951208973567,FALSE,TRUE,FALSE,,FALSE,Tidal_mudflat,Tidal_saline_matrix,25,FALSE,ASSIGNED,Within 30 ft of tidal wetland or eel grass
92771,Mudflat/Dry Pond Bottom Mapping Unit,Mudflat,0.139611157231022,FALSE,TRUE,FALSE,,FALSE,Tidal_mudflat,Tidal_saline_matrix,25,FALSE,ASSIGNED,Within 30 ft of tidal wetland or eel grass
92772,Mudflat/Dry Pond Bottom Mapping Unit,Mudflat,0.1622962990372326,FALSE,TRUE,FALSE,,FALSE,Tidal_mudflat,Tidal_saline_matrix,25,FALSE,ASSIGNED,Within 30 ft of tidal wetland or eel grass
92773,Mudflat/Dry Pond Bottom Mapping Unit,Mudflat,0.1798897729940435,FALSE,TRUE,FALSE,,FALSE,Tidal_mudflat,Tidal_saline_matrix,25,FALSE,ASSIGNED,Within 30 ft of tidal wetland or eel grass
92774,Mudflat/Dry Pond Bottom Mapping Unit,Mudflat,0.0440540132297251,FALSE,TRUE,FALSE,,FALSE,Tidal_mudflat,Tidal_saline_matrix,25,FALSE,ASSIGNED,Within 30 ft of tidal wetland or eel grass
92775,Mudflat/Dry Pond Bottom Mapping Unit,Mudflat,17.921119076543622,FALSE,FALSE,FALSE,,FALSE,UNRESOLVED_MUDFLAT_REVIEW,UNRESOLVED_REVIEW,,FALSE,REVIEW_REQUIRED,"No freshwater, tidal, or modeled-site spatial evidence"
92776,Mudflat/Dry Pond Bottom Mapping Unit,Mudflat,0.07475439679275594,FALSE,TRUE,FALSE,,FALSE,Tidal_mudflat,Tidal_saline_matrix,25,FALSE,ASSIGNED,Within 30 ft of tidal wetland or eel grass
92777,Mudflat/Dry Pond Bottom Mapping Unit,Mudflat,0.22570667483903276,FALSE,TRUE,FALSE,,FALSE,Tidal_mudflat,Tidal_saline_matrix,25,FALSE,ASSIGNED,Within 30 ft of tidal wetland or eel grass
92778,Mudflat/Dry Pond Bottom Mapping Unit,Mudflat,11.393845479577664,FALSE,FALSE,FALSE,,FALSE,UNRESOLVED_MUDFLAT_REVIEW,UNRESOLVED_REVIEW,,FALSE,REVIEW_REQUIRED,"No freshwater, tidal, or modeled-site spatial evidence"
92779,Mudflat/Dry Pond Bottom Mapping Unit,Mudflat,0.21277459645622745,FALSE,TRUE,FALSE,,FALSE,Tidal_mudflat,Tidal_saline_matrix,25,FALSE,ASSIGNED,Within 30 ft of tidal wetland or eel grass
92780,Mudflat/Dry Pond Bottom Mapping Unit,Mudflat,2.9606060581073153,FALSE,FALSE,FALSE,,FALSE,UNRESOLVED_MUDFLAT_REVIEW,UNRESOLVED_REVIEW,,FALSE,REVIEW_REQUIRED,"No freshwater, tidal, or modeled-site spatial evidence"
92781,Mudflat/Dry Pond Bottom Mapping Unit,Mudflat,0.018969307551001725,FALSE,TRUE,FALSE,,FALSE,Tidal_mudflat,Tidal_saline_matrix,25,FALSE,ASSIGNED,Within 30 ft of tidal wetland or eel grass
92782,Mudflat/Dry Pond Bottom Mapping Unit,Mudflat,0.059682946845128766,FALSE,TRUE,FALSE,,FALSE,Tidal_mudflat,Tidal_saline_matrix,25,FALSE,ASSIGNED,Within 30 ft of tidal wetland or eel grass
92783,Mudflat/Dry Pond Bottom Mapping Unit,Mudflat,1.3726192475088022,FALSE,TRUE,FALSE,,FALSE,Tidal_mudflat,Tidal_saline_matrix,25,FALSE,ASSIGNED,Within 30 ft of tidal wetland or eel grass
92784,Mudflat/Dry Pond Bottom Mapping Unit,Mudflat,0.027931371940261393,FALSE,TRUE,FALSE,,FALSE,Tidal_mudflat,Tidal_saline_matrix,25,FALSE,ASSIGNED,Within 30 ft of tidal wetland or eel grass
92785,Mudflat/Dry Pond Bottom Mapping Unit,Mudflat,0.024438400993281508,FALSE,TRUE,FALSE,,FALSE,Tidal_mudflat,Tidal_saline_matrix,25,FALSE,ASSIGNED,Within 30 ft of tidal wetland or eel grass
92786,Mudflat/Dry Pond Bottom Mapping Unit,Mudflat,6.104648746554663,FALSE,TRUE,FALSE,,FALSE,Tidal_mudflat,Tidal_saline_matrix,25,FALSE,ASSIGNED,Within 30 ft of tidal wetland or eel grass
92787,Mudflat/Dry Pond Bottom Mapping Unit,Mudflat,0.40851498732601793,FALSE,TRUE,FALSE,,FALSE,Tidal_mudflat,Tidal_saline_matrix,25,FALSE,ASSIGNED,Within 30 ft of tidal wetland or eel grass
92788,Mudflat/Dry Pond Bottom Mapping Unit,Mudflat,1.548820405054595,FALSE,TRUE,FALSE,,FALSE,Tidal_mudflat,Tidal_saline_matrix,25,FALSE,ASSIGNED,Within 30 ft of tidal wetland or eel grass
92789,Mudflat/Dry Pond Bottom Mapping Unit,Mudflat,19.402487281730046,FALSE,TRUE,FALSE,,FALSE,Tidal_mudflat,Tidal_saline_matrix,25,FALSE,ASSIGNED,Within 30 ft of tidal wetland or eel grass
92790,Mudflat/Dry Pond Bottom Mapping Unit,Mudflat,0.050505164816640635,FALSE,FALSE,FALSE,,FALSE,UNRESOLVED_MUDFLAT_REVIEW,UNRESOLVED_REVIEW,,FALSE,REVIEW_REQUIRED,"No freshwater, tidal, or modeled-site spatial evidence"
92791,Mudflat/Dry Pond Bottom Mapping Unit,Mudflat,3.2972634469329405,FALSE,TRUE,FALSE,,FALSE,Tidal_mudflat,Tidal_saline_matrix,25,FALSE,ASSIGNED,Within 30 ft of tidal wetland or eel grass
92792,Mudflat/Dry Pond Bottom Mapping Unit,Mudflat,11.421671635576487,FALSE,FALSE,FALSE,,FALSE,UNRESOLVED_MUDFLAT_REVIEW,UNRESOLVED_REVIEW,,FALSE,REVIEW_REQUIRED,"No freshwater, tidal, or modeled-site spatial evidence"
92793,Mudflat/Dry Pond Bottom Mapping Unit,Mudflat,2.5599621841035365,FALSE,FALSE,FALSE,,FALSE,UNRESOLVED_MUDFLAT_REVIEW,UNRESOLVED_REVIEW,,FALSE,REVIEW_REQUIRED,"No freshwater, tidal, or modeled-site spatial evidence"
92794,Mudflat/Dry Pond Bottom Mapping Unit,Mudflat,0.7617080904214054,FALSE,FALSE,FALSE,,FALSE,UNRESOLVED_MUDFLAT_REVIEW,UNRESOLVED_REVIEW,,FALSE,REVIEW_REQUIRED,"No freshwater, tidal, or modeled-site spatial evidence"
92795,Mudflat/Dry Pond Bottom Mapping Unit,Mudflat,0.22504976795167692,FALSE,TRUE,FALSE,,FALSE,Tidal_mudflat,Tidal_saline_matrix,25,FALSE,ASSIGNED,Within 30 ft of tidal wetland or eel grass
92796,Mudflat/Dry Pond Bottom Mapping Unit,Mudflat,0.19254646055237995,FALSE,TRUE,FALSE,,FALSE,Tidal_mudflat,Tidal_saline_matrix,25,FALSE,ASSIGNED,Within 30 ft of tidal wetland or eel grass
92797,Mudflat/Dry Pond Bottom Mapping Unit,Mudflat,20.50282493293324,FALSE,FALSE,FALSE,,FALSE,UNRESOLVED_MUDFLAT_REVIEW,UNRESOLVED_REVIEW,,FALSE,REVIEW_REQUIRED,"No freshwater, tidal, or modeled-site spatial evidence"
92798,Mudflat/Dry Pond Bottom Mapping Unit,Mudflat,0.40891731806472176,FALSE,TRUE,FALSE,,FALSE,Tidal_mudflat,Tidal_saline_matrix,25,FALSE,ASSIGNED,Within 30 ft of tidal wetland or eel grass
92799,Mudflat/Dry Pond Bottom Mapping Unit,Mudflat,1.2410234811570091,FALSE,TRUE,FALSE,,FALSE,Tidal_mudflat,Tidal_saline_matrix,25,FALSE,ASSIGNED,Within 30 ft of tidal wetland or eel grass
92800,Mudflat/Dry Pond Bottom Mapping Unit,Mudflat,0.0355094546174359,FALSE,TRUE,FALSE,,FALSE,Tidal_mudflat,Tidal_saline_matrix,25,FALSE,ASSIGNED,Within 30 ft of tidal wetland or eel grass
92801,Mudflat/Dry Pond Bottom Mapping Unit,Mudflat,3.8074623621561,FALSE,TRUE,FALSE,,FALSE,Tidal_mudflat,Tidal_saline_matrix,25,FALSE,ASSIGNED,Within 30 ft of tidal wetland or eel grass
92802,Mudflat/Dry Pond Bottom Mapping Unit,Mudflat,0.0318642994398979,FALSE,FALSE,FALSE,,FALSE,UNRESOLVED_MUDFLAT_REVIEW,UNRESOLVED_REVIEW,,FALSE,REVIEW_REQUIRED,"No freshwater, tidal, or modeled-site spatial evidence"
92803,Mudflat/Dry Pond Bottom Mapping Unit,Mudflat,2.187753794468182,FALSE,TRUE,FALSE,,FALSE,Tidal_mudflat,Tidal_saline_matrix,25,FALSE,ASSIGNED,Within 30 ft of tidal wetland or eel grass
92804,Mudflat/Dry Pond Bottom Mapping Unit,Mudflat,0.34080660223105624,FALSE,FALSE,FALSE,,FALSE,UNRESOLVED_MUDFLAT_REVIEW,UNRESOLVED_REVIEW,,FALSE,REVIEW_REQUIRED,"No freshwater, tidal, or modeled-site spatial evidence"
92805,Mudflat/Dry Pond Bottom Mapping Unit,Mudflat,0.12649240392774355,FALSE,TRUE,FALSE,,FALSE,Tidal_mudflat,Tidal_saline_matrix,25,FALSE,ASSIGNED,Within 30 ft of tidal wetland or eel grass
92806,Mudflat/Dry Pond Bottom Mapping Unit,Mudflat,0.28328675346672483,FALSE,FALSE,FALSE,,FALSE,UNRESOLVED_MUDFLAT_REVIEW,UNRESOLVED_REVIEW,,FALSE,REVIEW_REQUIRED,"No freshwater, tidal, or modeled-site spatial evidence"
92807,Mudflat/Dry Pond Bottom Mapping Unit,Mudflat,0.04606864594599374,FALSE,TRUE,FALSE,,FALSE,Tidal_mudflat,Tidal_saline_matrix,25,FALSE,ASSIGNED,Within 30 ft of tidal wetland or eel grass
92808,Mudflat/Dry Pond Bottom Mapping Unit,Mudflat,0.01606972451756668,FALSE,FALSE,FALSE,,FALSE,UNRESOLVED_MUDFLAT_REVIEW,UNRESOLVED_REVIEW,,FALSE,REVIEW_REQUIRED,"No freshwater, tidal, or modeled-site spatial evidence"
92809,Mudflat/Dry Pond Bottom Mapping Unit,Mudflat,0.011569107261933467,FALSE,TRUE,FALSE,,FALSE,Tidal_mudflat,Tidal_saline_matrix,25,FALSE,ASSIGNED,Within 30 ft of tidal wetland or eel grass
92810,Mudflat/Dry Pond Bottom Mapping Unit,Mudflat,0.5835331877116305,FALSE,TRUE,FALSE,,FALSE,Tidal_mudflat,Tidal_saline_matrix,25,FALSE,ASSIGNED,Within 30 ft of tidal wetland or eel grass
92811,Mudflat/Dry Pond Bottom Mapping Unit,Mudflat,0.11270588133728127,FALSE,TRUE,FALSE,,FALSE,Tidal_mudflat,Tidal_saline_matrix,25,FALSE,ASSIGNED,Within 30 ft of tidal wetland or eel grass
92812,Mudflat/Dry Pond Bottom Mapping Unit,Mudflat,0.23957734379471374,FALSE,FALSE,FALSE,,FALSE,UNRESOLVED_MUDFLAT_REVIEW,UNRESOLVED_REVIEW,,FALSE,REVIEW_REQUIRED,"No freshwater, tidal, or modeled-site spatial evidence"
92813,Mudflat/Dry Pond Bottom Mapping Unit,Mudflat,0.013783204294035623,FALSE,TRUE,FALSE,,FALSE,Tidal_mudflat,Tidal_saline_matrix,25,FALSE,ASSIGNED,Within 30 ft of tidal wetland or eel grass
92814,Mudflat/Dry Pond Bottom Mapping Unit,Mudflat,0.0392226325762199,FALSE,TRUE,FALSE,,FALSE,Tidal_mudflat,Tidal_saline_matrix,25,FALSE,ASSIGNED,Within 30 ft of tidal wetland or eel grass
92815,Mudflat/Dry Pond Bottom Mapping Unit,Mudflat,0.05867767719627689,FALSE,FALSE,FALSE,,FALSE,UNRESOLVED_MUDFLAT_REVIEW,UNRESOLVED_REVIEW,,FALSE,REVIEW_REQUIRED,"No freshwater, tidal, or modeled-site spatial evidence"
92816,Mudflat/Dry Pond Bottom Mapping Unit,Mudflat,0.06868007895579117,FALSE,TRUE,FALSE,,FALSE,Tidal_mudflat,Tidal_saline_matrix,25,FALSE,ASSIGNED,Within 30 ft of tidal wetland or eel grass
92817,Mudflat/Dry Pond Bottom Mapping Unit,Mudflat,4.383837077148615,FALSE,TRUE,FALSE,,FALSE,Tidal_mudflat,Tidal_saline_matrix,25,FALSE,ASSIGNED,Within 30 ft of tidal wetland or eel grass
92818,Mudflat/Dry Pond Bottom Mapping Unit,Mudflat,0.14839265350372596,FALSE,FALSE,FALSE,,FALSE,UNRESOLVED_MUDFLAT_REVIEW,UNRESOLVED_REVIEW,,FALSE,REVIEW_REQUIRED,"No freshwater, tidal, or modeled-site spatial evidence"
92819,Mudflat/Dry Pond Bottom Mapping Unit,Mudflat,0.2847664578566956,FALSE,TRUE,FALSE,,FALSE,Tidal_mudflat,Tidal_saline_matrix,25,FALSE,ASSIGNED,Within 30 ft of tidal wetland or eel grass
92820,Mudflat/Dry Pond Bottom Mapping Unit,Mudflat,8.216014724176162,FALSE,TRUE,FALSE,,FALSE,Tidal_mudflat,Tidal_saline_matrix,25,FALSE,ASSIGNED,Within 30 ft of tidal wetland or eel grass
92821,Mudflat/Dry Pond Bottom Mapping Unit,Mudflat,0.042479355782689264,FALSE,TRUE,FALSE,,FALSE,Tidal_mudflat,Tidal_saline_matrix,25,FALSE,ASSIGNED,Within 30 ft of tidal wetland or eel grass
92822,Mudflat/Dry Pond Bottom Mapping Unit,Mudflat,3.5787878890169336,FALSE,FALSE,FALSE,,FALSE,UNRESOLVED_MUDFLAT_REVIEW,UNRESOLVED_REVIEW,,FALSE,REVIEW_REQUIRED,"No freshwater, tidal, or modeled-site spatial evidence"
92823,Mudflat/Dry Pond Bottom Mapping Unit,Mudflat,0.02413185528071396,FALSE,TRUE,FALSE,,FALSE,Tidal_mudflat,Tidal_saline_matrix,25,FALSE,ASSIGNED,Within 30 ft of tidal wetland or eel grass
92824,Mudflat/Dry Pond Bottom Mapping Unit,Mudflat,0.12532878747678566,FALSE,TRUE,FALSE,,FALSE,Tidal_mudflat,Tidal_saline_matrix,25,FALSE,ASSIGNED,Within 30 ft of tidal wetland or eel grass
92825,Mudflat/Dry Pond Bottom Mapping Unit,Mudflat,17.81511941976246,FALSE,FALSE,FALSE,,FALSE,UNRESOLVED_MUDFLAT_REVIEW,UNRESOLVED_REVIEW,,FALSE,REVIEW_REQUIRED,"No freshwater, tidal, or modeled-site spatial evidence"
92826,Mudflat/Dry Pond Bottom Mapping Unit,Mudflat,1.2293842527361292,FALSE,FALSE,FALSE,,FALSE,UNRESOLVED_MUDFLAT_REVIEW,UNRESOLVED_REVIEW,,FALSE,REVIEW_REQUIRED,"No freshwater, tidal, or modeled-site spatial evidence"
92827,Mudflat/Dry Pond Bottom Mapping Unit,Mudflat,0.37416431506535286,FALSE,TRUE,FALSE,,FALSE,Tidal_mudflat,Tidal_saline_matrix,25,FALSE,ASSIGNED,Within 30 ft of tidal wetland or eel grass
92828,Mudflat/Dry Pond Bottom Mapping Unit,Mudflat,0.3358262076753724,FALSE,TRUE,FALSE,,FALSE,Tidal_mudflat,Tidal_saline_matrix,25,FALSE,ASSIGNED,Within 30 ft of tidal wetland or eel grass
92829,Mudflat/Dry Pond Bottom Mapping Unit,Mudflat,3.4450884739550447,FALSE,FALSE,FALSE,,FALSE,UNRESOLVED_MUDFLAT_REVIEW,UNRESOLVED_REVIEW,,FALSE,REVIEW_REQUIRED,"No freshwater, tidal, or modeled-site spatial evidence"
92830,Mudflat/Dry Pond Bottom Mapping Unit,Mudflat,0.061936342642624244,FALSE,FALSE,FALSE,,FALSE,UNRESOLVED_MUDFLAT_REVIEW,UNRESOLVED_REVIEW,,FALSE,REVIEW_REQUIRED,"No freshwater, tidal, or modeled-site spatial evidence"
92831,Mudflat/Dry Pond Bottom Mapping Unit,Mudflat,0.47644064502310074,FALSE,FALSE,FALSE,,FALSE,UNRESOLVED_MUDFLAT_REVIEW,UNRESOLVED_REVIEW,,FALSE,REVIEW_REQUIRED,"No freshwater, tidal, or modeled-site spatial evidence"
92832,Mudflat/Dry Pond Bottom Mapping Unit,Mudflat,4.936639496763387,FALSE,FALSE,FALSE,,FALSE,UNRESOLVED_MUDFLAT_REVIEW,UNRESOLVED_REVIEW,,FALSE,REVIEW_REQUIRED,"No freshwater, tidal, or modeled-site spatial evidence"
92833,Mudflat/Dry Pond Bottom Mapping Unit,Mudflat,1.2470175041642768,FALSE,TRUE,FALSE,,FALSE,Tidal_mudflat,Tidal_saline_matrix,25,FALSE,ASSIGNED,Within 30 ft of tidal wetland or eel grass
92834,Mudflat/Dry Pond Bottom Mapping Unit,Mudflat,0.13726773143112378,FALSE,FALSE,FALSE,,FALSE,UNRESOLVED_MUDFLAT_REVIEW,UNRESOLVED_REVIEW,,FALSE,REVIEW_REQUIRED,"No freshwater, tidal, or modeled-site spatial evidence"
92835,Mudflat/Dry Pond Bottom Mapping Unit,Mudflat,0.027456272176009707,FALSE,FALSE,FALSE,,FALSE,UNRESOLVED_MUDFLAT_REVIEW,UNRESOLVED_REVIEW,,FALSE,REVIEW_REQUIRED,"No freshwater, tidal, or modeled-site spatial evidence"
92836,Mudflat/Dry Pond Bottom Mapping Unit,Mudflat,0.050229367490159084,FALSE,FALSE,FALSE,,FALSE,UNRESOLVED_MUDFLAT_REVIEW,UNRESOLVED_REVIEW,,FALSE,REVIEW_REQUIRED,"No freshwater, tidal, or modeled-site spatial evidence"
92837,Mudflat/Dry Pond Bottom Mapping Unit,Mudflat,0.10036723938965965,FALSE,FALSE,FALSE,,FALSE,UNRESOLVED_MUDFLAT_REVIEW,UNRESOLVED_REVIEW,,FALSE,REVIEW_REQUIRED,"No freshwater, tidal, or modeled-site spatial evidence"
92838,Mudflat/Dry Pond Bottom Mapping Unit,Mudflat,0.038196502455491846,FALSE,TRUE,FALSE,,FALSE,Tidal_mudflat,Tidal_saline_matrix,25,FALSE,ASSIGNED,Within 30 ft of tidal wetland or eel grass
92839,Mudflat/Dry Pond Bottom Mapping Unit,Mudflat,0.058115333626759004,FALSE,FALSE,FALSE,,FALSE,UNRESOLVED_MUDFLAT_REVIEW,UNRESOLVED_REVIEW,,FALSE,REVIEW_REQUIRED,"No freshwater, tidal, or modeled-site spatial evidence"
92840,Mudflat/Dry Pond Bottom Mapping Unit,Mudflat,3.385123275636565,FALSE,FALSE,FALSE,,FALSE,UNRESOLVED_MUDFLAT_REVIEW,UNRESOLVED_REVIEW,,FALSE,REVIEW_REQUIRED,"No freshwater, tidal, or modeled-site spatial evidence"
92841,Mudflat/Dry Pond Bottom Mapping Unit,Mudflat,6.947472866828473,FALSE,FALSE,FALSE,,FALSE,UNRESOLVED_MUDFLAT_REVIEW,UNRESOLVED_REVIEW,,FALSE,REVIEW_REQUIRED,"No freshwater, tidal, or modeled-site spatial evidence"
92842,Mudflat/Dry Pond Bottom Mapping Unit,Mudflat,0.029751947107677087,FALSE,FALSE,FALSE,,FALSE,UNRESOLVED_MUDFLAT_REVIEW,UNRESOLVED_REVIEW,,FALSE,REVIEW_REQUIRED,"No freshwater, tidal, or modeled-site spatial evidence"
92843,Mudflat/Dry Pond Bottom Mapping Unit,Mudflat,0.04840287685000051,FALSE,TRUE,FALSE,,FALSE,Tidal_mudflat,Tidal_saline_matrix,25,FALSE,ASSIGNED,Within 30 ft of tidal wetland or eel grass
92844,Mudflat/Dry Pond Bottom Mapping Unit,Mudflat,0.2558938194907987,FALSE,TRUE,FALSE,,FALSE,Tidal_mudflat,Tidal_saline_matrix,25,FALSE,ASSIGNED,Within 30 ft of tidal wetland or eel grass
92845,Mudflat/Dry Pond Bottom Mapping Unit,Mudflat,0.09784887311331367,FALSE,TRUE,FALSE,,FALSE,Tidal_mudflat,Tidal_saline_matrix,25,FALSE,ASSIGNED,Within 30 ft of tidal wetland or eel grass
92846,Mudflat/Dry Pond Bottom Mapping Unit,Mudflat,0.28062502082771323,FALSE,FALSE,FALSE,,FALSE,UNRESOLVED_MUDFLAT_REVIEW,UNRESOLVED_REVIEW,,FALSE,REVIEW_REQUIRED,"No freshwater, tidal, or modeled-site spatial evidence"
92847,Mudflat/Dry Pond Bottom Mapping Unit,Mudflat,0.028234925217308374,FALSE,FALSE,FALSE,,FALSE,UNRESOLVED_MUDFLAT_REVIEW,UNRESOLVED_REVIEW,,FALSE,REVIEW_REQUIRED,"No freshwater, tidal, or modeled-site spatial evidence"
92848,Mudflat/Dry Pond Bottom Mapping Unit,Mudflat,0.05849385750316032,FALSE,FALSE,FALSE,,FALSE,UNRESOLVED_MUDFLAT_REVIEW,UNRESOLVED_REVIEW,,FALSE,REVIEW_REQUIRED,"No freshwater, tidal, or modeled-site spatial evidence"
92849,Mudflat/Dry Pond Bottom Mapping Unit,Mudflat,0.20119331307498214,FALSE,TRUE,FALSE,,FALSE,Tidal_mudflat,Tidal_saline_matrix,25,FALSE,ASSIGNED,Within 30 ft of tidal wetland or eel grass
92850,Mudflat/Dry Pond Bottom Mapping Unit,Mudflat,24.181058196748495,FALSE,TRUE,FALSE,,FALSE,Tidal_mudflat,Tidal_saline_matrix,25,FALSE,ASSIGNED,Within 30 ft of tidal wetland or eel grass
92851,Mudflat/Dry Pond Bottom Mapping Unit,Mudflat,1.201928658407395,FALSE,FALSE,FALSE,,FALSE,UNRESOLVED_MUDFLAT_REVIEW,UNRESOLVED_REVIEW,,FALSE,REVIEW_REQUIRED,"No freshwater, tidal, or modeled-site spatial evidence"
92852,Mudflat/Dry Pond Bottom Mapping Unit,Mudflat,0.06464650733336355,FALSE,FALSE,FALSE,,FALSE,UNRESOLVED_MUDFLAT_REVIEW,UNRESOLVED_REVIEW,,FALSE,REVIEW_REQUIRED,"No freshwater, tidal, or modeled-site spatial evidence"
92853,Mudflat/Dry Pond Bottom Mapping Unit,Mudflat,69.84425742143566,FALSE,FALSE,FALSE,,FALSE,UNRESOLVED_MUDFLAT_REVIEW,UNRESOLVED_REVIEW,,FALSE,REVIEW_REQUIRED,"No freshwater, tidal, or modeled-site spatial evidence"
92854,Mudflat/Dry Pond Bottom Mapping Unit,Mudflat,0.25334117508195975,FALSE,TRUE,FALSE,,FALSE,Tidal_mudflat,Tidal_saline_matrix,25,FALSE,ASSIGNED,Within 30 ft of tidal wetland or eel grass
92855,Mudflat/Dry Pond Bottom Mapping Unit,Mudflat,4.080020439888138,FALSE,TRUE,FALSE,,FALSE,Tidal_mudflat,Tidal_saline_matrix,25,FALSE,ASSIGNED,Within 30 ft of tidal wetland or eel grass
92856,Mudflat/Dry Pond Bottom Mapping Unit,Mudflat,0.2619211704985419,FALSE,TRUE,FALSE,,FALSE,Tidal_mudflat,Tidal_saline_matrix,25,FALSE,ASSIGNED,Within 30 ft of tidal wetland or eel grass
92857,Mudflat/Dry Pond Bottom Mapping Unit,Mudflat,0.03617119435732823,FALSE,TRUE,FALSE,,FALSE,Tidal_mudflat,Tidal_saline_matrix,25,FALSE,ASSIGNED,Within 30 ft of tidal wetland or eel grass
92858,Mudflat/Dry Pond Bottom Mapping Unit,Mudflat,30.817991829193346,FALSE,FALSE,FALSE,,FALSE,UNRESOLVED_MUDFLAT_REVIEW,UNRESOLVED_REVIEW,,FALSE,REVIEW_REQUIRED,"No freshwater, tidal, or modeled-site spatial evidence"
92859,Mudflat/Dry Pond Bottom Mapping Unit,Mudflat,0.039026488889993424,FALSE,FALSE,FALSE,,FALSE,UNRESOLVED_MUDFLAT_REVIEW,UNRESOLVED_REVIEW,,FALSE,REVIEW_REQUIRED,"No freshwater, tidal, or modeled-site spatial evidence"
92860,Mudflat/Dry Pond Bottom Mapping Unit,Mudflat,1.3498228471638136,FALSE,FALSE,FALSE,,FALSE,UNRESOLVED_MUDFLAT_REVIEW,UNRESOLVED_REVIEW,,FALSE,REVIEW_REQUIRED,"No freshwater, tidal, or modeled-site spatial evidence"
92861,Mudflat/Dry Pond Bottom Mapping Unit,Mudflat,0.048294840056014074,FALSE,TRUE,FALSE,,FALSE,Tidal_mudflat,Tidal_saline_matrix,25,FALSE,ASSIGNED,Within 30 ft of tidal wetland or eel grass
92862,Mudflat/Dry Pond Bottom Mapping Unit,Mudflat,1.2834866193846854,FALSE,TRUE,FALSE,,FALSE,Tidal_mudflat,Tidal_saline_matrix,25,FALSE,ASSIGNED,Within 30 ft of tidal wetland or eel grass
92863,Mudflat/Dry Pond Bottom Mapping Unit,Mudflat,0.06009526984367164,FALSE,FALSE,FALSE,,FALSE,UNRESOLVED_MUDFLAT_REVIEW,UNRESOLVED_REVIEW,,FALSE,REVIEW_REQUIRED,"No freshwater, tidal, or modeled-site spatial evidence"
92864,Mudflat/Dry Pond Bottom Mapping Unit,Mudflat,0.012133269931025712,FALSE,TRUE,FALSE,,FALSE,Tidal_mudflat,Tidal_saline_matrix,25,FALSE,ASSIGNED,Within 30 ft of tidal wetland or eel grass
92865,Mudflat/Dry Pond Bottom Mapping Unit,Mudflat,0.07364540241993266,FALSE,FALSE,FALSE,,FALSE,UNRESOLVED_MUDFLAT_REVIEW,UNRESOLVED_REVIEW,,FALSE,REVIEW_REQUIRED,"No freshwater, tidal, or modeled-site spatial evidence"
92866,Mudflat/Dry Pond Bottom Mapping Unit,Mudflat,1.1361814171445248,FALSE,FALSE,FALSE,,FALSE,UNRESOLVED_MUDFLAT_REVIEW,UNRESOLVED_REVIEW,,FALSE,REVIEW_REQUIRED,"No freshwater, tidal, or modeled-site spatial evidence"
92867,Mudflat/Dry Pond Bottom Mapping Unit,Mudflat,0.03759591566866566,FALSE,TRUE,FALSE,,FALSE,Tidal_mudflat,Tidal_saline_matrix,25,FALSE,ASSIGNED,Within 30 ft of tidal wetland or eel grass
92868,Mudflat/Dry Pond Bottom Mapping Unit,Mudflat,0.07039537942366736,FALSE,FALSE,FALSE,,FALSE,UNRESOLVED_MUDFLAT_REVIEW,UNRESOLVED_REVIEW,,FALSE,REVIEW_REQUIRED,"No freshwater, tidal, or modeled-site spatial evidence"
92869,Mudflat/Dry Pond Bottom Mapping Unit,Mudflat,0.03242654020827352,FALSE,TRUE,FALSE,,FALSE,Tidal_mudflat,Tidal_saline_matrix,25,FALSE,ASSIGNED,Within 30 ft of tidal wetland or eel grass
92870,Mudflat/Dry Pond Bottom Mapping Unit,Mudflat,0.016987994494612295,FALSE,FALSE,FALSE,,FALSE,UNRESOLVED_MUDFLAT_REVIEW,UNRESOLVED_REVIEW,,FALSE,REVIEW_REQUIRED,"No freshwater, tidal, or modeled-site spatial evidence"
92871,Mudflat/Dry Pond Bottom Mapping Unit,Mudflat,7.49851194297679,FALSE,FALSE,FALSE,,FALSE,UNRESOLVED_MUDFLAT_REVIEW,UNRESOLVED_REVIEW,,FALSE,REVIEW_REQUIRED,"No freshwater, tidal, or modeled-site spatial evidence"
92872,Mudflat/Dry Pond Bottom Mapping Unit,Mudflat,57.966665972780824,FALSE,TRUE,FALSE,,FALSE,Tidal_mudflat,Tidal_saline_matrix,25,FALSE,ASSIGNED,Within 30 ft of tidal wetland or eel grass
92873,Mudflat/Dry Pond Bottom Mapping Unit,Mudflat,0.03341357122715332,FALSE,TRUE,FALSE,,FALSE,Tidal_mudflat,Tidal_saline_matrix,25,FALSE,ASSIGNED,Within 30 ft of tidal wetland or eel grass
92874,Mudflat/Dry Pond Bottom Mapping Unit,Mudflat,0.06942169194898873,FALSE,FALSE,FALSE,,FALSE,UNRESOLVED_MUDFLAT_REVIEW,UNRESOLVED_REVIEW,,FALSE,REVIEW_REQUIRED,"No freshwater, tidal, or modeled-site spatial evidence"
92875,Mudflat/Dry Pond Bottom Mapping Unit,Mudflat,0.0679873977465979,FALSE,FALSE,FALSE,,FALSE,UNRESOLVED_MUDFLAT_REVIEW,UNRESOLVED_REVIEW,,FALSE,REVIEW_REQUIRED,"No freshwater, tidal, or modeled-site spatial evidence"
92876,Mudflat/Dry Pond Bottom Mapping Unit,Mudflat,0.5689333794355347,FALSE,TRUE,FALSE,,FALSE,Tidal_mudflat,Tidal_saline_matrix,25,FALSE,ASSIGNED,Within 30 ft of tidal wetland or eel grass
92877,Mudflat/Dry Pond Bottom Mapping Unit,Mudflat,2.1297910136237395,FALSE,FALSE,FALSE,,FALSE,UNRESOLVED_MUDFLAT_REVIEW,UNRESOLVED_REVIEW,,FALSE,REVIEW_REQUIRED,"No freshwater, tidal, or modeled-site spatial evidence"
92878,Mudflat/Dry Pond Bottom Mapping Unit,Mudflat,0.04990683623451176,FALSE,TRUE,FALSE,,FALSE,Tidal_mudflat,Tidal_saline_matrix,25,FALSE,ASSIGNED,Within 30 ft of tidal wetland or eel grass
92879,Mudflat/Dry Pond Bottom Mapping Unit,Mudflat,0.03325288526402234,FALSE,FALSE,FALSE,,FALSE,UNRESOLVED_MUDFLAT_REVIEW,UNRESOLVED_REVIEW,,FALSE,REVIEW_REQUIRED,"No freshwater, tidal, or modeled-site spatial evidence"
92880,Mudflat/Dry Pond Bottom Mapping Unit,Mudflat,0.027957538502739767,FALSE,TRUE,FALSE,,FALSE,Tidal_mudflat,Tidal_saline_matrix,25,FALSE,ASSIGNED,Within 30 ft of tidal wetland or eel grass
92881,Mudflat/Dry Pond Bottom Mapping Unit,Mudflat,0.04857581504663564,FALSE,FALSE,FALSE,,FALSE,UNRESOLVED_MUDFLAT_REVIEW,UNRESOLVED_REVIEW,,FALSE,REVIEW_REQUIRED,"No freshwater, tidal, or modeled-site spatial evidence"
92882,Mudflat/Dry Pond Bottom Mapping Unit,Mudflat,0.0244070385736597,FALSE,TRUE,FALSE,,FALSE,Tidal_mudflat,Tidal_saline_matrix,25,FALSE,ASSIGNED,Within 30 ft of tidal wetland or eel grass
92883,Mudflat/Dry Pond Bottom Mapping Unit,Mudflat,0.05778799394027361,FALSE,TRUE,FALSE,,FALSE,Tidal_mudflat,Tidal_saline_matrix,25,FALSE,ASSIGNED,Within 30 ft of tidal wetland or eel grass
92884,Mudflat/Dry Pond Bottom Mapping Unit,Mudflat,0.017992397460510543,FALSE,TRUE,FALSE,,FALSE,Tidal_mudflat,Tidal_saline_matrix,25,FALSE,ASSIGNED,Within 30 ft of tidal wetland or eel grass
92885,Mudflat/Dry Pond Bottom Mapping Unit,Mudflat,0.10036710381399397,FALSE,FALSE,FALSE,,FALSE,UNRESOLVED_MUDFLAT_REVIEW,UNRESOLVED_REVIEW,,FALSE,REVIEW_REQUIRED,"No freshwater, tidal, or modeled-site spatial evidence"
92886,Mudflat/Dry Pond Bottom Mapping Unit,Mudflat,0.23518480486854962,FALSE,TRUE,FALSE,,FALSE,Tidal_mudflat,Tidal_saline_matrix,25,FALSE,ASSIGNED,Within 30 ft of tidal wetland or eel grass
92887,Mudflat/Dry Pond Bottom Mapping Unit,Mudflat,1.5753279257260877,FALSE,FALSE,FALSE,,FALSE,UNRESOLVED_MUDFLAT_REVIEW,UNRESOLVED_REVIEW,,FALSE,REVIEW_REQUIRED,"No freshwater, tidal, or modeled-site spatial evidence"
92888,Mudflat/Dry Pond Bottom Mapping Unit,Mudflat,0.08560583113428112,FALSE,TRUE,FALSE,,FALSE,Tidal_mudflat,Tidal_saline_matrix,25,FALSE,ASSIGNED,Within 30 ft of tidal wetland or eel grass
92889,Mudflat/Dry Pond Bottom Mapping Unit,Mudflat,0.23123342331727834,FALSE,FALSE,FALSE,,FALSE,UNRESOLVED_MUDFLAT_REVIEW,UNRESOLVED_REVIEW,,FALSE,REVIEW_REQUIRED,"No freshwater, tidal, or modeled-site spatial evidence"
92890,Mudflat/Dry Pond Bottom Mapping Unit,Mudflat,123.40095200002253,FALSE,FALSE,FALSE,,FALSE,UNRESOLVED_MUDFLAT_REVIEW,UNRESOLVED_REVIEW,,FALSE,REVIEW_REQUIRED,"No freshwater, tidal, or modeled-site spatial evidence"
92891,Mudflat/Dry Pond Bottom Mapping Unit,Mudflat,0.01867575240630675,FALSE,FALSE,FALSE,,FALSE,UNRESOLVED_MUDFLAT_REVIEW,UNRESOLVED_REVIEW,,FALSE,REVIEW_REQUIRED,"No freshwater, tidal, or modeled-site spatial evidence"
92892,Mudflat/Dry Pond Bottom Mapping Unit,Mudflat,4.209077119227172,FALSE,FALSE,FALSE,,FALSE,UNRESOLVED_MUDFLAT_REVIEW,UNRESOLVED_REVIEW,,FALSE,REVIEW_REQUIRED,"No freshwater, tidal, or modeled-site spatial evidence"
92893,Mudflat/Dry Pond Bottom Mapping Unit,Mudflat,0.06252330928915414,FALSE,FALSE,FALSE,,FALSE,UNRESOLVED_MUDFLAT_REVIEW,UNRESOLVED_REVIEW,,FALSE,REVIEW_REQUIRED,"No freshwater, tidal, or modeled-site spatial evidence"
92894,Mudflat/Dry Pond Bottom Mapping Unit,Mudflat,0.029105907707761718,FALSE,TRUE,FALSE,,FALSE,Tidal_mudflat,Tidal_saline_matrix,25,FALSE,ASSIGNED,Within 30 ft of tidal wetland or eel grass
92895,Mudflat/Dry Pond Bottom Mapping Unit,Mudflat,0.13413080312758796,FALSE,TRUE,FALSE,,FALSE,Tidal_mudflat,Tidal_saline_matrix,25,FALSE,ASSIGNED,Within 30 ft of tidal wetland or eel grass
92896,Mudflat/Dry Pond Bottom Mapping Unit,Mudflat,4.457435323702518,FALSE,FALSE,FALSE,,FALSE,UNRESOLVED_MUDFLAT_REVIEW,UNRESOLVED_REVIEW,,FALSE,REVIEW_REQUIRED,"No freshwater, tidal, or modeled-site spatial evidence"
92897,Mudflat/Dry Pond Bottom Mapping Unit,Mudflat,0.040204777628023075,FALSE,TRUE,FALSE,,FALSE,Tidal_mudflat,Tidal_saline_matrix,25,FALSE,ASSIGNED,Within 30 ft of tidal wetland or eel grass
92898,Mudflat/Dry Pond Bottom Mapping Unit,Mudflat,1.0172928328829438,FALSE,TRUE,FALSE,,FALSE,Tidal_mudflat,Tidal_saline_matrix,25,FALSE,ASSIGNED,Within 30 ft of tidal wetland or eel grass
92899,Mudflat/Dry Pond Bottom Mapping Unit,Mudflat,13.330804151631716,FALSE,TRUE,FALSE,,FALSE,Tidal_mudflat,Tidal_saline_matrix,25,FALSE,ASSIGNED,Within 30 ft of tidal wetland or eel grass
92900,Mudflat/Dry Pond Bottom Mapping Unit,Mudflat,84.61308869874314,FALSE,TRUE,FALSE,,FALSE,Tidal_mudflat,Tidal_saline_matrix,25,FALSE,ASSIGNED,Within 30 ft of tidal wetland or eel grass
92901,Mudflat/Dry Pond Bottom Mapping Unit,Mudflat,0.1897253989069344,FALSE,FALSE,FALSE,,FALSE,UNRESOLVED_MUDFLAT_REVIEW,UNRESOLVED_REVIEW,,FALSE,REVIEW_REQUIRED,"No freshwater, tidal, or modeled-site spatial evidence"
92902,Mudflat/Dry Pond Bottom Mapping Unit,Mudflat,0.11637677465253161,FALSE,TRUE,FALSE,,FALSE,Tidal_mudflat,Tidal_saline_matrix,25,FALSE,ASSIGNED,Within 30 ft of tidal wetland or eel grass
92903,Mudflat/Dry Pond Bottom Mapping Unit,Mudflat,16.011497485552546,FALSE,FALSE,FALSE,,FALSE,UNRESOLVED_MUDFLAT_REVIEW,UNRESOLVED_REVIEW,,FALSE,REVIEW_REQUIRED,"No freshwater, tidal, or modeled-site spatial evidence"
92904,Mudflat/Dry Pond Bottom Mapping Unit,Mudflat,0.2689484837928253,FALSE,FALSE,FALSE,,FALSE,UNRESOLVED_MUDFLAT_REVIEW,UNRESOLVED_REVIEW,,FALSE,REVIEW_REQUIRED,"No freshwater, tidal, or modeled-site spatial evidence"
92905,Mudflat/Dry Pond Bottom Mapping Unit,Mudflat,0.11119556879309304,FALSE,TRUE,FALSE,,FALSE,Tidal_mudflat,Tidal_saline_matrix,25,FALSE,ASSIGNED,Within 30 ft of tidal wetland or eel grass
92906,Mudflat/Dry Pond Bottom Mapping Unit,Mudflat,2.289044737955167,FALSE,FALSE,FALSE,,FALSE,UNRESOLVED_MUDFLAT_REVIEW,UNRESOLVED_REVIEW,,FALSE,REVIEW_REQUIRED,"No freshwater, tidal, or modeled-site spatial evidence"
92907,Mudflat/Dry Pond Bottom Mapping Unit,Mudflat,4.616138340912905,FALSE,FALSE,FALSE,,FALSE,UNRESOLVED_MUDFLAT_REVIEW,UNRESOLVED_REVIEW,,FALSE,REVIEW_REQUIRED,"No freshwater, tidal, or modeled-site spatial evidence"
92908,Mudflat/Dry Pond Bottom Mapping Unit,Mudflat,0.02074993423069969,FALSE,TRUE,FALSE,,FALSE,Tidal_mudflat,Tidal_saline_matrix,25,FALSE,ASSIGNED,Within 30 ft of tidal wetland or eel grass
92909,Mudflat/Dry Pond Bottom Mapping Unit,Mudflat,109.31122459643362,FALSE,FALSE,FALSE,,FALSE,UNRESOLVED_MUDFLAT_REVIEW,UNRESOLVED_REVIEW,,FALSE,REVIEW_REQUIRED,"No freshwater, tidal, or modeled-site spatial evidence"
92910,Mudflat/Dry Pond Bottom Mapping Unit,Mudflat,0.5475698149703988,FALSE,TRUE,FALSE,,FALSE,Tidal_mudflat,Tidal_saline_matrix,25,FALSE,ASSIGNED,Within 30 ft of tidal wetland or eel grass
92911,Mudflat/Dry Pond Bottom Mapping Unit,Mudflat,0.027295733093375706,FALSE,TRUE,FALSE,,FALSE,Tidal_mudflat,Tidal_saline_matrix,25,FALSE,ASSIGNED,Within 30 ft of tidal wetland or eel grass
92912,Mudflat/Dry Pond Bottom Mapping Unit,Mudflat,1.8722861838198284,FALSE,TRUE,FALSE,,FALSE,Tidal_mudflat,Tidal_saline_matrix,25,FALSE,ASSIGNED,Within 30 ft of tidal wetland or eel grass
92913,Mudflat/Dry Pond Bottom Mapping Unit,Mudflat,0.1877255389004649,FALSE,TRUE,FALSE,,FALSE,Tidal_mudflat,Tidal_saline_matrix,25,FALSE,ASSIGNED,Within 30 ft of tidal wetland or eel grass
92914,Mudflat/Dry Pond Bottom Mapping Unit,Mudflat,0.012587358748489397,FALSE,TRUE,FALSE,,FALSE,Tidal_mudflat,Tidal_saline_matrix,25,FALSE,ASSIGNED,Within 30 ft of tidal wetland or eel grass
92915,Mudflat/Dry Pond Bottom Mapping Unit,Mudflat,1.243755091902868,FALSE,TRUE,FALSE,,FALSE,Tidal_mudflat,Tidal_saline_matrix,25,FALSE,ASSIGNED,Within 30 ft of tidal wetland or eel grass
92916,Mudflat/Dry Pond Bottom Mapping Unit,Mudflat,1.2925177605517228,FALSE,TRUE,FALSE,,FALSE,Tidal_mudflat,Tidal_saline_matrix,25,FALSE,ASSIGNED,Within 30 ft of tidal wetland or eel grass
92917,Mudflat/Dry Pond Bottom Mapping Unit,Mudflat,0.11001702296546867,FALSE,TRUE,FALSE,,FALSE,Tidal_mudflat,Tidal_saline_matrix,25,FALSE,ASSIGNED,Within 30 ft of tidal wetland or eel grass
92918,Mudflat/Dry Pond Bottom Mapping Unit,Mudflat,0.1185766242673989,FALSE,TRUE,FALSE,,FALSE,Tidal_mudflat,Tidal_saline_matrix,25,FALSE,ASSIGNED,Within 30 ft of tidal wetland or eel grass
92919,Mudflat/Dry Pond Bottom Mapping Unit,Mudflat,0.014888833120746233,FALSE,TRUE,FALSE,,FALSE,Tidal_mudflat,Tidal_saline_matrix,25,FALSE,ASSIGNED,Within 30 ft of tidal wetland or eel grass
92920,Mudflat/Dry Pond Bottom Mapping Unit,Mudflat,0.021936601048523862,FALSE,TRUE,FALSE,,FALSE,Tidal_mudflat,Tidal_saline_matrix,25,FALSE,ASSIGNED,Within 30 ft of tidal wetland or eel grass
92921,Mudflat/Dry Pond Bottom Mapping Unit,Mudflat,0.03801960439700481,FALSE,TRUE,FALSE,,FALSE,Tidal_mudflat,Tidal_saline_matrix,25,FALSE,ASSIGNED,Within 30 ft of tidal wetland or eel grass
92922,Mudflat/Dry Pond Bottom Mapping Unit,Mudflat,0.8860578017860509,FALSE,FALSE,FALSE,,FALSE,UNRESOLVED_MUDFLAT_REVIEW,UNRESOLVED_REVIEW,,FALSE,REVIEW_REQUIRED,"No freshwater, tidal, or modeled-site spatial evidence"
92923,Mudflat/Dry Pond Bottom Mapping Unit,Mudflat,0.35446185864688173,FALSE,TRUE,FALSE,,FALSE,Tidal_mudflat,Tidal_saline_matrix,25,FALSE,ASSIGNED,Within 30 ft of tidal wetland or eel grass
92924,Mudflat/Dry Pond Bottom Mapping Unit,Mudflat,0.08519093353097049,FALSE,TRUE,FALSE,,FALSE,Tidal_mudflat,Tidal_saline_matrix,25,FALSE,ASSIGNED,Within 30 ft of tidal wetland or eel grass
92925,Mudflat/Dry Pond Bottom Mapping Unit,Mudflat,0.13331297127921962,FALSE,TRUE,FALSE,,FALSE,Tidal_mudflat,Tidal_saline_matrix,25,FALSE,ASSIGNED,Within 30 ft of tidal wetland or eel grass
92926,Mudflat/Dry Pond Bottom Mapping Unit,Mudflat,0.12016949151466746,FALSE,TRUE,FALSE,,FALSE,Tidal_mudflat,Tidal_saline_matrix,25,FALSE,ASSIGNED,Within 30 ft of tidal wetland or eel grass
92927,Mudflat/Dry Pond Bottom Mapping Unit,Mudflat,0.018893555318582767,FALSE,TRUE,FALSE,,FALSE,Tidal_mudflat,Tidal_saline_matrix,25,FALSE,ASSIGNED,Within 30 ft of tidal wetland or eel grass
92928,Mudflat/Dry Pond Bottom Mapping Unit,Mudflat,0.8318975329440892,FALSE,TRUE,FALSE,,FALSE,Tidal_mudflat,Tidal_saline_matrix,25,FALSE,ASSIGNED,Within 30 ft of tidal wetland or eel grass
92929,Mudflat/Dry Pond Bottom Mapping Unit,Mudflat,0.16688441781558858,FALSE,TRUE,FALSE,,FALSE,Tidal_mudflat,Tidal_saline_matrix,25,FALSE,ASSIGNED,Within 30 ft of tidal wetland or eel grass
92930,Mudflat/Dry Pond Bottom Mapping Unit,Mudflat,0.516781026538155,FALSE,TRUE,FALSE,,FALSE,Tidal_mudflat,Tidal_saline_matrix,25,FALSE,ASSIGNED,Within 30 ft of tidal wetland or eel grass
92931,Mudflat/Dry Pond Bottom Mapping Unit,Mudflat,0.01554181719778981,FALSE,TRUE,FALSE,,FALSE,Tidal_mudflat,Tidal_saline_matrix,25,FALSE,ASSIGNED,Within 30 ft of tidal wetland or eel grass
92932,Mudflat/Dry Pond Bottom Mapping Unit,Mudflat,0.06453184409174044,FALSE,TRUE,FALSE,,FALSE,Tidal_mudflat,Tidal_saline_matrix,25,FALSE,ASSIGNED,Within 30 ft of tidal wetland or eel grass
92933,Mudflat/Dry Pond Bottom Mapping Unit,Mudflat,0.20520705585139976,FALSE,TRUE,FALSE,,FALSE,Tidal_mudflat,Tidal_saline_matrix,25,FALSE,ASSIGNED,Within 30 ft of tidal wetland or eel grass
92934,Mudflat/Dry Pond Bottom Mapping Unit,Mudflat,0.08193254037468868,FALSE,TRUE,FALSE,,FALSE,Tidal_mudflat,Tidal_saline_matrix,25,FALSE,ASSIGNED,Within 30 ft of tidal wetland or eel grass
92935,Mudflat/Dry Pond Bottom Mapping Unit,Mudflat,0.03794745765919445,FALSE,TRUE,FALSE,,FALSE,Tidal_mudflat,Tidal_saline_matrix,25,FALSE,ASSIGNED,Within 30 ft of tidal wetland or eel grass
92936,Mudflat/Dry Pond Bottom Mapping Unit,Mudflat,1.3757820853717566,FALSE,TRUE,FALSE,,FALSE,Tidal_mudflat,Tidal_saline_matrix,25,FALSE,ASSIGNED,Within 30 ft of tidal wetland or eel grass
92937,Mudflat/Dry Pond Bottom Mapping Unit,Mudflat,0.027341480897239694,FALSE,TRUE,FALSE,,FALSE,Tidal_mudflat,Tidal_saline_matrix,25,FALSE,ASSIGNED,Within 30 ft of tidal wetland or eel grass
92938,Mudflat/Dry Pond Bottom Mapping Unit,Mudflat,0.3300267816824106,FALSE,TRUE,FALSE,,FALSE,Tidal_mudflat,Tidal_saline_matrix,25,FALSE,ASSIGNED,Within 30 ft of tidal wetland or eel grass
92939,Mudflat/Dry Pond Bottom Mapping Unit,Mudflat,0.7485898553063859,FALSE,TRUE,FALSE,,FALSE,Tidal_mudflat,Tidal_saline_matrix,25,FALSE,ASSIGNED,Within 30 ft of tidal wetland or eel grass
92940,Mudflat/Dry Pond Bottom Mapping Unit,Mudflat,0.06359029350529355,FALSE,TRUE,FALSE,,FALSE,Tidal_mudflat,Tidal_saline_matrix,25,FALSE,ASSIGNED,Within 30 ft of tidal wetland or eel grass
92941,Mudflat/Dry Pond Bottom Mapping Unit,Mudflat,0.02203581342223333,FALSE,TRUE,FALSE,,FALSE,Tidal_mudflat,Tidal_saline_matrix,25,FALSE,ASSIGNED,Within 30 ft of tidal wetland or eel grass
92942,Mudflat/Dry Pond Bottom Mapping Unit,Mudflat,0.016230606289427973,FALSE,TRUE,FALSE,,FALSE,Tidal_mudflat,Tidal_saline_matrix,25,FALSE,ASSIGNED,Within 30 ft of tidal wetland or eel grass
92943,Mudflat/Dry Pond Bottom Mapping Unit,Mudflat,0.023874046642036243,FALSE,TRUE,FALSE,,FALSE,Tidal_mudflat,Tidal_saline_matrix,25,FALSE,ASSIGNED,Within 30 ft of tidal wetland or eel grass
92944,Mudflat/Dry Pond Bottom Mapping Unit,Mudflat,0.024793289257765905,FALSE,TRUE,FALSE,,FALSE,Tidal_mudflat,Tidal_saline_matrix,25,FALSE,ASSIGNED,Within 30 ft of tidal wetland or eel grass
92945,Mudflat/Dry Pond Bottom Mapping Unit,Mudflat,0.03220831928590899,FALSE,TRUE,FALSE,,FALSE,Tidal_mudflat,Tidal_saline_matrix,25,FALSE,ASSIGNED,Within 30 ft of tidal wetland or eel grass
92946,Mudflat/Dry Pond Bottom Mapping Unit,Mudflat,0.05052780523348569,FALSE,TRUE,FALSE,,FALSE,Tidal_mudflat,Tidal_saline_matrix,25,FALSE,ASSIGNED,Within 30 ft of tidal wetland or eel grass
92947,Mudflat/Dry Pond Bottom Mapping Unit,Mudflat,0.04086369916348347,FALSE,TRUE,FALSE,,FALSE,Tidal_mudflat,Tidal_saline_matrix,25,FALSE,ASSIGNED,Within 30 ft of tidal wetland or eel grass
92948,Mudflat/Dry Pond Bottom Mapping Unit,Mudflat,0.04232671554223689,FALSE,TRUE,FALSE,,FALSE,Tidal_mudflat,Tidal_saline_matrix,25,FALSE,ASSIGNED,Within 30 ft of tidal wetland or eel grass
92949,Mudflat/Dry Pond Bottom Mapping Unit,Mudflat,0.020248334925872212,FALSE,TRUE,FALSE,,FALSE,Tidal_mudflat,Tidal_saline_matrix,25,FALSE,ASSIGNED,Within 30 ft of tidal wetland or eel grass
92950,Mudflat/Dry Pond Bottom Mapping Unit,Mudflat,0.06279209070150914,FALSE,TRUE,FALSE,,FALSE,Tidal_mudflat,Tidal_saline_matrix,25,FALSE,ASSIGNED,Within 30 ft of tidal wetland or eel grass
92951,Mudflat/Dry Pond Bottom Mapping Unit,Mudflat,0.05210403097462733,FALSE,TRUE,FALSE,,FALSE,Tidal_mudflat,Tidal_saline_matrix,25,FALSE,ASSIGNED,Within 30 ft of tidal wetland or eel grass
92952,Mudflat/Dry Pond Bottom Mapping Unit,Mudflat,0.017294088996530448,FALSE,TRUE,FALSE,,FALSE,Tidal_mudflat,Tidal_saline_matrix,25,FALSE,ASSIGNED,Within 30 ft of tidal wetland or eel grass
92953,Mudflat/Dry Pond Bottom Mapping Unit,Mudflat,19.972410042954664,FALSE,FALSE,FALSE,,FALSE,UNRESOLVED_MUDFLAT_REVIEW,UNRESOLVED_REVIEW,,FALSE,REVIEW_REQUIRED,"No freshwater, tidal, or modeled-site spatial evidence"
92954,Mudflat/Dry Pond Bottom Mapping Unit,Mudflat,0.15418595979059221,FALSE,TRUE,FALSE,,FALSE,Tidal_mudflat,Tidal_saline_matrix,25,FALSE,ASSIGNED,Within 30 ft of tidal wetland or eel grass
92955,Mudflat/Dry Pond Bottom Mapping Unit,Mudflat,0.050289568249477105,FALSE,TRUE,FALSE,,FALSE,Tidal_mudflat,Tidal_saline_matrix,25,FALSE,ASSIGNED,Within 30 ft of tidal wetland or eel grass
92956,Mudflat/Dry Pond Bottom Mapping Unit,Mudflat,0.021579344351105405,FALSE,TRUE,FALSE,,FALSE,Tidal_mudflat,Tidal_saline_matrix,25,FALSE,ASSIGNED,Within 30 ft of tidal wetland or eel grass
92957,Mudflat/Dry Pond Bottom Mapping Unit,Mudflat,0.09112443876629264,FALSE,TRUE,FALSE,,FALSE,Tidal_mudflat,Tidal_saline_matrix,25,FALSE,ASSIGNED,Within 30 ft of tidal wetland or eel grass
92958,Mudflat/Dry Pond Bottom Mapping Unit,Mudflat,0.10376498891623766,FALSE,TRUE,FALSE,,FALSE,Tidal_mudflat,Tidal_saline_matrix,25,FALSE,ASSIGNED,Within 30 ft of tidal wetland or eel grass
92959,Mudflat/Dry Pond Bottom Mapping Unit,Mudflat,0.037511781544297455,FALSE,TRUE,FALSE,,FALSE,Tidal_mudflat,Tidal_saline_matrix,25,FALSE,ASSIGNED,Within 30 ft of tidal wetland or eel grass
92960,Mudflat/Dry Pond Bottom Mapping Unit,Mudflat,0.019253487501220787,FALSE,TRUE,FALSE,,FALSE,Tidal_mudflat,Tidal_saline_matrix,25,FALSE,ASSIGNED,Within 30 ft of tidal wetland or eel grass
92961,Mudflat/Dry Pond Bottom Mapping Unit,Mudflat,0.04311278274245531,FALSE,TRUE,FALSE,,FALSE,Tidal_mudflat,Tidal_saline_matrix,25,FALSE,ASSIGNED,Within 30 ft of tidal wetland or eel grass
92962,Mudflat/Dry Pond Bottom Mapping Unit,Mudflat,0.016069724515514184,FALSE,TRUE,FALSE,,FALSE,Tidal_mudflat,Tidal_saline_matrix,25,FALSE,ASSIGNED,Within 30 ft of tidal wetland or eel grass
92963,Mudflat/Dry Pond Bottom Mapping Unit,Mudflat,0.0188892287505314,FALSE,TRUE,FALSE,,FALSE,Tidal_mudflat,Tidal_saline_matrix,25,FALSE,ASSIGNED,Within 30 ft of tidal wetland or eel grass
92964,Mudflat/Dry Pond Bottom Mapping Unit,Mudflat,0.18045444251452994,FALSE,TRUE,FALSE,,FALSE,Tidal_mudflat,Tidal_saline_matrix,25,FALSE,ASSIGNED,Within 30 ft of tidal wetland or eel grass
92965,Mudflat/Dry Pond Bottom Mapping Unit,Mudflat,0.3115925910729381,FALSE,TRUE,FALSE,,FALSE,Tidal_mudflat,Tidal_saline_matrix,25,FALSE,ASSIGNED,Within 30 ft of tidal wetland or eel grass
92966,Mudflat/Dry Pond Bottom Mapping Unit,Mudflat,0.056294715415755515,FALSE,TRUE,FALSE,,FALSE,Tidal_mudflat,Tidal_saline_matrix,25,FALSE,ASSIGNED,Within 30 ft of tidal wetland or eel grass
92967,Mudflat/Dry Pond Bottom Mapping Unit,Mudflat,0.7739930498371446,FALSE,TRUE,FALSE,,FALSE,Tidal_mudflat,Tidal_saline_matrix,25,FALSE,ASSIGNED,Within 30 ft of tidal wetland or eel grass
92968,Mudflat/Dry Pond Bottom Mapping Unit,Mudflat,0.020939015347981337,FALSE,TRUE,FALSE,,FALSE,Tidal_mudflat,Tidal_saline_matrix,25,FALSE,ASSIGNED,Within 30 ft of tidal wetland or eel grass
92969,Mudflat/Dry Pond Bottom Mapping Unit,Mudflat,0.03420579749252419,FALSE,TRUE,FALSE,,FALSE,Tidal_mudflat,Tidal_saline_matrix,25,FALSE,ASSIGNED,Within 30 ft of tidal wetland or eel grass
92970,Mudflat/Dry Pond Bottom Mapping Unit,Mudflat,0.03450428795493159,FALSE,TRUE,FALSE,,FALSE,Tidal_mudflat,Tidal_saline_matrix,25,FALSE,ASSIGNED,Within 30 ft of tidal wetland or eel grass
92971,Mudflat/Dry Pond Bottom Mapping Unit,Mudflat,0.14710292718166315,FALSE,TRUE,FALSE,,FALSE,Tidal_mudflat,Tidal_saline_matrix,25,FALSE,ASSIGNED,Within 30 ft of tidal wetland or eel grass
92972,Mudflat/Dry Pond Bottom Mapping Unit,Mudflat,0.023462016216527114,FALSE,TRUE,FALSE,,FALSE,Tidal_mudflat,Tidal_saline_matrix,25,FALSE,ASSIGNED,Within 30 ft of tidal wetland or eel grass
92973,Mudflat/Dry Pond Bottom Mapping Unit,Mudflat,0.09550811542242701,FALSE,TRUE,FALSE,,FALSE,Tidal_mudflat,Tidal_saline_matrix,25,FALSE,ASSIGNED,Within 30 ft of tidal wetland or eel grass
92974,Mudflat/Dry Pond Bottom Mapping Unit,Mudflat,0.03114481011119172,FALSE,TRUE,FALSE,,FALSE,Tidal_mudflat,Tidal_saline_matrix,25,FALSE,ASSIGNED,Within 30 ft of tidal wetland or eel grass
92975,Mudflat/Dry Pond Bottom Mapping Unit,Mudflat,5.611357939924561,FALSE,FALSE,FALSE,,FALSE,UNRESOLVED_MUDFLAT_REVIEW,UNRESOLVED_REVIEW,,FALSE,REVIEW_REQUIRED,"No freshwater, tidal, or modeled-site spatial evidence"
92976,Mudflat/Dry Pond Bottom Mapping Unit,Mudflat,0.0228190088185434,FALSE,TRUE,FALSE,,FALSE,Tidal_mudflat,Tidal_saline_matrix,25,FALSE,ASSIGNED,Within 30 ft of tidal wetland or eel grass
92977,Mudflat/Dry Pond Bottom Mapping Unit,Mudflat,0.2229798098703921,FALSE,TRUE,FALSE,,FALSE,Tidal_mudflat,Tidal_saline_matrix,25,FALSE,ASSIGNED,Within 30 ft of tidal wetland or eel grass
92978,Mudflat/Dry Pond Bottom Mapping Unit,Mudflat,0.0270433519571127,FALSE,TRUE,FALSE,,FALSE,Tidal_mudflat,Tidal_saline_matrix,25,FALSE,ASSIGNED,Within 30 ft of tidal wetland or eel grass
92979,Mudflat/Dry Pond Bottom Mapping Unit,Mudflat,0.03643241387969573,FALSE,TRUE,FALSE,,FALSE,Tidal_mudflat,Tidal_saline_matrix,25,FALSE,ASSIGNED,Within 30 ft of tidal wetland or eel grass
92980,Mudflat/Dry Pond Bottom Mapping Unit,Mudflat,0.07516091693129898,FALSE,TRUE,FALSE,,FALSE,Tidal_mudflat,Tidal_saline_matrix,25,FALSE,ASSIGNED,Within 30 ft of tidal wetland or eel grass
92981,Mudflat/Dry Pond Bottom Mapping Unit,Mudflat,0.09327386745681576,FALSE,TRUE,FALSE,,FALSE,Tidal_mudflat,Tidal_saline_matrix,25,FALSE,ASSIGNED,Within 30 ft of tidal wetland or eel grass
92982,Mudflat/Dry Pond Bottom Mapping Unit,Mudflat,0.10525754668019646,FALSE,TRUE,FALSE,,FALSE,Tidal_mudflat,Tidal_saline_matrix,25,FALSE,ASSIGNED,Within 30 ft of tidal wetland or eel grass
92983,Mudflat/Dry Pond Bottom Mapping Unit,Mudflat,0.03335015168950575,FALSE,TRUE,FALSE,,FALSE,Tidal_mudflat,Tidal_saline_matrix,25,FALSE,ASSIGNED,Within 30 ft of tidal wetland or eel grass
92984,Mudflat/Dry Pond Bottom Mapping Unit,Mudflat,0.038659577183231944,FALSE,TRUE,FALSE,,FALSE,Tidal_mudflat,Tidal_saline_matrix,25,FALSE,ASSIGNED,Within 30 ft of tidal wetland or eel grass
92985,Mudflat/Dry Pond Bottom Mapping Unit,Mudflat,0.11329213402492559,FALSE,TRUE,FALSE,,FALSE,Tidal_mudflat,Tidal_saline_matrix,25,FALSE,ASSIGNED,Within 30 ft of tidal wetland or eel grass
92986,Mudflat/Dry Pond Bottom Mapping Unit,Mudflat,0.014393934534936164,FALSE,TRUE,FALSE,,FALSE,Tidal_mudflat,Tidal_saline_matrix,25,FALSE,ASSIGNED,Within 30 ft of tidal wetland or eel grass
92987,Mudflat/Dry Pond Bottom Mapping Unit,Mudflat,0.025757653490681928,FALSE,TRUE,FALSE,,FALSE,Tidal_mudflat,Tidal_saline_matrix,25,FALSE,ASSIGNED,Within 30 ft of tidal wetland or eel grass
92988,Mudflat/Dry Pond Bottom Mapping Unit,Mudflat,0.19042671380567713,FALSE,TRUE,FALSE,,FALSE,Tidal_mudflat,Tidal_saline_matrix,25,FALSE,ASSIGNED,Within 30 ft of tidal wetland or eel grass
92989,Mudflat/Dry Pond Bottom Mapping Unit,Mudflat,2.1435238701337025,FALSE,FALSE,FALSE,,FALSE,UNRESOLVED_MUDFLAT_REVIEW,UNRESOLVED_REVIEW,,FALSE,REVIEW_REQUIRED,"No freshwater, tidal, or modeled-site spatial evidence"
92990,Mudflat/Dry Pond Bottom Mapping Unit,Mudflat,0.07753480539593031,FALSE,TRUE,FALSE,,FALSE,Tidal_mudflat,Tidal_saline_matrix,25,FALSE,ASSIGNED,Within 30 ft of tidal wetland or eel grass
92991,Mudflat/Dry Pond Bottom Mapping Unit,Mudflat,0.017447084286038642,FALSE,TRUE,FALSE,,FALSE,Tidal_mudflat,Tidal_saline_matrix,25,FALSE,ASSIGNED,Within 30 ft of tidal wetland or eel grass
92992,Mudflat/Dry Pond Bottom Mapping Unit,Mudflat,0.5023147665765559,FALSE,TRUE,FALSE,,FALSE,Tidal_mudflat,Tidal_saline_matrix,25,FALSE,ASSIGNED,Within 30 ft of tidal wetland or eel grass
92993,Mudflat/Dry Pond Bottom Mapping Unit,Mudflat,0.5900557079863511,FALSE,TRUE,FALSE,,FALSE,Tidal_mudflat,Tidal_saline_matrix,25,FALSE,ASSIGNED,Within 30 ft of tidal wetland or eel grass
92994,Mudflat/Dry Pond Bottom Mapping Unit,Mudflat,0.020362689363497496,FALSE,TRUE,FALSE,,FALSE,Tidal_mudflat,Tidal_saline_matrix,25,FALSE,ASSIGNED,Within 30 ft of tidal wetland or eel grass
92995,Mudflat/Dry Pond Bottom Mapping Unit,Mudflat,0.014256141323540375,FALSE,TRUE,FALSE,,FALSE,Tidal_mudflat,Tidal_saline_matrix,25,FALSE,ASSIGNED,Within 30 ft of tidal wetland or eel grass
92996,Mudflat/Dry Pond Bottom Mapping Unit,Mudflat,0.015082584298297516,FALSE,TRUE,FALSE,,FALSE,Tidal_mudflat,Tidal_saline_matrix,25,FALSE,ASSIGNED,Within 30 ft of tidal wetland or eel grass
92997,Mudflat/Dry Pond Bottom Mapping Unit,Mudflat,0.03382671954304349,FALSE,TRUE,FALSE,,FALSE,Tidal_mudflat,Tidal_saline_matrix,25,FALSE,ASSIGNED,Within 30 ft of tidal wetland or eel grass
92998,Mudflat/Dry Pond Bottom Mapping Unit,Mudflat,0.26197197716578835,FALSE,TRUE,FALSE,,FALSE,Tidal_mudflat,Tidal_saline_matrix,25,FALSE,ASSIGNED,Within 30 ft of tidal wetland or eel grass
92999,Mudflat/Dry Pond Bottom Mapping Unit,Mudflat,0.03328729779519457,FALSE,TRUE,FALSE,,FALSE,Tidal_mudflat,Tidal_saline_matrix,25,FALSE,ASSIGNED,Within 30 ft of tidal wetland or eel grass
93000,Mudflat/Dry Pond Bottom Mapping Unit,Mudflat,0.0167585023119552,FALSE,TRUE,FALSE,,FALSE,Tidal_mudflat,Tidal_saline_matrix,25,FALSE,ASSIGNED,Within 30 ft of tidal wetland or eel grass
93001,Mudflat/Dry Pond Bottom Mapping Unit,Mudflat,0.020041453038044364,FALSE,TRUE,FALSE,,FALSE,Tidal_mudflat,Tidal_saline_matrix,25,FALSE,ASSIGNED,Within 30 ft of tidal wetland or eel grass
93002,Mudflat/Dry Pond Bottom Mapping Unit,Mudflat,0.028902871245490937,FALSE,TRUE,FALSE,,FALSE,Tidal_mudflat,Tidal_saline_matrix,25,FALSE,ASSIGNED,Within 30 ft of tidal wetland or eel grass
93003,Mudflat/Dry Pond Bottom Mapping Unit,Mudflat,0.305875998957379,FALSE,TRUE,FALSE,,FALSE,Tidal_mudflat,Tidal_saline_matrix,25,FALSE,ASSIGNED,Within 30 ft of tidal wetland or eel grass
93004,Mudflat/Dry Pond Bottom Mapping Unit,Mudflat,0.021854991043089723,FALSE,TRUE,FALSE,,FALSE,Tidal_mudflat,Tidal_saline_matrix,25,FALSE,ASSIGNED,Within 30 ft of tidal wetland or eel grass
93005,Mudflat/Dry Pond Bottom Mapping Unit,Mudflat,0.5238527212322075,FALSE,TRUE,FALSE,,FALSE,Tidal_mudflat,Tidal_saline_matrix,25,FALSE,ASSIGNED,Within 30 ft of tidal wetland or eel grass
93006,Mudflat/Dry Pond Bottom Mapping Unit,Mudflat,0.08365710073309478,FALSE,TRUE,FALSE,,FALSE,Tidal_mudflat,Tidal_saline_matrix,25,FALSE,ASSIGNED,Within 30 ft of tidal wetland or eel grass
93007,Mudflat/Dry Pond Bottom Mapping Unit,Mudflat,0.10268592755441398,FALSE,TRUE,FALSE,,FALSE,Tidal_mudflat,Tidal_saline_matrix,25,FALSE,ASSIGNED,Within 30 ft of tidal wetland or eel grass
93008,Mudflat/Dry Pond Bottom Mapping Unit,Mudflat,0.025573905856746123,FALSE,TRUE,FALSE,,FALSE,Tidal_mudflat,Tidal_saline_matrix,25,FALSE,ASSIGNED,Within 30 ft of tidal wetland or eel grass
93009,Mudflat/Dry Pond Bottom Mapping Unit,Mudflat,0.03140228052717392,FALSE,TRUE,FALSE,,FALSE,Tidal_mudflat,Tidal_saline_matrix,25,FALSE,ASSIGNED,Within 30 ft of tidal wetland or eel grass
93010,Mudflat/Dry Pond Bottom Mapping Unit,Mudflat,0.022681234431362062,FALSE,TRUE,FALSE,,FALSE,Tidal_mudflat,Tidal_saline_matrix,25,FALSE,ASSIGNED,Within 30 ft of tidal wetland or eel grass
93011,Mudflat/Dry Pond Bottom Mapping Unit,Mudflat,0.06544143075013077,FALSE,TRUE,FALSE,,FALSE,Tidal_mudflat,Tidal_saline_matrix,25,FALSE,ASSIGNED,Within 30 ft of tidal wetland or eel grass
93012,Mudflat/Dry Pond Bottom Mapping Unit,Mudflat,0.053489293686994066,FALSE,TRUE,FALSE,,FALSE,Tidal_mudflat,Tidal_saline_matrix,25,FALSE,ASSIGNED,Within 30 ft of tidal wetland or eel grass
93013,Mudflat/Dry Pond Bottom Mapping Unit,Mudflat,0.01584036037996204,FALSE,TRUE,FALSE,,FALSE,Tidal_mudflat,Tidal_saline_matrix,25,FALSE,ASSIGNED,Within 30 ft of tidal wetland or eel grass
93014,Mudflat/Dry Pond Bottom Mapping Unit,Mudflat,0.2839815096087498,FALSE,TRUE,FALSE,,FALSE,Tidal_mudflat,Tidal_saline_matrix,25,FALSE,ASSIGNED,Within 30 ft of tidal wetland or eel grass
93015,Mudflat/Dry Pond Bottom Mapping Unit,Mudflat,0.05201689183981839,FALSE,TRUE,FALSE,,FALSE,Tidal_mudflat,Tidal_saline_matrix,25,FALSE,ASSIGNED,Within 30 ft of tidal wetland or eel grass
93016,Mudflat/Dry Pond Bottom Mapping Unit,Mudflat,0.1356060228091199,FALSE,TRUE,FALSE,,FALSE,Tidal_mudflat,Tidal_saline_matrix,25,FALSE,ASSIGNED,Within 30 ft of tidal wetland or eel grass
93017,Mudflat/Dry Pond Bottom Mapping Unit,Mudflat,0.016643703505137632,FALSE,TRUE,FALSE,,FALSE,Tidal_mudflat,Tidal_saline_matrix,25,FALSE,ASSIGNED,Within 30 ft of tidal wetland or eel grass
93018,Mudflat/Dry Pond Bottom Mapping Unit,Mudflat,0.043241272172419146,FALSE,TRUE,FALSE,,FALSE,Tidal_mudflat,Tidal_saline_matrix,25,FALSE,ASSIGNED,Within 30 ft of tidal wetland or eel grass
93019,Mudflat/Dry Pond Bottom Mapping Unit,Mudflat,0.04924487768055619,FALSE,TRUE,FALSE,,FALSE,Tidal_mudflat,Tidal_saline_matrix,25,FALSE,ASSIGNED,Within 30 ft of tidal wetland or eel grass
93020,Mudflat/Dry Pond Bottom Mapping Unit,Mudflat,0.2565884789459281,FALSE,TRUE,FALSE,,FALSE,Tidal_mudflat,Tidal_saline_matrix,25,FALSE,ASSIGNED,Within 30 ft of tidal wetland or eel grass
93021,Mudflat/Dry Pond Bottom Mapping Unit,Mudflat,0.06800582007268595,FALSE,TRUE,FALSE,,FALSE,Tidal_mudflat,Tidal_saline_matrix,25,FALSE,ASSIGNED,Within 30 ft of tidal wetland or eel grass
93022,Mudflat/Dry Pond Bottom Mapping Unit,Mudflat,0.022313960328021153,FALSE,TRUE,FALSE,,FALSE,Tidal_mudflat,Tidal_saline_matrix,25,FALSE,ASSIGNED,Within 30 ft of tidal wetland or eel grass
93023,Mudflat/Dry Pond Bottom Mapping Unit,Mudflat,0.25486251952963995,FALSE,TRUE,FALSE,,FALSE,Tidal_mudflat,Tidal_saline_matrix,25,FALSE,ASSIGNED,Within 30 ft of tidal wetland or eel grass
93024,Mudflat/Dry Pond Bottom Mapping Unit,Mudflat,0.035210994608897823,FALSE,TRUE,FALSE,,FALSE,Tidal_mudflat,Tidal_saline_matrix,25,FALSE,ASSIGNED,Within 30 ft of tidal wetland or eel grass
93025,Mudflat/Dry Pond Bottom Mapping Unit,Mudflat,0.01448578413145858,FALSE,TRUE,FALSE,,FALSE,Tidal_mudflat,Tidal_saline_matrix,25,FALSE,ASSIGNED,Within 30 ft of tidal wetland or eel grass
93026,Mudflat/Dry Pond Bottom Mapping Unit,Mudflat,0.06693135421840204,FALSE,TRUE,FALSE,,FALSE,Tidal_mudflat,Tidal_saline_matrix,25,FALSE,ASSIGNED,Within 30 ft of tidal wetland or eel grass
93027,Mudflat/Dry Pond Bottom Mapping Unit,Mudflat,0.03955462936735917,FALSE,TRUE,FALSE,,FALSE,Tidal_mudflat,Tidal_saline_matrix,25,FALSE,ASSIGNED,Within 30 ft of tidal wetland or eel grass
93028,Mudflat/Dry Pond Bottom Mapping Unit,Mudflat,0.016345363680990495,FALSE,TRUE,FALSE,,FALSE,Tidal_mudflat,Tidal_saline_matrix,25,FALSE,ASSIGNED,Within 30 ft of tidal wetland or eel grass
93029,Mudflat/Dry Pond Bottom Mapping Unit,Mudflat,0.019322254990396283,FALSE,TRUE,FALSE,,FALSE,Tidal_mudflat,Tidal_saline_matrix,25,FALSE,ASSIGNED,Within 30 ft of tidal wetland or eel grass
93030,Mudflat/Dry Pond Bottom Mapping Unit,Mudflat,0.07285626841480435,FALSE,TRUE,FALSE,,FALSE,Tidal_mudflat,Tidal_saline_matrix,25,FALSE,ASSIGNED,Within 30 ft of tidal wetland or eel grass
93031,Mudflat/Dry Pond Bottom Mapping Unit,Mudflat,0.020798814881084374,FALSE,TRUE,FALSE,,FALSE,Tidal_mudflat,Tidal_saline_matrix,25,FALSE,ASSIGNED,Within 30 ft of tidal wetland or eel grass
93032,Mudflat/Dry Pond Bottom Mapping Unit,Mudflat,5.551736592020514,FALSE,TRUE,FALSE,,FALSE,Tidal_mudflat,Tidal_saline_matrix,25,FALSE,ASSIGNED,Within 30 ft of tidal wetland or eel grass
93033,Mudflat/Dry Pond Bottom Mapping Unit,Mudflat,0.4121895711849061,FALSE,TRUE,FALSE,,FALSE,Tidal_mudflat,Tidal_saline_matrix,25,FALSE,ASSIGNED,Within 30 ft of tidal wetland or eel grass
93034,Mudflat/Dry Pond Bottom Mapping Unit,Mudflat,0.4179720618311776,FALSE,TRUE,FALSE,,FALSE,Tidal_mudflat,Tidal_saline_matrix,25,FALSE,ASSIGNED,Within 30 ft of tidal wetland or eel grass
93035,Mudflat/Dry Pond Bottom Mapping Unit,Mudflat,0.018273572451734756,FALSE,TRUE,FALSE,,FALSE,Tidal_mudflat,Tidal_saline_matrix,25,FALSE,ASSIGNED,Within 30 ft of tidal wetland or eel grass
93036,Mudflat/Dry Pond Bottom Mapping Unit,Mudflat,0.03296998874168515,FALSE,TRUE,FALSE,,FALSE,Tidal_mudflat,Tidal_saline_matrix,25,FALSE,ASSIGNED,Within 30 ft of tidal wetland or eel grass
93037,Mudflat/Dry Pond Bottom Mapping Unit,Mudflat,0.017643008857108546,FALSE,TRUE,FALSE,,FALSE,Tidal_mudflat,Tidal_saline_matrix,25,FALSE,ASSIGNED,Within 30 ft of tidal wetland or eel grass
93038,Mudflat/Dry Pond Bottom Mapping Unit,Mudflat,0.8215310115575665,FALSE,TRUE,FALSE,,FALSE,Tidal_mudflat,Tidal_saline_matrix,25,FALSE,ASSIGNED,Within 30 ft of tidal wetland or eel grass
93039,Mudflat/Dry Pond Bottom Mapping Unit,Mudflat,0.08999067572638218,FALSE,TRUE,FALSE,,FALSE,Tidal_mudflat,Tidal_saline_matrix,25,FALSE,ASSIGNED,Within 30 ft of tidal wetland or eel grass
93040,Mudflat/Dry Pond Bottom Mapping Unit,Mudflat,0.9742229994850257,FALSE,TRUE,FALSE,,FALSE,Tidal_mudflat,Tidal_saline_matrix,25,FALSE,ASSIGNED,Within 30 ft of tidal wetland or eel grass
93041,Mudflat/Dry Pond Bottom Mapping Unit,Mudflat,0.04120739513543229,FALSE,TRUE,FALSE,,FALSE,Tidal_mudflat,Tidal_saline_matrix,25,FALSE,ASSIGNED,Within 30 ft of tidal wetland or eel grass
93042,Mudflat/Dry Pond Bottom Mapping Unit,Mudflat,0.06658996071461126,FALSE,TRUE,FALSE,,FALSE,Tidal_mudflat,Tidal_saline_matrix,25,FALSE,ASSIGNED,Within 30 ft of tidal wetland or eel grass
93043,Mudflat/Dry Pond Bottom Mapping Unit,Mudflat,0.021350040470720588,FALSE,TRUE,FALSE,,FALSE,Tidal_mudflat,Tidal_saline_matrix,25,FALSE,ASSIGNED,Within 30 ft of tidal wetland or eel grass
93044,Mudflat/Dry Pond Bottom Mapping Unit,Mudflat,0.03142967578311133,FALSE,TRUE,FALSE,,FALSE,Tidal_mudflat,Tidal_saline_matrix,25,FALSE,ASSIGNED,Within 30 ft of tidal wetland or eel grass
93045,Mudflat/Dry Pond Bottom Mapping Unit,Mudflat,0.02247465757732234,FALSE,TRUE,FALSE,,FALSE,Tidal_mudflat,Tidal_saline_matrix,25,FALSE,ASSIGNED,Within 30 ft of tidal wetland or eel grass
93046,Mudflat/Dry Pond Bottom Mapping Unit,Mudflat,0.040740654220206965,FALSE,TRUE,FALSE,,FALSE,Tidal_mudflat,Tidal_saline_matrix,25,FALSE,ASSIGNED,Within 30 ft of tidal wetland or eel grass
93047,Mudflat/Dry Pond Bottom Mapping Unit,Mudflat,0.05704790615586009,FALSE,TRUE,FALSE,,FALSE,Tidal_mudflat,Tidal_saline_matrix,25,FALSE,ASSIGNED,Within 30 ft of tidal wetland or eel grass
93048,Mudflat/Dry Pond Bottom Mapping Unit,Mudflat,0.24983882612892624,FALSE,TRUE,FALSE,,FALSE,Tidal_mudflat,Tidal_saline_matrix,25,FALSE,ASSIGNED,Within 30 ft of tidal wetland or eel grass
93049,Mudflat/Dry Pond Bottom Mapping Unit,Mudflat,0.04386102573292316,FALSE,TRUE,FALSE,,FALSE,Tidal_mudflat,Tidal_saline_matrix,25,FALSE,ASSIGNED,Within 30 ft of tidal wetland or eel grass
93050,Mudflat/Dry Pond Bottom Mapping Unit,Mudflat,0.031792838272784375,FALSE,TRUE,FALSE,,FALSE,Tidal_mudflat,Tidal_saline_matrix,25,FALSE,ASSIGNED,Within 30 ft of tidal wetland or eel grass
93051,Mudflat/Dry Pond Bottom Mapping Unit,Mudflat,0.023553805550014174,FALSE,TRUE,FALSE,,FALSE,Tidal_mudflat,Tidal_saline_matrix,25,FALSE,ASSIGNED,Within 30 ft of tidal wetland or eel grass
93052,Mudflat/Dry Pond Bottom Mapping Unit,Mudflat,0.16786046647472,FALSE,TRUE,FALSE,,FALSE,Tidal_mudflat,Tidal_saline_matrix,25,FALSE,ASSIGNED,Within 30 ft of tidal wetland or eel grass
93053,Mudflat/Dry Pond Bottom Mapping Unit,Mudflat,0.07291121575877448,FALSE,TRUE,FALSE,,FALSE,Tidal_mudflat,Tidal_saline_matrix,25,FALSE,ASSIGNED,Within 30 ft of tidal wetland or eel grass
93054,Mudflat/Dry Pond Bottom Mapping Unit,Mudflat,0.1354452653046515,FALSE,TRUE,FALSE,,FALSE,Tidal_mudflat,Tidal_saline_matrix,25,FALSE,ASSIGNED,Within 30 ft of tidal wetland or eel grass
93055,Mudflat/Dry Pond Bottom Mapping Unit,Mudflat,0.0713497124314861,FALSE,TRUE,FALSE,,FALSE,Tidal_mudflat,Tidal_saline_matrix,25,FALSE,ASSIGNED,Within 30 ft of tidal wetland or eel grass
93056,Mudflat/Dry Pond Bottom Mapping Unit,Mudflat,0.015151454547362726,FALSE,TRUE,FALSE,,FALSE,Tidal_mudflat,Tidal_saline_matrix,25,FALSE,ASSIGNED,Within 30 ft of tidal wetland or eel grass
93057,Mudflat/Dry Pond Bottom Mapping Unit,Mudflat,0.06297835675489868,FALSE,TRUE,FALSE,,FALSE,Tidal_mudflat,Tidal_saline_matrix,25,FALSE,ASSIGNED,Within 30 ft of tidal wetland or eel grass
93058,Mudflat/Dry Pond Bottom Mapping Unit,Mudflat,0.01691924475177665,FALSE,TRUE,FALSE,,FALSE,Tidal_mudflat,Tidal_saline_matrix,25,FALSE,ASSIGNED,Within 30 ft of tidal wetland or eel grass
93059,Mudflat/Dry Pond Bottom Mapping Unit,Mudflat,0.01836539944820782,FALSE,TRUE,FALSE,,FALSE,Tidal_mudflat,Tidal_saline_matrix,25,FALSE,ASSIGNED,Within 30 ft of tidal wetland or eel grass
93060,Mudflat/Dry Pond Bottom Mapping Unit,Mudflat,0.01443979531888108,FALSE,TRUE,FALSE,,FALSE,Tidal_mudflat,Tidal_saline_matrix,25,FALSE,ASSIGNED,Within 30 ft of tidal wetland or eel grass
93061,Mudflat/Dry Pond Bottom Mapping Unit,Mudflat,0.024839210287983946,FALSE,TRUE,FALSE,,FALSE,Tidal_mudflat,Tidal_saline_matrix,25,FALSE,ASSIGNED,Within 30 ft of tidal wetland or eel grass
93062,Mudflat/Dry Pond Bottom Mapping Unit,Mudflat,0.019719938040567264,FALSE,TRUE,FALSE,,FALSE,Tidal_mudflat,Tidal_saline_matrix,25,FALSE,ASSIGNED,Within 30 ft of tidal wetland or eel grass
93063,Mudflat/Dry Pond Bottom Mapping Unit,Mudflat,0.01747021426567512,FALSE,TRUE,FALSE,,FALSE,Tidal_mudflat,Tidal_saline_matrix,25,FALSE,ASSIGNED,Within 30 ft of tidal wetland or eel grass
93064,Mudflat/Dry Pond Bottom Mapping Unit,Mudflat,0.039371035958626566,FALSE,TRUE,FALSE,,FALSE,Tidal_mudflat,Tidal_saline_matrix,25,FALSE,ASSIGNED,Within 30 ft of tidal wetland or eel grass
93065,Mudflat/Dry Pond Bottom Mapping Unit,Mudflat,0.0645316783924629,FALSE,TRUE,FALSE,,FALSE,Tidal_mudflat,Tidal_saline_matrix,25,FALSE,ASSIGNED,Within 30 ft of tidal wetland or eel grass
93066,Mudflat/Dry Pond Bottom Mapping Unit,Mudflat,0.07628563949445845,FALSE,TRUE,FALSE,,FALSE,Tidal_mudflat,Tidal_saline_matrix,25,FALSE,ASSIGNED,Within 30 ft of tidal wetland or eel grass
93067,Mudflat/Dry Pond Bottom Mapping Unit,Mudflat,0.1270241101519572,FALSE,TRUE,FALSE,,FALSE,Tidal_mudflat,Tidal_saline_matrix,25,FALSE,ASSIGNED,Within 30 ft of tidal wetland or eel grass
93068,Mudflat/Dry Pond Bottom Mapping Unit,Mudflat,0.024953986499199186,FALSE,TRUE,FALSE,,FALSE,Tidal_mudflat,Tidal_saline_matrix,25,FALSE,ASSIGNED,Within 30 ft of tidal wetland or eel grass
93069,Mudflat/Dry Pond Bottom Mapping Unit,Mudflat,0.02143904655302524,FALSE,TRUE,FALSE,,FALSE,Tidal_mudflat,Tidal_saline_matrix,25,FALSE,ASSIGNED,Within 30 ft of tidal wetland or eel grass
93070,Mudflat/Dry Pond Bottom Mapping Unit,Mudflat,0.010534944307807914,FALSE,TRUE,FALSE,,FALSE,Tidal_mudflat,Tidal_saline_matrix,25,FALSE,ASSIGNED,Within 30 ft of tidal wetland or eel grass
93071,Mudflat/Dry Pond Bottom Mapping Unit,Mudflat,0.11368194309750425,FALSE,TRUE,FALSE,,FALSE,Tidal_mudflat,Tidal_saline_matrix,25,FALSE,ASSIGNED,Within 30 ft of tidal wetland or eel grass
93072,Mudflat/Dry Pond Bottom Mapping Unit,Mudflat,0.034848345455376614,FALSE,TRUE,FALSE,,FALSE,Tidal_mudflat,Tidal_saline_matrix,25,FALSE,ASSIGNED,Within 30 ft of tidal wetland or eel grass
93073,Mudflat/Dry Pond Bottom Mapping Unit,Mudflat,0.026533912711287553,FALSE,TRUE,FALSE,,FALSE,Tidal_mudflat,Tidal_saline_matrix,25,FALSE,ASSIGNED,Within 30 ft of tidal wetland or eel grass
93074,Mudflat/Dry Pond Bottom Mapping Unit,Mudflat,0.06095340062842291,FALSE,TRUE,FALSE,,FALSE,Tidal_mudflat,Tidal_saline_matrix,25,FALSE,ASSIGNED,Within 30 ft of tidal wetland or eel grass
93075,Mudflat/Dry Pond Bottom Mapping Unit,Mudflat,0.028948536200826252,FALSE,TRUE,FALSE,,FALSE,Tidal_mudflat,Tidal_saline_matrix,25,FALSE,ASSIGNED,Within 30 ft of tidal wetland or eel grass
93076,Mudflat/Dry Pond Bottom Mapping Unit,Mudflat,143.97278639093884,FALSE,FALSE,FALSE,,FALSE,UNRESOLVED_MUDFLAT_REVIEW,UNRESOLVED_REVIEW,,FALSE,REVIEW_REQUIRED,"No freshwater, tidal, or modeled-site spatial evidence"
93077,Mudflat/Dry Pond Bottom Mapping Unit,Mudflat,0.05449959401340659,FALSE,TRUE,FALSE,,FALSE,Tidal_mudflat,Tidal_saline_matrix,25,FALSE,ASSIGNED,Within 30 ft of tidal wetland or eel grass
93078,Mudflat/Dry Pond Bottom Mapping Unit,Mudflat,0.01636681031085848,FALSE,TRUE,FALSE,,FALSE,Tidal_mudflat,Tidal_saline_matrix,25,FALSE,ASSIGNED,Within 30 ft of tidal wetland or eel grass
93079,Mudflat/Dry Pond Bottom Mapping Unit,Mudflat,0.03092298233303557,FALSE,TRUE,FALSE,,FALSE,Tidal_mudflat,Tidal_saline_matrix,25,FALSE,ASSIGNED,Within 30 ft of tidal wetland or eel grass
93080,Mudflat/Dry Pond Bottom Mapping Unit,Mudflat,0.02091359862359695,FALSE,TRUE,FALSE,,FALSE,Tidal_mudflat,Tidal_saline_matrix,25,FALSE,ASSIGNED,Within 30 ft of tidal wetland or eel grass
93081,Mudflat/Dry Pond Bottom Mapping Unit,Mudflat,0.056474193239568656,FALSE,TRUE,FALSE,,FALSE,Tidal_mudflat,Tidal_saline_matrix,25,FALSE,ASSIGNED,Within 30 ft of tidal wetland or eel grass
93082,Mudflat/Dry Pond Bottom Mapping Unit,Mudflat,0.029797860603519043,FALSE,TRUE,FALSE,,FALSE,Tidal_mudflat,Tidal_saline_matrix,25,FALSE,ASSIGNED,Within 30 ft of tidal wetland or eel grass
93083,Mudflat/Dry Pond Bottom Mapping Unit,Mudflat,0.037955688407776404,FALSE,TRUE,FALSE,,FALSE,Tidal_mudflat,Tidal_saline_matrix,25,FALSE,ASSIGNED,Within 30 ft of tidal wetland or eel grass
93084,Mudflat/Dry Pond Bottom Mapping Unit,Mudflat,0.029866896550702304,FALSE,TRUE,FALSE,,FALSE,Tidal_mudflat,Tidal_saline_matrix,25,FALSE,ASSIGNED,Within 30 ft of tidal wetland or eel grass
93085,Mudflat/Dry Pond Bottom Mapping Unit,Mudflat,0.03142797809934569,FALSE,TRUE,FALSE,,FALSE,Tidal_mudflat,Tidal_saline_matrix,25,FALSE,ASSIGNED,Within 30 ft of tidal wetland or eel grass
93086,Mudflat/Dry Pond Bottom Mapping Unit,Mudflat,0.020838387835175158,FALSE,TRUE,FALSE,,FALSE,Tidal_mudflat,Tidal_saline_matrix,25,FALSE,ASSIGNED,Within 30 ft of tidal wetland or eel grass
93087,Mudflat/Dry Pond Bottom Mapping Unit,Mudflat,0.01089251740382878,FALSE,TRUE,FALSE,,FALSE,Tidal_mudflat,Tidal_saline_matrix,25,FALSE,ASSIGNED,Within 30 ft of tidal wetland or eel grass
93088,Mudflat/Dry Pond Bottom Mapping Unit,Mudflat,0.02669869945202819,FALSE,TRUE,FALSE,,FALSE,Tidal_mudflat,Tidal_saline_matrix,25,FALSE,ASSIGNED,Within 30 ft of tidal wetland or eel grass
93089,Mudflat/Dry Pond Bottom Mapping Unit,Mudflat,0.10480611624747123,FALSE,TRUE,FALSE,,FALSE,Tidal_mudflat,Tidal_saline_matrix,25,FALSE,ASSIGNED,Within 30 ft of tidal wetland or eel grass
93090,Mudflat/Dry Pond Bottom Mapping Unit,Mudflat,0.03156573366314942,FALSE,TRUE,FALSE,,FALSE,Tidal_mudflat,Tidal_saline_matrix,25,FALSE,ASSIGNED,Within 30 ft of tidal wetland or eel grass
93091,Mudflat/Dry Pond Bottom Mapping Unit,Mudflat,0.01703405109160181,FALSE,TRUE,FALSE,,FALSE,Tidal_mudflat,Tidal_saline_matrix,25,FALSE,ASSIGNED,Within 30 ft of tidal wetland or eel grass
93092,Mudflat/Dry Pond Bottom Mapping Unit,Mudflat,0.018158818830990374,FALSE,TRUE,FALSE,,FALSE,Tidal_mudflat,Tidal_saline_matrix,25,FALSE,ASSIGNED,Within 30 ft of tidal wetland or eel grass
93093,Mudflat/Dry Pond Bottom Mapping Unit,Mudflat,0.02605624186474287,FALSE,TRUE,FALSE,,FALSE,Tidal_mudflat,Tidal_saline_matrix,25,FALSE,ASSIGNED,Within 30 ft of tidal wetland or eel grass
93094,Mudflat/Dry Pond Bottom Mapping Unit,Mudflat,0.029619375666199387,FALSE,TRUE,FALSE,,FALSE,Tidal_mudflat,Tidal_saline_matrix,25,FALSE,ASSIGNED,Within 30 ft of tidal wetland or eel grass
93095,Mudflat/Dry Pond Bottom Mapping Unit,Mudflat,0.23165785276075562,FALSE,TRUE,FALSE,,FALSE,Tidal_mudflat,Tidal_saline_matrix,25,FALSE,ASSIGNED,Within 30 ft of tidal wetland or eel grass
93096,Mudflat/Dry Pond Bottom Mapping Unit,Mudflat,0.029086276694851688,FALSE,TRUE,FALSE,,FALSE,Tidal_mudflat,Tidal_saline_matrix,25,FALSE,ASSIGNED,Within 30 ft of tidal wetland or eel grass
93097,Mudflat/Dry Pond Bottom Mapping Unit,Mudflat,0.06974600960204602,FALSE,TRUE,FALSE,,FALSE,Tidal_mudflat,Tidal_saline_matrix,25,FALSE,ASSIGNED,Within 30 ft of tidal wetland or eel grass
93098,Mudflat/Dry Pond Bottom Mapping Unit,Mudflat,0.04931109752269179,FALSE,TRUE,FALSE,,FALSE,Tidal_mudflat,Tidal_saline_matrix,25,FALSE,ASSIGNED,Within 30 ft of tidal wetland or eel grass
93099,Mudflat/Dry Pond Bottom Mapping Unit,Mudflat,0.016988137590628612,FALSE,TRUE,FALSE,,FALSE,Tidal_mudflat,Tidal_saline_matrix,25,FALSE,ASSIGNED,Within 30 ft of tidal wetland or eel grass
93100,Mudflat/Dry Pond Bottom Mapping Unit,Mudflat,0.019513236915751925,FALSE,TRUE,FALSE,,FALSE,Tidal_mudflat,Tidal_saline_matrix,25,FALSE,ASSIGNED,Within 30 ft of tidal wetland or eel grass
93101,Mudflat/Dry Pond Bottom Mapping Unit,Mudflat,0.0164601097639379,FALSE,TRUE,FALSE,,FALSE,Tidal_mudflat,Tidal_saline_matrix,25,FALSE,ASSIGNED,Within 30 ft of tidal wetland or eel grass
93102,Mudflat/Dry Pond Bottom Mapping Unit,Mudflat,0.161546757872764,FALSE,TRUE,FALSE,,FALSE,Tidal_mudflat,Tidal_saline_matrix,25,FALSE,ASSIGNED,Within 30 ft of tidal wetland or eel grass
93103,Mudflat/Dry Pond Bottom Mapping Unit,Mudflat,0.01721775780910204,FALSE,TRUE,FALSE,,FALSE,Tidal_mudflat,Tidal_saline_matrix,25,FALSE,ASSIGNED,Within 30 ft of tidal wetland or eel grass
93104,Mudflat/Dry Pond Bottom Mapping Unit,Mudflat,0.020271816938557653,FALSE,TRUE,FALSE,,FALSE,Tidal_mudflat,Tidal_saline_matrix,25,FALSE,ASSIGNED,Within 30 ft of tidal wetland or eel grass
93105,Mudflat/Dry Pond Bottom Mapping Unit,Mudflat,0.1118722225916388,FALSE,TRUE,FALSE,,FALSE,Tidal_mudflat,Tidal_saline_matrix,25,FALSE,ASSIGNED,Within 30 ft of tidal wetland or eel grass
93106,Mudflat/Dry Pond Bottom Mapping Unit,Mudflat,0.052686040939095985,FALSE,TRUE,FALSE,,FALSE,Tidal_mudflat,Tidal_saline_matrix,25,FALSE,ASSIGNED,Within 30 ft of tidal wetland or eel grass
93107,Mudflat/Dry Pond Bottom Mapping Unit,Mudflat,0.02454104368743657,FALSE,TRUE,FALSE,,FALSE,Tidal_mudflat,Tidal_saline_matrix,25,FALSE,ASSIGNED,Within 30 ft of tidal wetland or eel grass
93108,Mudflat/Dry Pond Bottom Mapping Unit,Mudflat,0.015886507365594417,FALSE,TRUE,FALSE,,FALSE,Tidal_mudflat,Tidal_saline_matrix,25,FALSE,ASSIGNED,Within 30 ft of tidal wetland or eel grass
93109,Mudflat/Dry Pond Bottom Mapping Unit,Mudflat,0.13817087574381112,FALSE,TRUE,FALSE,,FALSE,Tidal_mudflat,Tidal_saline_matrix,25,FALSE,ASSIGNED,Within 30 ft of tidal wetland or eel grass
93110,Mudflat/Dry Pond Bottom Mapping Unit,Mudflat,0.029178329646910407,FALSE,TRUE,FALSE,,FALSE,Tidal_mudflat,Tidal_saline_matrix,25,FALSE,ASSIGNED,Within 30 ft of tidal wetland or eel grass
93111,Mudflat/Dry Pond Bottom Mapping Unit,Mudflat,0.020684211890732117,FALSE,TRUE,FALSE,,FALSE,Tidal_mudflat,Tidal_saline_matrix,25,FALSE,ASSIGNED,Within 30 ft of tidal wetland or eel grass
93112,Mudflat/Dry Pond Bottom Mapping Unit,Mudflat,0.056477174749087804,FALSE,TRUE,FALSE,,FALSE,Tidal_mudflat,Tidal_saline_matrix,25,FALSE,ASSIGNED,Within 30 ft of tidal wetland or eel grass
93113,Mudflat/Dry Pond Bottom Mapping Unit,Mudflat,0.0557851644385477,FALSE,TRUE,FALSE,,FALSE,Tidal_mudflat,Tidal_saline_matrix,25,FALSE,ASSIGNED,Within 30 ft of tidal wetland or eel grass
93114,Mudflat/Dry Pond Bottom Mapping Unit,Mudflat,0.018411389313335077,FALSE,TRUE,FALSE,,FALSE,Tidal_mudflat,Tidal_saline_matrix,25,FALSE,ASSIGNED,Within 30 ft of tidal wetland or eel grass
93115,Mudflat/Dry Pond Bottom Mapping Unit,Mudflat,0.13278217317596502,FALSE,TRUE,FALSE,,FALSE,Tidal_mudflat,Tidal_saline_matrix,25,FALSE,ASSIGNED,Within 30 ft of tidal wetland or eel grass
93116,Mudflat/Dry Pond Bottom Mapping Unit,Mudflat,0.03108343856782524,FALSE,TRUE,FALSE,,FALSE,Tidal_mudflat,Tidal_saline_matrix,25,FALSE,ASSIGNED,Within 30 ft of tidal wetland or eel grass
93117,Mudflat/Dry Pond Bottom Mapping Unit,Mudflat,0.6409451741270404,FALSE,TRUE,FALSE,,FALSE,Tidal_mudflat,Tidal_saline_matrix,25,FALSE,ASSIGNED,Within 30 ft of tidal wetland or eel grass
93118,Mudflat/Dry Pond Bottom Mapping Unit,Mudflat,0.029866730854636748,FALSE,TRUE,FALSE,,FALSE,Tidal_mudflat,Tidal_saline_matrix,25,FALSE,ASSIGNED,Within 30 ft of tidal wetland or eel grass
93119,Mudflat/Dry Pond Bottom Mapping Unit,Mudflat,0.11650425667952723,FALSE,TRUE,FALSE,,FALSE,Tidal_mudflat,Tidal_saline_matrix,25,FALSE,ASSIGNED,Within 30 ft of tidal wetland or eel grass
93120,Mudflat/Dry Pond Bottom Mapping Unit,Mudflat,0.021993507302618127,FALSE,TRUE,FALSE,,FALSE,Tidal_mudflat,Tidal_saline_matrix,25,FALSE,ASSIGNED,Within 30 ft of tidal wetland or eel grass
93121,Mudflat/Dry Pond Bottom Mapping Unit,Mudflat,0.0386671260526866,FALSE,TRUE,FALSE,,FALSE,Tidal_mudflat,Tidal_saline_matrix,25,FALSE,ASSIGNED,Within 30 ft of tidal wetland or eel grass
93122,Mudflat/Dry Pond Bottom Mapping Unit,Mudflat,0.13228179913960525,FALSE,TRUE,FALSE,,FALSE,Tidal_mudflat,Tidal_saline_matrix,25,FALSE,ASSIGNED,Within 30 ft of tidal wetland or eel grass
93123,Mudflat/Dry Pond Bottom Mapping Unit,Mudflat,0.04371034737209431,FALSE,TRUE,FALSE,,FALSE,Tidal_mudflat,Tidal_saline_matrix,25,FALSE,ASSIGNED,Within 30 ft of tidal wetland or eel grass
93124,Mudflat/Dry Pond Bottom Mapping Unit,Mudflat,0.1862256023158929,FALSE,TRUE,FALSE,,FALSE,Tidal_mudflat,Tidal_saline_matrix,25,FALSE,ASSIGNED,Within 30 ft of tidal wetland or eel grass
93125,Mudflat/Dry Pond Bottom Mapping Unit,Mudflat,0.016046767768106335,FALSE,TRUE,FALSE,,FALSE,Tidal_mudflat,Tidal_saline_matrix,25,FALSE,ASSIGNED,Within 30 ft of tidal wetland or eel grass
93126,Mudflat/Dry Pond Bottom Mapping Unit,Mudflat,0.04322714849451468,FALSE,TRUE,FALSE,,FALSE,Tidal_mudflat,Tidal_saline_matrix,25,FALSE,ASSIGNED,Within 30 ft of tidal wetland or eel grass
93127,Mudflat/Dry Pond Bottom Mapping Unit,Mudflat,0.43735094419262427,FALSE,TRUE,FALSE,,FALSE,Tidal_mudflat,Tidal_saline_matrix,25,FALSE,ASSIGNED,Within 30 ft of tidal wetland or eel grass
93128,Mudflat/Dry Pond Bottom Mapping Unit,Mudflat,0.018480431740044285,FALSE,TRUE,FALSE,,FALSE,Tidal_mudflat,Tidal_saline_matrix,25,FALSE,ASSIGNED,Within 30 ft of tidal wetland or eel grass
93129,Mudflat/Dry Pond Bottom Mapping Unit,Mudflat,1.1267781591673354,FALSE,TRUE,FALSE,,FALSE,Tidal_mudflat,Tidal_saline_matrix,25,FALSE,ASSIGNED,Within 30 ft of tidal wetland or eel grass
93130,Mudflat/Dry Pond Bottom Mapping Unit,Mudflat,2.140635635970942,FALSE,TRUE,FALSE,,FALSE,Tidal_mudflat,Tidal_saline_matrix,25,FALSE,ASSIGNED,Within 30 ft of tidal wetland or eel grass
93131,Mudflat/Dry Pond Bottom Mapping Unit,Mudflat,3.916682085049138,FALSE,TRUE,FALSE,,FALSE,Tidal_mudflat,Tidal_saline_matrix,25,FALSE,ASSIGNED,Within 30 ft of tidal wetland or eel grass
93132,Mudflat/Dry Pond Bottom Mapping Unit,Mudflat,0.018573341209779843,FALSE,TRUE,FALSE,,FALSE,Tidal_mudflat,Tidal_saline_matrix,25,FALSE,ASSIGNED,Within 30 ft of tidal wetland or eel grass
93133,Mudflat/Dry Pond Bottom Mapping Unit,Mudflat,0.15759549462472847,FALSE,TRUE,FALSE,,FALSE,Tidal_mudflat,Tidal_saline_matrix,25,FALSE,ASSIGNED,Within 30 ft of tidal wetland or eel grass
93134,Mudflat/Dry Pond Bottom Mapping Unit,Mudflat,0.027111973642806247,FALSE,TRUE,FALSE,,FALSE,Tidal_mudflat,Tidal_saline_matrix,25,FALSE,ASSIGNED,Within 30 ft of tidal wetland or eel grass
93135,Mudflat/Dry Pond Bottom Mapping Unit,Mudflat,0.3243113155789194,FALSE,TRUE,FALSE,,FALSE,Tidal_mudflat,Tidal_saline_matrix,25,FALSE,ASSIGNED,Within 30 ft of tidal wetland or eel grass
93136,Mudflat/Dry Pond Bottom Mapping Unit,Mudflat,0.5822327379109916,FALSE,TRUE,FALSE,,FALSE,Tidal_mudflat,Tidal_saline_matrix,25,FALSE,ASSIGNED,Within 30 ft of tidal wetland or eel grass
93137,Mudflat/Dry Pond Bottom Mapping Unit,Mudflat,0.26976377812053415,FALSE,TRUE,FALSE,,FALSE,Tidal_mudflat,Tidal_saline_matrix,25,FALSE,ASSIGNED,Within 30 ft of tidal wetland or eel grass
93138,Mudflat/Dry Pond Bottom Mapping Unit,Mudflat,0.015829761776067288,FALSE,TRUE,FALSE,,FALSE,Tidal_mudflat,Tidal_saline_matrix,25,FALSE,ASSIGNED,Within 30 ft of tidal wetland or eel grass
93139,Mudflat/Dry Pond Bottom Mapping Unit,Mudflat,134.64275070048825,FALSE,FALSE,FALSE,,FALSE,UNRESOLVED_MUDFLAT_REVIEW,UNRESOLVED_REVIEW,,FALSE,REVIEW_REQUIRED,"No freshwater, tidal, or modeled-site spatial evidence"
93140,Mudflat/Dry Pond Bottom Mapping Unit,Mudflat,0.058998868325907526,FALSE,TRUE,FALSE,,FALSE,Tidal_mudflat,Tidal_saline_matrix,25,FALSE,ASSIGNED,Within 30 ft of tidal wetland or eel grass
93141,Mudflat/Dry Pond Bottom Mapping Unit,Mudflat,0.18514215794880826,FALSE,TRUE,FALSE,,FALSE,Tidal_mudflat,Tidal_saline_matrix,25,FALSE,ASSIGNED,Within 30 ft of tidal wetland or eel grass
93142,Mudflat/Dry Pond Bottom Mapping Unit,Mudflat,0.05908047131414547,FALSE,TRUE,FALSE,,FALSE,Tidal_mudflat,Tidal_saline_matrix,25,FALSE,ASSIGNED,Within 30 ft of tidal wetland or eel grass
93143,Mudflat/Dry Pond Bottom Mapping Unit,Mudflat,0.06641335607328136,FALSE,TRUE,FALSE,,FALSE,Tidal_mudflat,Tidal_saline_matrix,25,FALSE,ASSIGNED,Within 30 ft of tidal wetland or eel grass
93144,Mudflat/Dry Pond Bottom Mapping Unit,Mudflat,0.017551334894856642,FALSE,TRUE,FALSE,,FALSE,Tidal_mudflat,Tidal_saline_matrix,25,FALSE,ASSIGNED,Within 30 ft of tidal wetland or eel grass
93145,Mudflat/Dry Pond Bottom Mapping Unit,Mudflat,0.014945499064459413,FALSE,TRUE,FALSE,,FALSE,Tidal_mudflat,Tidal_saline_matrix,25,FALSE,ASSIGNED,Within 30 ft of tidal wetland or eel grass
93146,Mudflat/Dry Pond Bottom Mapping Unit,Mudflat,0.044467223412556524,FALSE,TRUE,FALSE,,FALSE,Tidal_mudflat,Tidal_saline_matrix,25,FALSE,ASSIGNED,Within 30 ft of tidal wetland or eel grass
93147,Mudflat/Dry Pond Bottom Mapping Unit,Mudflat,0.016385680629534684,FALSE,TRUE,FALSE,,FALSE,Tidal_mudflat,Tidal_saline_matrix,25,FALSE,ASSIGNED,Within 30 ft of tidal wetland or eel grass
93148,Mudflat/Dry Pond Bottom Mapping Unit,Mudflat,0.31300662346189434,FALSE,TRUE,FALSE,,FALSE,Tidal_mudflat,Tidal_saline_matrix,25,FALSE,ASSIGNED,Within 30 ft of tidal wetland or eel grass
93149,Mudflat/Dry Pond Bottom Mapping Unit,Mudflat,0.027066361431203553,FALSE,TRUE,FALSE,,FALSE,Tidal_mudflat,Tidal_saline_matrix,25,FALSE,ASSIGNED,Within 30 ft of tidal wetland or eel grass
93150,Mudflat/Dry Pond Bottom Mapping Unit,Mudflat,0.20171168509876214,FALSE,TRUE,FALSE,,FALSE,Tidal_mudflat,Tidal_saline_matrix,25,FALSE,ASSIGNED,Within 30 ft of tidal wetland or eel grass
93151,Mudflat/Dry Pond Bottom Mapping Unit,Mudflat,0.024908592697153085,FALSE,TRUE,FALSE,,FALSE,Tidal_mudflat,Tidal_saline_matrix,25,FALSE,ASSIGNED,Within 30 ft of tidal wetland or eel grass
93152,Mudflat/Dry Pond Bottom Mapping Unit,Mudflat,0.05132600148519694,FALSE,TRUE,FALSE,,FALSE,Tidal_mudflat,Tidal_saline_matrix,25,FALSE,ASSIGNED,Within 30 ft of tidal wetland or eel grass
93153,Mudflat/Dry Pond Bottom Mapping Unit,Mudflat,0.04311467319928633,FALSE,TRUE,FALSE,,FALSE,Tidal_mudflat,Tidal_saline_matrix,25,FALSE,ASSIGNED,Within 30 ft of tidal wetland or eel grass
93154,Mudflat/Dry Pond Bottom Mapping Unit,Mudflat,0.12600488536520435,FALSE,TRUE,FALSE,,FALSE,Tidal_mudflat,Tidal_saline_matrix,25,FALSE,ASSIGNED,Within 30 ft of tidal wetland or eel grass
93155,Mudflat/Dry Pond Bottom Mapping Unit,Mudflat,0.024012759779534883,FALSE,TRUE,FALSE,,FALSE,Tidal_mudflat,Tidal_saline_matrix,25,FALSE,ASSIGNED,Within 30 ft of tidal wetland or eel grass
93156,Mudflat/Dry Pond Bottom Mapping Unit,Mudflat,0.01510235960357265,FALSE,TRUE,FALSE,,FALSE,Tidal_mudflat,Tidal_saline_matrix,25,FALSE,ASSIGNED,Within 30 ft of tidal wetland or eel grass
93157,Mudflat/Dry Pond Bottom Mapping Unit,Mudflat,0.016136876145983022,FALSE,TRUE,FALSE,,FALSE,Tidal_mudflat,Tidal_saline_matrix,25,FALSE,ASSIGNED,Within 30 ft of tidal wetland or eel grass
93158,Mudflat/Dry Pond Bottom Mapping Unit,Mudflat,0.026721656194988966,FALSE,TRUE,FALSE,,FALSE,Tidal_mudflat,Tidal_saline_matrix,25,FALSE,ASSIGNED,Within 30 ft of tidal wetland or eel grass
93159,Mudflat/Dry Pond Bottom Mapping Unit,Mudflat,0.2025263787826633,FALSE,FALSE,FALSE,,FALSE,UNRESOLVED_MUDFLAT_REVIEW,UNRESOLVED_REVIEW,,FALSE,REVIEW_REQUIRED,"No freshwater, tidal, or modeled-site spatial evidence"
93160,Mudflat/Dry Pond Bottom Mapping Unit,Mudflat,0.18034911885942032,FALSE,TRUE,FALSE,,FALSE,Tidal_mudflat,Tidal_saline_matrix,25,FALSE,ASSIGNED,Within 30 ft of tidal wetland or eel grass
93161,Mudflat/Dry Pond Bottom Mapping Unit,Mudflat,0.04831927224528543,FALSE,TRUE,FALSE,,FALSE,Tidal_mudflat,Tidal_saline_matrix,25,FALSE,ASSIGNED,Within 30 ft of tidal wetland or eel grass
93162,Mudflat/Dry Pond Bottom Mapping Unit,Mudflat,0.5320975467801377,FALSE,TRUE,FALSE,,FALSE,Tidal_mudflat,Tidal_saline_matrix,25,FALSE,ASSIGNED,Within 30 ft of tidal wetland or eel grass
93163,Mudflat/Dry Pond Bottom Mapping Unit,Mudflat,0.02359698771001528,FALSE,TRUE,FALSE,,FALSE,Tidal_mudflat,Tidal_saline_matrix,25,FALSE,ASSIGNED,Within 30 ft of tidal wetland or eel grass
93164,Mudflat/Dry Pond Bottom Mapping Unit,Mudflat,6.943142072840497,FALSE,TRUE,FALSE,,FALSE,Tidal_mudflat,Tidal_saline_matrix,25,FALSE,ASSIGNED,Within 30 ft of tidal wetland or eel grass
93165,Mudflat/Dry Pond Bottom Mapping Unit,Mudflat,0.11255317908329847,FALSE,TRUE,FALSE,,FALSE,Tidal_mudflat,Tidal_saline_matrix,25,FALSE,ASSIGNED,Within 30 ft of tidal wetland or eel grass
93166,Mudflat/Dry Pond Bottom Mapping Unit,Mudflat,0.05333515727796781,FALSE,TRUE,FALSE,,FALSE,Tidal_mudflat,Tidal_saline_matrix,25,FALSE,ASSIGNED,Within 30 ft of tidal wetland or eel grass
93167,Mudflat/Dry Pond Bottom Mapping Unit,Mudflat,0.05548646308373897,FALSE,TRUE,FALSE,,FALSE,Tidal_mudflat,Tidal_saline_matrix,25,FALSE,ASSIGNED,Within 30 ft of tidal wetland or eel grass
93168,Mudflat/Dry Pond Bottom Mapping Unit,Mudflat,0.14349603139595946,FALSE,TRUE,FALSE,,FALSE,Tidal_mudflat,Tidal_saline_matrix,25,FALSE,ASSIGNED,Within 30 ft of tidal wetland or eel grass
93169,Mudflat/Dry Pond Bottom Mapping Unit,Mudflat,0.13441200823322547,FALSE,FALSE,FALSE,,FALSE,UNRESOLVED_MUDFLAT_REVIEW,UNRESOLVED_REVIEW,,FALSE,REVIEW_REQUIRED,"No freshwater, tidal, or modeled-site spatial evidence"
93170,Mudflat/Dry Pond Bottom Mapping Unit,Mudflat,0.01572551638467692,FALSE,TRUE,FALSE,,FALSE,Tidal_mudflat,Tidal_saline_matrix,25,FALSE,ASSIGNED,Within 30 ft of tidal wetland or eel grass
93171,Mudflat/Dry Pond Bottom Mapping Unit,Mudflat,0.026101952007348776,FALSE,TRUE,FALSE,,FALSE,Tidal_mudflat,Tidal_saline_matrix,25,FALSE,ASSIGNED,Within 30 ft of tidal wetland or eel grass
93172,Mudflat/Dry Pond Bottom Mapping Unit,Mudflat,0.13360666599134438,FALSE,TRUE,FALSE,,FALSE,Tidal_mudflat,Tidal_saline_matrix,25,FALSE,ASSIGNED,Within 30 ft of tidal wetland or eel grass
93173,Mudflat/Dry Pond Bottom Mapping Unit,Mudflat,0.3749233807950094,FALSE,TRUE,FALSE,,FALSE,Tidal_mudflat,Tidal_saline_matrix,25,FALSE,ASSIGNED,Within 30 ft of tidal wetland or eel grass
93174,Mudflat/Dry Pond Bottom Mapping Unit,Mudflat,0.10280453825621881,FALSE,TRUE,FALSE,,FALSE,Tidal_mudflat,Tidal_saline_matrix,25,FALSE,ASSIGNED,Within 30 ft of tidal wetland or eel grass
93175,Mudflat/Dry Pond Bottom Mapping Unit,Mudflat,0.022658311572663046,FALSE,TRUE,FALSE,,FALSE,Tidal_mudflat,Tidal_saline_matrix,25,FALSE,ASSIGNED,Within 30 ft of tidal wetland or eel grass
93176,Mudflat/Dry Pond Bottom Mapping Unit,Mudflat,0.021051240857073335,FALSE,TRUE,FALSE,,FALSE,Tidal_mudflat,Tidal_saline_matrix,25,FALSE,ASSIGNED,Within 30 ft of tidal wetland or eel grass
93177,Mudflat/Dry Pond Bottom Mapping Unit,Mudflat,0.029224039785505522,FALSE,TRUE,FALSE,,FALSE,Tidal_mudflat,Tidal_saline_matrix,25,FALSE,ASSIGNED,Within 30 ft of tidal wetland or eel grass
93178,Mudflat/Dry Pond Bottom Mapping Unit,Mudflat,0.018267741890978028,FALSE,FALSE,FALSE,,FALSE,UNRESOLVED_MUDFLAT_REVIEW,UNRESOLVED_REVIEW,,FALSE,REVIEW_REQUIRED,"No freshwater, tidal, or modeled-site spatial evidence"
93179,Mudflat/Dry Pond Bottom Mapping Unit,Mudflat,0.016735470249522214,FALSE,TRUE,FALSE,,FALSE,Tidal_mudflat,Tidal_saline_matrix,25,FALSE,ASSIGNED,Within 30 ft of tidal wetland or eel grass
93180,Mudflat/Dry Pond Bottom Mapping Unit,Mudflat,0.38663431942241633,FALSE,TRUE,FALSE,,FALSE,Tidal_mudflat,Tidal_saline_matrix,25,FALSE,ASSIGNED,Within 30 ft of tidal wetland or eel grass
93181,Mudflat/Dry Pond Bottom Mapping Unit,Mudflat,0.020254487381016782,FALSE,TRUE,FALSE,,FALSE,Tidal_mudflat,Tidal_saline_matrix,25,FALSE,ASSIGNED,Within 30 ft of tidal wetland or eel grass
93182,Mudflat/Dry Pond Bottom Mapping Unit,Mudflat,0.012640155635496192,FALSE,TRUE,FALSE,,FALSE,Tidal_mudflat,Tidal_saline_matrix,25,FALSE,ASSIGNED,Within 30 ft of tidal wetland or eel grass
93183,Mudflat/Dry Pond Bottom Mapping Unit,Mudflat,0.290239755590958,FALSE,TRUE,FALSE,,FALSE,Tidal_mudflat,Tidal_saline_matrix,25,FALSE,ASSIGNED,Within 30 ft of tidal wetland or eel grass
93184,Mudflat/Dry Pond Bottom Mapping Unit,Mudflat,0.04054161928254562,FALSE,TRUE,FALSE,,FALSE,Tidal_mudflat,Tidal_saline_matrix,25,FALSE,ASSIGNED,Within 30 ft of tidal wetland or eel grass
93185,Mudflat/Dry Pond Bottom Mapping Unit,Mudflat,1.4721272224266508,FALSE,TRUE,FALSE,,FALSE,Tidal_mudflat,Tidal_saline_matrix,25,FALSE,ASSIGNED,Within 30 ft of tidal wetland or eel grass
93186,Mudflat/Dry Pond Bottom Mapping Unit,Mudflat,0.02244578949403105,FALSE,TRUE,FALSE,,FALSE,Tidal_mudflat,Tidal_saline_matrix,25,FALSE,ASSIGNED,Within 30 ft of tidal wetland or eel grass
93187,Mudflat/Dry Pond Bottom Mapping Unit,Mudflat,0.012308937527723987,FALSE,TRUE,FALSE,,FALSE,Tidal_mudflat,Tidal_saline_matrix,25,FALSE,ASSIGNED,Within 30 ft of tidal wetland or eel grass
93188,Mudflat/Dry Pond Bottom Mapping Unit,Mudflat,0.12740657527534494,FALSE,TRUE,FALSE,,FALSE,Tidal_mudflat,Tidal_saline_matrix,25,FALSE,ASSIGNED,Within 30 ft of tidal wetland or eel grass
93189,Mudflat/Dry Pond Bottom Mapping Unit,Mudflat,0.011040327740585238,FALSE,TRUE,FALSE,,FALSE,Tidal_mudflat,Tidal_saline_matrix,25,FALSE,ASSIGNED,Within 30 ft of tidal wetland or eel grass
93190,Mudflat/Dry Pond Bottom Mapping Unit,Mudflat,0.2834303108906324,FALSE,TRUE,FALSE,,FALSE,Tidal_mudflat,Tidal_saline_matrix,25,FALSE,ASSIGNED,Within 30 ft of tidal wetland or eel grass
93191,Mudflat/Dry Pond Bottom Mapping Unit,Mudflat,0.017117252139465067,FALSE,TRUE,FALSE,,FALSE,Tidal_mudflat,Tidal_saline_matrix,25,FALSE,ASSIGNED,Within 30 ft of tidal wetland or eel grass
93192,Mudflat/Dry Pond Bottom Mapping Unit,Mudflat,1.4454318491053666,FALSE,TRUE,FALSE,,FALSE,Tidal_mudflat,Tidal_saline_matrix,25,FALSE,ASSIGNED,Within 30 ft of tidal wetland or eel grass
93193,Mudflat/Dry Pond Bottom Mapping Unit,Mudflat,0.4611845878390497,FALSE,TRUE,FALSE,,FALSE,Tidal_mudflat,Tidal_saline_matrix,25,FALSE,ASSIGNED,Within 30 ft of tidal wetland or eel grass
93194,Mudflat/Dry Pond Bottom Mapping Unit,Mudflat,0.04738089183871698,FALSE,TRUE,FALSE,,FALSE,Tidal_mudflat,Tidal_saline_matrix,25,FALSE,ASSIGNED,Within 30 ft of tidal wetland or eel grass
93195,Mudflat/Dry Pond Bottom Mapping Unit,Mudflat,2.620557813777005,FALSE,TRUE,FALSE,,FALSE,Tidal_mudflat,Tidal_saline_matrix,25,FALSE,ASSIGNED,Within 30 ft of tidal wetland or eel grass
93196,Mudflat/Dry Pond Bottom Mapping Unit,Mudflat,0.027755342584909422,FALSE,TRUE,FALSE,,FALSE,Tidal_mudflat,Tidal_saline_matrix,25,FALSE,ASSIGNED,Within 30 ft of tidal wetland or eel grass
93197,Mudflat/Dry Pond Bottom Mapping Unit,Mudflat,0.025390315371732624,FALSE,TRUE,FALSE,,FALSE,Tidal_mudflat,Tidal_saline_matrix,25,FALSE,ASSIGNED,Within 30 ft of tidal wetland or eel grass
93198,Mudflat/Dry Pond Bottom Mapping Unit,Mudflat,0.14506423365313434,FALSE,TRUE,FALSE,,FALSE,Tidal_mudflat,Tidal_saline_matrix,25,FALSE,ASSIGNED,Within 30 ft of tidal wetland or eel grass
93199,Mudflat/Dry Pond Bottom Mapping Unit,Mudflat,0.023347514897052335,FALSE,TRUE,FALSE,,FALSE,Tidal_mudflat,Tidal_saline_matrix,25,FALSE,ASSIGNED,Within 30 ft of tidal wetland or eel grass
93200,Mudflat/Dry Pond Bottom Mapping Unit,Mudflat,0.062428156882842256,FALSE,TRUE,FALSE,,FALSE,Tidal_mudflat,Tidal_saline_matrix,25,FALSE,ASSIGNED,Within 30 ft of tidal wetland or eel grass
93201,Mudflat/Dry Pond Bottom Mapping Unit,Mudflat,0.20317998207117755,FALSE,TRUE,FALSE,,FALSE,Tidal_mudflat,Tidal_saline_matrix,25,FALSE,ASSIGNED,Within 30 ft of tidal wetland or eel grass
93202,Mudflat/Dry Pond Bottom Mapping Unit,Mudflat,0.3291557206751783,FALSE,TRUE,FALSE,,FALSE,Tidal_mudflat,Tidal_saline_matrix,25,FALSE,ASSIGNED,Within 30 ft of tidal wetland or eel grass
93203,Mudflat/Dry Pond Bottom Mapping Unit,Mudflat,0.06360914269695363,FALSE,TRUE,FALSE,,FALSE,Tidal_mudflat,Tidal_saline_matrix,25,FALSE,ASSIGNED,Within 30 ft of tidal wetland or eel grass
93204,Mudflat/Dry Pond Bottom Mapping Unit,Mudflat,0.019024501252667338,FALSE,TRUE,FALSE,,FALSE,Tidal_mudflat,Tidal_saline_matrix,25,FALSE,ASSIGNED,Within 30 ft of tidal wetland or eel grass
93205,Mudflat/Dry Pond Bottom Mapping Unit,Mudflat,0.03888906841787816,FALSE,TRUE,FALSE,,FALSE,Tidal_mudflat,Tidal_saline_matrix,25,FALSE,ASSIGNED,Within 30 ft of tidal wetland or eel grass
93206,Mudflat/Dry Pond Bottom Mapping Unit,Mudflat,0.16263026567668418,FALSE,TRUE,FALSE,,FALSE,Tidal_mudflat,Tidal_saline_matrix,25,FALSE,ASSIGNED,Within 30 ft of tidal wetland or eel grass
93207,Mudflat/Dry Pond Bottom Mapping Unit,Mudflat,0.009517259461114466,FALSE,TRUE,FALSE,,FALSE,Tidal_mudflat,Tidal_saline_matrix,25,FALSE,ASSIGNED,Within 30 ft of tidal wetland or eel grass
93208,Mudflat/Dry Pond Bottom Mapping Unit,Mudflat,0.061730228156319504,FALSE,TRUE,FALSE,,FALSE,Tidal_mudflat,Tidal_saline_matrix,25,FALSE,ASSIGNED,Within 30 ft of tidal wetland or eel grass
93209,Mudflat/Dry Pond Bottom Mapping Unit,Mudflat,0.09622105905875948,FALSE,TRUE,FALSE,,FALSE,Tidal_mudflat,Tidal_saline_matrix,25,FALSE,ASSIGNED,Within 30 ft of tidal wetland or eel grass
93210,Mudflat/Dry Pond Bottom Mapping Unit,Mudflat,0.04711384275757758,FALSE,TRUE,FALSE,,FALSE,Tidal_mudflat,Tidal_saline_matrix,25,FALSE,ASSIGNED,Within 30 ft of tidal wetland or eel grass
93211,Mudflat/Dry Pond Bottom Mapping Unit,Mudflat,4.240877482199397,FALSE,TRUE,FALSE,,FALSE,Tidal_mudflat,Tidal_saline_matrix,25,FALSE,ASSIGNED,Within 30 ft of tidal wetland or eel grass
93212,Mudflat/Dry Pond Bottom Mapping Unit,Mudflat,0.018676228171128458,FALSE,TRUE,FALSE,,FALSE,Tidal_mudflat,Tidal_saline_matrix,25,FALSE,ASSIGNED,Within 30 ft of tidal wetland or eel grass
93213,Mudflat/Dry Pond Bottom Mapping Unit,Mudflat,0.010133799865056078,FALSE,TRUE,FALSE,,FALSE,Tidal_mudflat,Tidal_saline_matrix,25,FALSE,ASSIGNED,Within 30 ft of tidal wetland or eel grass
93214,Mudflat/Dry Pond Bottom Mapping Unit,Mudflat,0.3905226434518379,FALSE,TRUE,FALSE,,FALSE,Tidal_mudflat,Tidal_saline_matrix,25,FALSE,ASSIGNED,Within 30 ft of tidal wetland or eel grass
93215,Mudflat/Dry Pond Bottom Mapping Unit,Mudflat,0.1375032676084068,FALSE,TRUE,FALSE,,FALSE,Tidal_mudflat,Tidal_saline_matrix,25,FALSE,ASSIGNED,Within 30 ft of tidal wetland or eel grass
93216,Mudflat/Dry Pond Bottom Mapping Unit,Mudflat,0.07399376061681126,FALSE,TRUE,FALSE,,FALSE,Tidal_mudflat,Tidal_saline_matrix,25,FALSE,ASSIGNED,Within 30 ft of tidal wetland or eel grass
93217,Mudflat/Dry Pond Bottom Mapping Unit,Mudflat,0.5424668460545752,FALSE,TRUE,FALSE,,FALSE,Tidal_mudflat,Tidal_saline_matrix,25,FALSE,ASSIGNED,Within 30 ft of tidal wetland or eel grass
93218,Mudflat/Dry Pond Bottom Mapping Unit,Mudflat,0.098577924947816,FALSE,TRUE,FALSE,,FALSE,Tidal_mudflat,Tidal_saline_matrix,25,FALSE,ASSIGNED,Within 30 ft of tidal wetland or eel grass
93219,Mudflat/Dry Pond Bottom Mapping Unit,Mudflat,0.04360393384426522,FALSE,TRUE,FALSE,,FALSE,Tidal_mudflat,Tidal_saline_matrix,25,FALSE,ASSIGNED,Within 30 ft of tidal wetland or eel grass
93220,Mudflat/Dry Pond Bottom Mapping Unit,Mudflat,0.0167819297909832,FALSE,TRUE,FALSE,,FALSE,Tidal_mudflat,Tidal_saline_matrix,25,FALSE,ASSIGNED,Within 30 ft of tidal wetland or eel grass
93221,Mudflat/Dry Pond Bottom Mapping Unit,Mudflat,0.01662068650085214,FALSE,TRUE,FALSE,,FALSE,Tidal_mudflat,Tidal_saline_matrix,25,FALSE,ASSIGNED,Within 30 ft of tidal wetland or eel grass
93222,Mudflat/Dry Pond Bottom Mapping Unit,Mudflat,1.325591007423458,FALSE,TRUE,FALSE,,FALSE,Tidal_mudflat,Tidal_saline_matrix,25,FALSE,ASSIGNED,Within 30 ft of tidal wetland or eel grass
93223,Mudflat/Dry Pond Bottom Mapping Unit,Mudflat,0.19142590099804838,FALSE,TRUE,FALSE,,FALSE,Tidal_mudflat,Tidal_saline_matrix,25,FALSE,ASSIGNED,Within 30 ft of tidal wetland or eel grass
93224,Mudflat/Dry Pond Bottom Mapping Unit,Mudflat,0.029890003933633745,FALSE,TRUE,FALSE,,FALSE,Tidal_mudflat,Tidal_saline_matrix,25,FALSE,ASSIGNED,Within 30 ft of tidal wetland or eel grass
93225,Mudflat/Dry Pond Bottom Mapping Unit,Mudflat,0.579320503916721,FALSE,TRUE,FALSE,,FALSE,Tidal_mudflat,Tidal_saline_matrix,25,FALSE,ASSIGNED,Within 30 ft of tidal wetland or eel grass
93226,Mudflat/Dry Pond Bottom Mapping Unit,Mudflat,0.07462060509829369,FALSE,TRUE,FALSE,,FALSE,Tidal_mudflat,Tidal_saline_matrix,25,FALSE,ASSIGNED,Within 30 ft of tidal wetland or eel grass
93227,Mudflat/Dry Pond Bottom Mapping Unit,Mudflat,0.010286883294563426,FALSE,TRUE,FALSE,,FALSE,Tidal_mudflat,Tidal_saline_matrix,25,FALSE,ASSIGNED,Within 30 ft of tidal wetland or eel grass
93228,Mudflat/Dry Pond Bottom Mapping Unit,Mudflat,0.032308103438897395,FALSE,TRUE,FALSE,,FALSE,Tidal_mudflat,Tidal_saline_matrix,25,FALSE,ASSIGNED,Within 30 ft of tidal wetland or eel grass
93229,Mudflat/Dry Pond Bottom Mapping Unit,Mudflat,0.029177998253295978,FALSE,TRUE,FALSE,,FALSE,Tidal_mudflat,Tidal_saline_matrix,25,FALSE,ASSIGNED,Within 30 ft of tidal wetland or eel grass
93230,Mudflat/Dry Pond Bottom Mapping Unit,Mudflat,0.09637218506529042,FALSE,TRUE,FALSE,,FALSE,Tidal_mudflat,Tidal_saline_matrix,25,FALSE,ASSIGNED,Within 30 ft of tidal wetland or eel grass
93231,Mudflat/Dry Pond Bottom Mapping Unit,Mudflat,0.025627772737734606,FALSE,TRUE,FALSE,,FALSE,Tidal_mudflat,Tidal_saline_matrix,25,FALSE,ASSIGNED,Within 30 ft of tidal wetland or eel grass
93232,Mudflat/Dry Pond Bottom Mapping Unit,Mudflat,0.016689952159308845,FALSE,TRUE,FALSE,,FALSE,Tidal_mudflat,Tidal_saline_matrix,25,FALSE,ASSIGNED,Within 30 ft of tidal wetland or eel grass
93233,Mudflat/Dry Pond Bottom Mapping Unit,Mudflat,0.06205209338732248,FALSE,TRUE,FALSE,,FALSE,Tidal_mudflat,Tidal_saline_matrix,25,FALSE,ASSIGNED,Within 30 ft of tidal wetland or eel grass
93234,Mudflat/Dry Pond Bottom Mapping Unit,Mudflat,0.0677628066671147,FALSE,TRUE,FALSE,,FALSE,Tidal_mudflat,Tidal_saline_matrix,25,FALSE,ASSIGNED,Within 30 ft of tidal wetland or eel grass
93235,Mudflat/Dry Pond Bottom Mapping Unit,Mudflat,0.030058349549944845,FALSE,TRUE,FALSE,,FALSE,Tidal_mudflat,Tidal_saline_matrix,25,FALSE,ASSIGNED,Within 30 ft of tidal wetland or eel grass
93236,Mudflat/Dry Pond Bottom Mapping Unit,Mudflat,0.011279868076806273,FALSE,TRUE,FALSE,,FALSE,Tidal_mudflat,Tidal_saline_matrix,25,FALSE,ASSIGNED,Within 30 ft of tidal wetland or eel grass
93237,Mudflat/Dry Pond Bottom Mapping Unit,Mudflat,0.06661067423535254,FALSE,TRUE,FALSE,,FALSE,Tidal_mudflat,Tidal_saline_matrix,25,FALSE,ASSIGNED,Within 30 ft of tidal wetland or eel grass
93238,Mudflat/Dry Pond Bottom Mapping Unit,Mudflat,0.08096869583811643,FALSE,TRUE,FALSE,,FALSE,Tidal_mudflat,Tidal_saline_matrix,25,FALSE,ASSIGNED,Within 30 ft of tidal wetland or eel grass
93239,Mudflat/Dry Pond Bottom Mapping Unit,Mudflat,0.057973379473325704,FALSE,TRUE,FALSE,,FALSE,Tidal_mudflat,Tidal_saline_matrix,25,FALSE,ASSIGNED,Within 30 ft of tidal wetland or eel grass
93240,Mudflat/Dry Pond Bottom Mapping Unit,Mudflat,0.03099170949497873,FALSE,TRUE,FALSE,,FALSE,Tidal_mudflat,Tidal_saline_matrix,25,FALSE,ASSIGNED,Within 30 ft of tidal wetland or eel grass
93241,Mudflat/Dry Pond Bottom Mapping Unit,Mudflat,0.017489724403622616,FALSE,TRUE,FALSE,,FALSE,Tidal_mudflat,Tidal_saline_matrix,25,FALSE,ASSIGNED,Within 30 ft of tidal wetland or eel grass
93242,Mudflat/Dry Pond Bottom Mapping Unit,Mudflat,0.03415736601560532,FALSE,TRUE,FALSE,,FALSE,Tidal_mudflat,Tidal_saline_matrix,25,FALSE,ASSIGNED,Within 30 ft of tidal wetland or eel grass
93243,Mudflat/Dry Pond Bottom Mapping Unit,Mudflat,0.3220807536654698,FALSE,TRUE,FALSE,,FALSE,Tidal_mudflat,Tidal_saline_matrix,25,FALSE,ASSIGNED,Within 30 ft of tidal wetland or eel grass
93244,Mudflat/Dry Pond Bottom Mapping Unit,Mudflat,0.05837159096523623,FALSE,TRUE,FALSE,,FALSE,Tidal_mudflat,Tidal_saline_matrix,25,FALSE,ASSIGNED,Within 30 ft of tidal wetland or eel grass
93245,Mudflat/Dry Pond Bottom Mapping Unit,Mudflat,0.022429425694480812,FALSE,TRUE,FALSE,,FALSE,Tidal_mudflat,Tidal_saline_matrix,25,FALSE,ASSIGNED,Within 30 ft of tidal wetland or eel grass
93246,Mudflat/Dry Pond Bottom Mapping Unit,Mudflat,2.456000937137726,FALSE,TRUE,FALSE,,FALSE,Tidal_mudflat,Tidal_saline_matrix,25,FALSE,ASSIGNED,Within 30 ft of tidal wetland or eel grass
93247,Mudflat/Dry Pond Bottom Mapping Unit,Mudflat,0.03243791690604382,FALSE,TRUE,FALSE,,FALSE,Tidal_mudflat,Tidal_saline_matrix,25,FALSE,ASSIGNED,Within 30 ft of tidal wetland or eel grass
93248,Mudflat/Dry Pond Bottom Mapping Unit,Mudflat,0.022932986671408306,FALSE,TRUE,FALSE,,FALSE,Tidal_mudflat,Tidal_saline_matrix,25,FALSE,ASSIGNED,Within 30 ft of tidal wetland or eel grass
93249,Mudflat/Dry Pond Bottom Mapping Unit,Mudflat,0.03459271180409315,FALSE,TRUE,FALSE,,FALSE,Tidal_mudflat,Tidal_saline_matrix,25,FALSE,ASSIGNED,Within 30 ft of tidal wetland or eel grass
93250,Mudflat/Dry Pond Bottom Mapping Unit,Mudflat,0.02738455115521298,FALSE,TRUE,FALSE,,FALSE,Tidal_mudflat,Tidal_saline_matrix,25,FALSE,ASSIGNED,Within 30 ft of tidal wetland or eel grass
93251,Mudflat/Dry Pond Bottom Mapping Unit,Mudflat,0.09255518466174761,FALSE,TRUE,FALSE,,FALSE,Tidal_mudflat,Tidal_saline_matrix,25,FALSE,ASSIGNED,Within 30 ft of tidal wetland or eel grass
93252,Mudflat/Dry Pond Bottom Mapping Unit,Mudflat,0.023989697588644828,FALSE,TRUE,FALSE,,FALSE,Tidal_mudflat,Tidal_saline_matrix,25,FALSE,ASSIGNED,Within 30 ft of tidal wetland or eel grass
93253,Mudflat/Dry Pond Bottom Mapping Unit,Mudflat,0.02293351532297872,FALSE,TRUE,FALSE,,FALSE,Tidal_mudflat,Tidal_saline_matrix,25,FALSE,ASSIGNED,Within 30 ft of tidal wetland or eel grass
93254,Mudflat/Dry Pond Bottom Mapping Unit,Mudflat,0.19696862666728893,FALSE,TRUE,FALSE,,FALSE,Tidal_mudflat,Tidal_saline_matrix,25,FALSE,ASSIGNED,Within 30 ft of tidal wetland or eel grass
93255,Mudflat/Dry Pond Bottom Mapping Unit,Mudflat,0.018319739638186252,FALSE,TRUE,FALSE,,FALSE,Tidal_mudflat,Tidal_saline_matrix,25,FALSE,ASSIGNED,Within 30 ft of tidal wetland or eel grass
93256,Mudflat/Dry Pond Bottom Mapping Unit,Mudflat,0.03373657470800421,FALSE,TRUE,FALSE,,FALSE,Tidal_mudflat,Tidal_saline_matrix,25,FALSE,ASSIGNED,Within 30 ft of tidal wetland or eel grass
93257,Mudflat/Dry Pond Bottom Mapping Unit,Mudflat,0.011041028995429861,FALSE,TRUE,FALSE,,FALSE,Tidal_mudflat,Tidal_saline_matrix,25,FALSE,ASSIGNED,Within 30 ft of tidal wetland or eel grass
93258,Mudflat/Dry Pond Bottom Mapping Unit,Mudflat,0.06141770698610304,FALSE,TRUE,FALSE,,FALSE,Tidal_mudflat,Tidal_saline_matrix,25,FALSE,ASSIGNED,Within 30 ft of tidal wetland or eel grass
93259,Mudflat/Dry Pond Bottom Mapping Unit,Mudflat,0.11786374271777021,FALSE,TRUE,FALSE,,FALSE,Tidal_mudflat,Tidal_saline_matrix,25,FALSE,ASSIGNED,Within 30 ft of tidal wetland or eel grass
93260,Mudflat/Dry Pond Bottom Mapping Unit,Mudflat,0.0158179496844075,FALSE,TRUE,FALSE,,FALSE,Tidal_mudflat,Tidal_saline_matrix,25,FALSE,ASSIGNED,Within 30 ft of tidal wetland or eel grass
93261,Mudflat/Dry Pond Bottom Mapping Unit,Mudflat,0.023301819835127552,FALSE,TRUE,FALSE,,FALSE,Tidal_mudflat,Tidal_saline_matrix,25,FALSE,ASSIGNED,Within 30 ft of tidal wetland or eel grass
93262,Mudflat/Dry Pond Bottom Mapping Unit,Mudflat,0.02840092169523668,FALSE,TRUE,FALSE,,FALSE,Tidal_mudflat,Tidal_saline_matrix,25,FALSE,ASSIGNED,Within 30 ft of tidal wetland or eel grass
93263,Mudflat/Dry Pond Bottom Mapping Unit,Mudflat,0.09502680147679458,FALSE,TRUE,FALSE,,FALSE,Tidal_mudflat,Tidal_saline_matrix,25,FALSE,ASSIGNED,Within 30 ft of tidal wetland or eel grass
93264,Mudflat/Dry Pond Bottom Mapping Unit,Mudflat,0.024227250807352208,FALSE,TRUE,FALSE,,FALSE,Tidal_mudflat,Tidal_saline_matrix,25,FALSE,ASSIGNED,Within 30 ft of tidal wetland or eel grass
93265,Mudflat/Dry Pond Bottom Mapping Unit,Mudflat,0.1072431162132936,FALSE,TRUE,FALSE,,FALSE,Tidal_mudflat,Tidal_saline_matrix,25,FALSE,ASSIGNED,Within 30 ft of tidal wetland or eel grass
93266,Mudflat/Dry Pond Bottom Mapping Unit,Mudflat,0.1545359225148679,FALSE,TRUE,FALSE,,FALSE,Tidal_mudflat,Tidal_saline_matrix,25,FALSE,ASSIGNED,Within 30 ft of tidal wetland or eel grass
93267,Mudflat/Dry Pond Bottom Mapping Unit,Mudflat,0.03875817758739429,FALSE,TRUE,FALSE,,FALSE,Tidal_mudflat,Tidal_saline_matrix,25,FALSE,ASSIGNED,Within 30 ft of tidal wetland or eel grass
93268,Mudflat/Dry Pond Bottom Mapping Unit,Mudflat,1.2238884423430303,FALSE,FALSE,FALSE,,FALSE,UNRESOLVED_MUDFLAT_REVIEW,UNRESOLVED_REVIEW,,FALSE,REVIEW_REQUIRED,"No freshwater, tidal, or modeled-site spatial evidence"
93269,Mudflat/Dry Pond Bottom Mapping Unit,Mudflat,0.07762686701815055,FALSE,TRUE,FALSE,,FALSE,Tidal_mudflat,Tidal_saline_matrix,25,FALSE,ASSIGNED,Within 30 ft of tidal wetland or eel grass
93270,Mudflat/Dry Pond Bottom Mapping Unit,Mudflat,0.11063858139753228,FALSE,TRUE,FALSE,,FALSE,Tidal_mudflat,Tidal_saline_matrix,25,FALSE,ASSIGNED,Within 30 ft of tidal wetland or eel grass
93271,Mudflat/Dry Pond Bottom Mapping Unit,Mudflat,0.01006479854005383,FALSE,TRUE,FALSE,,FALSE,Tidal_mudflat,Tidal_saline_matrix,25,FALSE,ASSIGNED,Within 30 ft of tidal wetland or eel grass
93272,Mudflat/Dry Pond Bottom Mapping Unit,Mudflat,0.12323230102760661,FALSE,TRUE,FALSE,,FALSE,Tidal_mudflat,Tidal_saline_matrix,25,FALSE,ASSIGNED,Within 30 ft of tidal wetland or eel grass
93273,Mudflat/Dry Pond Bottom Mapping Unit,Mudflat,0.4791880532543337,FALSE,TRUE,FALSE,,FALSE,Tidal_mudflat,Tidal_saline_matrix,25,FALSE,ASSIGNED,Within 30 ft of tidal wetland or eel grass
93274,Mudflat/Dry Pond Bottom Mapping Unit,Mudflat,0.010397751694300707,FALSE,TRUE,FALSE,,FALSE,Tidal_mudflat,Tidal_saline_matrix,25,FALSE,ASSIGNED,Within 30 ft of tidal wetland or eel grass
93275,Mudflat/Dry Pond Bottom Mapping Unit,Mudflat,0.148163452307708,FALSE,TRUE,FALSE,,FALSE,Tidal_mudflat,Tidal_saline_matrix,25,FALSE,ASSIGNED,Within 30 ft of tidal wetland or eel grass
93276,Mudflat/Dry Pond Bottom Mapping Unit,Mudflat,0.10052760523451462,FALSE,TRUE,FALSE,,FALSE,Tidal_mudflat,Tidal_saline_matrix,25,FALSE,ASSIGNED,Within 30 ft of tidal wetland or eel grass
93277,Mudflat/Dry Pond Bottom Mapping Unit,Mudflat,0.012833331261963916,FALSE,TRUE,FALSE,,FALSE,Tidal_mudflat,Tidal_saline_matrix,25,FALSE,ASSIGNED,Within 30 ft of tidal wetland or eel grass
93278,Mudflat/Dry Pond Bottom Mapping Unit,Mudflat,0.1578264731891976,FALSE,TRUE,FALSE,,FALSE,Tidal_mudflat,Tidal_saline_matrix,25,FALSE,ASSIGNED,Within 30 ft of tidal wetland or eel grass
93279,Mudflat/Dry Pond Bottom Mapping Unit,Mudflat,0.04079007407217052,FALSE,TRUE,FALSE,,FALSE,Tidal_mudflat,Tidal_saline_matrix,25,FALSE,ASSIGNED,Within 30 ft of tidal wetland or eel grass
93280,Mudflat/Dry Pond Bottom Mapping Unit,Mudflat,0.037833265144440145,FALSE,TRUE,FALSE,,FALSE,Tidal_mudflat,Tidal_saline_matrix,25,FALSE,ASSIGNED,Within 30 ft of tidal wetland or eel grass
93281,Mudflat/Dry Pond Bottom Mapping Unit,Mudflat,0.09024874857910829,FALSE,TRUE,FALSE,,FALSE,Tidal_mudflat,Tidal_saline_matrix,25,FALSE,ASSIGNED,Within 30 ft of tidal wetland or eel grass
93282,Mudflat/Dry Pond Bottom Mapping Unit,Mudflat,0.04210273096185137,FALSE,TRUE,FALSE,,FALSE,Tidal_mudflat,Tidal_saline_matrix,25,FALSE,ASSIGNED,Within 30 ft of tidal wetland or eel grass
93283,Mudflat/Dry Pond Bottom Mapping Unit,Mudflat,0.022336114945499908,FALSE,TRUE,FALSE,,FALSE,Tidal_mudflat,Tidal_saline_matrix,25,FALSE,ASSIGNED,Within 30 ft of tidal wetland or eel grass
93284,Mudflat/Dry Pond Bottom Mapping Unit,Mudflat,0.10989468452948686,FALSE,TRUE,FALSE,,FALSE,Tidal_mudflat,Tidal_saline_matrix,25,FALSE,ASSIGNED,Within 30 ft of tidal wetland or eel grass
93285,Mudflat/Dry Pond Bottom Mapping Unit,Mudflat,0.25929612388728857,FALSE,TRUE,FALSE,,FALSE,Tidal_mudflat,Tidal_saline_matrix,25,FALSE,ASSIGNED,Within 30 ft of tidal wetland or eel grass
93286,Mudflat/Dry Pond Bottom Mapping Unit,Mudflat,0.01825581968617714,FALSE,TRUE,FALSE,,FALSE,Tidal_mudflat,Tidal_saline_matrix,25,FALSE,ASSIGNED,Within 30 ft of tidal wetland or eel grass
93287,Mudflat/Dry Pond Bottom Mapping Unit,Mudflat,0.012421482527083087,FALSE,TRUE,FALSE,,FALSE,Tidal_mudflat,Tidal_saline_matrix,25,FALSE,ASSIGNED,Within 30 ft of tidal wetland or eel grass
93288,Mudflat/Dry Pond Bottom Mapping Unit,Mudflat,0.12064324595897015,FALSE,TRUE,FALSE,,FALSE,Tidal_mudflat,Tidal_saline_matrix,25,FALSE,ASSIGNED,Within 30 ft of tidal wetland or eel grass
93289,Mudflat/Dry Pond Bottom Mapping Unit,Mudflat,0.060039327602238284,FALSE,TRUE,FALSE,,FALSE,Tidal_mudflat,Tidal_saline_matrix,25,FALSE,ASSIGNED,Within 30 ft of tidal wetland or eel grass
93290,Mudflat/Dry Pond Bottom Mapping Unit,Mudflat,0.017607947230797838,FALSE,TRUE,FALSE,,FALSE,Tidal_mudflat,Tidal_saline_matrix,25,FALSE,ASSIGNED,Within 30 ft of tidal wetland or eel grass
93291,Mudflat/Dry Pond Bottom Mapping Unit,Mudflat,1.601021810041396,FALSE,FALSE,FALSE,,FALSE,UNRESOLVED_MUDFLAT_REVIEW,UNRESOLVED_REVIEW,,FALSE,REVIEW_REQUIRED,"No freshwater, tidal, or modeled-site spatial evidence"
93292,Mudflat/Dry Pond Bottom Mapping Unit,Mudflat,0.014353237488299128,FALSE,TRUE,FALSE,,FALSE,Tidal_mudflat,Tidal_saline_matrix,25,FALSE,ASSIGNED,Within 30 ft of tidal wetland or eel grass
93293,Mudflat/Dry Pond Bottom Mapping Unit,Mudflat,0.015421995602133897,FALSE,TRUE,FALSE,,FALSE,Tidal_mudflat,Tidal_saline_matrix,25,FALSE,ASSIGNED,Within 30 ft of tidal wetland or eel grass
93294,Mudflat/Dry Pond Bottom Mapping Unit,Mudflat,0.036752780273466616,FALSE,TRUE,FALSE,,FALSE,Tidal_mudflat,Tidal_saline_matrix,25,FALSE,ASSIGNED,Within 30 ft of tidal wetland or eel grass
93295,Mudflat/Dry Pond Bottom Mapping Unit,Mudflat,0.1347539463121669,FALSE,TRUE,FALSE,,FALSE,Tidal_mudflat,Tidal_saline_matrix,25,FALSE,ASSIGNED,Within 30 ft of tidal wetland or eel grass
93296,Mudflat/Dry Pond Bottom Mapping Unit,Mudflat,0.009584632435154929,FALSE,TRUE,FALSE,,FALSE,Tidal_mudflat,Tidal_saline_matrix,25,FALSE,ASSIGNED,Within 30 ft of tidal wetland or eel grass
93297,Mudflat/Dry Pond Bottom Mapping Unit,Mudflat,0.6285596946791031,FALSE,TRUE,FALSE,,FALSE,Tidal_mudflat,Tidal_saline_matrix,25,FALSE,ASSIGNED,Within 30 ft of tidal wetland or eel grass
93298,Mudflat/Dry Pond Bottom Mapping Unit,Mudflat,18.833110516769782,FALSE,TRUE,FALSE,,FALSE,Tidal_mudflat,Tidal_saline_matrix,25,FALSE,ASSIGNED,Within 30 ft of tidal wetland or eel grass
93299,Mudflat/Dry Pond Bottom Mapping Unit,Mudflat,0.09947907290292096,FALSE,TRUE,FALSE,,FALSE,Tidal_mudflat,Tidal_saline_matrix,25,FALSE,ASSIGNED,Within 30 ft of tidal wetland or eel grass
93300,Mudflat/Dry Pond Bottom Mapping Unit,Mudflat,0.03796149486481797,FALSE,TRUE,FALSE,,FALSE,Tidal_mudflat,Tidal_saline_matrix,25,FALSE,ASSIGNED,Within 30 ft of tidal wetland or eel grass
93301,Mudflat/Dry Pond Bottom Mapping Unit,Mudflat,0.009687853801444516,FALSE,TRUE,FALSE,,FALSE,Tidal_mudflat,Tidal_saline_matrix,25,FALSE,ASSIGNED,Within 30 ft of tidal wetland or eel grass
93302,Mudflat/Dry Pond Bottom Mapping Unit,Mudflat,0.08085530169410435,FALSE,TRUE,FALSE,,FALSE,Tidal_mudflat,Tidal_saline_matrix,25,FALSE,ASSIGNED,Within 30 ft of tidal wetland or eel grass
93303,Mudflat/Dry Pond Bottom Mapping Unit,Mudflat,0.08376945691200312,FALSE,TRUE,FALSE,,FALSE,Tidal_mudflat,Tidal_saline_matrix,25,FALSE,ASSIGNED,Within 30 ft of tidal wetland or eel grass
93304,Mudflat/Dry Pond Bottom Mapping Unit,Mudflat,0.07415702249060255,FALSE,TRUE,FALSE,,FALSE,Tidal_mudflat,Tidal_saline_matrix,25,FALSE,ASSIGNED,Within 30 ft of tidal wetland or eel grass
93305,Mudflat/Dry Pond Bottom Mapping Unit,Mudflat,0.016479699815409494,FALSE,TRUE,FALSE,,FALSE,Tidal_mudflat,Tidal_saline_matrix,25,FALSE,ASSIGNED,Within 30 ft of tidal wetland or eel grass
93306,Mudflat/Dry Pond Bottom Mapping Unit,Mudflat,0.21424916906486097,FALSE,TRUE,FALSE,,FALSE,Tidal_mudflat,Tidal_saline_matrix,25,FALSE,ASSIGNED,Within 30 ft of tidal wetland or eel grass
93307,Mudflat/Dry Pond Bottom Mapping Unit,Mudflat,0.015923646837444627,FALSE,TRUE,FALSE,,FALSE,Tidal_mudflat,Tidal_saline_matrix,25,FALSE,ASSIGNED,Within 30 ft of tidal wetland or eel grass
93308,Mudflat/Dry Pond Bottom Mapping Unit,Mudflat,0.010904286456237058,FALSE,TRUE,FALSE,,FALSE,Tidal_mudflat,Tidal_saline_matrix,25,FALSE,ASSIGNED,Within 30 ft of tidal wetland or eel grass
93309,Mudflat/Dry Pond Bottom Mapping Unit,Mudflat,0.014715208519745063,FALSE,TRUE,FALSE,,FALSE,Tidal_mudflat,Tidal_saline_matrix,25,FALSE,ASSIGNED,Within 30 ft of tidal wetland or eel grass
93310,Mudflat/Dry Pond Bottom Mapping Unit,Mudflat,0.016093080249122992,FALSE,TRUE,FALSE,,FALSE,Tidal_mudflat,Tidal_saline_matrix,25,FALSE,ASSIGNED,Within 30 ft of tidal wetland or eel grass
93311,Mudflat/Dry Pond Bottom Mapping Unit,Mudflat,0.03288502940123592,FALSE,TRUE,FALSE,,FALSE,Tidal_mudflat,Tidal_saline_matrix,25,FALSE,ASSIGNED,Within 30 ft of tidal wetland or eel grass
93312,Mudflat/Dry Pond Bottom Mapping Unit,Mudflat,0.050836336733475394,FALSE,TRUE,FALSE,,FALSE,Tidal_mudflat,Tidal_saline_matrix,25,FALSE,ASSIGNED,Within 30 ft of tidal wetland or eel grass
93313,Mudflat/Dry Pond Bottom Mapping Unit,Mudflat,0.046671161729133354,FALSE,TRUE,FALSE,,FALSE,Tidal_mudflat,Tidal_saline_matrix,25,FALSE,ASSIGNED,Within 30 ft of tidal wetland or eel grass
93314,Mudflat/Dry Pond Bottom Mapping Unit,Mudflat,0.01983509461294883,FALSE,TRUE,FALSE,,FALSE,Tidal_mudflat,Tidal_saline_matrix,25,FALSE,ASSIGNED,Within 30 ft of tidal wetland or eel grass
93315,Mudflat/Dry Pond Bottom Mapping Unit,Mudflat,0.04868601306664906,FALSE,TRUE,FALSE,,FALSE,Tidal_mudflat,Tidal_saline_matrix,25,FALSE,ASSIGNED,Within 30 ft of tidal wetland or eel grass
93316,Mudflat/Dry Pond Bottom Mapping Unit,Mudflat,0.08279205560261099,FALSE,TRUE,FALSE,,FALSE,Tidal_mudflat,Tidal_saline_matrix,25,FALSE,ASSIGNED,Within 30 ft of tidal wetland or eel grass
93317,Mudflat/Dry Pond Bottom Mapping Unit,Mudflat,0.015744532025688512,FALSE,TRUE,FALSE,,FALSE,Tidal_mudflat,Tidal_saline_matrix,25,FALSE,ASSIGNED,Within 30 ft of tidal wetland or eel grass
93318,Mudflat/Dry Pond Bottom Mapping Unit,Mudflat,0.04248777826830439,FALSE,TRUE,FALSE,,FALSE,Tidal_mudflat,Tidal_saline_matrix,25,FALSE,ASSIGNED,Within 30 ft of tidal wetland or eel grass
93319,Mudflat/Dry Pond Bottom Mapping Unit,Mudflat,0.05902232564569225,FALSE,TRUE,FALSE,,FALSE,Tidal_mudflat,Tidal_saline_matrix,25,FALSE,ASSIGNED,Within 30 ft of tidal wetland or eel grass
93320,Mudflat/Dry Pond Bottom Mapping Unit,Mudflat,0.183704211992572,FALSE,TRUE,FALSE,,FALSE,Tidal_mudflat,Tidal_saline_matrix,25,FALSE,ASSIGNED,Within 30 ft of tidal wetland or eel grass
93321,Mudflat/Dry Pond Bottom Mapping Unit,Mudflat,4.972411807522279,FALSE,TRUE,FALSE,,FALSE,Tidal_mudflat,Tidal_saline_matrix,25,FALSE,ASSIGNED,Within 30 ft of tidal wetland or eel grass
93322,Mudflat/Dry Pond Bottom Mapping Unit,Mudflat,0.049411867636795906,FALSE,TRUE,FALSE,,FALSE,Tidal_mudflat,Tidal_saline_matrix,25,FALSE,ASSIGNED,Within 30 ft of tidal wetland or eel grass
93323,Mudflat/Dry Pond Bottom Mapping Unit,Mudflat,0.05686401115627036,FALSE,TRUE,FALSE,,FALSE,Tidal_mudflat,Tidal_saline_matrix,25,FALSE,ASSIGNED,Within 30 ft of tidal wetland or eel grass
93324,Mudflat/Dry Pond Bottom Mapping Unit,Mudflat,0.1601174207387482,FALSE,TRUE,FALSE,,FALSE,Tidal_mudflat,Tidal_saline_matrix,25,FALSE,ASSIGNED,Within 30 ft of tidal wetland or eel grass
93325,Mudflat/Dry Pond Bottom Mapping Unit,Mudflat,0.03863636725578838,FALSE,TRUE,FALSE,,FALSE,Tidal_mudflat,Tidal_saline_matrix,25,FALSE,ASSIGNED,Within 30 ft of tidal wetland or eel grass
93326,Mudflat/Dry Pond Bottom Mapping Unit,Mudflat,0.024806279156518993,FALSE,TRUE,FALSE,,FALSE,Tidal_mudflat,Tidal_saline_matrix,25,FALSE,ASSIGNED,Within 30 ft of tidal wetland or eel grass
93327,Mudflat/Dry Pond Bottom Mapping Unit,Mudflat,0.03746244377132697,FALSE,TRUE,FALSE,,FALSE,Tidal_mudflat,Tidal_saline_matrix,25,FALSE,ASSIGNED,Within 30 ft of tidal wetland or eel grass
93328,Mudflat/Dry Pond Bottom Mapping Unit,Mudflat,0.02203061387881344,FALSE,TRUE,FALSE,,FALSE,Tidal_mudflat,Tidal_saline_matrix,25,FALSE,ASSIGNED,Within 30 ft of tidal wetland or eel grass
93329,Mudflat/Dry Pond Bottom Mapping Unit,Mudflat,0.2455520656077353,FALSE,TRUE,FALSE,,FALSE,Tidal_mudflat,Tidal_saline_matrix,25,FALSE,ASSIGNED,Within 30 ft of tidal wetland or eel grass
93330,Mudflat/Dry Pond Bottom Mapping Unit,Mudflat,25.890464736138206,FALSE,TRUE,FALSE,,FALSE,Tidal_mudflat,Tidal_saline_matrix,25,FALSE,ASSIGNED,Within 30 ft of tidal wetland or eel grass
93331,Mudflat/Dry Pond Bottom Mapping Unit,Mudflat,0.011084519550620902,FALSE,TRUE,FALSE,,FALSE,Tidal_mudflat,Tidal_saline_matrix,25,FALSE,ASSIGNED,Within 30 ft of tidal wetland or eel grass
93332,Mudflat/Dry Pond Bottom Mapping Unit,Mudflat,0.03839800312343622,FALSE,TRUE,FALSE,,FALSE,Tidal_mudflat,Tidal_saline_matrix,25,FALSE,ASSIGNED,Within 30 ft of tidal wetland or eel grass
93333,Mudflat/Dry Pond Bottom Mapping Unit,Mudflat,0.0816581740873554,FALSE,TRUE,FALSE,,FALSE,Tidal_mudflat,Tidal_saline_matrix,25,FALSE,ASSIGNED,Within 30 ft of tidal wetland or eel grass
93334,Mudflat/Dry Pond Bottom Mapping Unit,Mudflat,32.9621989257143,FALSE,TRUE,FALSE,,FALSE,Tidal_mudflat,Tidal_saline_matrix,25,FALSE,ASSIGNED,Within 30 ft of tidal wetland or eel grass
93335,Mudflat/Dry Pond Bottom Mapping Unit,Mudflat,0.017630549989655353,FALSE,TRUE,FALSE,,FALSE,Tidal_mudflat,Tidal_saline_matrix,25,FALSE,ASSIGNED,Within 30 ft of tidal wetland or eel grass
93336,Mudflat/Dry Pond Bottom Mapping Unit,Mudflat,0.17194360075894163,FALSE,TRUE,FALSE,,FALSE,Tidal_mudflat,Tidal_saline_matrix,25,FALSE,ASSIGNED,Within 30 ft of tidal wetland or eel grass
93337,Mudflat/Dry Pond Bottom Mapping Unit,Mudflat,0.049022187561904323,FALSE,TRUE,FALSE,,FALSE,Tidal_mudflat,Tidal_saline_matrix,25,FALSE,ASSIGNED,Within 30 ft of tidal wetland or eel grass
93338,Mudflat/Dry Pond Bottom Mapping Unit,Mudflat,10.67981209574746,FALSE,TRUE,FALSE,,FALSE,Tidal_mudflat,Tidal_saline_matrix,25,FALSE,ASSIGNED,Within 30 ft of tidal wetland or eel grass
93339,Mudflat/Dry Pond Bottom Mapping Unit,Mudflat,2.5274833621403063,FALSE,TRUE,FALSE,,FALSE,Tidal_mudflat,Tidal_saline_matrix,25,FALSE,ASSIGNED,Within 30 ft of tidal wetland or eel grass
93340,Mudflat/Dry Pond Bottom Mapping Unit,Mudflat,0.024493055631282314,FALSE,TRUE,FALSE,,FALSE,Tidal_mudflat,Tidal_saline_matrix,25,FALSE,ASSIGNED,Within 30 ft of tidal wetland or eel grass
93341,Mudflat/Dry Pond Bottom Mapping Unit,Mudflat,0.10416521841058751,FALSE,TRUE,FALSE,,FALSE,Tidal_mudflat,Tidal_saline_matrix,25,FALSE,ASSIGNED,Within 30 ft of tidal wetland or eel grass
93342,Mudflat/Dry Pond Bottom Mapping Unit,Mudflat,0.016192342783755254,FALSE,TRUE,FALSE,,FALSE,Tidal_mudflat,Tidal_saline_matrix,25,FALSE,ASSIGNED,Within 30 ft of tidal wetland or eel grass
93343,Mudflat/Dry Pond Bottom Mapping Unit,Mudflat,0.020430869889285306,FALSE,TRUE,FALSE,,FALSE,Tidal_mudflat,Tidal_saline_matrix,25,FALSE,ASSIGNED,Within 30 ft of tidal wetland or eel grass
93344,Mudflat/Dry Pond Bottom Mapping Unit,Mudflat,0.2668374341087989,FALSE,TRUE,FALSE,,FALSE,Tidal_mudflat,Tidal_saline_matrix,25,FALSE,ASSIGNED,Within 30 ft of tidal wetland or eel grass
93345,Mudflat/Dry Pond Bottom Mapping Unit,Mudflat,0.035006802566665315,FALSE,TRUE,FALSE,,FALSE,Tidal_mudflat,Tidal_saline_matrix,25,FALSE,ASSIGNED,Within 30 ft of tidal wetland or eel grass
93346,Mudflat/Dry Pond Bottom Mapping Unit,Mudflat,0.016184508263500094,FALSE,TRUE,FALSE,,FALSE,Tidal_mudflat,Tidal_saline_matrix,25,FALSE,ASSIGNED,Within 30 ft of tidal wetland or eel grass
93347,Mudflat/Dry Pond Bottom Mapping Unit,Mudflat,0.057755300854208345,FALSE,TRUE,FALSE,,FALSE,Tidal_mudflat,Tidal_saline_matrix,25,FALSE,ASSIGNED,Within 30 ft of tidal wetland or eel grass
93348,Mudflat/Dry Pond Bottom Mapping Unit,Mudflat,0.10980334457074845,FALSE,TRUE,FALSE,,FALSE,Tidal_mudflat,Tidal_saline_matrix,25,FALSE,ASSIGNED,Within 30 ft of tidal wetland or eel grass
93349,Mudflat/Dry Pond Bottom Mapping Unit,Mudflat,0.014010241407557059,FALSE,TRUE,FALSE,,FALSE,Tidal_mudflat,Tidal_saline_matrix,25,FALSE,ASSIGNED,Within 30 ft of tidal wetland or eel grass
93350,Mudflat/Dry Pond Bottom Mapping Unit,Mudflat,0.20140665870569088,FALSE,TRUE,FALSE,,FALSE,Tidal_mudflat,Tidal_saline_matrix,25,FALSE,ASSIGNED,Within 30 ft of tidal wetland or eel grass
93351,Mudflat/Dry Pond Bottom Mapping Unit,Mudflat,0.019409249175269597,FALSE,TRUE,FALSE,,FALSE,Tidal_mudflat,Tidal_saline_matrix,25,FALSE,ASSIGNED,Within 30 ft of tidal wetland or eel grass
93352,Mudflat/Dry Pond Bottom Mapping Unit,Mudflat,0.01316471281470445,FALSE,TRUE,FALSE,,FALSE,Tidal_mudflat,Tidal_saline_matrix,25,FALSE,ASSIGNED,Within 30 ft of tidal wetland or eel grass
93353,Mudflat/Dry Pond Bottom Mapping Unit,Mudflat,0.012633607720458857,FALSE,TRUE,FALSE,,FALSE,Tidal_mudflat,Tidal_saline_matrix,25,FALSE,ASSIGNED,Within 30 ft of tidal wetland or eel grass
93354,Mudflat/Dry Pond Bottom Mapping Unit,Mudflat,0.05176912661095823,FALSE,TRUE,FALSE,,FALSE,Tidal_mudflat,Tidal_saline_matrix,25,FALSE,ASSIGNED,Within 30 ft of tidal wetland or eel grass
93355,Mudflat/Dry Pond Bottom Mapping Unit,Mudflat,0.6808931647642839,FALSE,TRUE,FALSE,,FALSE,Tidal_mudflat,Tidal_saline_matrix,25,FALSE,ASSIGNED,Within 30 ft of tidal wetland or eel grass
93356,Mudflat/Dry Pond Bottom Mapping Unit,Mudflat,0.46560017793063735,FALSE,TRUE,FALSE,,FALSE,Tidal_mudflat,Tidal_saline_matrix,25,FALSE,ASSIGNED,Within 30 ft of tidal wetland or eel grass
93357,Mudflat/Dry Pond Bottom Mapping Unit,Mudflat,0.016414143540121016,FALSE,TRUE,FALSE,,FALSE,Tidal_mudflat,Tidal_saline_matrix,25,FALSE,ASSIGNED,Within 30 ft of tidal wetland or eel grass
93358,Mudflat/Dry Pond Bottom Mapping Unit,Mudflat,0.04578516780430669,FALSE,TRUE,FALSE,,FALSE,Tidal_mudflat,Tidal_saline_matrix,25,FALSE,ASSIGNED,Within 30 ft of tidal wetland or eel grass
93359,Mudflat/Dry Pond Bottom Mapping Unit,Mudflat,0.022959954931018614,FALSE,TRUE,FALSE,,FALSE,Tidal_mudflat,Tidal_saline_matrix,25,FALSE,ASSIGNED,Within 30 ft of tidal wetland or eel grass
93360,Mudflat/Dry Pond Bottom Mapping Unit,Mudflat,0.12956080918695886,FALSE,TRUE,FALSE,,FALSE,Tidal_mudflat,Tidal_saline_matrix,25,FALSE,ASSIGNED,Within 30 ft of tidal wetland or eel grass
93361,Mudflat/Dry Pond Bottom Mapping Unit,Mudflat,0.08312348942026257,FALSE,TRUE,FALSE,,FALSE,Tidal_mudflat,Tidal_saline_matrix,25,FALSE,ASSIGNED,Within 30 ft of tidal wetland or eel grass
93362,Mudflat/Dry Pond Bottom Mapping Unit,Mudflat,0.019464357544857643,FALSE,TRUE,FALSE,,FALSE,Tidal_mudflat,Tidal_saline_matrix,25,FALSE,ASSIGNED,Within 30 ft of tidal wetland or eel grass
93363,Mudflat/Dry Pond Bottom Mapping Unit,Mudflat,0.11613943953578959,FALSE,TRUE,FALSE,,FALSE,Tidal_mudflat,Tidal_saline_matrix,25,FALSE,ASSIGNED,Within 30 ft of tidal wetland or eel grass
93364,Mudflat/Dry Pond Bottom Mapping Unit,Mudflat,0.048233734568023115,FALSE,TRUE,FALSE,,FALSE,Tidal_mudflat,Tidal_saline_matrix,25,FALSE,ASSIGNED,Within 30 ft of tidal wetland or eel grass
93365,Mudflat/Dry Pond Bottom Mapping Unit,Mudflat,0.03169002780569749,FALSE,TRUE,FALSE,,FALSE,Tidal_mudflat,Tidal_saline_matrix,25,FALSE,ASSIGNED,Within 30 ft of tidal wetland or eel grass
93366,Mudflat/Dry Pond Bottom Mapping Unit,Mudflat,0.10145891837293401,FALSE,TRUE,FALSE,,FALSE,Tidal_mudflat,Tidal_saline_matrix,25,FALSE,ASSIGNED,Within 30 ft of tidal wetland or eel grass
93367,Mudflat/Dry Pond Bottom Mapping Unit,Mudflat,0.03659156712748138,FALSE,TRUE,FALSE,,FALSE,Tidal_mudflat,Tidal_saline_matrix,25,FALSE,ASSIGNED,Within 30 ft of tidal wetland or eel grass
93368,Mudflat/Dry Pond Bottom Mapping Unit,Mudflat,0.020615529949187403,FALSE,TRUE,FALSE,,FALSE,Tidal_mudflat,Tidal_saline_matrix,25,FALSE,ASSIGNED,Within 30 ft of tidal wetland or eel grass
93369,Mudflat/Dry Pond Bottom Mapping Unit,Mudflat,0.009952698416767545,FALSE,TRUE,FALSE,,FALSE,Tidal_mudflat,Tidal_saline_matrix,25,FALSE,ASSIGNED,Within 30 ft of tidal wetland or eel grass
93370,Mudflat/Dry Pond Bottom Mapping Unit,Mudflat,0.01384332278280076,FALSE,TRUE,FALSE,,FALSE,Tidal_mudflat,Tidal_saline_matrix,25,FALSE,ASSIGNED,Within 30 ft of tidal wetland or eel grass
93371,Mudflat/Dry Pond Bottom Mapping Unit,Mudflat,0.04354923211711332,FALSE,TRUE,FALSE,,FALSE,Tidal_mudflat,Tidal_saline_matrix,25,FALSE,ASSIGNED,Within 30 ft of tidal wetland or eel grass
93372,Mudflat/Dry Pond Bottom Mapping Unit,Mudflat,0.014371267763510916,FALSE,TRUE,FALSE,,FALSE,Tidal_mudflat,Tidal_saline_matrix,25,FALSE,ASSIGNED,Within 30 ft of tidal wetland or eel grass
93373,Mudflat/Dry Pond Bottom Mapping Unit,Mudflat,0.010282572806942374,FALSE,TRUE,FALSE,,FALSE,Tidal_mudflat,Tidal_saline_matrix,25,FALSE,ASSIGNED,Within 30 ft of tidal wetland or eel grass
93374,Mudflat/Dry Pond Bottom Mapping Unit,Mudflat,0.10812680698140212,FALSE,TRUE,FALSE,,FALSE,Tidal_mudflat,Tidal_saline_matrix,25,FALSE,ASSIGNED,Within 30 ft of tidal wetland or eel grass
93375,Mudflat/Dry Pond Bottom Mapping Unit,Mudflat,0.1490618629463447,FALSE,TRUE,FALSE,,FALSE,Tidal_mudflat,Tidal_saline_matrix,25,FALSE,ASSIGNED,Within 30 ft of tidal wetland or eel grass
93376,Mudflat/Dry Pond Bottom Mapping Unit,Mudflat,0.016897372578793982,FALSE,TRUE,FALSE,,FALSE,Tidal_mudflat,Tidal_saline_matrix,25,FALSE,ASSIGNED,Within 30 ft of tidal wetland or eel grass
93377,Mudflat/Dry Pond Bottom Mapping Unit,Mudflat,0.05583149218899759,FALSE,TRUE,FALSE,,FALSE,Tidal_mudflat,Tidal_saline_matrix,25,FALSE,ASSIGNED,Within 30 ft of tidal wetland or eel grass
93378,Mudflat/Dry Pond Bottom Mapping Unit,Mudflat,0.019881414824955892,FALSE,TRUE,FALSE,,FALSE,Tidal_mudflat,Tidal_saline_matrix,25,FALSE,ASSIGNED,Within 30 ft of tidal wetland or eel grass
93379,Mudflat/Dry Pond Bottom Mapping Unit,Mudflat,0.009800701743524952,FALSE,TRUE,FALSE,,FALSE,Tidal_mudflat,Tidal_saline_matrix,25,FALSE,ASSIGNED,Within 30 ft of tidal wetland or eel grass
93380,Mudflat/Dry Pond Bottom Mapping Unit,Mudflat,6.0663829465334285,FALSE,TRUE,FALSE,,FALSE,Tidal_mudflat,Tidal_saline_matrix,25,FALSE,ASSIGNED,Within 30 ft of tidal wetland or eel grass
93381,Mudflat/Dry Pond Bottom Mapping Unit,Mudflat,0.052226808035156606,FALSE,TRUE,FALSE,,FALSE,Tidal_mudflat,Tidal_saline_matrix,25,FALSE,ASSIGNED,Within 30 ft of tidal wetland or eel grass
93382,Mudflat/Dry Pond Bottom Mapping Unit,Mudflat,0.2684126967625931,FALSE,TRUE,FALSE,,FALSE,Tidal_mudflat,Tidal_saline_matrix,25,FALSE,ASSIGNED,Within 30 ft of tidal wetland or eel grass
93383,Mudflat/Dry Pond Bottom Mapping Unit,Mudflat,0.08746747063875404,FALSE,TRUE,FALSE,,FALSE,Tidal_mudflat,Tidal_saline_matrix,25,FALSE,ASSIGNED,Within 30 ft of tidal wetland or eel grass
93384,Mudflat/Dry Pond Bottom Mapping Unit,Mudflat,0.02938485001247565,FALSE,TRUE,FALSE,,FALSE,Tidal_mudflat,Tidal_saline_matrix,25,FALSE,ASSIGNED,Within 30 ft of tidal wetland or eel grass
93385,Mudflat/Dry Pond Bottom Mapping Unit,Mudflat,0.37287997123250033,FALSE,TRUE,FALSE,,FALSE,Tidal_mudflat,Tidal_saline_matrix,25,FALSE,ASSIGNED,Within 30 ft of tidal wetland or eel grass
93386,Mudflat/Dry Pond Bottom Mapping Unit,Mudflat,0.0632693961127529,FALSE,TRUE,FALSE,,FALSE,Tidal_mudflat,Tidal_saline_matrix,25,FALSE,ASSIGNED,Within 30 ft of tidal wetland or eel grass
93387,Mudflat/Dry Pond Bottom Mapping Unit,Mudflat,0.015266724089260148,FALSE,TRUE,FALSE,,FALSE,Tidal_mudflat,Tidal_saline_matrix,25,FALSE,ASSIGNED,Within 30 ft of tidal wetland or eel grass
93388,Mudflat/Dry Pond Bottom Mapping Unit,Mudflat,0.03987619741037789,FALSE,TRUE,FALSE,,FALSE,Tidal_mudflat,Tidal_saline_matrix,25,FALSE,ASSIGNED,Within 30 ft of tidal wetland or eel grass
93389,Mudflat/Dry Pond Bottom Mapping Unit,Mudflat,0.025481991737129287,FALSE,TRUE,FALSE,,FALSE,Tidal_mudflat,Tidal_saline_matrix,25,FALSE,ASSIGNED,Within 30 ft of tidal wetland or eel grass
93390,Mudflat/Dry Pond Bottom Mapping Unit,Mudflat,0.20090123744977068,FALSE,TRUE,FALSE,,FALSE,Tidal_mudflat,Tidal_saline_matrix,25,FALSE,ASSIGNED,Within 30 ft of tidal wetland or eel grass
93391,Mudflat/Dry Pond Bottom Mapping Unit,Mudflat,0.021372861648278167,FALSE,TRUE,FALSE,,FALSE,Tidal_mudflat,Tidal_saline_matrix,25,FALSE,ASSIGNED,Within 30 ft of tidal wetland or eel grass
93392,Mudflat/Dry Pond Bottom Mapping Unit,Mudflat,0.014301617978522892,FALSE,TRUE,FALSE,,FALSE,Tidal_mudflat,Tidal_saline_matrix,25,FALSE,ASSIGNED,Within 30 ft of tidal wetland or eel grass
93393,Mudflat/Dry Pond Bottom Mapping Unit,Mudflat,0.30973997429816347,FALSE,TRUE,FALSE,,FALSE,Tidal_mudflat,Tidal_saline_matrix,25,FALSE,ASSIGNED,Within 30 ft of tidal wetland or eel grass
93394,Mudflat/Dry Pond Bottom Mapping Unit,Mudflat,0.02095979832925996,FALSE,TRUE,FALSE,,FALSE,Tidal_mudflat,Tidal_saline_matrix,25,FALSE,ASSIGNED,Within 30 ft of tidal wetland or eel grass
93395,Mudflat/Dry Pond Bottom Mapping Unit,Mudflat,0.35381148408243,FALSE,TRUE,FALSE,,FALSE,Tidal_mudflat,Tidal_saline_matrix,25,FALSE,ASSIGNED,Within 30 ft of tidal wetland or eel grass
93396,Mudflat/Dry Pond Bottom Mapping Unit,Mudflat,0.31473765066862297,FALSE,TRUE,FALSE,,FALSE,Tidal_mudflat,Tidal_saline_matrix,25,FALSE,ASSIGNED,Within 30 ft of tidal wetland or eel grass
93397,Mudflat/Dry Pond Bottom Mapping Unit,Mudflat,0.1593065101796359,FALSE,TRUE,FALSE,,FALSE,Tidal_mudflat,Tidal_saline_matrix,25,FALSE,ASSIGNED,Within 30 ft of tidal wetland or eel grass
93398,Mudflat/Dry Pond Bottom Mapping Unit,Mudflat,0.06481162815757233,FALSE,TRUE,FALSE,,FALSE,Tidal_mudflat,Tidal_saline_matrix,25,FALSE,ASSIGNED,Within 30 ft of tidal wetland or eel grass
93399,Mudflat/Dry Pond Bottom Mapping Unit,Mudflat,0.04554738860355821,FALSE,TRUE,FALSE,,FALSE,Tidal_mudflat,Tidal_saline_matrix,25,FALSE,ASSIGNED,Within 30 ft of tidal wetland or eel grass
93400,Mudflat/Dry Pond Bottom Mapping Unit,Mudflat,0.016138410237400726,FALSE,TRUE,FALSE,,FALSE,Tidal_mudflat,Tidal_saline_matrix,25,FALSE,ASSIGNED,Within 30 ft of tidal wetland or eel grass
93401,Mudflat/Dry Pond Bottom Mapping Unit,Mudflat,0.038034196964928664,FALSE,TRUE,FALSE,,FALSE,Tidal_mudflat,Tidal_saline_matrix,25,FALSE,ASSIGNED,Within 30 ft of tidal wetland or eel grass
93402,Mudflat/Dry Pond Bottom Mapping Unit,Mudflat,0.027387499842360954,FALSE,TRUE,FALSE,,FALSE,Tidal_mudflat,Tidal_saline_matrix,25,FALSE,ASSIGNED,Within 30 ft of tidal wetland or eel grass
93403,Mudflat/Dry Pond Bottom Mapping Unit,Mudflat,0.23537285974846517,FALSE,TRUE,FALSE,,FALSE,Tidal_mudflat,Tidal_saline_matrix,25,FALSE,ASSIGNED,Within 30 ft of tidal wetland or eel grass
93404,Mudflat/Dry Pond Bottom Mapping Unit,Mudflat,19.09958057247322,FALSE,TRUE,FALSE,,FALSE,Tidal_mudflat,Tidal_saline_matrix,25,FALSE,ASSIGNED,Within 30 ft of tidal wetland or eel grass
93405,Mudflat/Dry Pond Bottom Mapping Unit,Mudflat,0.016575232439209765,FALSE,TRUE,FALSE,,FALSE,Tidal_mudflat,Tidal_saline_matrix,25,FALSE,ASSIGNED,Within 30 ft of tidal wetland or eel grass
93406,Mudflat/Dry Pond Bottom Mapping Unit,Mudflat,0.024840358884213265,FALSE,TRUE,FALSE,,FALSE,Tidal_mudflat,Tidal_saline_matrix,25,FALSE,ASSIGNED,Within 30 ft of tidal wetland or eel grass
93407,Mudflat/Dry Pond Bottom Mapping Unit,Mudflat,0.017952592199946545,FALSE,TRUE,FALSE,,FALSE,Tidal_mudflat,Tidal_saline_matrix,25,FALSE,ASSIGNED,Within 30 ft of tidal wetland or eel grass
93408,Mudflat/Dry Pond Bottom Mapping Unit,Mudflat,0.1052568069922623,FALSE,TRUE,FALSE,,FALSE,Tidal_mudflat,Tidal_saline_matrix,25,FALSE,ASSIGNED,Within 30 ft of tidal wetland or eel grass
93409,Mudflat/Dry Pond Bottom Mapping Unit,Mudflat,0.015046746072296628,FALSE,TRUE,FALSE,,FALSE,Tidal_mudflat,Tidal_saline_matrix,25,FALSE,ASSIGNED,Within 30 ft of tidal wetland or eel grass
93410,Mudflat/Dry Pond Bottom Mapping Unit,Mudflat,0.020173693174812813,FALSE,TRUE,FALSE,,FALSE,Tidal_mudflat,Tidal_saline_matrix,25,FALSE,ASSIGNED,Within 30 ft of tidal wetland or eel grass
93411,Mudflat/Dry Pond Bottom Mapping Unit,Mudflat,0.02571088556074497,FALSE,TRUE,FALSE,,FALSE,Tidal_mudflat,Tidal_saline_matrix,25,FALSE,ASSIGNED,Within 30 ft of tidal wetland or eel grass
93412,Mudflat/Dry Pond Bottom Mapping Unit,Mudflat,0.017768023105485625,FALSE,TRUE,FALSE,,FALSE,Tidal_mudflat,Tidal_saline_matrix,25,FALSE,ASSIGNED,Within 30 ft of tidal wetland or eel grass
93413,Mudflat/Dry Pond Bottom Mapping Unit,Mudflat,0.041210263651549284,FALSE,TRUE,FALSE,,FALSE,Tidal_mudflat,Tidal_saline_matrix,25,FALSE,ASSIGNED,Within 30 ft of tidal wetland or eel grass
93414,Mudflat/Dry Pond Bottom Mapping Unit,Mudflat,0.5737287599447496,FALSE,TRUE,FALSE,,FALSE,Tidal_mudflat,Tidal_saline_matrix,25,FALSE,ASSIGNED,Within 30 ft of tidal wetland or eel grass
93415,Mudflat/Dry Pond Bottom Mapping Unit,Mudflat,0.024424191121142164,FALSE,TRUE,FALSE,,FALSE,Tidal_mudflat,Tidal_saline_matrix,25,FALSE,ASSIGNED,Within 30 ft of tidal wetland or eel grass
93416,Mudflat/Dry Pond Bottom Mapping Unit,Mudflat,0.06843480781271746,FALSE,TRUE,FALSE,,FALSE,Tidal_mudflat,Tidal_saline_matrix,25,FALSE,ASSIGNED,Within 30 ft of tidal wetland or eel grass
93417,Mudflat/Dry Pond Bottom Mapping Unit,Mudflat,0.05746703884956276,FALSE,TRUE,FALSE,,FALSE,Tidal_mudflat,Tidal_saline_matrix,25,FALSE,ASSIGNED,Within 30 ft of tidal wetland or eel grass
93418,Mudflat/Dry Pond Bottom Mapping Unit,Mudflat,0.06002762652209599,FALSE,TRUE,FALSE,,FALSE,Tidal_mudflat,Tidal_saline_matrix,25,FALSE,ASSIGNED,Within 30 ft of tidal wetland or eel grass
93419,Mudflat/Dry Pond Bottom Mapping Unit,Mudflat,0.08381534781395343,FALSE,TRUE,FALSE,,FALSE,Tidal_mudflat,Tidal_saline_matrix,25,FALSE,ASSIGNED,Within 30 ft of tidal wetland or eel grass
93420,Mudflat/Dry Pond Bottom Mapping Unit,Mudflat,0.09670471436648637,FALSE,TRUE,FALSE,,FALSE,Tidal_mudflat,Tidal_saline_matrix,25,FALSE,ASSIGNED,Within 30 ft of tidal wetland or eel grass
93421,Mudflat/Dry Pond Bottom Mapping Unit,Mudflat,0.01261297839518553,FALSE,TRUE,FALSE,,FALSE,Tidal_mudflat,Tidal_saline_matrix,25,FALSE,ASSIGNED,Within 30 ft of tidal wetland or eel grass
93422,Mudflat/Dry Pond Bottom Mapping Unit,Mudflat,0.35843477232672694,FALSE,TRUE,FALSE,,FALSE,Tidal_mudflat,Tidal_saline_matrix,25,FALSE,ASSIGNED,Within 30 ft of tidal wetland or eel grass
93423,Mudflat/Dry Pond Bottom Mapping Unit,Mudflat,0.017607981119182506,FALSE,TRUE,FALSE,,FALSE,Tidal_mudflat,Tidal_saline_matrix,25,FALSE,ASSIGNED,Within 30 ft of tidal wetland or eel grass
93424,Mudflat/Dry Pond Bottom Mapping Unit,Mudflat,0.028624716539405244,FALSE,TRUE,FALSE,,FALSE,Tidal_mudflat,Tidal_saline_matrix,25,FALSE,ASSIGNED,Within 30 ft of tidal wetland or eel grass
93425,Mudflat/Dry Pond Bottom Mapping Unit,Mudflat,0.08803998469542765,FALSE,TRUE,FALSE,,FALSE,Tidal_mudflat,Tidal_saline_matrix,25,FALSE,ASSIGNED,Within 30 ft of tidal wetland or eel grass
93426,Mudflat/Dry Pond Bottom Mapping Unit,Mudflat,0.5618084151209086,FALSE,TRUE,FALSE,,FALSE,Tidal_mudflat,Tidal_saline_matrix,25,FALSE,ASSIGNED,Within 30 ft of tidal wetland or eel grass
93427,Mudflat/Dry Pond Bottom Mapping Unit,Mudflat,0.017470161546252253,FALSE,TRUE,FALSE,,FALSE,Tidal_mudflat,Tidal_saline_matrix,25,FALSE,ASSIGNED,Within 30 ft of tidal wetland or eel grass
93428,Mudflat/Dry Pond Bottom Mapping Unit,Mudflat,0.010545470131342887,FALSE,TRUE,FALSE,,FALSE,Tidal_mudflat,Tidal_saline_matrix,25,FALSE,ASSIGNED,Within 30 ft of tidal wetland or eel grass
93429,Mudflat/Dry Pond Bottom Mapping Unit,Mudflat,0.0151279517386745,FALSE,TRUE,FALSE,,FALSE,Tidal_mudflat,Tidal_saline_matrix,25,FALSE,ASSIGNED,Within 30 ft of tidal wetland or eel grass
93430,Mudflat/Dry Pond Bottom Mapping Unit,Mudflat,0.08286286757609355,FALSE,TRUE,FALSE,,FALSE,Tidal_mudflat,Tidal_saline_matrix,25,FALSE,ASSIGNED,Within 30 ft of tidal wetland or eel grass
93431,Mudflat/Dry Pond Bottom Mapping Unit,Mudflat,0.1850354397263838,FALSE,TRUE,FALSE,,FALSE,Tidal_mudflat,Tidal_saline_matrix,25,FALSE,ASSIGNED,Within 30 ft of tidal wetland or eel grass
93432,Mudflat/Dry Pond Bottom Mapping Unit,Mudflat,0.11958221932040289,FALSE,TRUE,FALSE,,FALSE,Tidal_mudflat,Tidal_saline_matrix,25,FALSE,ASSIGNED,Within 30 ft of tidal wetland or eel grass
93433,Mudflat/Dry Pond Bottom Mapping Unit,Mudflat,0.042431587938840234,FALSE,TRUE,FALSE,,FALSE,Tidal_mudflat,Tidal_saline_matrix,25,FALSE,ASSIGNED,Within 30 ft of tidal wetland or eel grass
93434,Mudflat/Dry Pond Bottom Mapping Unit,Mudflat,0.02697601743578963,FALSE,TRUE,FALSE,,FALSE,Tidal_mudflat,Tidal_saline_matrix,25,FALSE,ASSIGNED,Within 30 ft of tidal wetland or eel grass
93435,Mudflat/Dry Pond Bottom Mapping Unit,Mudflat,0.2070310317538663,FALSE,TRUE,FALSE,,FALSE,Tidal_mudflat,Tidal_saline_matrix,25,FALSE,ASSIGNED,Within 30 ft of tidal wetland or eel grass
93436,Mudflat/Dry Pond Bottom Mapping Unit,Mudflat,0.056955973710467546,FALSE,TRUE,FALSE,,FALSE,Tidal_mudflat,Tidal_saline_matrix,25,FALSE,ASSIGNED,Within 30 ft of tidal wetland or eel grass
93437,Mudflat/Dry Pond Bottom Mapping Unit,Mudflat,0.012045068127019075,FALSE,TRUE,FALSE,,FALSE,Tidal_mudflat,Tidal_saline_matrix,25,FALSE,ASSIGNED,Within 30 ft of tidal wetland or eel grass
93438,Mudflat/Dry Pond Bottom Mapping Unit,Mudflat,0.03241372494730045,FALSE,TRUE,FALSE,,FALSE,Tidal_mudflat,Tidal_saline_matrix,25,FALSE,ASSIGNED,Within 30 ft of tidal wetland or eel grass
93439,Mudflat/Dry Pond Bottom Mapping Unit,Mudflat,0.27136811007507616,FALSE,FALSE,FALSE,,FALSE,UNRESOLVED_MUDFLAT_REVIEW,UNRESOLVED_REVIEW,,FALSE,REVIEW_REQUIRED,"No freshwater, tidal, or modeled-site spatial evidence"
93440,Mudflat/Dry Pond Bottom Mapping Unit,Mudflat,0.0279163185036124,FALSE,TRUE,FALSE,,FALSE,Tidal_mudflat,Tidal_saline_matrix,25,FALSE,ASSIGNED,Within 30 ft of tidal wetland or eel grass
93441,Mudflat/Dry Pond Bottom Mapping Unit,Mudflat,0.015243462305574664,FALSE,TRUE,FALSE,,FALSE,Tidal_mudflat,Tidal_saline_matrix,25,FALSE,ASSIGNED,Within 30 ft of tidal wetland or eel grass
93442,Mudflat/Dry Pond Bottom Mapping Unit,Mudflat,0.015380024077954756,FALSE,TRUE,FALSE,,FALSE,Tidal_mudflat,Tidal_saline_matrix,25,FALSE,ASSIGNED,Within 30 ft of tidal wetland or eel grass
93443,Mudflat/Dry Pond Bottom Mapping Unit,Mudflat,0.015518852915663848,FALSE,TRUE,FALSE,,FALSE,Tidal_mudflat,Tidal_saline_matrix,25,FALSE,ASSIGNED,Within 30 ft of tidal wetland or eel grass
93444,Mudflat/Dry Pond Bottom Mapping Unit,Mudflat,0.01335141019873213,FALSE,TRUE,FALSE,,FALSE,Tidal_mudflat,Tidal_saline_matrix,25,FALSE,ASSIGNED,Within 30 ft of tidal wetland or eel grass
93445,Mudflat/Dry Pond Bottom Mapping Unit,Mudflat,0.07353413889304403,FALSE,TRUE,FALSE,,FALSE,Tidal_mudflat,Tidal_saline_matrix,25,FALSE,ASSIGNED,Within 30 ft of tidal wetland or eel grass
93446,Mudflat/Dry Pond Bottom Mapping Unit,Mudflat,0.07449458373573246,FALSE,TRUE,FALSE,,FALSE,Tidal_mudflat,Tidal_saline_matrix,25,FALSE,ASSIGNED,Within 30 ft of tidal wetland or eel grass
93447,Mudflat/Dry Pond Bottom Mapping Unit,Mudflat,0.14495643352225182,FALSE,TRUE,FALSE,,FALSE,Tidal_mudflat,Tidal_saline_matrix,25,FALSE,ASSIGNED,Within 30 ft of tidal wetland or eel grass
93448,Mudflat/Dry Pond Bottom Mapping Unit,Mudflat,0.5134755399727172,FALSE,TRUE,FALSE,,FALSE,Tidal_mudflat,Tidal_saline_matrix,25,FALSE,ASSIGNED,Within 30 ft of tidal wetland or eel grass
93449,Mudflat/Dry Pond Bottom Mapping Unit,Mudflat,0.04620751034772627,FALSE,TRUE,FALSE,,FALSE,Tidal_mudflat,Tidal_saline_matrix,25,FALSE,ASSIGNED,Within 30 ft of tidal wetland or eel grass
93450,Mudflat/Dry Pond Bottom Mapping Unit,Mudflat,0.07784633691444373,FALSE,TRUE,FALSE,,FALSE,Tidal_mudflat,Tidal_saline_matrix,25,FALSE,ASSIGNED,Within 30 ft of tidal wetland or eel grass
93451,Mudflat/Dry Pond Bottom Mapping Unit,Mudflat,0.08838984575886841,FALSE,TRUE,FALSE,,FALSE,Tidal_mudflat,Tidal_saline_matrix,25,FALSE,ASSIGNED,Within 30 ft of tidal wetland or eel grass
93452,Mudflat/Dry Pond Bottom Mapping Unit,Mudflat,0.13819143933555791,FALSE,TRUE,FALSE,,FALSE,Tidal_mudflat,Tidal_saline_matrix,25,FALSE,ASSIGNED,Within 30 ft of tidal wetland or eel grass
93453,Mudflat/Dry Pond Bottom Mapping Unit,Mudflat,0.24915406245973706,FALSE,TRUE,FALSE,,FALSE,Tidal_mudflat,Tidal_saline_matrix,25,FALSE,ASSIGNED,Within 30 ft of tidal wetland or eel grass
93454,Mudflat/Dry Pond Bottom Mapping Unit,Mudflat,0.013532807955590578,FALSE,TRUE,FALSE,,FALSE,Tidal_mudflat,Tidal_saline_matrix,25,FALSE,ASSIGNED,Within 30 ft of tidal wetland or eel grass
93455,Mudflat/Dry Pond Bottom Mapping Unit,Mudflat,0.029752368892213867,FALSE,TRUE,FALSE,,FALSE,Tidal_mudflat,Tidal_saline_matrix,25,FALSE,ASSIGNED,Within 30 ft of tidal wetland or eel grass
93456,Mudflat/Dry Pond Bottom Mapping Unit,Mudflat,0.05365060099984279,FALSE,TRUE,FALSE,,FALSE,Tidal_mudflat,Tidal_saline_matrix,25,FALSE,ASSIGNED,Within 30 ft of tidal wetland or eel grass
93457,Mudflat/Dry Pond Bottom Mapping Unit,Mudflat,0.016635550390726193,FALSE,TRUE,FALSE,,FALSE,Tidal_mudflat,Tidal_saline_matrix,25,FALSE,ASSIGNED,Within 30 ft of tidal wetland or eel grass
93458,Mudflat/Dry Pond Bottom Mapping Unit,Mudflat,0.10817252662767346,FALSE,TRUE,FALSE,,FALSE,Tidal_mudflat,Tidal_saline_matrix,25,FALSE,ASSIGNED,Within 30 ft of tidal wetland or eel grass
93459,Mudflat/Dry Pond Bottom Mapping Unit,Mudflat,0.2928027473945363,FALSE,TRUE,FALSE,,FALSE,Tidal_mudflat,Tidal_saline_matrix,25,FALSE,ASSIGNED,Within 30 ft of tidal wetland or eel grass
93460,Mudflat/Dry Pond Bottom Mapping Unit,Mudflat,0.04753141636352358,FALSE,TRUE,FALSE,,FALSE,Tidal_mudflat,Tidal_saline_matrix,25,FALSE,ASSIGNED,Within 30 ft of tidal wetland or eel grass
93461,Mudflat/Dry Pond Bottom Mapping Unit,Mudflat,0.06142625108061314,FALSE,TRUE,FALSE,,FALSE,Tidal_mudflat,Tidal_saline_matrix,25,FALSE,ASSIGNED,Within 30 ft of tidal wetland or eel grass
93462,Mudflat/Dry Pond Bottom Mapping Unit,Mudflat,0.02050294611512041,FALSE,TRUE,FALSE,,FALSE,Tidal_mudflat,Tidal_saline_matrix,25,FALSE,ASSIGNED,Within 30 ft of tidal wetland or eel grass
93463,Mudflat/Dry Pond Bottom Mapping Unit,Mudflat,0.068539406636702,FALSE,TRUE,FALSE,,FALSE,Tidal_mudflat,Tidal_saline_matrix,25,FALSE,ASSIGNED,Within 30 ft of tidal wetland or eel grass
93464,Mudflat/Dry Pond Bottom Mapping Unit,Mudflat,0.017929070579513793,FALSE,TRUE,FALSE,,FALSE,Tidal_mudflat,Tidal_saline_matrix,25,FALSE,ASSIGNED,Within 30 ft of tidal wetland or eel grass
93465,Mudflat/Dry Pond Bottom Mapping Unit,Mudflat,0.01342465020142451,FALSE,TRUE,FALSE,,FALSE,Tidal_mudflat,Tidal_saline_matrix,25,FALSE,ASSIGNED,Within 30 ft of tidal wetland or eel grass
93466,Mudflat/Dry Pond Bottom Mapping Unit,Mudflat,0.016622234281359873,FALSE,TRUE,FALSE,,FALSE,Tidal_mudflat,Tidal_saline_matrix,25,FALSE,ASSIGNED,Within 30 ft of tidal wetland or eel grass
93467,Mudflat/Dry Pond Bottom Mapping Unit,Mudflat,0.015378091601933982,FALSE,TRUE,FALSE,,FALSE,Tidal_mudflat,Tidal_saline_matrix,25,FALSE,ASSIGNED,Within 30 ft of tidal wetland or eel grass
93468,Mudflat/Dry Pond Bottom Mapping Unit,Mudflat,0.017461574984882905,FALSE,TRUE,FALSE,,FALSE,Tidal_mudflat,Tidal_saline_matrix,25,FALSE,ASSIGNED,Within 30 ft of tidal wetland or eel grass
93469,Mudflat/Dry Pond Bottom Mapping Unit,Mudflat,0.0147616078212818,FALSE,TRUE,FALSE,,FALSE,Tidal_mudflat,Tidal_saline_matrix,25,FALSE,ASSIGNED,Within 30 ft of tidal wetland or eel grass
93470,Mudflat/Dry Pond Bottom Mapping Unit,Mudflat,0.027862914688590427,FALSE,TRUE,FALSE,,FALSE,Tidal_mudflat,Tidal_saline_matrix,25,FALSE,ASSIGNED,Within 30 ft of tidal wetland or eel grass
93471,Mudflat/Dry Pond Bottom Mapping Unit,Mudflat,0.01691951966096521,FALSE,TRUE,FALSE,,FALSE,Tidal_mudflat,Tidal_saline_matrix,25,FALSE,ASSIGNED,Within 30 ft of tidal wetland or eel grass
93472,Mudflat/Dry Pond Bottom Mapping Unit,Mudflat,0.21864054740307654,FALSE,TRUE,FALSE,,FALSE,Tidal_mudflat,Tidal_saline_matrix,25,FALSE,ASSIGNED,Within 30 ft of tidal wetland or eel grass
93473,Mudflat/Dry Pond Bottom Mapping Unit,Mudflat,0.8306413248037691,FALSE,TRUE,FALSE,,FALSE,Tidal_mudflat,Tidal_saline_matrix,25,FALSE,ASSIGNED,Within 30 ft of tidal wetland or eel grass
93474,Mudflat/Dry Pond Bottom Mapping Unit,Mudflat,0.017562252150178953,FALSE,TRUE,FALSE,,FALSE,Tidal_mudflat,Tidal_saline_matrix,25,FALSE,ASSIGNED,Within 30 ft of tidal wetland or eel grass
93475,Mudflat/Dry Pond Bottom Mapping Unit,Mudflat,0.09523381841012225,FALSE,TRUE,FALSE,,FALSE,Tidal_mudflat,Tidal_saline_matrix,25,FALSE,ASSIGNED,Within 30 ft of tidal wetland or eel grass
93476,Mudflat/Dry Pond Bottom Mapping Unit,Mudflat,0.42077087289836124,FALSE,TRUE,FALSE,,FALSE,Tidal_mudflat,Tidal_saline_matrix,25,FALSE,ASSIGNED,Within 30 ft of tidal wetland or eel grass
93477,Mudflat/Dry Pond Bottom Mapping Unit,Mudflat,0.015977709220264077,FALSE,TRUE,FALSE,,FALSE,Tidal_mudflat,Tidal_saline_matrix,25,FALSE,ASSIGNED,Within 30 ft of tidal wetland or eel grass
93478,Mudflat/Dry Pond Bottom Mapping Unit,Mudflat,0.02155633489244807,FALSE,TRUE,FALSE,,FALSE,Tidal_mudflat,Tidal_saline_matrix,25,FALSE,ASSIGNED,Within 30 ft of tidal wetland or eel grass
93479,Mudflat/Dry Pond Bottom Mapping Unit,Mudflat,0.014059946787927463,FALSE,TRUE,FALSE,,FALSE,Tidal_mudflat,Tidal_saline_matrix,25,FALSE,ASSIGNED,Within 30 ft of tidal wetland or eel grass
93480,Mudflat/Dry Pond Bottom Mapping Unit,Mudflat,0.01767505797636009,FALSE,TRUE,FALSE,,FALSE,Tidal_mudflat,Tidal_saline_matrix,25,FALSE,ASSIGNED,Within 30 ft of tidal wetland or eel grass
93481,Mudflat/Dry Pond Bottom Mapping Unit,Mudflat,0.12209577473835322,FALSE,TRUE,FALSE,,FALSE,Tidal_mudflat,Tidal_saline_matrix,25,FALSE,ASSIGNED,Within 30 ft of tidal wetland or eel grass
93482,Mudflat/Dry Pond Bottom Mapping Unit,Mudflat,0.12107392597566399,FALSE,TRUE,FALSE,,FALSE,Tidal_mudflat,Tidal_saline_matrix,25,FALSE,ASSIGNED,Within 30 ft of tidal wetland or eel grass
93483,Mudflat/Dry Pond Bottom Mapping Unit,Mudflat,0.036010806451238324,FALSE,TRUE,FALSE,,FALSE,Tidal_mudflat,Tidal_saline_matrix,25,FALSE,ASSIGNED,Within 30 ft of tidal wetland or eel grass
93484,Mudflat/Dry Pond Bottom Mapping Unit,Mudflat,0.03372363797081319,FALSE,TRUE,FALSE,,FALSE,Tidal_mudflat,Tidal_saline_matrix,25,FALSE,ASSIGNED,Within 30 ft of tidal wetland or eel grass
93485,Mudflat/Dry Pond Bottom Mapping Unit,Mudflat,0.035069983452288706,FALSE,TRUE,FALSE,,FALSE,Tidal_mudflat,Tidal_saline_matrix,25,FALSE,ASSIGNED,Within 30 ft of tidal wetland or eel grass
93486,Mudflat/Dry Pond Bottom Mapping Unit,Mudflat,0.08018810611513379,FALSE,TRUE,FALSE,,FALSE,Tidal_mudflat,Tidal_saline_matrix,25,FALSE,ASSIGNED,Within 30 ft of tidal wetland or eel grass
93487,Mudflat/Dry Pond Bottom Mapping Unit,Mudflat,0.10499060332191192,FALSE,TRUE,FALSE,,FALSE,Tidal_mudflat,Tidal_saline_matrix,25,FALSE,ASSIGNED,Within 30 ft of tidal wetland or eel grass
93488,Mudflat/Dry Pond Bottom Mapping Unit,Mudflat,0.08551484771689713,FALSE,TRUE,FALSE,,FALSE,Tidal_mudflat,Tidal_saline_matrix,25,FALSE,ASSIGNED,Within 30 ft of tidal wetland or eel grass
93489,Mudflat/Dry Pond Bottom Mapping Unit,Mudflat,5.702679745426585,FALSE,TRUE,FALSE,,FALSE,Tidal_mudflat,Tidal_saline_matrix,25,FALSE,ASSIGNED,Within 30 ft of tidal wetland or eel grass
93490,Mudflat/Dry Pond Bottom Mapping Unit,Mudflat,0.026881941474041392,FALSE,FALSE,FALSE,,FALSE,UNRESOLVED_MUDFLAT_REVIEW,UNRESOLVED_REVIEW,,FALSE,REVIEW_REQUIRED,"No freshwater, tidal, or modeled-site spatial evidence"
93491,Mudflat/Dry Pond Bottom Mapping Unit,Mudflat,70.26772747969729,FALSE,TRUE,FALSE,,FALSE,Tidal_mudflat,Tidal_saline_matrix,25,FALSE,ASSIGNED,Within 30 ft of tidal wetland or eel grass
93492,Mudflat/Dry Pond Bottom Mapping Unit,Mudflat,0.02145847536966657,FALSE,TRUE,FALSE,,FALSE,Tidal_mudflat,Tidal_saline_matrix,25,FALSE,ASSIGNED,Within 30 ft of tidal wetland or eel grass
93493,Mudflat/Dry Pond Bottom Mapping Unit,Mudflat,0.05924597622123968,FALSE,TRUE,FALSE,,FALSE,Tidal_mudflat,Tidal_saline_matrix,25,FALSE,ASSIGNED,Within 30 ft of tidal wetland or eel grass
93494,Mudflat/Dry Pond Bottom Mapping Unit,Mudflat,0.02998180836400414,FALSE,TRUE,FALSE,,FALSE,Tidal_mudflat,Tidal_saline_matrix,25,FALSE,ASSIGNED,Within 30 ft of tidal wetland or eel grass
93495,Mudflat/Dry Pond Bottom Mapping Unit,Mudflat,0.018274054487675957,FALSE,TRUE,FALSE,,FALSE,Tidal_mudflat,Tidal_saline_matrix,25,FALSE,ASSIGNED,Within 30 ft of tidal wetland or eel grass
93496,Mudflat/Dry Pond Bottom Mapping Unit,Mudflat,0.5819207208770295,FALSE,TRUE,FALSE,,FALSE,Tidal_mudflat,Tidal_saline_matrix,25,FALSE,ASSIGNED,Within 30 ft of tidal wetland or eel grass
93497,Mudflat/Dry Pond Bottom Mapping Unit,Mudflat,0.046698284453112096,FALSE,TRUE,FALSE,,FALSE,Tidal_mudflat,Tidal_saline_matrix,25,FALSE,ASSIGNED,Within 30 ft of tidal wetland or eel grass
93498,Mudflat/Dry Pond Bottom Mapping Unit,Mudflat,0.3661391003056894,FALSE,TRUE,FALSE,,FALSE,Tidal_mudflat,Tidal_saline_matrix,25,FALSE,ASSIGNED,Within 30 ft of tidal wetland or eel grass
93499,Mudflat/Dry Pond Bottom Mapping Unit,Mudflat,0.16299250157737777,FALSE,TRUE,FALSE,,FALSE,Tidal_mudflat,Tidal_saline_matrix,25,FALSE,ASSIGNED,Within 30 ft of tidal wetland or eel grass
93500,Mudflat/Dry Pond Bottom Mapping Unit,Mudflat,0.030662769901198098,FALSE,TRUE,FALSE,,FALSE,Tidal_mudflat,Tidal_saline_matrix,25,FALSE,ASSIGNED,Within 30 ft of tidal wetland or eel grass
93501,Mudflat/Dry Pond Bottom Mapping Unit,Mudflat,0.09101222162597561,FALSE,TRUE,FALSE,,FALSE,Tidal_mudflat,Tidal_saline_matrix,25,FALSE,ASSIGNED,Within 30 ft of tidal wetland or eel grass
93502,Mudflat/Dry Pond Bottom Mapping Unit,Mudflat,0.01728904809529334,FALSE,TRUE,FALSE,,FALSE,Tidal_mudflat,Tidal_saline_matrix,25,FALSE,ASSIGNED,Within 30 ft of tidal wetland or eel grass
93503,Mudflat/Dry Pond Bottom Mapping Unit,Mudflat,0.052698949259768126,FALSE,TRUE,FALSE,,FALSE,Tidal_mudflat,Tidal_saline_matrix,25,FALSE,ASSIGNED,Within 30 ft of tidal wetland or eel grass
93504,Mudflat/Dry Pond Bottom Mapping Unit,Mudflat,0.05223937137067125,FALSE,TRUE,FALSE,,FALSE,Tidal_mudflat,Tidal_saline_matrix,25,FALSE,ASSIGNED,Within 30 ft of tidal wetland or eel grass
93505,Mudflat/Dry Pond Bottom Mapping Unit,Mudflat,0.05550875703679297,FALSE,TRUE,FALSE,,FALSE,Tidal_mudflat,Tidal_saline_matrix,25,FALSE,ASSIGNED,Within 30 ft of tidal wetland or eel grass
93506,Mudflat/Dry Pond Bottom Mapping Unit,Mudflat,0.05956781603742484,FALSE,TRUE,FALSE,,FALSE,Tidal_mudflat,Tidal_saline_matrix,25,FALSE,ASSIGNED,Within 30 ft of tidal wetland or eel grass
93507,Mudflat/Dry Pond Bottom Mapping Unit,Mudflat,0.34686638206520326,FALSE,TRUE,FALSE,,FALSE,Tidal_mudflat,Tidal_saline_matrix,25,FALSE,ASSIGNED,Within 30 ft of tidal wetland or eel grass
93508,Mudflat/Dry Pond Bottom Mapping Unit,Mudflat,0.8229117579733741,FALSE,TRUE,FALSE,,FALSE,Tidal_mudflat,Tidal_saline_matrix,25,FALSE,ASSIGNED,Within 30 ft of tidal wetland or eel grass
93509,Mudflat/Dry Pond Bottom Mapping Unit,Mudflat,0.04538176839702829,FALSE,TRUE,FALSE,,FALSE,Tidal_mudflat,Tidal_saline_matrix,25,FALSE,ASSIGNED,Within 30 ft of tidal wetland or eel grass
93510,Mudflat/Dry Pond Bottom Mapping Unit,Mudflat,0.15541395447590733,FALSE,TRUE,FALSE,,FALSE,Tidal_mudflat,Tidal_saline_matrix,25,FALSE,ASSIGNED,Within 30 ft of tidal wetland or eel grass
93511,Mudflat/Dry Pond Bottom Mapping Unit,Mudflat,0.0756158631343593,FALSE,TRUE,FALSE,,FALSE,Tidal_mudflat,Tidal_saline_matrix,25,FALSE,ASSIGNED,Within 30 ft of tidal wetland or eel grass
93512,Mudflat/Dry Pond Bottom Mapping Unit,Mudflat,0.015861396536558946,FALSE,TRUE,FALSE,,FALSE,Tidal_mudflat,Tidal_saline_matrix,25,FALSE,ASSIGNED,Within 30 ft of tidal wetland or eel grass
93513,Mudflat/Dry Pond Bottom Mapping Unit,Mudflat,0.015059627547468837,FALSE,TRUE,FALSE,,FALSE,Tidal_mudflat,Tidal_saline_matrix,25,FALSE,ASSIGNED,Within 30 ft of tidal wetland or eel grass
93514,Mudflat/Dry Pond Bottom Mapping Unit,Mudflat,0.0165738465977295,FALSE,TRUE,FALSE,,FALSE,Tidal_mudflat,Tidal_saline_matrix,25,FALSE,ASSIGNED,Within 30 ft of tidal wetland or eel grass
93515,Mudflat/Dry Pond Bottom Mapping Unit,Mudflat,0.060768564709309365,FALSE,TRUE,FALSE,,FALSE,Tidal_mudflat,Tidal_saline_matrix,25,FALSE,ASSIGNED,Within 30 ft of tidal wetland or eel grass
93516,Mudflat/Dry Pond Bottom Mapping Unit,Mudflat,0.07535927396354838,FALSE,TRUE,FALSE,,FALSE,Tidal_mudflat,Tidal_saline_matrix,25,FALSE,ASSIGNED,Within 30 ft of tidal wetland or eel grass
93517,Mudflat/Dry Pond Bottom Mapping Unit,Mudflat,0.01020667009814915,FALSE,TRUE,FALSE,,FALSE,Tidal_mudflat,Tidal_saline_matrix,25,FALSE,ASSIGNED,Within 30 ft of tidal wetland or eel grass
93518,Mudflat/Dry Pond Bottom Mapping Unit,Mudflat,0.01948156193796555,FALSE,TRUE,FALSE,,FALSE,Tidal_mudflat,Tidal_saline_matrix,25,FALSE,ASSIGNED,Within 30 ft of tidal wetland or eel grass
93519,Mudflat/Dry Pond Bottom Mapping Unit,Mudflat,0.08992274113627151,FALSE,TRUE,FALSE,,FALSE,Tidal_mudflat,Tidal_saline_matrix,25,FALSE,ASSIGNED,Within 30 ft of tidal wetland or eel grass
93520,Mudflat/Dry Pond Bottom Mapping Unit,Mudflat,0.016460087167993652,FALSE,TRUE,FALSE,,FALSE,Tidal_mudflat,Tidal_saline_matrix,25,FALSE,ASSIGNED,Within 30 ft of tidal wetland or eel grass
93521,Mudflat/Dry Pond Bottom Mapping Unit,Mudflat,5.584611594012656,FALSE,FALSE,FALSE,,FALSE,UNRESOLVED_MUDFLAT_REVIEW,UNRESOLVED_REVIEW,,FALSE,REVIEW_REQUIRED,"No freshwater, tidal, or modeled-site spatial evidence"
93522,Mudflat/Dry Pond Bottom Mapping Unit,Mudflat,0.10527623685214045,FALSE,TRUE,FALSE,,FALSE,Tidal_mudflat,Tidal_saline_matrix,25,FALSE,ASSIGNED,Within 30 ft of tidal wetland or eel grass
93523,Mudflat/Dry Pond Bottom Mapping Unit,Mudflat,0.22702578215505187,FALSE,TRUE,FALSE,,FALSE,Tidal_mudflat,Tidal_saline_matrix,25,FALSE,ASSIGNED,Within 30 ft of tidal wetland or eel grass
93524,Mudflat/Dry Pond Bottom Mapping Unit,Mudflat,0.04195673163970928,FALSE,TRUE,FALSE,,FALSE,Tidal_mudflat,Tidal_saline_matrix,25,FALSE,ASSIGNED,Within 30 ft of tidal wetland or eel grass
93525,Mudflat/Dry Pond Bottom Mapping Unit,Mudflat,0.02560086321815942,FALSE,TRUE,FALSE,,FALSE,Tidal_mudflat,Tidal_saline_matrix,25,FALSE,ASSIGNED,Within 30 ft of tidal wetland or eel grass
93526,Mudflat/Dry Pond Bottom Mapping Unit,Mudflat,0.03222689111803688,FALSE,TRUE,FALSE,,FALSE,Tidal_mudflat,Tidal_saline_matrix,25,FALSE,ASSIGNED,Within 30 ft of tidal wetland or eel grass
93527,Mudflat/Dry Pond Bottom Mapping Unit,Mudflat,0.12679302913800997,FALSE,TRUE,FALSE,,FALSE,Tidal_mudflat,Tidal_saline_matrix,25,FALSE,ASSIGNED,Within 30 ft of tidal wetland or eel grass
93528,Mudflat/Dry Pond Bottom Mapping Unit,Mudflat,0.11350918174033961,FALSE,TRUE,FALSE,,FALSE,Tidal_mudflat,Tidal_saline_matrix,25,FALSE,ASSIGNED,Within 30 ft of tidal wetland or eel grass
93529,Mudflat/Dry Pond Bottom Mapping Unit,Mudflat,0.07716913401131932,FALSE,TRUE,FALSE,,FALSE,Tidal_mudflat,Tidal_saline_matrix,25,FALSE,ASSIGNED,Within 30 ft of tidal wetland or eel grass
93530,Mudflat/Dry Pond Bottom Mapping Unit,Mudflat,1.0157634644395137,FALSE,FALSE,FALSE,,FALSE,UNRESOLVED_MUDFLAT_REVIEW,UNRESOLVED_REVIEW,,FALSE,REVIEW_REQUIRED,"No freshwater, tidal, or modeled-site spatial evidence"
93531,Mudflat/Dry Pond Bottom Mapping Unit,Mudflat,0.08475671010654676,FALSE,FALSE,FALSE,,FALSE,UNRESOLVED_MUDFLAT_REVIEW,UNRESOLVED_REVIEW,,FALSE,REVIEW_REQUIRED,"No freshwater, tidal, or modeled-site spatial evidence"
93532,Mudflat/Dry Pond Bottom Mapping Unit,Mudflat,0.10878758373065114,FALSE,FALSE,FALSE,,FALSE,UNRESOLVED_MUDFLAT_REVIEW,UNRESOLVED_REVIEW,,FALSE,REVIEW_REQUIRED,"No freshwater, tidal, or modeled-site spatial evidence"
93533,Mudflat/Dry Pond Bottom Mapping Unit,Mudflat,0.2404585384133752,FALSE,TRUE,FALSE,,FALSE,Tidal_mudflat,Tidal_saline_matrix,25,FALSE,ASSIGNED,Within 30 ft of tidal wetland or eel grass
93534,Mudflat/Dry Pond Bottom Mapping Unit,Mudflat,0.01094617255040488,FALSE,TRUE,FALSE,,FALSE,Tidal_mudflat,Tidal_saline_matrix,25,FALSE,ASSIGNED,Within 30 ft of tidal wetland or eel grass
93535,Mudflat/Dry Pond Bottom Mapping Unit,Mudflat,0.013691113500526465,FALSE,TRUE,FALSE,,FALSE,Tidal_mudflat,Tidal_saline_matrix,25,FALSE,ASSIGNED,Within 30 ft of tidal wetland or eel grass
93536,Mudflat/Dry Pond Bottom Mapping Unit,Mudflat,0.010561407277326169,FALSE,TRUE,FALSE,,FALSE,Tidal_mudflat,Tidal_saline_matrix,25,FALSE,ASSIGNED,Within 30 ft of tidal wetland or eel grass
93537,Mudflat/Dry Pond Bottom Mapping Unit,Mudflat,0.023737934035220464,FALSE,TRUE,FALSE,,FALSE,Tidal_mudflat,Tidal_saline_matrix,25,FALSE,ASSIGNED,Within 30 ft of tidal wetland or eel grass
93538,Mudflat/Dry Pond Bottom Mapping Unit,Mudflat,0.055892392683741576,FALSE,TRUE,FALSE,,FALSE,Tidal_mudflat,Tidal_saline_matrix,25,FALSE,ASSIGNED,Within 30 ft of tidal wetland or eel grass
93539,Mudflat/Dry Pond Bottom Mapping Unit,Mudflat,0.02795544330462531,FALSE,TRUE,FALSE,,FALSE,Tidal_mudflat,Tidal_saline_matrix,25,FALSE,ASSIGNED,Within 30 ft of tidal wetland or eel grass
93540,Mudflat/Dry Pond Bottom Mapping Unit,Mudflat,0.02447189476874185,FALSE,TRUE,FALSE,,FALSE,Tidal_mudflat,Tidal_saline_matrix,25,FALSE,ASSIGNED,Within 30 ft of tidal wetland or eel grass
93541,Mudflat/Dry Pond Bottom Mapping Unit,Mudflat,0.053041969946254305,FALSE,TRUE,FALSE,,FALSE,Tidal_mudflat,Tidal_saline_matrix,25,FALSE,ASSIGNED,Within 30 ft of tidal wetland or eel grass
93542,Mudflat/Dry Pond Bottom Mapping Unit,Mudflat,0.0581871768283299,FALSE,TRUE,FALSE,,FALSE,Tidal_mudflat,Tidal_saline_matrix,25,FALSE,ASSIGNED,Within 30 ft of tidal wetland or eel grass
93543,Mudflat/Dry Pond Bottom Mapping Unit,Mudflat,0.12853508793927637,FALSE,FALSE,FALSE,,FALSE,UNRESOLVED_MUDFLAT_REVIEW,UNRESOLVED_REVIEW,,FALSE,REVIEW_REQUIRED,"No freshwater, tidal, or modeled-site spatial evidence"
93544,Mudflat/Dry Pond Bottom Mapping Unit,Mudflat,0.012023075648770639,FALSE,TRUE,FALSE,,FALSE,Tidal_mudflat,Tidal_saline_matrix,25,FALSE,ASSIGNED,Within 30 ft of tidal wetland or eel grass
93545,Mudflat/Dry Pond Bottom Mapping Unit,Mudflat,0.02624092017802947,FALSE,TRUE,FALSE,,FALSE,Tidal_mudflat,Tidal_saline_matrix,25,FALSE,ASSIGNED,Within 30 ft of tidal wetland or eel grass
93546,Mudflat/Dry Pond Bottom Mapping Unit,Mudflat,0.1009209810600487,FALSE,TRUE,FALSE,,FALSE,Tidal_mudflat,Tidal_saline_matrix,25,FALSE,ASSIGNED,Within 30 ft of tidal wetland or eel grass
93547,Mudflat/Dry Pond Bottom Mapping Unit,Mudflat,0.016608844767779588,FALSE,TRUE,FALSE,,FALSE,Tidal_mudflat,Tidal_saline_matrix,25,FALSE,ASSIGNED,Within 30 ft of tidal wetland or eel grass
93548,Mudflat/Dry Pond Bottom Mapping Unit,Mudflat,0.05485951249955771,FALSE,TRUE,FALSE,,FALSE,Tidal_mudflat,Tidal_saline_matrix,25,FALSE,ASSIGNED,Within 30 ft of tidal wetland or eel grass
93549,Mudflat/Dry Pond Bottom Mapping Unit,Mudflat,0.013739314353337796,FALSE,TRUE,FALSE,,FALSE,Tidal_mudflat,Tidal_saline_matrix,25,FALSE,ASSIGNED,Within 30 ft of tidal wetland or eel grass
93550,Mudflat/Dry Pond Bottom Mapping Unit,Mudflat,0.010929853377752057,FALSE,TRUE,FALSE,,FALSE,Tidal_mudflat,Tidal_saline_matrix,25,FALSE,ASSIGNED,Within 30 ft of tidal wetland or eel grass
93551,Mudflat/Dry Pond Bottom Mapping Unit,Mudflat,0.01670588219484852,FALSE,TRUE,FALSE,,FALSE,Tidal_mudflat,Tidal_saline_matrix,25,FALSE,ASSIGNED,Within 30 ft of tidal wetland or eel grass
93552,Mudflat/Dry Pond Bottom Mapping Unit,Mudflat,0.037340124388263674,FALSE,TRUE,FALSE,,FALSE,Tidal_mudflat,Tidal_saline_matrix,25,FALSE,ASSIGNED,Within 30 ft of tidal wetland or eel grass
93553,Mudflat/Dry Pond Bottom Mapping Unit,Mudflat,0.032576816987160404,FALSE,TRUE,FALSE,,FALSE,Tidal_mudflat,Tidal_saline_matrix,25,FALSE,ASSIGNED,Within 30 ft of tidal wetland or eel grass
93554,Mudflat/Dry Pond Bottom Mapping Unit,Mudflat,0.0470324467449602,FALSE,TRUE,FALSE,,FALSE,Tidal_mudflat,Tidal_saline_matrix,25,FALSE,ASSIGNED,Within 30 ft of tidal wetland or eel grass
93555,Mudflat/Dry Pond Bottom Mapping Unit,Mudflat,0.27201712248919513,FALSE,TRUE,FALSE,,FALSE,Tidal_mudflat,Tidal_saline_matrix,25,FALSE,ASSIGNED,Within 30 ft of tidal wetland or eel grass
93556,Mudflat/Dry Pond Bottom Mapping Unit,Mudflat,0.4686960349871729,FALSE,TRUE,FALSE,,FALSE,Tidal_mudflat,Tidal_saline_matrix,25,FALSE,ASSIGNED,Within 30 ft of tidal wetland or eel grass
93557,Mudflat/Dry Pond Bottom Mapping Unit,Mudflat,0.009576649871042182,FALSE,TRUE,FALSE,,FALSE,Tidal_mudflat,Tidal_saline_matrix,25,FALSE,ASSIGNED,Within 30 ft of tidal wetland or eel grass
93558,Mudflat/Dry Pond Bottom Mapping Unit,Mudflat,0.1320532882926051,FALSE,TRUE,FALSE,,FALSE,Tidal_mudflat,Tidal_saline_matrix,25,FALSE,ASSIGNED,Within 30 ft of tidal wetland or eel grass
93559,Mudflat/Dry Pond Bottom Mapping Unit,Mudflat,0.016023811020356403,FALSE,TRUE,FALSE,,FALSE,Tidal_mudflat,Tidal_saline_matrix,25,FALSE,ASSIGNED,Within 30 ft of tidal wetland or eel grass
93560,Mudflat/Dry Pond Bottom Mapping Unit,Mudflat,1.83547729463044,FALSE,TRUE,FALSE,,FALSE,Tidal_mudflat,Tidal_saline_matrix,25,FALSE,ASSIGNED,Within 30 ft of tidal wetland or eel grass
93561,Mudflat/Dry Pond Bottom Mapping Unit,Mudflat,0.45436292941963197,FALSE,TRUE,FALSE,,FALSE,Tidal_mudflat,Tidal_saline_matrix,25,FALSE,ASSIGNED,Within 30 ft of tidal wetland or eel grass
93562,Mudflat/Dry Pond Bottom Mapping Unit,Mudflat,0.08288207689645805,FALSE,TRUE,FALSE,,FALSE,Tidal_mudflat,Tidal_saline_matrix,25,FALSE,ASSIGNED,Within 30 ft of tidal wetland or eel grass
93563,Mudflat/Dry Pond Bottom Mapping Unit,Mudflat,2.290384469104533,FALSE,TRUE,FALSE,,FALSE,Tidal_mudflat,Tidal_saline_matrix,25,FALSE,ASSIGNED,Within 30 ft of tidal wetland or eel grass
93564,Mudflat/Dry Pond Bottom Mapping Unit,Mudflat,0.18568113319652815,FALSE,TRUE,FALSE,,FALSE,Tidal_mudflat,Tidal_saline_matrix,25,FALSE,ASSIGNED,Within 30 ft of tidal wetland or eel grass
93565,Mudflat/Dry Pond Bottom Mapping Unit,Mudflat,0.5275967367832326,FALSE,TRUE,FALSE,,FALSE,Tidal_mudflat,Tidal_saline_matrix,25,FALSE,ASSIGNED,Within 30 ft of tidal wetland or eel grass
93566,Mudflat/Dry Pond Bottom Mapping Unit,Mudflat,0.07711690615353109,FALSE,TRUE,FALSE,,FALSE,Tidal_mudflat,Tidal_saline_matrix,25,FALSE,ASSIGNED,Within 30 ft of tidal wetland or eel grass
93567,Mudflat/Dry Pond Bottom Mapping Unit,Mudflat,0.20082722815017967,FALSE,TRUE,FALSE,,FALSE,Tidal_mudflat,Tidal_saline_matrix,25,FALSE,ASSIGNED,Within 30 ft of tidal wetland or eel grass
93568,Mudflat/Dry Pond Bottom Mapping Unit,Mudflat,0.04152894026594825,FALSE,TRUE,FALSE,,FALSE,Tidal_mudflat,Tidal_saline_matrix,25,FALSE,ASSIGNED,Within 30 ft of tidal wetland or eel grass
93569,Mudflat/Dry Pond Bottom Mapping Unit,Mudflat,0.11126553943323526,FALSE,TRUE,FALSE,,FALSE,Tidal_mudflat,Tidal_saline_matrix,25,FALSE,ASSIGNED,Within 30 ft of tidal wetland or eel grass
93570,Mudflat/Dry Pond Bottom Mapping Unit,Mudflat,0.04095484077180565,FALSE,TRUE,FALSE,,FALSE,Tidal_mudflat,Tidal_saline_matrix,25,FALSE,ASSIGNED,Within 30 ft of tidal wetland or eel grass
93571,Mudflat/Dry Pond Bottom Mapping Unit,Mudflat,0.18577006577311525,FALSE,TRUE,FALSE,,FALSE,Tidal_mudflat,Tidal_saline_matrix,25,FALSE,ASSIGNED,Within 30 ft of tidal wetland or eel grass
93572,Mudflat/Dry Pond Bottom Mapping Unit,Mudflat,0.03560612154285677,FALSE,TRUE,FALSE,,FALSE,Tidal_mudflat,Tidal_saline_matrix,25,FALSE,ASSIGNED,Within 30 ft of tidal wetland or eel grass
93573,Mudflat/Dry Pond Bottom Mapping Unit,Mudflat,0.037488431874880324,FALSE,TRUE,FALSE,,FALSE,Tidal_mudflat,Tidal_saline_matrix,25,FALSE,ASSIGNED,Within 30 ft of tidal wetland or eel grass
93574,Mudflat/Dry Pond Bottom Mapping Unit,Mudflat,0.06068882060921364,FALSE,TRUE,FALSE,,FALSE,Tidal_mudflat,Tidal_saline_matrix,25,FALSE,ASSIGNED,Within 30 ft of tidal wetland or eel grass
93575,Mudflat/Dry Pond Bottom Mapping Unit,Mudflat,0.016048737006499874,FALSE,TRUE,FALSE,,FALSE,Tidal_mudflat,Tidal_saline_matrix,25,FALSE,ASSIGNED,Within 30 ft of tidal wetland or eel grass
93576,Mudflat/Dry Pond Bottom Mapping Unit,Mudflat,0.01757637136387634,FALSE,TRUE,FALSE,,FALSE,Tidal_mudflat,Tidal_saline_matrix,25,FALSE,ASSIGNED,Within 30 ft of tidal wetland or eel grass
93577,Mudflat/Dry Pond Bottom Mapping Unit,Mudflat,1.4281458340763356,FALSE,FALSE,FALSE,,FALSE,UNRESOLVED_MUDFLAT_REVIEW,UNRESOLVED_REVIEW,,FALSE,REVIEW_REQUIRED,"No freshwater, tidal, or modeled-site spatial evidence"
93578,Mudflat/Dry Pond Bottom Mapping Unit,Mudflat,0.12182141828809556,FALSE,TRUE,FALSE,,FALSE,Tidal_mudflat,Tidal_saline_matrix,25,FALSE,ASSIGNED,Within 30 ft of tidal wetland or eel grass
93579,Mudflat/Dry Pond Bottom Mapping Unit,Mudflat,0.022153300743758358,FALSE,TRUE,FALSE,,FALSE,Tidal_mudflat,Tidal_saline_matrix,25,FALSE,ASSIGNED,Within 30 ft of tidal wetland or eel grass
93580,Mudflat/Dry Pond Bottom Mapping Unit,Mudflat,0.25213138870643426,FALSE,TRUE,FALSE,,FALSE,Tidal_mudflat,Tidal_saline_matrix,25,FALSE,ASSIGNED,Within 30 ft of tidal wetland or eel grass
93581,Mudflat/Dry Pond Bottom Mapping Unit,Mudflat,0.1068388640897825,FALSE,TRUE,FALSE,,FALSE,Tidal_mudflat,Tidal_saline_matrix,25,FALSE,ASSIGNED,Within 30 ft of tidal wetland or eel grass
93582,Mudflat/Dry Pond Bottom Mapping Unit,Mudflat,0.02312618317126483,FALSE,TRUE,FALSE,,FALSE,Tidal_mudflat,Tidal_saline_matrix,25,FALSE,ASSIGNED,Within 30 ft of tidal wetland or eel grass
93583,Mudflat/Dry Pond Bottom Mapping Unit,Mudflat,0.014356278078165943,FALSE,TRUE,FALSE,,FALSE,Tidal_mudflat,Tidal_saline_matrix,25,FALSE,ASSIGNED,Within 30 ft of tidal wetland or eel grass
93584,Mudflat/Dry Pond Bottom Mapping Unit,Mudflat,0.2179067975824371,FALSE,TRUE,FALSE,,FALSE,Tidal_mudflat,Tidal_saline_matrix,25,FALSE,ASSIGNED,Within 30 ft of tidal wetland or eel grass
93585,Mudflat/Dry Pond Bottom Mapping Unit,Mudflat,0.02076499305455207,FALSE,TRUE,FALSE,,FALSE,Tidal_mudflat,Tidal_saline_matrix,25,FALSE,ASSIGNED,Within 30 ft of tidal wetland or eel grass
93586,Mudflat/Dry Pond Bottom Mapping Unit,Mudflat,0.12245113890178415,FALSE,TRUE,FALSE,,FALSE,Tidal_mudflat,Tidal_saline_matrix,25,FALSE,ASSIGNED,Within 30 ft of tidal wetland or eel grass
93587,Mudflat/Dry Pond Bottom Mapping Unit,Mudflat,0.6480619746587811,FALSE,TRUE,FALSE,,FALSE,Tidal_mudflat,Tidal_saline_matrix,25,FALSE,ASSIGNED,Within 30 ft of tidal wetland or eel grass
93588,Mudflat/Dry Pond Bottom Mapping Unit,Mudflat,7.123412762884299,FALSE,TRUE,FALSE,,FALSE,Tidal_mudflat,Tidal_saline_matrix,25,FALSE,ASSIGNED,Within 30 ft of tidal wetland or eel grass
93589,Mudflat/Dry Pond Bottom Mapping Unit,Mudflat,0.021740267545481994,FALSE,TRUE,FALSE,,FALSE,Tidal_mudflat,Tidal_saline_matrix,25,FALSE,ASSIGNED,Within 30 ft of tidal wetland or eel grass
93590,Mudflat/Dry Pond Bottom Mapping Unit,Mudflat,0.010703970008928377,FALSE,TRUE,FALSE,,FALSE,Tidal_mudflat,Tidal_saline_matrix,25,FALSE,ASSIGNED,Within 30 ft of tidal wetland or eel grass
93591,Mudflat/Dry Pond Bottom Mapping Unit,Mudflat,0.03817707410523386,FALSE,TRUE,FALSE,,FALSE,Tidal_mudflat,Tidal_saline_matrix,25,FALSE,ASSIGNED,Within 30 ft of tidal wetland or eel grass
93592,Mudflat/Dry Pond Bottom Mapping Unit,Mudflat,0.03854125625330545,FALSE,TRUE,FALSE,,FALSE,Tidal_mudflat,Tidal_saline_matrix,25,FALSE,ASSIGNED,Within 30 ft of tidal wetland or eel grass
93593,Mudflat/Dry Pond Bottom Mapping Unit,Mudflat,0.018709826007913044,FALSE,TRUE,FALSE,,FALSE,Tidal_mudflat,Tidal_saline_matrix,25,FALSE,ASSIGNED,Within 30 ft of tidal wetland or eel grass
93594,Mudflat/Dry Pond Bottom Mapping Unit,Mudflat,0.05032750173108523,FALSE,TRUE,FALSE,,FALSE,Tidal_mudflat,Tidal_saline_matrix,25,FALSE,ASSIGNED,Within 30 ft of tidal wetland or eel grass
93595,Mudflat/Dry Pond Bottom Mapping Unit,Mudflat,216.94589685148742,FALSE,TRUE,FALSE,,FALSE,Tidal_mudflat,Tidal_saline_matrix,25,FALSE,ASSIGNED,Within 30 ft of tidal wetland or eel grass
93596,Mudflat/Dry Pond Bottom Mapping Unit,Mudflat,0.010307102653399753,FALSE,TRUE,FALSE,,FALSE,Tidal_mudflat,Tidal_saline_matrix,25,FALSE,ASSIGNED,Within 30 ft of tidal wetland or eel grass
93597,Mudflat/Dry Pond Bottom Mapping Unit,Mudflat,0.3045533189610226,FALSE,TRUE,FALSE,,FALSE,Tidal_mudflat,Tidal_saline_matrix,25,FALSE,ASSIGNED,Within 30 ft of tidal wetland or eel grass
93598,Mudflat/Dry Pond Bottom Mapping Unit,Mudflat,0.022038547126434802,FALSE,TRUE,FALSE,,FALSE,Tidal_mudflat,Tidal_saline_matrix,25,FALSE,ASSIGNED,Within 30 ft of tidal wetland or eel grass
93599,Mudflat/Dry Pond Bottom Mapping Unit,Mudflat,0.4217840380076407,FALSE,TRUE,FALSE,,FALSE,Tidal_mudflat,Tidal_saline_matrix,25,FALSE,ASSIGNED,Within 30 ft of tidal wetland or eel grass
93600,Mudflat/Dry Pond Bottom Mapping Unit,Mudflat,0.011813009639362264,FALSE,TRUE,FALSE,,FALSE,Tidal_mudflat,Tidal_saline_matrix,25,FALSE,ASSIGNED,Within 30 ft of tidal wetland or eel grass
93601,Mudflat/Dry Pond Bottom Mapping Unit,Mudflat,0.07433130232808878,FALSE,TRUE,FALSE,,FALSE,Tidal_mudflat,Tidal_saline_matrix,25,FALSE,ASSIGNED,Within 30 ft of tidal wetland or eel grass
93602,Mudflat/Dry Pond Bottom Mapping Unit,Mudflat,0.21261479094355784,FALSE,TRUE,FALSE,,FALSE,Tidal_mudflat,Tidal_saline_matrix,25,FALSE,ASSIGNED,Within 30 ft of tidal wetland or eel grass
93603,Mudflat/Dry Pond Bottom Mapping Unit,Mudflat,0.011606234120949185,FALSE,TRUE,FALSE,,FALSE,Tidal_mudflat,Tidal_saline_matrix,25,FALSE,ASSIGNED,Within 30 ft of tidal wetland or eel grass
93604,Mudflat/Dry Pond Bottom Mapping Unit,Mudflat,0.021545075085401946,FALSE,TRUE,FALSE,,FALSE,Tidal_mudflat,Tidal_saline_matrix,25,FALSE,ASSIGNED,Within 30 ft of tidal wetland or eel grass
93605,Mudflat/Dry Pond Bottom Mapping Unit,Mudflat,0.014049568236081014,FALSE,TRUE,FALSE,,FALSE,Tidal_mudflat,Tidal_saline_matrix,25,FALSE,ASSIGNED,Within 30 ft of tidal wetland or eel grass
93606,Mudflat/Dry Pond Bottom Mapping Unit,Mudflat,0.03037290156837043,FALSE,TRUE,FALSE,,FALSE,Tidal_mudflat,Tidal_saline_matrix,25,FALSE,ASSIGNED,Within 30 ft of tidal wetland or eel grass
93607,Mudflat/Dry Pond Bottom Mapping Unit,Mudflat,0.01848023591253784,FALSE,TRUE,FALSE,,FALSE,Tidal_mudflat,Tidal_saline_matrix,25,FALSE,ASSIGNED,Within 30 ft of tidal wetland or eel grass
93608,Mudflat/Dry Pond Bottom Mapping Unit,Mudflat,0.05260835723861747,FALSE,TRUE,FALSE,,FALSE,Tidal_mudflat,Tidal_saline_matrix,25,FALSE,ASSIGNED,Within 30 ft of tidal wetland or eel grass
93609,Mudflat/Dry Pond Bottom Mapping Unit,Mudflat,0.11933865325050128,FALSE,TRUE,FALSE,,FALSE,Tidal_mudflat,Tidal_saline_matrix,25,FALSE,ASSIGNED,Within 30 ft of tidal wetland or eel grass
93610,Mudflat/Dry Pond Bottom Mapping Unit,Mudflat,0.026411030228944143,FALSE,TRUE,FALSE,,FALSE,Tidal_mudflat,Tidal_saline_matrix,25,FALSE,ASSIGNED,Within 30 ft of tidal wetland or eel grass
93611,Mudflat/Dry Pond Bottom Mapping Unit,Mudflat,0.021955142190425343,FALSE,TRUE,FALSE,,FALSE,Tidal_mudflat,Tidal_saline_matrix,25,FALSE,ASSIGNED,Within 30 ft of tidal wetland or eel grass
93612,Mudflat/Dry Pond Bottom Mapping Unit,Mudflat,0.5765128759960366,FALSE,TRUE,FALSE,,FALSE,Tidal_mudflat,Tidal_saline_matrix,25,FALSE,ASSIGNED,Within 30 ft of tidal wetland or eel grass
93613,Mudflat/Dry Pond Bottom Mapping Unit,Mudflat,0.02203832117220035,FALSE,TRUE,FALSE,,FALSE,Tidal_mudflat,Tidal_saline_matrix,25,FALSE,ASSIGNED,Within 30 ft of tidal wetland or eel grass
93614,Mudflat/Dry Pond Bottom Mapping Unit,Mudflat,0.03549703338468367,FALSE,TRUE,FALSE,,FALSE,Tidal_mudflat,Tidal_saline_matrix,25,FALSE,ASSIGNED,Within 30 ft of tidal wetland or eel grass
93615,Mudflat/Dry Pond Bottom Mapping Unit,Mudflat,0.2108817043048807,FALSE,TRUE,FALSE,,FALSE,Tidal_mudflat,Tidal_saline_matrix,25,FALSE,ASSIGNED,Within 30 ft of tidal wetland or eel grass
93616,Mudflat/Dry Pond Bottom Mapping Unit,Mudflat,0.02708893031503752,FALSE,TRUE,FALSE,,FALSE,Tidal_mudflat,Tidal_saline_matrix,25,FALSE,ASSIGNED,Within 30 ft of tidal wetland or eel grass
93617,Mudflat/Dry Pond Bottom Mapping Unit,Mudflat,11.890050260715027,FALSE,TRUE,FALSE,,FALSE,Tidal_mudflat,Tidal_saline_matrix,25,FALSE,ASSIGNED,Within 30 ft of tidal wetland or eel grass
93618,Mudflat/Dry Pond Bottom Mapping Unit,Mudflat,0.3425354546783897,FALSE,TRUE,FALSE,,FALSE,Tidal_mudflat,Tidal_saline_matrix,25,FALSE,ASSIGNED,Within 30 ft of tidal wetland or eel grass
93619,Mudflat/Dry Pond Bottom Mapping Unit,Mudflat,1.0133749286922917,FALSE,TRUE,FALSE,,FALSE,Tidal_mudflat,Tidal_saline_matrix,25,FALSE,ASSIGNED,Within 30 ft of tidal wetland or eel grass
93620,Mudflat/Dry Pond Bottom Mapping Unit,Mudflat,0.24454063427938327,FALSE,TRUE,FALSE,,FALSE,Tidal_mudflat,Tidal_saline_matrix,25,FALSE,ASSIGNED,Within 30 ft of tidal wetland or eel grass
93621,Mudflat/Dry Pond Bottom Mapping Unit,Mudflat,0.051124262487713096,FALSE,TRUE,FALSE,,FALSE,Tidal_mudflat,Tidal_saline_matrix,25,FALSE,ASSIGNED,Within 30 ft of tidal wetland or eel grass
93622,Mudflat/Dry Pond Bottom Mapping Unit,Mudflat,0.1254532006240752,FALSE,TRUE,FALSE,,FALSE,Tidal_mudflat,Tidal_saline_matrix,25,FALSE,ASSIGNED,Within 30 ft of tidal wetland or eel grass
93623,Mudflat/Dry Pond Bottom Mapping Unit,Mudflat,0.013777440406511408,FALSE,TRUE,FALSE,,FALSE,Tidal_mudflat,Tidal_saline_matrix,25,FALSE,ASSIGNED,Within 30 ft of tidal wetland or eel grass
93624,Mudflat/Dry Pond Bottom Mapping Unit,Mudflat,0.3764026938348393,FALSE,TRUE,FALSE,,FALSE,Tidal_mudflat,Tidal_saline_matrix,25,FALSE,ASSIGNED,Within 30 ft of tidal wetland or eel grass
93625,Mudflat/Dry Pond Bottom Mapping Unit,Mudflat,0.08360857348364084,FALSE,TRUE,FALSE,,FALSE,Tidal_mudflat,Tidal_saline_matrix,25,FALSE,ASSIGNED,Within 30 ft of tidal wetland or eel grass
93626,Mudflat/Dry Pond Bottom Mapping Unit,Mudflat,0.015969713980468377,FALSE,TRUE,FALSE,,FALSE,Tidal_mudflat,Tidal_saline_matrix,25,FALSE,ASSIGNED,Within 30 ft of tidal wetland or eel grass
93627,Mudflat/Dry Pond Bottom Mapping Unit,Mudflat,0.2586376370513102,FALSE,TRUE,FALSE,,FALSE,Tidal_mudflat,Tidal_saline_matrix,25,FALSE,ASSIGNED,Within 30 ft of tidal wetland or eel grass
93628,Mudflat/Dry Pond Bottom Mapping Unit,Mudflat,0.04289727704749907,FALSE,TRUE,FALSE,,FALSE,Tidal_mudflat,Tidal_saline_matrix,25,FALSE,ASSIGNED,Within 30 ft of tidal wetland or eel grass
93629,Mudflat/Dry Pond Bottom Mapping Unit,Mudflat,5.8705351676140936,FALSE,TRUE,FALSE,,FALSE,Tidal_mudflat,Tidal_saline_matrix,25,FALSE,ASSIGNED,Within 30 ft of tidal wetland or eel grass
93630,Mudflat/Dry Pond Bottom Mapping Unit,Mudflat,0.04789940246597937,FALSE,TRUE,FALSE,,FALSE,Tidal_mudflat,Tidal_saline_matrix,25,FALSE,ASSIGNED,Within 30 ft of tidal wetland or eel grass
93631,Mudflat/Dry Pond Bottom Mapping Unit,Mudflat,0.015905557992586146,FALSE,TRUE,FALSE,,FALSE,Tidal_mudflat,Tidal_saline_matrix,25,FALSE,ASSIGNED,Within 30 ft of tidal wetland or eel grass
93632,Mudflat/Dry Pond Bottom Mapping Unit,Mudflat,0.06982109098352525,FALSE,TRUE,FALSE,,FALSE,Tidal_mudflat,Tidal_saline_matrix,25,FALSE,ASSIGNED,Within 30 ft of tidal wetland or eel grass
93633,Mudflat/Dry Pond Bottom Mapping Unit,Mudflat,0.023712801201246983,FALSE,TRUE,FALSE,,FALSE,Tidal_mudflat,Tidal_saline_matrix,25,FALSE,ASSIGNED,Within 30 ft of tidal wetland or eel grass
93634,Mudflat/Dry Pond Bottom Mapping Unit,Mudflat,1.0724713447927925,FALSE,TRUE,FALSE,,FALSE,Tidal_mudflat,Tidal_saline_matrix,25,FALSE,ASSIGNED,Within 30 ft of tidal wetland or eel grass
93635,Mudflat/Dry Pond Bottom Mapping Unit,Mudflat,1.234267977284855,FALSE,TRUE,FALSE,,FALSE,Tidal_mudflat,Tidal_saline_matrix,25,FALSE,ASSIGNED,Within 30 ft of tidal wetland or eel grass
93636,Mudflat/Dry Pond Bottom Mapping Unit,Mudflat,0.022153360994991517,FALSE,TRUE,FALSE,,FALSE,Tidal_mudflat,Tidal_saline_matrix,25,FALSE,ASSIGNED,Within 30 ft of tidal wetland or eel grass
93637,Mudflat/Dry Pond Bottom Mapping Unit,Mudflat,0.02090495163972253,FALSE,TRUE,FALSE,,FALSE,Tidal_mudflat,Tidal_saline_matrix,25,FALSE,ASSIGNED,Within 30 ft of tidal wetland or eel grass
93638,Mudflat/Dry Pond Bottom Mapping Unit,Mudflat,0.07883158058887067,FALSE,TRUE,FALSE,,FALSE,Tidal_mudflat,Tidal_saline_matrix,25,FALSE,ASSIGNED,Within 30 ft of tidal wetland or eel grass
93639,Mudflat/Dry Pond Bottom Mapping Unit,Mudflat,0.020157486056407586,FALSE,TRUE,FALSE,,FALSE,Tidal_mudflat,Tidal_saline_matrix,25,FALSE,ASSIGNED,Within 30 ft of tidal wetland or eel grass
93640,Mudflat/Dry Pond Bottom Mapping Unit,Mudflat,2.294727522555954,FALSE,TRUE,FALSE,,FALSE,Tidal_mudflat,Tidal_saline_matrix,25,FALSE,ASSIGNED,Within 30 ft of tidal wetland or eel grass
93641,Mudflat/Dry Pond Bottom Mapping Unit,Mudflat,0.01517490652039678,FALSE,TRUE,FALSE,,FALSE,Tidal_mudflat,Tidal_saline_matrix,25,FALSE,ASSIGNED,Within 30 ft of tidal wetland or eel grass
93642,Mudflat/Dry Pond Bottom Mapping Unit,Mudflat,0.01244291330567641,FALSE,TRUE,FALSE,,FALSE,Tidal_mudflat,Tidal_saline_matrix,25,FALSE,ASSIGNED,Within 30 ft of tidal wetland or eel grass
93643,Mudflat/Dry Pond Bottom Mapping Unit,Mudflat,0.027080553537401943,FALSE,TRUE,FALSE,,FALSE,Tidal_mudflat,Tidal_saline_matrix,25,FALSE,ASSIGNED,Within 30 ft of tidal wetland or eel grass
93644,Mudflat/Dry Pond Bottom Mapping Unit,Mudflat,0.5533298131791203,FALSE,TRUE,FALSE,,FALSE,Tidal_mudflat,Tidal_saline_matrix,25,FALSE,ASSIGNED,Within 30 ft of tidal wetland or eel grass
93645,Mudflat/Dry Pond Bottom Mapping Unit,Mudflat,0.050771905639488045,FALSE,TRUE,FALSE,,FALSE,Tidal_mudflat,Tidal_saline_matrix,25,FALSE,ASSIGNED,Within 30 ft of tidal wetland or eel grass
93646,Mudflat/Dry Pond Bottom Mapping Unit,Mudflat,0.11899606583594206,FALSE,TRUE,FALSE,,FALSE,Tidal_mudflat,Tidal_saline_matrix,25,FALSE,ASSIGNED,Within 30 ft of tidal wetland or eel grass
93647,Mudflat/Dry Pond Bottom Mapping Unit,Mudflat,0.11331835270521479,FALSE,TRUE,FALSE,,FALSE,Tidal_mudflat,Tidal_saline_matrix,25,FALSE,ASSIGNED,Within 30 ft of tidal wetland or eel grass
93648,Mudflat/Dry Pond Bottom Mapping Unit,Mudflat,0.03619865140601587,FALSE,TRUE,FALSE,,FALSE,Tidal_mudflat,Tidal_saline_matrix,25,FALSE,ASSIGNED,Within 30 ft of tidal wetland or eel grass
93649,Mudflat/Dry Pond Bottom Mapping Unit,Mudflat,0.010945853708907072,FALSE,TRUE,FALSE,,FALSE,Tidal_mudflat,Tidal_saline_matrix,25,FALSE,ASSIGNED,Within 30 ft of tidal wetland or eel grass
93650,Mudflat/Dry Pond Bottom Mapping Unit,Mudflat,0.029160392455146816,FALSE,TRUE,FALSE,,FALSE,Tidal_mudflat,Tidal_saline_matrix,25,FALSE,ASSIGNED,Within 30 ft of tidal wetland or eel grass
93651,Mudflat/Dry Pond Bottom Mapping Unit,Mudflat,0.010875127310621208,FALSE,TRUE,FALSE,,FALSE,Tidal_mudflat,Tidal_saline_matrix,25,FALSE,ASSIGNED,Within 30 ft of tidal wetland or eel grass
93652,Mudflat/Dry Pond Bottom Mapping Unit,Mudflat,0.40041682135595164,FALSE,TRUE,FALSE,,FALSE,Tidal_mudflat,Tidal_saline_matrix,25,FALSE,ASSIGNED,Within 30 ft of tidal wetland or eel grass
93653,Mudflat/Dry Pond Bottom Mapping Unit,Mudflat,0.20281418285482872,FALSE,TRUE,FALSE,,FALSE,Tidal_mudflat,Tidal_saline_matrix,25,FALSE,ASSIGNED,Within 30 ft of tidal wetland or eel grass
93654,Mudflat/Dry Pond Bottom Mapping Unit,Mudflat,0.01323045726657686,FALSE,TRUE,FALSE,,FALSE,Tidal_mudflat,Tidal_saline_matrix,25,FALSE,ASSIGNED,Within 30 ft of tidal wetland or eel grass
93655,Mudflat/Dry Pond Bottom Mapping Unit,Mudflat,0.5895615402966647,FALSE,TRUE,FALSE,,FALSE,Tidal_mudflat,Tidal_saline_matrix,25,FALSE,ASSIGNED,Within 30 ft of tidal wetland or eel grass
93656,Mudflat/Dry Pond Bottom Mapping Unit,Mudflat,1.0424968349588366,FALSE,TRUE,FALSE,,FALSE,Tidal_mudflat,Tidal_saline_matrix,25,FALSE,ASSIGNED,Within 30 ft of tidal wetland or eel grass
93657,Mudflat/Dry Pond Bottom Mapping Unit,Mudflat,0.09840319247128107,FALSE,TRUE,FALSE,,FALSE,Tidal_mudflat,Tidal_saline_matrix,25,FALSE,ASSIGNED,Within 30 ft of tidal wetland or eel grass
93658,Mudflat/Dry Pond Bottom Mapping Unit,Mudflat,0.18930572775067492,FALSE,TRUE,FALSE,,FALSE,Tidal_mudflat,Tidal_saline_matrix,25,FALSE,ASSIGNED,Within 30 ft of tidal wetland or eel grass
93659,Mudflat/Dry Pond Bottom Mapping Unit,Mudflat,0.3202412452085113,FALSE,TRUE,FALSE,,FALSE,Tidal_mudflat,Tidal_saline_matrix,25,FALSE,ASSIGNED,Within 30 ft of tidal wetland or eel grass
93660,Mudflat/Dry Pond Bottom Mapping Unit,Mudflat,0.07790978266694432,FALSE,TRUE,FALSE,,FALSE,Tidal_mudflat,Tidal_saline_matrix,25,FALSE,ASSIGNED,Within 30 ft of tidal wetland or eel grass
93661,Mudflat/Dry Pond Bottom Mapping Unit,Mudflat,0.014160260926479004,FALSE,TRUE,FALSE,,FALSE,Tidal_mudflat,Tidal_saline_matrix,25,FALSE,ASSIGNED,Within 30 ft of tidal wetland or eel grass
93662,Mudflat/Dry Pond Bottom Mapping Unit,Mudflat,0.03427837745987388,FALSE,TRUE,FALSE,,FALSE,Tidal_mudflat,Tidal_saline_matrix,25,FALSE,ASSIGNED,Within 30 ft of tidal wetland or eel grass
93663,Mudflat/Dry Pond Bottom Mapping Unit,Mudflat,0.09560322358793924,FALSE,TRUE,FALSE,,FALSE,Tidal_mudflat,Tidal_saline_matrix,25,FALSE,ASSIGNED,Within 30 ft of tidal wetland or eel grass
93664,Mudflat/Dry Pond Bottom Mapping Unit,Mudflat,0.25133418059717866,FALSE,TRUE,FALSE,,FALSE,Tidal_mudflat,Tidal_saline_matrix,25,FALSE,ASSIGNED,Within 30 ft of tidal wetland or eel grass
93665,Mudflat/Dry Pond Bottom Mapping Unit,Mudflat,0.013618628167537648,FALSE,TRUE,FALSE,,FALSE,Tidal_mudflat,Tidal_saline_matrix,25,FALSE,ASSIGNED,Within 30 ft of tidal wetland or eel grass
93666,Mudflat/Dry Pond Bottom Mapping Unit,Mudflat,0.010563407488337189,FALSE,TRUE,FALSE,,FALSE,Tidal_mudflat,Tidal_saline_matrix,25,FALSE,ASSIGNED,Within 30 ft of tidal wetland or eel grass
93667,Mudflat/Dry Pond Bottom Mapping Unit,Mudflat,0.7562557318107638,FALSE,TRUE,FALSE,,FALSE,Tidal_mudflat,Tidal_saline_matrix,25,FALSE,ASSIGNED,Within 30 ft of tidal wetland or eel grass
93668,Mudflat/Dry Pond Bottom Mapping Unit,Mudflat,0.038619865921210854,FALSE,TRUE,FALSE,,FALSE,Tidal_mudflat,Tidal_saline_matrix,25,FALSE,ASSIGNED,Within 30 ft of tidal wetland or eel grass
93669,Mudflat/Dry Pond Bottom Mapping Unit,Mudflat,0.015102469195475636,FALSE,TRUE,FALSE,,FALSE,Tidal_mudflat,Tidal_saline_matrix,25,FALSE,ASSIGNED,Within 30 ft of tidal wetland or eel grass
93670,Mudflat/Dry Pond Bottom Mapping Unit,Mudflat,0.016125682329142407,FALSE,TRUE,FALSE,,FALSE,Tidal_mudflat,Tidal_saline_matrix,25,FALSE,ASSIGNED,Within 30 ft of tidal wetland or eel grass
93671,Mudflat/Dry Pond Bottom Mapping Unit,Mudflat,0.045104758236272316,FALSE,TRUE,FALSE,,FALSE,Tidal_mudflat,Tidal_saline_matrix,25,FALSE,ASSIGNED,Within 30 ft of tidal wetland or eel grass
93672,Mudflat/Dry Pond Bottom Mapping Unit,Mudflat,0.030764107523921003,FALSE,TRUE,FALSE,,FALSE,Tidal_mudflat,Tidal_saline_matrix,25,FALSE,ASSIGNED,Within 30 ft of tidal wetland or eel grass
93673,Mudflat/Dry Pond Bottom Mapping Unit,Mudflat,0.021602331228833194,FALSE,TRUE,FALSE,,FALSE,Tidal_mudflat,Tidal_saline_matrix,25,FALSE,ASSIGNED,Within 30 ft of tidal wetland or eel grass
93674,Mudflat/Dry Pond Bottom Mapping Unit,Mudflat,0.042703027624689534,FALSE,TRUE,FALSE,,FALSE,Tidal_mudflat,Tidal_saline_matrix,25,FALSE,ASSIGNED,Within 30 ft of tidal wetland or eel grass
93675,Mudflat/Dry Pond Bottom Mapping Unit,Mudflat,0.891216062861687,FALSE,TRUE,FALSE,,FALSE,Tidal_mudflat,Tidal_saline_matrix,25,FALSE,ASSIGNED,Within 30 ft of tidal wetland or eel grass
93676,Mudflat/Dry Pond Bottom Mapping Unit,Mudflat,0.021992388569182102,FALSE,TRUE,FALSE,,FALSE,Tidal_mudflat,Tidal_saline_matrix,25,FALSE,ASSIGNED,Within 30 ft of tidal wetland or eel grass
93677,Mudflat/Dry Pond Bottom Mapping Unit,Mudflat,3.807169436229042,FALSE,TRUE,FALSE,,FALSE,Tidal_mudflat,Tidal_saline_matrix,25,FALSE,ASSIGNED,Within 30 ft of tidal wetland or eel grass
93678,Mudflat/Dry Pond Bottom Mapping Unit,Mudflat,0.7090800324147538,FALSE,TRUE,FALSE,,FALSE,Tidal_mudflat,Tidal_saline_matrix,25,FALSE,ASSIGNED,Within 30 ft of tidal wetland or eel grass
93679,Mudflat/Dry Pond Bottom Mapping Unit,Mudflat,0.13512421621984902,FALSE,TRUE,FALSE,,FALSE,Tidal_mudflat,Tidal_saline_matrix,25,FALSE,ASSIGNED,Within 30 ft of tidal wetland or eel grass
93680,Mudflat/Dry Pond Bottom Mapping Unit,Mudflat,0.6997370949026549,FALSE,TRUE,FALSE,,FALSE,Tidal_mudflat,Tidal_saline_matrix,25,FALSE,ASSIGNED,Within 30 ft of tidal wetland or eel grass
93681,Mudflat/Dry Pond Bottom Mapping Unit,Mudflat,0.030280788708506486,FALSE,TRUE,FALSE,,FALSE,Tidal_mudflat,Tidal_saline_matrix,25,FALSE,ASSIGNED,Within 30 ft of tidal wetland or eel grass
93682,Mudflat/Dry Pond Bottom Mapping Unit,Mudflat,0.1482059117643909,FALSE,TRUE,FALSE,,FALSE,Tidal_mudflat,Tidal_saline_matrix,25,FALSE,ASSIGNED,Within 30 ft of tidal wetland or eel grass
93683,Mudflat/Dry Pond Bottom Mapping Unit,Mudflat,0.135451428420519,FALSE,TRUE,FALSE,,FALSE,Tidal_mudflat,Tidal_saline_matrix,25,FALSE,ASSIGNED,Within 30 ft of tidal wetland or eel grass
93684,Mudflat/Dry Pond Bottom Mapping Unit,Mudflat,0.014600477500456677,FALSE,TRUE,FALSE,,FALSE,Tidal_mudflat,Tidal_saline_matrix,25,FALSE,ASSIGNED,Within 30 ft of tidal wetland or eel grass
93685,Mudflat/Dry Pond Bottom Mapping Unit,Mudflat,0.08705006457440269,FALSE,TRUE,FALSE,,FALSE,Tidal_mudflat,Tidal_saline_matrix,25,FALSE,ASSIGNED,Within 30 ft of tidal wetland or eel grass
93686,Mudflat/Dry Pond Bottom Mapping Unit,Mudflat,1.0108584430059946,FALSE,TRUE,FALSE,,FALSE,Tidal_mudflat,Tidal_saline_matrix,25,FALSE,ASSIGNED,Within 30 ft of tidal wetland or eel grass
93687,Mudflat/Dry Pond Bottom Mapping Unit,Mudflat,79.88822292378416,FALSE,TRUE,FALSE,,FALSE,Tidal_mudflat,Tidal_saline_matrix,25,FALSE,ASSIGNED,Within 30 ft of tidal wetland or eel grass
93688,Mudflat/Dry Pond Bottom Mapping Unit,Mudflat,0.20767814361725934,FALSE,TRUE,FALSE,,FALSE,Tidal_mudflat,Tidal_saline_matrix,25,FALSE,ASSIGNED,Within 30 ft of tidal wetland or eel grass
93689,Mudflat/Dry Pond Bottom Mapping Unit,Mudflat,0.030195289815963786,FALSE,TRUE,FALSE,,FALSE,Tidal_mudflat,Tidal_saline_matrix,25,FALSE,ASSIGNED,Within 30 ft of tidal wetland or eel grass
93690,Mudflat/Dry Pond Bottom Mapping Unit,Mudflat,0.6297257178949236,FALSE,TRUE,FALSE,,FALSE,Tidal_mudflat,Tidal_saline_matrix,25,FALSE,ASSIGNED,Within 30 ft of tidal wetland or eel grass
93691,Mudflat/Dry Pond Bottom Mapping Unit,Mudflat,0.023117431493802233,FALSE,TRUE,FALSE,,FALSE,Tidal_mudflat,Tidal_saline_matrix,25,FALSE,ASSIGNED,Within 30 ft of tidal wetland or eel grass
93692,Mudflat/Dry Pond Bottom Mapping Unit,Mudflat,0.20510814912787942,FALSE,TRUE,FALSE,,FALSE,Tidal_mudflat,Tidal_saline_matrix,25,FALSE,ASSIGNED,Within 30 ft of tidal wetland or eel grass
93693,Mudflat/Dry Pond Bottom Mapping Unit,Mudflat,0.05401749474309968,FALSE,TRUE,FALSE,,FALSE,Tidal_mudflat,Tidal_saline_matrix,25,FALSE,ASSIGNED,Within 30 ft of tidal wetland or eel grass
93694,Mudflat/Dry Pond Bottom Mapping Unit,Mudflat,0.36114861384113167,FALSE,TRUE,FALSE,,FALSE,Tidal_mudflat,Tidal_saline_matrix,25,FALSE,ASSIGNED,Within 30 ft of tidal wetland or eel grass
93695,Mudflat/Dry Pond Bottom Mapping Unit,Mudflat,0.1044302623135344,FALSE,TRUE,FALSE,,FALSE,Tidal_mudflat,Tidal_saline_matrix,25,FALSE,ASSIGNED,Within 30 ft of tidal wetland or eel grass
93696,Mudflat/Dry Pond Bottom Mapping Unit,Mudflat,0.012059273105016182,FALSE,TRUE,FALSE,,FALSE,Tidal_mudflat,Tidal_saline_matrix,25,FALSE,ASSIGNED,Within 30 ft of tidal wetland or eel grass
93697,Mudflat/Dry Pond Bottom Mapping Unit,Mudflat,0.14563040124319424,FALSE,TRUE,FALSE,,FALSE,Tidal_mudflat,Tidal_saline_matrix,25,FALSE,ASSIGNED,Within 30 ft of tidal wetland or eel grass
93698,Mudflat/Dry Pond Bottom Mapping Unit,Mudflat,0.03310359484366716,FALSE,TRUE,FALSE,,FALSE,Tidal_mudflat,Tidal_saline_matrix,25,FALSE,ASSIGNED,Within 30 ft of tidal wetland or eel grass
93699,Mudflat/Dry Pond Bottom Mapping Unit,Mudflat,0.01622053859097564,FALSE,TRUE,FALSE,,FALSE,Tidal_mudflat,Tidal_saline_matrix,25,FALSE,ASSIGNED,Within 30 ft of tidal wetland or eel grass
93700,Mudflat/Dry Pond Bottom Mapping Unit,Mudflat,0.19608832079597457,FALSE,TRUE,FALSE,,FALSE,Tidal_mudflat,Tidal_saline_matrix,25,FALSE,ASSIGNED,Within 30 ft of tidal wetland or eel grass
93701,Mudflat/Dry Pond Bottom Mapping Unit,Mudflat,0.08247217821185523,FALSE,TRUE,FALSE,,FALSE,Tidal_mudflat,Tidal_saline_matrix,25,FALSE,ASSIGNED,Within 30 ft of tidal wetland or eel grass
93702,Mudflat/Dry Pond Bottom Mapping Unit,Mudflat,0.1615244262688682,FALSE,TRUE,FALSE,,FALSE,Tidal_mudflat,Tidal_saline_matrix,25,FALSE,ASSIGNED,Within 30 ft of tidal wetland or eel grass
93703,Mudflat/Dry Pond Bottom Mapping Unit,Mudflat,0.014371083237662658,FALSE,TRUE,FALSE,,FALSE,Tidal_mudflat,Tidal_saline_matrix,25,FALSE,ASSIGNED,Within 30 ft of tidal wetland or eel grass
93704,Mudflat/Dry Pond Bottom Mapping Unit,Mudflat,2.7486594293038085,FALSE,TRUE,FALSE,,FALSE,Tidal_mudflat,Tidal_saline_matrix,25,FALSE,ASSIGNED,Within 30 ft of tidal wetland or eel grass
93705,Mudflat/Dry Pond Bottom Mapping Unit,Mudflat,0.022336879421336817,FALSE,TRUE,FALSE,,FALSE,Tidal_mudflat,Tidal_saline_matrix,25,FALSE,ASSIGNED,Within 30 ft of tidal wetland or eel grass
93706,Mudflat/Dry Pond Bottom Mapping Unit,Mudflat,0.05575764642022126,FALSE,TRUE,FALSE,,FALSE,Tidal_mudflat,Tidal_saline_matrix,25,FALSE,ASSIGNED,Within 30 ft of tidal wetland or eel grass
93707,Mudflat/Dry Pond Bottom Mapping Unit,Mudflat,0.05181352448521701,FALSE,TRUE,FALSE,,FALSE,Tidal_mudflat,Tidal_saline_matrix,25,FALSE,ASSIGNED,Within 30 ft of tidal wetland or eel grass
93708,Mudflat/Dry Pond Bottom Mapping Unit,Mudflat,3.84918313403825,FALSE,TRUE,FALSE,,FALSE,Tidal_mudflat,Tidal_saline_matrix,25,FALSE,ASSIGNED,Within 30 ft of tidal wetland or eel grass
93709,Mudflat/Dry Pond Bottom Mapping Unit,Mudflat,0.5919959662446646,FALSE,TRUE,FALSE,,FALSE,Tidal_mudflat,Tidal_saline_matrix,25,FALSE,ASSIGNED,Within 30 ft of tidal wetland or eel grass
93710,Mudflat/Dry Pond Bottom Mapping Unit,Mudflat,0.01558788886421522,FALSE,TRUE,FALSE,,FALSE,Tidal_mudflat,Tidal_saline_matrix,25,FALSE,ASSIGNED,Within 30 ft of tidal wetland or eel grass
93711,Mudflat/Dry Pond Bottom Mapping Unit,Mudflat,0.030854112088075685,FALSE,TRUE,FALSE,,FALSE,Tidal_mudflat,Tidal_saline_matrix,25,FALSE,ASSIGNED,Within 30 ft of tidal wetland or eel grass
93712,Mudflat/Dry Pond Bottom Mapping Unit,Mudflat,0.014584504466006185,FALSE,TRUE,FALSE,,FALSE,Tidal_mudflat,Tidal_saline_matrix,25,FALSE,ASSIGNED,Within 30 ft of tidal wetland or eel grass
93713,Mudflat/Dry Pond Bottom Mapping Unit,Mudflat,0.01565666873018762,FALSE,TRUE,FALSE,,FALSE,Tidal_mudflat,Tidal_saline_matrix,25,FALSE,ASSIGNED,Within 30 ft of tidal wetland or eel grass
93714,Mudflat/Dry Pond Bottom Mapping Unit,Mudflat,0.9845982084082101,FALSE,TRUE,FALSE,,FALSE,Tidal_mudflat,Tidal_saline_matrix,25,FALSE,ASSIGNED,Within 30 ft of tidal wetland or eel grass
93715,Mudflat/Dry Pond Bottom Mapping Unit,Mudflat,0.026147850440596268,FALSE,TRUE,FALSE,,FALSE,Tidal_mudflat,Tidal_saline_matrix,25,FALSE,ASSIGNED,Within 30 ft of tidal wetland or eel grass
93716,Mudflat/Dry Pond Bottom Mapping Unit,Mudflat,0.0718776423441287,FALSE,TRUE,FALSE,,FALSE,Tidal_mudflat,Tidal_saline_matrix,25,FALSE,ASSIGNED,Within 30 ft of tidal wetland or eel grass
93717,Mudflat/Dry Pond Bottom Mapping Unit,Mudflat,0.14522256402290146,FALSE,TRUE,FALSE,,FALSE,Tidal_mudflat,Tidal_saline_matrix,25,FALSE,ASSIGNED,Within 30 ft of tidal wetland or eel grass
93718,Mudflat/Dry Pond Bottom Mapping Unit,Mudflat,0.01898538231334553,FALSE,TRUE,FALSE,,FALSE,Tidal_mudflat,Tidal_saline_matrix,25,FALSE,ASSIGNED,Within 30 ft of tidal wetland or eel grass
93719,Mudflat/Dry Pond Bottom Mapping Unit,Mudflat,0.07926271576151264,FALSE,TRUE,FALSE,,FALSE,Tidal_mudflat,Tidal_saline_matrix,25,FALSE,ASSIGNED,Within 30 ft of tidal wetland or eel grass
93720,Mudflat/Dry Pond Bottom Mapping Unit,Mudflat,0.563161768367088,FALSE,TRUE,FALSE,,FALSE,Tidal_mudflat,Tidal_saline_matrix,25,FALSE,ASSIGNED,Within 30 ft of tidal wetland or eel grass
93721,Mudflat/Dry Pond Bottom Mapping Unit,Mudflat,0.013980615139153952,FALSE,TRUE,FALSE,,FALSE,Tidal_mudflat,Tidal_saline_matrix,25,FALSE,ASSIGNED,Within 30 ft of tidal wetland or eel grass
93722,Mudflat/Dry Pond Bottom Mapping Unit,Mudflat,0.05539789717655625,FALSE,TRUE,FALSE,,FALSE,Tidal_mudflat,Tidal_saline_matrix,25,FALSE,ASSIGNED,Within 30 ft of tidal wetland or eel grass
93723,Mudflat/Dry Pond Bottom Mapping Unit,Mudflat,0.049724379260618796,FALSE,TRUE,FALSE,,FALSE,Tidal_mudflat,Tidal_saline_matrix,25,FALSE,ASSIGNED,Within 30 ft of tidal wetland or eel grass
93724,Mudflat/Dry Pond Bottom Mapping Unit,Mudflat,0.060628910504656096,FALSE,TRUE,FALSE,,FALSE,Tidal_mudflat,Tidal_saline_matrix,25,FALSE,ASSIGNED,Within 30 ft of tidal wetland or eel grass
93725,Mudflat/Dry Pond Bottom Mapping Unit,Mudflat,0.01820469466966173,FALSE,TRUE,FALSE,,FALSE,Tidal_mudflat,Tidal_saline_matrix,25,FALSE,ASSIGNED,Within 30 ft of tidal wetland or eel grass
93726,Mudflat/Dry Pond Bottom Mapping Unit,Mudflat,0.015312234640933947,FALSE,TRUE,FALSE,,FALSE,Tidal_mudflat,Tidal_saline_matrix,25,FALSE,ASSIGNED,Within 30 ft of tidal wetland or eel grass
93727,Mudflat/Dry Pond Bottom Mapping Unit,Mudflat,0.017042969340572933,FALSE,TRUE,FALSE,,FALSE,Tidal_mudflat,Tidal_saline_matrix,25,FALSE,ASSIGNED,Within 30 ft of tidal wetland or eel grass
93728,Mudflat/Dry Pond Bottom Mapping Unit,Mudflat,0.07978929871820219,FALSE,TRUE,FALSE,,FALSE,Tidal_mudflat,Tidal_saline_matrix,25,FALSE,ASSIGNED,Within 30 ft of tidal wetland or eel grass
93729,Mudflat/Dry Pond Bottom Mapping Unit,Mudflat,0.08931810230606478,FALSE,TRUE,FALSE,,FALSE,Tidal_mudflat,Tidal_saline_matrix,25,FALSE,ASSIGNED,Within 30 ft of tidal wetland or eel grass
93730,Mudflat/Dry Pond Bottom Mapping Unit,Mudflat,0.01735573931942591,FALSE,TRUE,FALSE,,FALSE,Tidal_mudflat,Tidal_saline_matrix,25,FALSE,ASSIGNED,Within 30 ft of tidal wetland or eel grass
93731,Mudflat/Dry Pond Bottom Mapping Unit,Mudflat,0.13133561537610772,FALSE,FALSE,FALSE,,FALSE,UNRESOLVED_MUDFLAT_REVIEW,UNRESOLVED_REVIEW,,FALSE,REVIEW_REQUIRED,"No freshwater, tidal, or modeled-site spatial evidence"
93732,Mudflat/Dry Pond Bottom Mapping Unit,Mudflat,0.029637140765799545,FALSE,TRUE,FALSE,,FALSE,Tidal_mudflat,Tidal_saline_matrix,25,FALSE,ASSIGNED,Within 30 ft of tidal wetland or eel grass
93733,Mudflat/Dry Pond Bottom Mapping Unit,Mudflat,0.03535346172415327,FALSE,TRUE,FALSE,,FALSE,Tidal_mudflat,Tidal_saline_matrix,25,FALSE,ASSIGNED,Within 30 ft of tidal wetland or eel grass
93734,Mudflat/Dry Pond Bottom Mapping Unit,Mudflat,130.76691501034867,FALSE,TRUE,FALSE,,FALSE,Tidal_mudflat,Tidal_saline_matrix,25,FALSE,ASSIGNED,Within 30 ft of tidal wetland or eel grass
93735,Mudflat/Dry Pond Bottom Mapping Unit,Mudflat,0.4124645838584574,FALSE,TRUE,FALSE,,FALSE,Tidal_mudflat,Tidal_saline_matrix,25,FALSE,ASSIGNED,Within 30 ft of tidal wetland or eel grass
93736,Mudflat/Dry Pond Bottom Mapping Unit,Mudflat,0.22764792900001196,FALSE,TRUE,FALSE,,FALSE,Tidal_mudflat,Tidal_saline_matrix,25,FALSE,ASSIGNED,Within 30 ft of tidal wetland or eel grass
93737,Mudflat/Dry Pond Bottom Mapping Unit,Mudflat,0.04173570164182576,FALSE,TRUE,FALSE,,FALSE,Tidal_mudflat,Tidal_saline_matrix,25,FALSE,ASSIGNED,Within 30 ft of tidal wetland or eel grass
93738,Mudflat/Dry Pond Bottom Mapping Unit,Mudflat,0.13473546465241185,FALSE,TRUE,FALSE,,FALSE,Tidal_mudflat,Tidal_saline_matrix,25,FALSE,ASSIGNED,Within 30 ft of tidal wetland or eel grass
93739,Mudflat/Dry Pond Bottom Mapping Unit,Mudflat,0.15719923308098993,FALSE,TRUE,FALSE,,FALSE,Tidal_mudflat,Tidal_saline_matrix,25,FALSE,ASSIGNED,Within 30 ft of tidal wetland or eel grass
93740,Mudflat/Dry Pond Bottom Mapping Unit,Mudflat,0.1894931043086047,FALSE,TRUE,FALSE,,FALSE,Tidal_mudflat,Tidal_saline_matrix,25,FALSE,ASSIGNED,Within 30 ft of tidal wetland or eel grass
93741,Mudflat/Dry Pond Bottom Mapping Unit,Mudflat,0.08654755497275875,FALSE,TRUE,FALSE,,FALSE,Tidal_mudflat,Tidal_saline_matrix,25,FALSE,ASSIGNED,Within 30 ft of tidal wetland or eel grass
93742,Mudflat/Dry Pond Bottom Mapping Unit,Mudflat,0.1176841345897149,FALSE,TRUE,FALSE,,FALSE,Tidal_mudflat,Tidal_saline_matrix,25,FALSE,ASSIGNED,Within 30 ft of tidal wetland or eel grass
93743,Mudflat/Dry Pond Bottom Mapping Unit,Mudflat,0.9104319385696035,FALSE,TRUE,FALSE,,FALSE,Tidal_mudflat,Tidal_saline_matrix,25,FALSE,ASSIGNED,Within 30 ft of tidal wetland or eel grass
93744,Mudflat/Dry Pond Bottom Mapping Unit,Mudflat,0.5693188247094592,FALSE,TRUE,FALSE,,FALSE,Tidal_mudflat,Tidal_saline_matrix,25,FALSE,ASSIGNED,Within 30 ft of tidal wetland or eel grass
93745,Mudflat/Dry Pond Bottom Mapping Unit,Mudflat,0.05707124703166015,FALSE,TRUE,FALSE,,FALSE,Tidal_mudflat,Tidal_saline_matrix,25,FALSE,ASSIGNED,Within 30 ft of tidal wetland or eel grass
93746,Mudflat/Dry Pond Bottom Mapping Unit,Mudflat,0.02234641519567686,FALSE,TRUE,FALSE,,FALSE,Tidal_mudflat,Tidal_saline_matrix,25,FALSE,ASSIGNED,Within 30 ft of tidal wetland or eel grass
93747,Mudflat/Dry Pond Bottom Mapping Unit,Mudflat,0.1987145409135692,FALSE,TRUE,FALSE,,FALSE,Tidal_mudflat,Tidal_saline_matrix,25,FALSE,ASSIGNED,Within 30 ft of tidal wetland or eel grass
93748,Mudflat/Dry Pond Bottom Mapping Unit,Mudflat,0.07334798147775555,FALSE,TRUE,FALSE,,FALSE,Tidal_mudflat,Tidal_saline_matrix,25,FALSE,ASSIGNED,Within 30 ft of tidal wetland or eel grass
93749,Mudflat/Dry Pond Bottom Mapping Unit,Mudflat,0.01625340863912312,FALSE,TRUE,FALSE,,FALSE,Tidal_mudflat,Tidal_saline_matrix,25,FALSE,ASSIGNED,Within 30 ft of tidal wetland or eel grass
93750,Mudflat/Dry Pond Bottom Mapping Unit,Mudflat,0.029155026431529837,FALSE,TRUE,FALSE,,FALSE,Tidal_mudflat,Tidal_saline_matrix,25,FALSE,ASSIGNED,Within 30 ft of tidal wetland or eel grass
93751,Mudflat/Dry Pond Bottom Mapping Unit,Mudflat,0.07599304062801324,FALSE,TRUE,FALSE,,FALSE,Tidal_mudflat,Tidal_saline_matrix,25,FALSE,ASSIGNED,Within 30 ft of tidal wetland or eel grass
93752,Mudflat/Dry Pond Bottom Mapping Unit,Mudflat,0.013957703580555841,FALSE,TRUE,FALSE,,FALSE,Tidal_mudflat,Tidal_saline_matrix,25,FALSE,ASSIGNED,Within 30 ft of tidal wetland or eel grass
93753,Mudflat/Dry Pond Bottom Mapping Unit,Mudflat,0.16183660210677575,FALSE,TRUE,FALSE,,FALSE,Tidal_mudflat,Tidal_saline_matrix,25,FALSE,ASSIGNED,Within 30 ft of tidal wetland or eel grass
93754,Mudflat/Dry Pond Bottom Mapping Unit,Mudflat,0.04313574702081869,FALSE,TRUE,FALSE,,FALSE,Tidal_mudflat,Tidal_saline_matrix,25,FALSE,ASSIGNED,Within 30 ft of tidal wetland or eel grass
93755,Mudflat/Dry Pond Bottom Mapping Unit,Mudflat,0.019697026480942795,FALSE,TRUE,FALSE,,FALSE,Tidal_mudflat,Tidal_saline_matrix,25,FALSE,ASSIGNED,Within 30 ft of tidal wetland or eel grass
93756,Mudflat/Dry Pond Bottom Mapping Unit,Mudflat,0.093824382564268,FALSE,TRUE,FALSE,,FALSE,Tidal_mudflat,Tidal_saline_matrix,25,FALSE,ASSIGNED,Within 30 ft of tidal wetland or eel grass
93757,Mudflat/Dry Pond Bottom Mapping Unit,Mudflat,1.0196272478600767,FALSE,TRUE,FALSE,,FALSE,Tidal_mudflat,Tidal_saline_matrix,25,FALSE,ASSIGNED,Within 30 ft of tidal wetland or eel grass
93758,Mudflat/Dry Pond Bottom Mapping Unit,Mudflat,0.0837672188859695,FALSE,TRUE,FALSE,,FALSE,Tidal_mudflat,Tidal_saline_matrix,25,FALSE,ASSIGNED,Within 30 ft of tidal wetland or eel grass
93759,Mudflat/Dry Pond Bottom Mapping Unit,Mudflat,0.028538802455454048,FALSE,TRUE,FALSE,,FALSE,Tidal_mudflat,Tidal_saline_matrix,25,FALSE,ASSIGNED,Within 30 ft of tidal wetland or eel grass
93760,Mudflat/Dry Pond Bottom Mapping Unit,Mudflat,0.06650696898274415,FALSE,TRUE,FALSE,,FALSE,Tidal_mudflat,Tidal_saline_matrix,25,FALSE,ASSIGNED,Within 30 ft of tidal wetland or eel grass
93761,Mudflat/Dry Pond Bottom Mapping Unit,Mudflat,0.020087291221237792,FALSE,TRUE,FALSE,,FALSE,Tidal_mudflat,Tidal_saline_matrix,25,FALSE,ASSIGNED,Within 30 ft of tidal wetland or eel grass
93762,Mudflat/Dry Pond Bottom Mapping Unit,Mudflat,0.019329605516697768,FALSE,TRUE,FALSE,,FALSE,Tidal_mudflat,Tidal_saline_matrix,25,FALSE,ASSIGNED,Within 30 ft of tidal wetland or eel grass
93763,Mudflat/Dry Pond Bottom Mapping Unit,Mudflat,0.10611526796031547,FALSE,TRUE,FALSE,,FALSE,Tidal_mudflat,Tidal_saline_matrix,25,FALSE,ASSIGNED,Within 30 ft of tidal wetland or eel grass
93764,Mudflat/Dry Pond Bottom Mapping Unit,Mudflat,0.03023403884394983,FALSE,TRUE,FALSE,,FALSE,Tidal_mudflat,Tidal_saline_matrix,25,FALSE,ASSIGNED,Within 30 ft of tidal wetland or eel grass
93765,Mudflat/Dry Pond Bottom Mapping Unit,Mudflat,0.013865786204068382,FALSE,TRUE,FALSE,,FALSE,Tidal_mudflat,Tidal_saline_matrix,25,FALSE,ASSIGNED,Within 30 ft of tidal wetland or eel grass
93766,Mudflat/Dry Pond Bottom Mapping Unit,Mudflat,0.2129639421317255,FALSE,TRUE,FALSE,,FALSE,Tidal_mudflat,Tidal_saline_matrix,25,FALSE,ASSIGNED,Within 30 ft of tidal wetland or eel grass
93767,Mudflat/Dry Pond Bottom Mapping Unit,Mudflat,0.06490830274907107,FALSE,TRUE,FALSE,,FALSE,Tidal_mudflat,Tidal_saline_matrix,25,FALSE,ASSIGNED,Within 30 ft of tidal wetland or eel grass
93768,Mudflat/Dry Pond Bottom Mapping Unit,Mudflat,0.15181055029114154,FALSE,TRUE,FALSE,,FALSE,Tidal_mudflat,Tidal_saline_matrix,25,FALSE,ASSIGNED,Within 30 ft of tidal wetland or eel grass
93769,Mudflat/Dry Pond Bottom Mapping Unit,Mudflat,0.14430656300689448,FALSE,TRUE,FALSE,,FALSE,Tidal_mudflat,Tidal_saline_matrix,25,FALSE,ASSIGNED,Within 30 ft of tidal wetland or eel grass
93770,Mudflat/Dry Pond Bottom Mapping Unit,Mudflat,0.01694237473133628,FALSE,TRUE,FALSE,,FALSE,Tidal_mudflat,Tidal_saline_matrix,25,FALSE,ASSIGNED,Within 30 ft of tidal wetland or eel grass
93771,Mudflat/Dry Pond Bottom Mapping Unit,Mudflat,0.080984691925608,FALSE,TRUE,FALSE,,FALSE,Tidal_mudflat,Tidal_saline_matrix,25,FALSE,ASSIGNED,Within 30 ft of tidal wetland or eel grass
93772,Mudflat/Dry Pond Bottom Mapping Unit,Mudflat,0.009736983297278826,FALSE,TRUE,FALSE,,FALSE,Tidal_mudflat,Tidal_saline_matrix,25,FALSE,ASSIGNED,Within 30 ft of tidal wetland or eel grass
93773,Mudflat/Dry Pond Bottom Mapping Unit,Mudflat,0.03784625786135464,FALSE,TRUE,FALSE,,FALSE,Tidal_mudflat,Tidal_saline_matrix,25,FALSE,ASSIGNED,Within 30 ft of tidal wetland or eel grass
93774,Mudflat/Dry Pond Bottom Mapping Unit,Mudflat,0.4702813844937423,FALSE,TRUE,FALSE,,FALSE,Tidal_mudflat,Tidal_saline_matrix,25,FALSE,ASSIGNED,Within 30 ft of tidal wetland or eel grass
93775,Mudflat/Dry Pond Bottom Mapping Unit,Mudflat,0.025298804709585378,FALSE,TRUE,FALSE,,FALSE,Tidal_mudflat,Tidal_saline_matrix,25,FALSE,ASSIGNED,Within 30 ft of tidal wetland or eel grass
93776,Mudflat/Dry Pond Bottom Mapping Unit,Mudflat,0.04499574081408784,FALSE,TRUE,FALSE,,FALSE,Tidal_mudflat,Tidal_saline_matrix,25,FALSE,ASSIGNED,Within 30 ft of tidal wetland or eel grass
93777,Mudflat/Dry Pond Bottom Mapping Unit,Mudflat,0.02224510514633945,FALSE,TRUE,FALSE,,FALSE,Tidal_mudflat,Tidal_saline_matrix,25,FALSE,ASSIGNED,Within 30 ft of tidal wetland or eel grass
93778,Mudflat/Dry Pond Bottom Mapping Unit,Mudflat,0.018077814949019867,FALSE,TRUE,FALSE,,FALSE,Tidal_mudflat,Tidal_saline_matrix,25,FALSE,ASSIGNED,Within 30 ft of tidal wetland or eel grass
93779,Mudflat/Dry Pond Bottom Mapping Unit,Mudflat,0.026097657696791014,FALSE,TRUE,FALSE,,FALSE,Tidal_mudflat,Tidal_saline_matrix,25,FALSE,ASSIGNED,Within 30 ft of tidal wetland or eel grass
93780,Mudflat/Dry Pond Bottom Mapping Unit,Mudflat,4.0778796178634344,FALSE,TRUE,FALSE,,FALSE,Tidal_mudflat,Tidal_saline_matrix,25,FALSE,ASSIGNED,Within 30 ft of tidal wetland or eel grass
93781,Mudflat/Dry Pond Bottom Mapping Unit,Mudflat,0.018089918458104464,FALSE,TRUE,FALSE,,FALSE,Tidal_mudflat,Tidal_saline_matrix,25,FALSE,ASSIGNED,Within 30 ft of tidal wetland or eel grass
93782,Mudflat/Dry Pond Bottom Mapping Unit,Mudflat,0.030678455371197125,FALSE,TRUE,FALSE,,FALSE,Tidal_mudflat,Tidal_saline_matrix,25,FALSE,ASSIGNED,Within 30 ft of tidal wetland or eel grass
93783,Mudflat/Dry Pond Bottom Mapping Unit,Mudflat,0.16914399010772738,FALSE,TRUE,FALSE,,FALSE,Tidal_mudflat,Tidal_saline_matrix,25,FALSE,ASSIGNED,Within 30 ft of tidal wetland or eel grass
93784,Mudflat/Dry Pond Bottom Mapping Unit,Mudflat,0.016747377297071587,FALSE,TRUE,FALSE,,FALSE,Tidal_mudflat,Tidal_saline_matrix,25,FALSE,ASSIGNED,Within 30 ft of tidal wetland or eel grass
93785,Mudflat/Dry Pond Bottom Mapping Unit,Mudflat,0.024954001565214358,FALSE,TRUE,FALSE,,FALSE,Tidal_mudflat,Tidal_saline_matrix,25,FALSE,ASSIGNED,Within 30 ft of tidal wetland or eel grass
93786,Mudflat/Dry Pond Bottom Mapping Unit,Mudflat,0.43467619516546135,FALSE,TRUE,FALSE,,FALSE,Tidal_mudflat,Tidal_saline_matrix,25,FALSE,ASSIGNED,Within 30 ft of tidal wetland or eel grass
93787,Mudflat/Dry Pond Bottom Mapping Unit,Mudflat,0.1479102437610655,FALSE,TRUE,FALSE,,FALSE,Tidal_mudflat,Tidal_saline_matrix,25,FALSE,ASSIGNED,Within 30 ft of tidal wetland or eel grass
93788,Mudflat/Dry Pond Bottom Mapping Unit,Mudflat,0.04626315941295901,FALSE,TRUE,FALSE,,FALSE,Tidal_mudflat,Tidal_saline_matrix,25,FALSE,ASSIGNED,Within 30 ft of tidal wetland or eel grass
93789,Mudflat/Dry Pond Bottom Mapping Unit,Mudflat,0.035714577096620785,FALSE,TRUE,FALSE,,FALSE,Tidal_mudflat,Tidal_saline_matrix,25,FALSE,ASSIGNED,Within 30 ft of tidal wetland or eel grass
93790,Mudflat/Dry Pond Bottom Mapping Unit,Mudflat,0.025288331825508246,FALSE,TRUE,FALSE,,FALSE,Tidal_mudflat,Tidal_saline_matrix,25,FALSE,ASSIGNED,Within 30 ft of tidal wetland or eel grass
93791,Mudflat/Dry Pond Bottom Mapping Unit,Mudflat,0.07170239656654476,FALSE,TRUE,FALSE,,FALSE,Tidal_mudflat,Tidal_saline_matrix,25,FALSE,ASSIGNED,Within 30 ft of tidal wetland or eel grass
93792,Mudflat/Dry Pond Bottom Mapping Unit,Mudflat,0.017456453223031826,FALSE,TRUE,FALSE,,FALSE,Tidal_mudflat,Tidal_saline_matrix,25,FALSE,ASSIGNED,Within 30 ft of tidal wetland or eel grass
93793,Mudflat/Dry Pond Bottom Mapping Unit,Mudflat,0.01994941515207772,FALSE,TRUE,FALSE,,FALSE,Tidal_mudflat,Tidal_saline_matrix,25,FALSE,ASSIGNED,Within 30 ft of tidal wetland or eel grass
93794,Mudflat/Dry Pond Bottom Mapping Unit,Mudflat,0.04892263287540685,FALSE,TRUE,FALSE,,FALSE,Tidal_mudflat,Tidal_saline_matrix,25,FALSE,ASSIGNED,Within 30 ft of tidal wetland or eel grass
93795,Mudflat/Dry Pond Bottom Mapping Unit,Mudflat,0.07385229131653072,FALSE,TRUE,FALSE,,FALSE,Tidal_mudflat,Tidal_saline_matrix,25,FALSE,ASSIGNED,Within 30 ft of tidal wetland or eel grass
93796,Mudflat/Dry Pond Bottom Mapping Unit,Mudflat,0.014377558865541684,FALSE,TRUE,FALSE,,FALSE,Tidal_mudflat,Tidal_saline_matrix,25,FALSE,ASSIGNED,Within 30 ft of tidal wetland or eel grass
93797,Mudflat/Dry Pond Bottom Mapping Unit,Mudflat,0.2429857690946535,FALSE,TRUE,FALSE,,FALSE,Tidal_mudflat,Tidal_saline_matrix,25,FALSE,ASSIGNED,Within 30 ft of tidal wetland or eel grass
93798,Mudflat/Dry Pond Bottom Mapping Unit,Mudflat,0.0638877470925432,FALSE,TRUE,FALSE,,FALSE,Tidal_mudflat,Tidal_saline_matrix,25,FALSE,ASSIGNED,Within 30 ft of tidal wetland or eel grass
93799,Mudflat/Dry Pond Bottom Mapping Unit,Mudflat,0.508093706683992,FALSE,TRUE,FALSE,,FALSE,Tidal_mudflat,Tidal_saline_matrix,25,FALSE,ASSIGNED,Within 30 ft of tidal wetland or eel grass
93800,Mudflat/Dry Pond Bottom Mapping Unit,Mudflat,0.013623609826310454,FALSE,TRUE,FALSE,,FALSE,Tidal_mudflat,Tidal_saline_matrix,25,FALSE,ASSIGNED,Within 30 ft of tidal wetland or eel grass
93801,Mudflat/Dry Pond Bottom Mapping Unit,Mudflat,0.0549206108064902,FALSE,TRUE,FALSE,,FALSE,Tidal_mudflat,Tidal_saline_matrix,25,FALSE,ASSIGNED,Within 30 ft of tidal wetland or eel grass
93802,Mudflat/Dry Pond Bottom Mapping Unit,Mudflat,0.29280247588040037,FALSE,TRUE,FALSE,,FALSE,Tidal_mudflat,Tidal_saline_matrix,25,FALSE,ASSIGNED,Within 30 ft of tidal wetland or eel grass
93803,Mudflat/Dry Pond Bottom Mapping Unit,Mudflat,0.037950927244296245,FALSE,TRUE,FALSE,,FALSE,Tidal_mudflat,Tidal_saline_matrix,25,FALSE,ASSIGNED,Within 30 ft of tidal wetland or eel grass
93804,Mudflat/Dry Pond Bottom Mapping Unit,Mudflat,0.8213704749867891,FALSE,TRUE,FALSE,,FALSE,Tidal_mudflat,Tidal_saline_matrix,25,FALSE,ASSIGNED,Within 30 ft of tidal wetland or eel grass
93805,Mudflat/Dry Pond Bottom Mapping Unit,Mudflat,0.016126201433699146,FALSE,TRUE,FALSE,,FALSE,Tidal_mudflat,Tidal_saline_matrix,25,FALSE,ASSIGNED,Within 30 ft of tidal wetland or eel grass
93806,Mudflat/Dry Pond Bottom Mapping Unit,Mudflat,0.010552348871161268,FALSE,TRUE,FALSE,,FALSE,Tidal_mudflat,Tidal_saline_matrix,25,FALSE,ASSIGNED,Within 30 ft of tidal wetland or eel grass
93807,Mudflat/Dry Pond Bottom Mapping Unit,Mudflat,0.23930923486619707,FALSE,TRUE,FALSE,,FALSE,Tidal_mudflat,Tidal_saline_matrix,25,FALSE,ASSIGNED,Within 30 ft of tidal wetland or eel grass
93808,Mudflat/Dry Pond Bottom Mapping Unit,Mudflat,0.0591581058337902,FALSE,TRUE,FALSE,,FALSE,Tidal_mudflat,Tidal_saline_matrix,25,FALSE,ASSIGNED,Within 30 ft of tidal wetland or eel grass
93809,Mudflat/Dry Pond Bottom Mapping Unit,Mudflat,0.013205066127187578,FALSE,TRUE,FALSE,,FALSE,Tidal_mudflat,Tidal_saline_matrix,25,FALSE,ASSIGNED,Within 30 ft of tidal wetland or eel grass
93810,Mudflat/Dry Pond Bottom Mapping Unit,Mudflat,4.5785951484093985,FALSE,TRUE,FALSE,,FALSE,Tidal_mudflat,Tidal_saline_matrix,25,FALSE,ASSIGNED,Within 30 ft of tidal wetland or eel grass
93811,Mudflat/Dry Pond Bottom Mapping Unit,Mudflat,0.02183201170315846,FALSE,TRUE,FALSE,,FALSE,Tidal_mudflat,Tidal_saline_matrix,25,FALSE,ASSIGNED,Within 30 ft of tidal wetland or eel grass
93812,Mudflat/Dry Pond Bottom Mapping Unit,Mudflat,0.010191502377776298,FALSE,TRUE,FALSE,,FALSE,Tidal_mudflat,Tidal_saline_matrix,25,FALSE,ASSIGNED,Within 30 ft of tidal wetland or eel grass
93813,Mudflat/Dry Pond Bottom Mapping Unit,Mudflat,0.02697140594437008,FALSE,TRUE,FALSE,,FALSE,Tidal_mudflat,Tidal_saline_matrix,25,FALSE,ASSIGNED,Within 30 ft of tidal wetland or eel grass
93814,Mudflat/Dry Pond Bottom Mapping Unit,Mudflat,0.016322324077339818,FALSE,TRUE,FALSE,,FALSE,Tidal_mudflat,Tidal_saline_matrix,25,FALSE,ASSIGNED,Within 30 ft of tidal wetland or eel grass
93815,Mudflat/Dry Pond Bottom Mapping Unit,Mudflat,0.0712348307716376,FALSE,TRUE,FALSE,,FALSE,Tidal_mudflat,Tidal_saline_matrix,25,FALSE,ASSIGNED,Within 30 ft of tidal wetland or eel grass
93816,Mudflat/Dry Pond Bottom Mapping Unit,Mudflat,68.9529830977259,FALSE,TRUE,FALSE,,FALSE,Tidal_mudflat,Tidal_saline_matrix,25,FALSE,ASSIGNED,Within 30 ft of tidal wetland or eel grass
93817,Mudflat/Dry Pond Bottom Mapping Unit,Mudflat,0.4215612384009076,FALSE,TRUE,FALSE,,FALSE,Tidal_mudflat,Tidal_saline_matrix,25,FALSE,ASSIGNED,Within 30 ft of tidal wetland or eel grass
93818,Mudflat/Dry Pond Bottom Mapping Unit,Mudflat,0.014418608499943015,FALSE,TRUE,FALSE,,FALSE,Tidal_mudflat,Tidal_saline_matrix,25,FALSE,ASSIGNED,Within 30 ft of tidal wetland or eel grass
93819,Mudflat/Dry Pond Bottom Mapping Unit,Mudflat,0.026859615113739157,FALSE,TRUE,FALSE,,FALSE,Tidal_mudflat,Tidal_saline_matrix,25,FALSE,ASSIGNED,Within 30 ft of tidal wetland or eel grass
93820,Mudflat/Dry Pond Bottom Mapping Unit,Mudflat,0.23377803390933927,FALSE,TRUE,FALSE,,FALSE,Tidal_mudflat,Tidal_saline_matrix,25,FALSE,ASSIGNED,Within 30 ft of tidal wetland or eel grass
93821,Mudflat/Dry Pond Bottom Mapping Unit,Mudflat,0.02832874916070605,FALSE,TRUE,FALSE,,FALSE,Tidal_mudflat,Tidal_saline_matrix,25,FALSE,ASSIGNED,Within 30 ft of tidal wetland or eel grass
93822,Mudflat/Dry Pond Bottom Mapping Unit,Mudflat,0.0227172848869211,FALSE,TRUE,FALSE,,FALSE,Tidal_mudflat,Tidal_saline_matrix,25,FALSE,ASSIGNED,Within 30 ft of tidal wetland or eel grass
93823,Mudflat/Dry Pond Bottom Mapping Unit,Mudflat,0.01923454104117094,FALSE,TRUE,FALSE,,FALSE,Tidal_mudflat,Tidal_saline_matrix,25,FALSE,ASSIGNED,Within 30 ft of tidal wetland or eel grass
93824,Mudflat/Dry Pond Bottom Mapping Unit,Mudflat,0.014875973554864794,FALSE,TRUE,FALSE,,FALSE,Tidal_mudflat,Tidal_saline_matrix,25,FALSE,ASSIGNED,Within 30 ft of tidal wetland or eel grass
93825,Mudflat/Dry Pond Bottom Mapping Unit,Mudflat,0.034413805308602836,FALSE,TRUE,FALSE,,FALSE,Tidal_mudflat,Tidal_saline_matrix,25,FALSE,ASSIGNED,Within 30 ft of tidal wetland or eel grass
93826,Mudflat/Dry Pond Bottom Mapping Unit,Mudflat,0.009467459483399167,FALSE,TRUE,FALSE,,FALSE,Tidal_mudflat,Tidal_saline_matrix,25,FALSE,ASSIGNED,Within 30 ft of tidal wetland or eel grass
93827,Mudflat/Dry Pond Bottom Mapping Unit,Mudflat,0.07912260563150347,FALSE,TRUE,FALSE,,FALSE,Tidal_mudflat,Tidal_saline_matrix,25,FALSE,ASSIGNED,Within 30 ft of tidal wetland or eel grass
93828,Mudflat/Dry Pond Bottom Mapping Unit,Mudflat,0.05425266518320264,FALSE,TRUE,FALSE,,FALSE,Tidal_mudflat,Tidal_saline_matrix,25,FALSE,ASSIGNED,Within 30 ft of tidal wetland or eel grass
93829,Mudflat/Dry Pond Bottom Mapping Unit,Mudflat,0.035583029219098845,FALSE,TRUE,FALSE,,FALSE,Tidal_mudflat,Tidal_saline_matrix,25,FALSE,ASSIGNED,Within 30 ft of tidal wetland or eel grass
93830,Mudflat/Dry Pond Bottom Mapping Unit,Mudflat,0.5903974103932529,FALSE,TRUE,FALSE,,FALSE,Tidal_mudflat,Tidal_saline_matrix,25,FALSE,ASSIGNED,Within 30 ft of tidal wetland or eel grass
93831,Mudflat/Dry Pond Bottom Mapping Unit,Mudflat,0.03552294702523392,FALSE,TRUE,FALSE,,FALSE,Tidal_mudflat,Tidal_saline_matrix,25,FALSE,ASSIGNED,Within 30 ft of tidal wetland or eel grass
93832,Mudflat/Dry Pond Bottom Mapping Unit,Mudflat,0.01657971351920759,FALSE,TRUE,FALSE,,FALSE,Tidal_mudflat,Tidal_saline_matrix,25,FALSE,ASSIGNED,Within 30 ft of tidal wetland or eel grass
93833,Mudflat/Dry Pond Bottom Mapping Unit,Mudflat,0.05112475602798032,FALSE,TRUE,FALSE,,FALSE,Tidal_mudflat,Tidal_saline_matrix,25,FALSE,ASSIGNED,Within 30 ft of tidal wetland or eel grass
93834,Mudflat/Dry Pond Bottom Mapping Unit,Mudflat,0.031175521647561884,FALSE,TRUE,FALSE,,FALSE,Tidal_mudflat,Tidal_saline_matrix,25,FALSE,ASSIGNED,Within 30 ft of tidal wetland or eel grass
93835,Mudflat/Dry Pond Bottom Mapping Unit,Mudflat,0.04743022666718846,FALSE,TRUE,FALSE,,FALSE,Tidal_mudflat,Tidal_saline_matrix,25,FALSE,ASSIGNED,Within 30 ft of tidal wetland or eel grass
93836,Mudflat/Dry Pond Bottom Mapping Unit,Mudflat,0.02580582737007952,FALSE,TRUE,FALSE,,FALSE,Tidal_mudflat,Tidal_saline_matrix,25,FALSE,ASSIGNED,Within 30 ft of tidal wetland or eel grass
93837,Mudflat/Dry Pond Bottom Mapping Unit,Mudflat,0.016528859501642415,FALSE,TRUE,FALSE,,FALSE,Tidal_mudflat,Tidal_saline_matrix,25,FALSE,ASSIGNED,Within 30 ft of tidal wetland or eel grass
93838,Mudflat/Dry Pond Bottom Mapping Unit,Mudflat,0.027249766876211973,FALSE,TRUE,FALSE,,FALSE,Tidal_mudflat,Tidal_saline_matrix,25,FALSE,ASSIGNED,Within 30 ft of tidal wetland or eel grass
93839,Mudflat/Dry Pond Bottom Mapping Unit,Mudflat,0.7022784078621964,FALSE,TRUE,FALSE,,FALSE,Tidal_mudflat,Tidal_saline_matrix,25,FALSE,ASSIGNED,Within 30 ft of tidal wetland or eel grass
93840,Mudflat/Dry Pond Bottom Mapping Unit,Mudflat,0.578415349631495,FALSE,TRUE,FALSE,,FALSE,Tidal_mudflat,Tidal_saline_matrix,25,FALSE,ASSIGNED,Within 30 ft of tidal wetland or eel grass
93841,Mudflat/Dry Pond Bottom Mapping Unit,Mudflat,0.04519793784405394,FALSE,TRUE,FALSE,,FALSE,Tidal_mudflat,Tidal_saline_matrix,25,FALSE,ASSIGNED,Within 30 ft of tidal wetland or eel grass
93842,Mudflat/Dry Pond Bottom Mapping Unit,Mudflat,0.49115817730408967,FALSE,TRUE,FALSE,,FALSE,Tidal_mudflat,Tidal_saline_matrix,25,FALSE,ASSIGNED,Within 30 ft of tidal wetland or eel grass
93843,Mudflat/Dry Pond Bottom Mapping Unit,Mudflat,0.010686986085770596,FALSE,TRUE,FALSE,,FALSE,Tidal_mudflat,Tidal_saline_matrix,25,FALSE,ASSIGNED,Within 30 ft of tidal wetland or eel grass
93844,Mudflat/Dry Pond Bottom Mapping Unit,Mudflat,1.2899403026224332,FALSE,TRUE,FALSE,,FALSE,Tidal_mudflat,Tidal_saline_matrix,25,FALSE,ASSIGNED,Within 30 ft of tidal wetland or eel grass
93845,Mudflat/Dry Pond Bottom Mapping Unit,Mudflat,0.04283142641051682,FALSE,TRUE,FALSE,,FALSE,Tidal_mudflat,Tidal_saline_matrix,25,FALSE,ASSIGNED,Within 30 ft of tidal wetland or eel grass
93846,Mudflat/Dry Pond Bottom Mapping Unit,Mudflat,0.022798926684422575,FALSE,TRUE,FALSE,,FALSE,Tidal_mudflat,Tidal_saline_matrix,25,FALSE,ASSIGNED,Within 30 ft of tidal wetland or eel grass
93847,Mudflat/Dry Pond Bottom Mapping Unit,Mudflat,0.011417030117589592,FALSE,TRUE,FALSE,,FALSE,Tidal_mudflat,Tidal_saline_matrix,25,FALSE,ASSIGNED,Within 30 ft of tidal wetland or eel grass
93848,Mudflat/Dry Pond Bottom Mapping Unit,Mudflat,3.2504864768803565,FALSE,TRUE,FALSE,,FALSE,Tidal_mudflat,Tidal_saline_matrix,25,FALSE,ASSIGNED,Within 30 ft of tidal wetland or eel grass
93849,Mudflat/Dry Pond Bottom Mapping Unit,Mudflat,0.010390840080085749,FALSE,TRUE,FALSE,,FALSE,Tidal_mudflat,Tidal_saline_matrix,25,FALSE,ASSIGNED,Within 30 ft of tidal wetland or eel grass
93850,Mudflat/Dry Pond Bottom Mapping Unit,Mudflat,4.448234409712528,FALSE,TRUE,FALSE,,FALSE,Tidal_mudflat,Tidal_saline_matrix,25,FALSE,ASSIGNED,Within 30 ft of tidal wetland or eel grass
93851,Mudflat/Dry Pond Bottom Mapping Unit,Mudflat,0.010156788825962255,FALSE,TRUE,FALSE,,FALSE,Tidal_mudflat,Tidal_saline_matrix,25,FALSE,ASSIGNED,Within 30 ft of tidal wetland or eel grass
93852,Mudflat/Dry Pond Bottom Mapping Unit,Mudflat,0.03719891865985792,FALSE,TRUE,FALSE,,FALSE,Tidal_mudflat,Tidal_saline_matrix,25,FALSE,ASSIGNED,Within 30 ft of tidal wetland or eel grass
93853,Mudflat/Dry Pond Bottom Mapping Unit,Mudflat,0.01886378102295251,FALSE,TRUE,FALSE,,FALSE,Tidal_mudflat,Tidal_saline_matrix,25,FALSE,ASSIGNED,Within 30 ft of tidal wetland or eel grass
93854,Mudflat/Dry Pond Bottom Mapping Unit,Mudflat,0.19385667180499952,FALSE,TRUE,FALSE,,FALSE,Tidal_mudflat,Tidal_saline_matrix,25,FALSE,ASSIGNED,Within 30 ft of tidal wetland or eel grass
93855,Mudflat/Dry Pond Bottom Mapping Unit,Mudflat,0.0767050096204526,FALSE,TRUE,FALSE,,FALSE,Tidal_mudflat,Tidal_saline_matrix,25,FALSE,ASSIGNED,Within 30 ft of tidal wetland or eel grass
93856,Mudflat/Dry Pond Bottom Mapping Unit,Mudflat,0.015739521183183263,FALSE,TRUE,FALSE,,FALSE,Tidal_mudflat,Tidal_saline_matrix,25,FALSE,ASSIGNED,Within 30 ft of tidal wetland or eel grass
93857,Mudflat/Dry Pond Bottom Mapping Unit,Mudflat,0.03486439625532586,FALSE,TRUE,FALSE,,FALSE,Tidal_mudflat,Tidal_saline_matrix,25,FALSE,ASSIGNED,Within 30 ft of tidal wetland or eel grass
93858,Mudflat/Dry Pond Bottom Mapping Unit,Mudflat,0.16780450045422046,FALSE,TRUE,FALSE,,FALSE,Tidal_mudflat,Tidal_saline_matrix,25,FALSE,ASSIGNED,Within 30 ft of tidal wetland or eel grass
93859,Mudflat/Dry Pond Bottom Mapping Unit,Mudflat,0.08160391173436268,FALSE,TRUE,FALSE,,FALSE,Tidal_mudflat,Tidal_saline_matrix,25,FALSE,ASSIGNED,Within 30 ft of tidal wetland or eel grass
93860,Mudflat/Dry Pond Bottom Mapping Unit,Mudflat,0.07552822492513586,FALSE,TRUE,FALSE,,FALSE,Tidal_mudflat,Tidal_saline_matrix,25,FALSE,ASSIGNED,Within 30 ft of tidal wetland or eel grass
93861,Mudflat/Dry Pond Bottom Mapping Unit,Mudflat,0.2568749927043158,FALSE,TRUE,FALSE,,FALSE,Tidal_mudflat,Tidal_saline_matrix,25,FALSE,ASSIGNED,Within 30 ft of tidal wetland or eel grass
93862,Mudflat/Dry Pond Bottom Mapping Unit,Mudflat,0.21156982328854199,FALSE,TRUE,FALSE,,FALSE,Tidal_mudflat,Tidal_saline_matrix,25,FALSE,ASSIGNED,Within 30 ft of tidal wetland or eel grass
93863,Mudflat/Dry Pond Bottom Mapping Unit,Mudflat,0.19755814484875903,FALSE,TRUE,FALSE,,FALSE,Tidal_mudflat,Tidal_saline_matrix,25,FALSE,ASSIGNED,Within 30 ft of tidal wetland or eel grass
93864,Mudflat/Dry Pond Bottom Mapping Unit,Mudflat,0.09520063388174872,FALSE,TRUE,FALSE,,FALSE,Tidal_mudflat,Tidal_saline_matrix,25,FALSE,ASSIGNED,Within 30 ft of tidal wetland or eel grass
93865,Mudflat/Dry Pond Bottom Mapping Unit,Mudflat,0.03826550623540761,FALSE,TRUE,FALSE,,FALSE,Tidal_mudflat,Tidal_saline_matrix,25,FALSE,ASSIGNED,Within 30 ft of tidal wetland or eel grass
93866,Mudflat/Dry Pond Bottom Mapping Unit,Mudflat,0.42550255554185107,FALSE,TRUE,FALSE,,FALSE,Tidal_mudflat,Tidal_saline_matrix,25,FALSE,ASSIGNED,Within 30 ft of tidal wetland or eel grass
93867,Mudflat/Dry Pond Bottom Mapping Unit,Mudflat,0.018067299285141253,FALSE,TRUE,FALSE,,FALSE,Tidal_mudflat,Tidal_saline_matrix,25,FALSE,ASSIGNED,Within 30 ft of tidal wetland or eel grass
93868,Mudflat/Dry Pond Bottom Mapping Unit,Mudflat,0.08459040348433143,FALSE,TRUE,FALSE,,FALSE,Tidal_mudflat,Tidal_saline_matrix,25,FALSE,ASSIGNED,Within 30 ft of tidal wetland or eel grass
93869,Mudflat/Dry Pond Bottom Mapping Unit,Mudflat,0.012505660187542747,FALSE,TRUE,FALSE,,FALSE,Tidal_mudflat,Tidal_saline_matrix,25,FALSE,ASSIGNED,Within 30 ft of tidal wetland or eel grass
93870,Mudflat/Dry Pond Bottom Mapping Unit,Mudflat,0.12702974703375053,FALSE,TRUE,FALSE,,FALSE,Tidal_mudflat,Tidal_saline_matrix,25,FALSE,ASSIGNED,Within 30 ft of tidal wetland or eel grass
93871,Mudflat/Dry Pond Bottom Mapping Unit,Mudflat,0.024005402022075805,FALSE,TRUE,FALSE,,FALSE,Tidal_mudflat,Tidal_saline_matrix,25,FALSE,ASSIGNED,Within 30 ft of tidal wetland or eel grass
93872,Mudflat/Dry Pond Bottom Mapping Unit,Mudflat,0.8117158711517896,FALSE,TRUE,FALSE,,FALSE,Tidal_mudflat,Tidal_saline_matrix,25,FALSE,ASSIGNED,Within 30 ft of tidal wetland or eel grass
93873,Mudflat/Dry Pond Bottom Mapping Unit,Mudflat,0.029407595869192685,FALSE,TRUE,FALSE,,FALSE,Tidal_mudflat,Tidal_saline_matrix,25,FALSE,ASSIGNED,Within 30 ft of tidal wetland or eel grass
93874,Mudflat/Dry Pond Bottom Mapping Unit,Mudflat,0.09900035339182149,FALSE,TRUE,FALSE,,FALSE,Tidal_mudflat,Tidal_saline_matrix,25,FALSE,ASSIGNED,Within 30 ft of tidal wetland or eel grass
93875,Mudflat/Dry Pond Bottom Mapping Unit,Mudflat,0.026506865270946006,FALSE,TRUE,FALSE,,FALSE,Tidal_mudflat,Tidal_saline_matrix,25,FALSE,ASSIGNED,Within 30 ft of tidal wetland or eel grass
93876,Mudflat/Dry Pond Bottom Mapping Unit,Mudflat,0.19027111571823715,FALSE,TRUE,FALSE,,FALSE,Tidal_mudflat,Tidal_saline_matrix,25,FALSE,ASSIGNED,Within 30 ft of tidal wetland or eel grass
93877,Mudflat/Dry Pond Bottom Mapping Unit,Mudflat,0.046556445767877416,FALSE,TRUE,FALSE,,FALSE,Tidal_mudflat,Tidal_saline_matrix,25,FALSE,ASSIGNED,Within 30 ft of tidal wetland or eel grass
93878,Mudflat/Dry Pond Bottom Mapping Unit,Mudflat,0.15765822180652345,FALSE,TRUE,FALSE,,FALSE,Tidal_mudflat,Tidal_saline_matrix,25,FALSE,ASSIGNED,Within 30 ft of tidal wetland or eel grass
93879,Mudflat/Dry Pond Bottom Mapping Unit,Mudflat,0.7720023424634084,FALSE,TRUE,FALSE,,FALSE,Tidal_mudflat,Tidal_saline_matrix,25,FALSE,ASSIGNED,Within 30 ft of tidal wetland or eel grass
93880,Mudflat/Dry Pond Bottom Mapping Unit,Mudflat,0.027203906101845497,FALSE,TRUE,FALSE,,FALSE,Tidal_mudflat,Tidal_saline_matrix,25,FALSE,ASSIGNED,Within 30 ft of tidal wetland or eel grass
93881,Mudflat/Dry Pond Bottom Mapping Unit,Mudflat,0.36466905025563084,FALSE,TRUE,FALSE,,FALSE,Tidal_mudflat,Tidal_saline_matrix,25,FALSE,ASSIGNED,Within 30 ft of tidal wetland or eel grass
93882,Mudflat/Dry Pond Bottom Mapping Unit,Mudflat,0.7628945801788283,FALSE,TRUE,FALSE,,FALSE,Tidal_mudflat,Tidal_saline_matrix,25,FALSE,ASSIGNED,Within 30 ft of tidal wetland or eel grass
93883,Mudflat/Dry Pond Bottom Mapping Unit,Mudflat,0.013915805420257683,FALSE,TRUE,FALSE,,FALSE,Tidal_mudflat,Tidal_saline_matrix,25,FALSE,ASSIGNED,Within 30 ft of tidal wetland or eel grass
93884,Mudflat/Dry Pond Bottom Mapping Unit,Mudflat,0.20632320739738752,FALSE,TRUE,FALSE,,FALSE,Tidal_mudflat,Tidal_saline_matrix,25,FALSE,ASSIGNED,Within 30 ft of tidal wetland or eel grass
93885,Mudflat/Dry Pond Bottom Mapping Unit,Mudflat,0.2500980286365176,FALSE,TRUE,FALSE,,FALSE,Tidal_mudflat,Tidal_saline_matrix,25,FALSE,ASSIGNED,Within 30 ft of tidal wetland or eel grass
93886,Mudflat/Dry Pond Bottom Mapping Unit,Mudflat,0.043634879380426844,FALSE,TRUE,FALSE,,FALSE,Tidal_mudflat,Tidal_saline_matrix,25,FALSE,ASSIGNED,Within 30 ft of tidal wetland or eel grass
93887,Mudflat/Dry Pond Bottom Mapping Unit,Mudflat,0.02768052672435654,FALSE,TRUE,FALSE,,FALSE,Tidal_mudflat,Tidal_saline_matrix,25,FALSE,ASSIGNED,Within 30 ft of tidal wetland or eel grass
93888,Mudflat/Dry Pond Bottom Mapping Unit,Mudflat,0.02190308124167854,FALSE,TRUE,FALSE,,FALSE,Tidal_mudflat,Tidal_saline_matrix,25,FALSE,ASSIGNED,Within 30 ft of tidal wetland or eel grass
93889,Mudflat/Dry Pond Bottom Mapping Unit,Mudflat,0.06632524851185832,FALSE,TRUE,FALSE,,FALSE,Tidal_mudflat,Tidal_saline_matrix,25,FALSE,ASSIGNED,Within 30 ft of tidal wetland or eel grass
93890,Mudflat/Dry Pond Bottom Mapping Unit,Mudflat,0.20233544958659905,FALSE,TRUE,FALSE,,FALSE,Tidal_mudflat,Tidal_saline_matrix,25,FALSE,ASSIGNED,Within 30 ft of tidal wetland or eel grass
93891,Mudflat/Dry Pond Bottom Mapping Unit,Mudflat,0.8306086632929768,FALSE,TRUE,FALSE,,FALSE,Tidal_mudflat,Tidal_saline_matrix,25,FALSE,ASSIGNED,Within 30 ft of tidal wetland or eel grass
93892,Mudflat/Dry Pond Bottom Mapping Unit,Mudflat,0.015032077817918514,FALSE,TRUE,FALSE,,FALSE,Tidal_mudflat,Tidal_saline_matrix,25,FALSE,ASSIGNED,Within 30 ft of tidal wetland or eel grass
93893,Mudflat/Dry Pond Bottom Mapping Unit,Mudflat,0.01807859446821332,FALSE,TRUE,FALSE,,FALSE,Tidal_mudflat,Tidal_saline_matrix,25,FALSE,ASSIGNED,Within 30 ft of tidal wetland or eel grass
93894,Mudflat/Dry Pond Bottom Mapping Unit,Mudflat,0.017621347152645184,FALSE,TRUE,FALSE,,FALSE,Tidal_mudflat,Tidal_saline_matrix,25,FALSE,ASSIGNED,Within 30 ft of tidal wetland or eel grass
93895,Mudflat/Dry Pond Bottom Mapping Unit,Mudflat,0.01549641586184436,FALSE,TRUE,FALSE,,FALSE,Tidal_mudflat,Tidal_saline_matrix,25,FALSE,ASSIGNED,Within 30 ft of tidal wetland or eel grass
93896,Mudflat/Dry Pond Bottom Mapping Unit,Mudflat,0.15802585426206833,FALSE,TRUE,FALSE,,FALSE,Tidal_mudflat,Tidal_saline_matrix,25,FALSE,ASSIGNED,Within 30 ft of tidal wetland or eel grass
93897,Mudflat/Dry Pond Bottom Mapping Unit,Mudflat,0.06066998150775257,FALSE,TRUE,FALSE,,FALSE,Tidal_mudflat,Tidal_saline_matrix,25,FALSE,ASSIGNED,Within 30 ft of tidal wetland or eel grass
93898,Mudflat/Dry Pond Bottom Mapping Unit,Mudflat,0.019490543776405255,FALSE,TRUE,FALSE,,FALSE,Tidal_mudflat,Tidal_saline_matrix,25,FALSE,ASSIGNED,Within 30 ft of tidal wetland or eel grass
93899,Mudflat/Dry Pond Bottom Mapping Unit,Mudflat,0.013962023141917376,FALSE,TRUE,FALSE,,FALSE,Tidal_mudflat,Tidal_saline_matrix,25,FALSE,ASSIGNED,Within 30 ft of tidal wetland or eel grass
93900,Mudflat/Dry Pond Bottom Mapping Unit,Mudflat,0.08530447338964134,FALSE,TRUE,FALSE,,FALSE,Tidal_mudflat,Tidal_saline_matrix,25,FALSE,ASSIGNED,Within 30 ft of tidal wetland or eel grass
93901,Mudflat/Dry Pond Bottom Mapping Unit,Mudflat,0.02077173676172144,FALSE,TRUE,FALSE,,FALSE,Tidal_mudflat,Tidal_saline_matrix,25,FALSE,ASSIGNED,Within 30 ft of tidal wetland or eel grass
93902,Mudflat/Dry Pond Bottom Mapping Unit,Mudflat,0.02419701179601819,FALSE,TRUE,FALSE,,FALSE,Tidal_mudflat,Tidal_saline_matrix,25,FALSE,ASSIGNED,Within 30 ft of tidal wetland or eel grass
93903,Mudflat/Dry Pond Bottom Mapping Unit,Mudflat,0.020190376633989954,FALSE,TRUE,FALSE,,FALSE,Tidal_mudflat,Tidal_saline_matrix,25,FALSE,ASSIGNED,Within 30 ft of tidal wetland or eel grass
93904,Mudflat/Dry Pond Bottom Mapping Unit,Mudflat,0.012635972106869774,FALSE,TRUE,FALSE,,FALSE,Tidal_mudflat,Tidal_saline_matrix,25,FALSE,ASSIGNED,Within 30 ft of tidal wetland or eel grass
93905,Mudflat/Dry Pond Bottom Mapping Unit,Mudflat,0.09063366805971883,FALSE,TRUE,FALSE,,FALSE,Tidal_mudflat,Tidal_saline_matrix,25,FALSE,ASSIGNED,Within 30 ft of tidal wetland or eel grass
93906,Mudflat/Dry Pond Bottom Mapping Unit,Mudflat,0.013564768141724137,FALSE,TRUE,FALSE,,FALSE,Tidal_mudflat,Tidal_saline_matrix,25,FALSE,ASSIGNED,Within 30 ft of tidal wetland or eel grass
93907,Mudflat/Dry Pond Bottom Mapping Unit,Mudflat,0.07711952079843776,FALSE,TRUE,FALSE,,FALSE,Tidal_mudflat,Tidal_saline_matrix,25,FALSE,ASSIGNED,Within 30 ft of tidal wetland or eel grass
93908,Mudflat/Dry Pond Bottom Mapping Unit,Mudflat,0.20105423494229904,FALSE,TRUE,FALSE,,FALSE,Tidal_mudflat,Tidal_saline_matrix,25,FALSE,ASSIGNED,Within 30 ft of tidal wetland or eel grass
93909,Mudflat/Dry Pond Bottom Mapping Unit,Mudflat,0.011791938466143079,FALSE,TRUE,FALSE,,FALSE,Tidal_mudflat,Tidal_saline_matrix,25,FALSE,ASSIGNED,Within 30 ft of tidal wetland or eel grass
93910,Mudflat/Dry Pond Bottom Mapping Unit,Mudflat,0.06648122899016749,FALSE,TRUE,FALSE,,FALSE,Tidal_mudflat,Tidal_saline_matrix,25,FALSE,ASSIGNED,Within 30 ft of tidal wetland or eel grass
93911,Mudflat/Dry Pond Bottom Mapping Unit,Mudflat,0.018878221492884387,FALSE,TRUE,FALSE,,FALSE,Tidal_mudflat,Tidal_saline_matrix,25,FALSE,ASSIGNED,Within 30 ft of tidal wetland or eel grass
93912,Mudflat/Dry Pond Bottom Mapping Unit,Mudflat,0.038215575275648415,FALSE,TRUE,FALSE,,FALSE,Tidal_mudflat,Tidal_saline_matrix,25,FALSE,ASSIGNED,Within 30 ft of tidal wetland or eel grass
93913,Mudflat/Dry Pond Bottom Mapping Unit,Mudflat,0.016941960483988817,FALSE,TRUE,FALSE,,FALSE,Tidal_mudflat,Tidal_saline_matrix,25,FALSE,ASSIGNED,Within 30 ft of tidal wetland or eel grass
93914,Mudflat/Dry Pond Bottom Mapping Unit,Mudflat,0.04552523151986985,FALSE,TRUE,FALSE,,FALSE,Tidal_mudflat,Tidal_saline_matrix,25,FALSE,ASSIGNED,Within 30 ft of tidal wetland or eel grass
93915,Mudflat/Dry Pond Bottom Mapping Unit,Mudflat,0.06437604160151408,FALSE,TRUE,FALSE,,FALSE,Tidal_mudflat,Tidal_saline_matrix,25,FALSE,ASSIGNED,Within 30 ft of tidal wetland or eel grass
93916,Mudflat/Dry Pond Bottom Mapping Unit,Mudflat,0.10168389619736809,FALSE,TRUE,FALSE,,FALSE,Tidal_mudflat,Tidal_saline_matrix,25,FALSE,ASSIGNED,Within 30 ft of tidal wetland or eel grass
93917,Mudflat/Dry Pond Bottom Mapping Unit,Mudflat,0.030556626017830758,FALSE,TRUE,FALSE,,FALSE,Tidal_mudflat,Tidal_saline_matrix,25,FALSE,ASSIGNED,Within 30 ft of tidal wetland or eel grass
93918,Mudflat/Dry Pond Bottom Mapping Unit,Mudflat,0.01323989027712944,FALSE,TRUE,FALSE,,FALSE,Tidal_mudflat,Tidal_saline_matrix,25,FALSE,ASSIGNED,Within 30 ft of tidal wetland or eel grass
93919,Mudflat/Dry Pond Bottom Mapping Unit,Mudflat,0.10915230472237336,FALSE,TRUE,FALSE,,FALSE,Tidal_mudflat,Tidal_saline_matrix,25,FALSE,ASSIGNED,Within 30 ft of tidal wetland or eel grass
93920,Mudflat/Dry Pond Bottom Mapping Unit,Mudflat,0.035284681860233584,FALSE,TRUE,FALSE,,FALSE,Tidal_mudflat,Tidal_saline_matrix,25,FALSE,ASSIGNED,Within 30 ft of tidal wetland or eel grass
93921,Mudflat/Dry Pond Bottom Mapping Unit,Mudflat,0.03751144134992113,FALSE,TRUE,FALSE,,FALSE,Tidal_mudflat,Tidal_saline_matrix,25,FALSE,ASSIGNED,Within 30 ft of tidal wetland or eel grass
93922,Mudflat/Dry Pond Bottom Mapping Unit,Mudflat,0.0374885677790523,FALSE,TRUE,FALSE,,FALSE,Tidal_mudflat,Tidal_saline_matrix,25,FALSE,ASSIGNED,Within 30 ft of tidal wetland or eel grass
93923,Mudflat/Dry Pond Bottom Mapping Unit,Mudflat,0.07373635289153234,FALSE,TRUE,FALSE,,FALSE,Tidal_mudflat,Tidal_saline_matrix,25,FALSE,ASSIGNED,Within 30 ft of tidal wetland or eel grass
93924,Mudflat/Dry Pond Bottom Mapping Unit,Mudflat,0.03602570637956467,FALSE,TRUE,FALSE,,FALSE,Tidal_mudflat,Tidal_saline_matrix,25,FALSE,ASSIGNED,Within 30 ft of tidal wetland or eel grass
93925,Mudflat/Dry Pond Bottom Mapping Unit,Mudflat,0.03458172932505995,FALSE,TRUE,FALSE,,FALSE,Tidal_mudflat,Tidal_saline_matrix,25,FALSE,ASSIGNED,Within 30 ft of tidal wetland or eel grass
93926,Mudflat/Dry Pond Bottom Mapping Unit,Mudflat,0.041918813337770124,FALSE,TRUE,FALSE,,FALSE,Tidal_mudflat,Tidal_saline_matrix,25,FALSE,ASSIGNED,Within 30 ft of tidal wetland or eel grass
93927,Mudflat/Dry Pond Bottom Mapping Unit,Mudflat,0.1310067621590786,FALSE,TRUE,FALSE,,FALSE,Tidal_mudflat,Tidal_saline_matrix,25,FALSE,ASSIGNED,Within 30 ft of tidal wetland or eel grass
93928,Mudflat/Dry Pond Bottom Mapping Unit,Mudflat,0.022325521876353675,FALSE,TRUE,FALSE,,FALSE,Tidal_mudflat,Tidal_saline_matrix,25,FALSE,ASSIGNED,Within 30 ft of tidal wetland or eel grass
93929,Mudflat/Dry Pond Bottom Mapping Unit,Mudflat,0.013964072703859931,FALSE,TRUE,FALSE,,FALSE,Tidal_mudflat,Tidal_saline_matrix,25,FALSE,ASSIGNED,Within 30 ft of tidal wetland or eel grass
93930,Mudflat/Dry Pond Bottom Mapping Unit,Mudflat,0.01612731975661617,FALSE,TRUE,FALSE,,FALSE,Tidal_mudflat,Tidal_saline_matrix,25,FALSE,ASSIGNED,Within 30 ft of tidal wetland or eel grass
93931,Mudflat/Dry Pond Bottom Mapping Unit,Mudflat,0.01283270802960382,FALSE,TRUE,FALSE,,FALSE,Tidal_mudflat,Tidal_saline_matrix,25,FALSE,ASSIGNED,Within 30 ft of tidal wetland or eel grass
93932,Mudflat/Dry Pond Bottom Mapping Unit,Mudflat,0.04708503094119983,FALSE,TRUE,FALSE,,FALSE,Tidal_mudflat,Tidal_saline_matrix,25,FALSE,ASSIGNED,Within 30 ft of tidal wetland or eel grass
93933,Mudflat/Dry Pond Bottom Mapping Unit,Mudflat,0.044699870701253516,FALSE,TRUE,FALSE,,FALSE,Tidal_mudflat,Tidal_saline_matrix,25,FALSE,ASSIGNED,Within 30 ft of tidal wetland or eel grass
93934,Mudflat/Dry Pond Bottom Mapping Unit,Mudflat,0.04357698674908996,FALSE,TRUE,FALSE,,FALSE,Tidal_mudflat,Tidal_saline_matrix,25,FALSE,ASSIGNED,Within 30 ft of tidal wetland or eel grass
93935,Mudflat/Dry Pond Bottom Mapping Unit,Mudflat,0.04168369996987396,FALSE,TRUE,FALSE,,FALSE,Tidal_mudflat,Tidal_saline_matrix,25,FALSE,ASSIGNED,Within 30 ft of tidal wetland or eel grass
93936,Mudflat/Dry Pond Bottom Mapping Unit,Mudflat,0.04504124006721836,FALSE,TRUE,FALSE,,FALSE,Tidal_mudflat,Tidal_saline_matrix,25,FALSE,ASSIGNED,Within 30 ft of tidal wetland or eel grass
93937,Mudflat/Dry Pond Bottom Mapping Unit,Mudflat,0.02284751955764031,FALSE,TRUE,FALSE,,FALSE,Tidal_mudflat,Tidal_saline_matrix,25,FALSE,ASSIGNED,Within 30 ft of tidal wetland or eel grass
93938,Mudflat/Dry Pond Bottom Mapping Unit,Mudflat,0.059747265651457916,FALSE,TRUE,FALSE,,FALSE,Tidal_mudflat,Tidal_saline_matrix,25,FALSE,ASSIGNED,Within 30 ft of tidal wetland or eel grass
93939,Mudflat/Dry Pond Bottom Mapping Unit,Mudflat,0.15011277701759482,FALSE,TRUE,FALSE,,FALSE,Tidal_mudflat,Tidal_saline_matrix,25,FALSE,ASSIGNED,Within 30 ft of tidal wetland or eel grass
93940,Mudflat/Dry Pond Bottom Mapping Unit,Mudflat,0.017855383255703544,FALSE,TRUE,FALSE,,FALSE,Tidal_mudflat,Tidal_saline_matrix,25,FALSE,ASSIGNED,Within 30 ft of tidal wetland or eel grass
93941,Mudflat/Dry Pond Bottom Mapping Unit,Mudflat,0.021820170558922027,FALSE,TRUE,FALSE,,FALSE,Tidal_mudflat,Tidal_saline_matrix,25,FALSE,ASSIGNED,Within 30 ft of tidal wetland or eel grass
93942,Mudflat/Dry Pond Bottom Mapping Unit,Mudflat,0.03108720543717458,FALSE,TRUE,FALSE,,FALSE,Tidal_mudflat,Tidal_saline_matrix,25,FALSE,ASSIGNED,Within 30 ft of tidal wetland or eel grass
93943,Mudflat/Dry Pond Bottom Mapping Unit,Mudflat,0.08279410760046246,FALSE,TRUE,FALSE,,FALSE,Tidal_mudflat,Tidal_saline_matrix,25,FALSE,ASSIGNED,Within 30 ft of tidal wetland or eel grass
93944,Mudflat/Dry Pond Bottom Mapping Unit,Mudflat,0.027145103397088196,FALSE,TRUE,FALSE,,FALSE,Tidal_mudflat,Tidal_saline_matrix,25,FALSE,ASSIGNED,Within 30 ft of tidal wetland or eel grass
93945,Mudflat/Dry Pond Bottom Mapping Unit,Mudflat,0.026033021497643017,FALSE,TRUE,FALSE,,FALSE,Tidal_mudflat,Tidal_saline_matrix,25,FALSE,ASSIGNED,Within 30 ft of tidal wetland or eel grass
93946,Mudflat/Dry Pond Bottom Mapping Unit,Mudflat,0.01649447380777981,FALSE,TRUE,FALSE,,FALSE,Tidal_mudflat,Tidal_saline_matrix,25,FALSE,ASSIGNED,Within 30 ft of tidal wetland or eel grass
93947,Mudflat/Dry Pond Bottom Mapping Unit,Mudflat,0.03214382808518524,FALSE,TRUE,FALSE,,FALSE,Tidal_mudflat,Tidal_saline_matrix,25,FALSE,ASSIGNED,Within 30 ft of tidal wetland or eel grass
93948,Mudflat/Dry Pond Bottom Mapping Unit,Mudflat,0.018044381546282,FALSE,TRUE,FALSE,,FALSE,Tidal_mudflat,Tidal_saline_matrix,25,FALSE,ASSIGNED,Within 30 ft of tidal wetland or eel grass
93949,Mudflat/Dry Pond Bottom Mapping Unit,Mudflat,0.5186894115657223,FALSE,TRUE,FALSE,,FALSE,Tidal_mudflat,Tidal_saline_matrix,25,FALSE,ASSIGNED,Within 30 ft of tidal wetland or eel grass
93950,Mudflat/Dry Pond Bottom Mapping Unit,Mudflat,0.02392704383877232,FALSE,TRUE,FALSE,,FALSE,Tidal_mudflat,Tidal_saline_matrix,25,FALSE,ASSIGNED,Within 30 ft of tidal wetland or eel grass
93951,Mudflat/Dry Pond Bottom Mapping Unit,Mudflat,0.17021832655796668,FALSE,TRUE,FALSE,,FALSE,Tidal_mudflat,Tidal_saline_matrix,25,FALSE,ASSIGNED,Within 30 ft of tidal wetland or eel grass
93952,Mudflat/Dry Pond Bottom Mapping Unit,Mudflat,1.389571470331766,FALSE,TRUE,FALSE,,FALSE,Tidal_mudflat,Tidal_saline_matrix,25,FALSE,ASSIGNED,Within 30 ft of tidal wetland or eel grass
93953,Mudflat/Dry Pond Bottom Mapping Unit,Mudflat,0.1268479267833263,FALSE,TRUE,FALSE,,FALSE,Tidal_mudflat,Tidal_saline_matrix,25,FALSE,ASSIGNED,Within 30 ft of tidal wetland or eel grass
93954,Mudflat/Dry Pond Bottom Mapping Unit,Mudflat,0.08682543559688037,FALSE,TRUE,FALSE,,FALSE,Tidal_mudflat,Tidal_saline_matrix,25,FALSE,ASSIGNED,Within 30 ft of tidal wetland or eel grass
93955,Mudflat/Dry Pond Bottom Mapping Unit,Mudflat,0.01523475956666727,FALSE,TRUE,FALSE,,FALSE,Tidal_mudflat,Tidal_saline_matrix,25,FALSE,ASSIGNED,Within 30 ft of tidal wetland or eel grass
93956,Mudflat/Dry Pond Bottom Mapping Unit,Mudflat,4.795752116483553,FALSE,TRUE,FALSE,,FALSE,Tidal_mudflat,Tidal_saline_matrix,25,FALSE,ASSIGNED,Within 30 ft of tidal wetland or eel grass
93957,Mudflat/Dry Pond Bottom Mapping Unit,Mudflat,0.04479940769923785,FALSE,TRUE,FALSE,,FALSE,Tidal_mudflat,Tidal_saline_matrix,25,FALSE,ASSIGNED,Within 30 ft of tidal wetland or eel grass
93958,Mudflat/Dry Pond Bottom Mapping Unit,Mudflat,0.02735813451930051,FALSE,TRUE,FALSE,,FALSE,Tidal_mudflat,Tidal_saline_matrix,25,FALSE,ASSIGNED,Within 30 ft of tidal wetland or eel grass
93959,Mudflat/Dry Pond Bottom Mapping Unit,Mudflat,0.03809695459395734,FALSE,TRUE,FALSE,,FALSE,Tidal_mudflat,Tidal_saline_matrix,25,FALSE,ASSIGNED,Within 30 ft of tidal wetland or eel grass
93960,Mudflat/Dry Pond Bottom Mapping Unit,Mudflat,0.012775225865495787,FALSE,TRUE,FALSE,,FALSE,Tidal_mudflat,Tidal_saline_matrix,25,FALSE,ASSIGNED,Within 30 ft of tidal wetland or eel grass
93961,Mudflat/Dry Pond Bottom Mapping Unit,Mudflat,0.30406503254129685,FALSE,TRUE,FALSE,,FALSE,Tidal_mudflat,Tidal_saline_matrix,25,FALSE,ASSIGNED,Within 30 ft of tidal wetland or eel grass
93962,Mudflat/Dry Pond Bottom Mapping Unit,Mudflat,0.017781889490663467,FALSE,TRUE,FALSE,,FALSE,Tidal_mudflat,Tidal_saline_matrix,25,FALSE,ASSIGNED,Within 30 ft of tidal wetland or eel grass
93963,Mudflat/Dry Pond Bottom Mapping Unit,Mudflat,0.17454265385561388,FALSE,TRUE,FALSE,,FALSE,Tidal_mudflat,Tidal_saline_matrix,25,FALSE,ASSIGNED,Within 30 ft of tidal wetland or eel grass
93964,Mudflat/Dry Pond Bottom Mapping Unit,Mudflat,0.1655025311006952,FALSE,TRUE,FALSE,,FALSE,Tidal_mudflat,Tidal_saline_matrix,25,FALSE,ASSIGNED,Within 30 ft of tidal wetland or eel grass
93965,Mudflat/Dry Pond Bottom Mapping Unit,Mudflat,0.07239387545052083,FALSE,TRUE,FALSE,,FALSE,Tidal_mudflat,Tidal_saline_matrix,25,FALSE,ASSIGNED,Within 30 ft of tidal wetland or eel grass
93966,Mudflat/Dry Pond Bottom Mapping Unit,Mudflat,0.4066113790267998,FALSE,TRUE,FALSE,,FALSE,Tidal_mudflat,Tidal_saline_matrix,25,FALSE,ASSIGNED,Within 30 ft of tidal wetland or eel grass
93967,Mudflat/Dry Pond Bottom Mapping Unit,Mudflat,0.06693573686717594,FALSE,TRUE,FALSE,,FALSE,Tidal_mudflat,Tidal_saline_matrix,25,FALSE,ASSIGNED,Within 30 ft of tidal wetland or eel grass
93968,Mudflat/Dry Pond Bottom Mapping Unit,Mudflat,0.015982494668711655,FALSE,TRUE,FALSE,,FALSE,Tidal_mudflat,Tidal_saline_matrix,25,FALSE,ASSIGNED,Within 30 ft of tidal wetland or eel grass
93969,Mudflat/Dry Pond Bottom Mapping Unit,Mudflat,0.09165368012219403,FALSE,TRUE,FALSE,,FALSE,Tidal_mudflat,Tidal_saline_matrix,25,FALSE,ASSIGNED,Within 30 ft of tidal wetland or eel grass
93970,Mudflat/Dry Pond Bottom Mapping Unit,Mudflat,0.25289735588603607,FALSE,TRUE,FALSE,,FALSE,Tidal_mudflat,Tidal_saline_matrix,25,FALSE,ASSIGNED,Within 30 ft of tidal wetland or eel grass
93971,Mudflat/Dry Pond Bottom Mapping Unit,Mudflat,0.018274220180719045,FALSE,TRUE,FALSE,,FALSE,Tidal_mudflat,Tidal_saline_matrix,25,FALSE,ASSIGNED,Within 30 ft of tidal wetland or eel grass
93972,Mudflat/Dry Pond Bottom Mapping Unit,Mudflat,3.3663333371612922,FALSE,TRUE,FALSE,,FALSE,Tidal_mudflat,Tidal_saline_matrix,25,FALSE,ASSIGNED,Within 30 ft of tidal wetland or eel grass
93973,Mudflat/Dry Pond Bottom Mapping Unit,Mudflat,0.21104039242231948,FALSE,TRUE,FALSE,,FALSE,Tidal_mudflat,Tidal_saline_matrix,25,FALSE,ASSIGNED,Within 30 ft of tidal wetland or eel grass
93974,Mudflat/Dry Pond Bottom Mapping Unit,Mudflat,0.10235409484011926,FALSE,TRUE,FALSE,,FALSE,Tidal_mudflat,Tidal_saline_matrix,25,FALSE,ASSIGNED,Within 30 ft of tidal wetland or eel grass
93975,Mudflat/Dry Pond Bottom Mapping Unit,Mudflat,0.09882514535333184,FALSE,TRUE,FALSE,,FALSE,Tidal_mudflat,Tidal_saline_matrix,25,FALSE,ASSIGNED,Within 30 ft of tidal wetland or eel grass
93976,Mudflat/Dry Pond Bottom Mapping Unit,Mudflat,0.7777121351828394,FALSE,TRUE,FALSE,,FALSE,Tidal_mudflat,Tidal_saline_matrix,25,FALSE,ASSIGNED,Within 30 ft of tidal wetland or eel grass
93977,Mudflat/Dry Pond Bottom Mapping Unit,Mudflat,0.04195363523951614,FALSE,TRUE,FALSE,,FALSE,Tidal_mudflat,Tidal_saline_matrix,25,FALSE,ASSIGNED,Within 30 ft of tidal wetland or eel grass
93978,Mudflat/Dry Pond Bottom Mapping Unit,Mudflat,0.023576581545603662,FALSE,TRUE,FALSE,,FALSE,Tidal_mudflat,Tidal_saline_matrix,25,FALSE,ASSIGNED,Within 30 ft of tidal wetland or eel grass
93979,Mudflat/Dry Pond Bottom Mapping Unit,Mudflat,0.37577596628715115,FALSE,TRUE,FALSE,,FALSE,Tidal_mudflat,Tidal_saline_matrix,25,FALSE,ASSIGNED,Within 30 ft of tidal wetland or eel grass
93980,Mudflat/Dry Pond Bottom Mapping Unit,Mudflat,0.0508486454771827,FALSE,TRUE,FALSE,,FALSE,Tidal_mudflat,Tidal_saline_matrix,25,FALSE,ASSIGNED,Within 30 ft of tidal wetland or eel grass
93981,Mudflat/Dry Pond Bottom Mapping Unit,Mudflat,6.03489659002852,FALSE,TRUE,FALSE,,FALSE,Tidal_mudflat,Tidal_saline_matrix,25,FALSE,ASSIGNED,Within 30 ft of tidal wetland or eel grass
93982,Mudflat/Dry Pond Bottom Mapping Unit,Mudflat,0.3558359726994301,FALSE,TRUE,FALSE,,FALSE,Tidal_mudflat,Tidal_saline_matrix,25,FALSE,ASSIGNED,Within 30 ft of tidal wetland or eel grass
93983,Mudflat/Dry Pond Bottom Mapping Unit,Mudflat,0.25965398843724563,FALSE,TRUE,FALSE,,FALSE,Tidal_mudflat,Tidal_saline_matrix,25,FALSE,ASSIGNED,Within 30 ft of tidal wetland or eel grass
93984,Mudflat/Dry Pond Bottom Mapping Unit,Mudflat,7.556802692588213,FALSE,TRUE,FALSE,,FALSE,Tidal_mudflat,Tidal_saline_matrix,25,FALSE,ASSIGNED,Within 30 ft of tidal wetland or eel grass
93985,Mudflat/Dry Pond Bottom Mapping Unit,Mudflat,3.2510527464999237,FALSE,TRUE,FALSE,,FALSE,Tidal_mudflat,Tidal_saline_matrix,25,FALSE,ASSIGNED,Within 30 ft of tidal wetland or eel grass
93986,Mudflat/Dry Pond Bottom Mapping Unit,Mudflat,0.11521368034980761,FALSE,TRUE,FALSE,,FALSE,Tidal_mudflat,Tidal_saline_matrix,25,FALSE,ASSIGNED,Within 30 ft of tidal wetland or eel grass
93987,Mudflat/Dry Pond Bottom Mapping Unit,Mudflat,0.022130396715773704,FALSE,TRUE,FALSE,,FALSE,Tidal_mudflat,Tidal_saline_matrix,25,FALSE,ASSIGNED,Within 30 ft of tidal wetland or eel grass
93988,Mudflat/Dry Pond Bottom Mapping Unit,Mudflat,0.2277289549941966,FALSE,TRUE,FALSE,,FALSE,Tidal_mudflat,Tidal_saline_matrix,25,FALSE,ASSIGNED,Within 30 ft of tidal wetland or eel grass
93989,Mudflat/Dry Pond Bottom Mapping Unit,Mudflat,0.042569409918073176,FALSE,TRUE,FALSE,,FALSE,Tidal_mudflat,Tidal_saline_matrix,25,FALSE,ASSIGNED,Within 30 ft of tidal wetland or eel grass
93990,Mudflat/Dry Pond Bottom Mapping Unit,Mudflat,0.07532219322733479,FALSE,TRUE,FALSE,,FALSE,Tidal_mudflat,Tidal_saline_matrix,25,FALSE,ASSIGNED,Within 30 ft of tidal wetland or eel grass
93991,Mudflat/Dry Pond Bottom Mapping Unit,Mudflat,0.47359972396977223,FALSE,TRUE,FALSE,,FALSE,Tidal_mudflat,Tidal_saline_matrix,25,FALSE,ASSIGNED,Within 30 ft of tidal wetland or eel grass
93992,Mudflat/Dry Pond Bottom Mapping Unit,Mudflat,0.46265419112177525,FALSE,TRUE,FALSE,,FALSE,Tidal_mudflat,Tidal_saline_matrix,25,FALSE,ASSIGNED,Within 30 ft of tidal wetland or eel grass
93993,Mudflat/Dry Pond Bottom Mapping Unit,Mudflat,0.055165032215986023,FALSE,TRUE,FALSE,,FALSE,Tidal_mudflat,Tidal_saline_matrix,25,FALSE,ASSIGNED,Within 30 ft of tidal wetland or eel grass
93994,Mudflat/Dry Pond Bottom Mapping Unit,Mudflat,0.7363253234883633,FALSE,TRUE,FALSE,,FALSE,Tidal_mudflat,Tidal_saline_matrix,25,FALSE,ASSIGNED,Within 30 ft of tidal wetland or eel grass
93995,Mudflat/Dry Pond Bottom Mapping Unit,Mudflat,0.6160523977392562,FALSE,TRUE,FALSE,,FALSE,Tidal_mudflat,Tidal_saline_matrix,25,FALSE,ASSIGNED,Within 30 ft of tidal wetland or eel grass
93996,Mudflat/Dry Pond Bottom Mapping Unit,Mudflat,0.013835075693471205,FALSE,TRUE,FALSE,,FALSE,Tidal_mudflat,Tidal_saline_matrix,25,FALSE,ASSIGNED,Within 30 ft of tidal wetland or eel grass
93997,Mudflat/Dry Pond Bottom Mapping Unit,Mudflat,0.10574202069845542,FALSE,TRUE,FALSE,,FALSE,Tidal_mudflat,Tidal_saline_matrix,25,FALSE,ASSIGNED,Within 30 ft of tidal wetland or eel grass
93998,Mudflat/Dry Pond Bottom Mapping Unit,Mudflat,0.10645038043908893,FALSE,TRUE,FALSE,,FALSE,Tidal_mudflat,Tidal_saline_matrix,25,FALSE,ASSIGNED,Within 30 ft of tidal wetland or eel grass
93999,Mudflat/Dry Pond Bottom Mapping Unit,Mudflat,0.10195982704563851,FALSE,TRUE,FALSE,,FALSE,Tidal_mudflat,Tidal_saline_matrix,25,FALSE,ASSIGNED,Within 30 ft of tidal wetland or eel grass
94000,Mudflat/Dry Pond Bottom Mapping Unit,Mudflat,0.3213720056484582,FALSE,TRUE,FALSE,,FALSE,Tidal_mudflat,Tidal_saline_matrix,25,FALSE,ASSIGNED,Within 30 ft of tidal wetland or eel grass
94001,Mudflat/Dry Pond Bottom Mapping Unit,Mudflat,0.6066107060213758,FALSE,TRUE,FALSE,,FALSE,Tidal_mudflat,Tidal_saline_matrix,25,FALSE,ASSIGNED,Within 30 ft of tidal wetland or eel grass
94002,Mudflat/Dry Pond Bottom Mapping Unit,Mudflat,0.041734226259036965,FALSE,TRUE,FALSE,,FALSE,Tidal_mudflat,Tidal_saline_matrix,25,FALSE,ASSIGNED,Within 30 ft of tidal wetland or eel grass
94003,Mudflat/Dry Pond Bottom Mapping Unit,Mudflat,0.035853618077547236,FALSE,TRUE,FALSE,,FALSE,Tidal_mudflat,Tidal_saline_matrix,25,FALSE,ASSIGNED,Within 30 ft of tidal wetland or eel grass
94004,Mudflat/Dry Pond Bottom Mapping Unit,Mudflat,0.077266768088357,FALSE,TRUE,FALSE,,FALSE,Tidal_mudflat,Tidal_saline_matrix,25,FALSE,ASSIGNED,Within 30 ft of tidal wetland or eel grass
94005,Mudflat/Dry Pond Bottom Mapping Unit,Mudflat,0.03378157342467117,FALSE,TRUE,FALSE,,FALSE,Tidal_mudflat,Tidal_saline_matrix,25,FALSE,ASSIGNED,Within 30 ft of tidal wetland or eel grass
94006,Mudflat/Dry Pond Bottom Mapping Unit,Mudflat,0.03326456323095848,FALSE,TRUE,FALSE,,FALSE,Tidal_mudflat,Tidal_saline_matrix,25,FALSE,ASSIGNED,Within 30 ft of tidal wetland or eel grass
94007,Mudflat/Dry Pond Bottom Mapping Unit,Mudflat,0.23823123031911417,FALSE,TRUE,FALSE,,FALSE,Tidal_mudflat,Tidal_saline_matrix,25,FALSE,ASSIGNED,Within 30 ft of tidal wetland or eel grass
94008,Mudflat/Dry Pond Bottom Mapping Unit,Mudflat,0.018503162538519684,FALSE,TRUE,FALSE,,FALSE,Tidal_mudflat,Tidal_saline_matrix,25,FALSE,ASSIGNED,Within 30 ft of tidal wetland or eel grass
94009,Mudflat/Dry Pond Bottom Mapping Unit,Mudflat,0.04809465341961765,FALSE,TRUE,FALSE,,FALSE,Tidal_mudflat,Tidal_saline_matrix,25,FALSE,ASSIGNED,Within 30 ft of tidal wetland or eel grass
94010,Mudflat/Dry Pond Bottom Mapping Unit,Mudflat,0.01453184073316108,FALSE,TRUE,FALSE,,FALSE,Tidal_mudflat,Tidal_saline_matrix,25,FALSE,ASSIGNED,Within 30 ft of tidal wetland or eel grass
94011,Mudflat/Dry Pond Bottom Mapping Unit,Mudflat,0.24726376999772573,FALSE,TRUE,FALSE,,FALSE,Tidal_mudflat,Tidal_saline_matrix,25,FALSE,ASSIGNED,Within 30 ft of tidal wetland or eel grass
94012,Mudflat/Dry Pond Bottom Mapping Unit,Mudflat,0.01978907189940396,FALSE,TRUE,FALSE,,FALSE,Tidal_mudflat,Tidal_saline_matrix,25,FALSE,ASSIGNED,Within 30 ft of tidal wetland or eel grass
94013,Mudflat/Dry Pond Bottom Mapping Unit,Mudflat,0.014577663856248545,FALSE,TRUE,FALSE,,FALSE,Tidal_mudflat,Tidal_saline_matrix,25,FALSE,ASSIGNED,Within 30 ft of tidal wetland or eel grass
94014,Mudflat/Dry Pond Bottom Mapping Unit,Mudflat,0.014003722524898454,FALSE,TRUE,FALSE,,FALSE,Tidal_mudflat,Tidal_saline_matrix,25,FALSE,ASSIGNED,Within 30 ft of tidal wetland or eel grass
94015,Mudflat/Dry Pond Bottom Mapping Unit,Mudflat,10.74046087458767,FALSE,TRUE,FALSE,,FALSE,Tidal_mudflat,Tidal_saline_matrix,25,FALSE,ASSIGNED,Within 30 ft of tidal wetland or eel grass
94016,Mudflat/Dry Pond Bottom Mapping Unit,Mudflat,0.009291814532162046,FALSE,TRUE,FALSE,,FALSE,Tidal_mudflat,Tidal_saline_matrix,25,FALSE,ASSIGNED,Within 30 ft of tidal wetland or eel grass
94017,Mudflat/Dry Pond Bottom Mapping Unit,Mudflat,13.007001013567839,FALSE,TRUE,FALSE,,FALSE,Tidal_mudflat,Tidal_saline_matrix,25,FALSE,ASSIGNED,Within 30 ft of tidal wetland or eel grass
94018,Mudflat/Dry Pond Bottom Mapping Unit,Mudflat,0.018640933164917887,FALSE,TRUE,FALSE,,FALSE,Tidal_mudflat,Tidal_saline_matrix,25,FALSE,ASSIGNED,Within 30 ft of tidal wetland or eel grass
94019,Mudflat/Dry Pond Bottom Mapping Unit,Mudflat,0.019995373841860765,FALSE,TRUE,FALSE,,FALSE,Tidal_mudflat,Tidal_saline_matrix,25,FALSE,ASSIGNED,Within 30 ft of tidal wetland or eel grass
94020,Mudflat/Dry Pond Bottom Mapping Unit,Mudflat,0.09789100603544668,FALSE,TRUE,FALSE,,FALSE,Tidal_mudflat,Tidal_saline_matrix,25,FALSE,ASSIGNED,Within 30 ft of tidal wetland or eel grass
94021,Mudflat/Dry Pond Bottom Mapping Unit,Mudflat,0.020913598621544457,FALSE,TRUE,FALSE,,FALSE,Tidal_mudflat,Tidal_saline_matrix,25,FALSE,ASSIGNED,Within 30 ft of tidal wetland or eel grass
94022,Mudflat/Dry Pond Bottom Mapping Unit,Mudflat,0.46404190735599604,FALSE,TRUE,FALSE,,FALSE,Tidal_mudflat,Tidal_saline_matrix,25,FALSE,ASSIGNED,Within 30 ft of tidal wetland or eel grass
94023,Mudflat/Dry Pond Bottom Mapping Unit,Mudflat,0.1422564607308095,FALSE,TRUE,FALSE,,FALSE,Tidal_mudflat,Tidal_saline_matrix,25,FALSE,ASSIGNED,Within 30 ft of tidal wetland or eel grass
94024,Mudflat/Dry Pond Bottom Mapping Unit,Mudflat,0.7857953489146468,FALSE,TRUE,FALSE,,FALSE,Tidal_mudflat,Tidal_saline_matrix,25,FALSE,ASSIGNED,Within 30 ft of tidal wetland or eel grass
94025,Mudflat/Dry Pond Bottom Mapping Unit,Mudflat,1.1871309588544583,FALSE,TRUE,FALSE,,FALSE,Tidal_mudflat,Tidal_saline_matrix,25,FALSE,ASSIGNED,Within 30 ft of tidal wetland or eel grass
94026,Mudflat/Dry Pond Bottom Mapping Unit,Mudflat,0.037258992426013784,FALSE,TRUE,FALSE,,FALSE,Tidal_mudflat,Tidal_saline_matrix,25,FALSE,ASSIGNED,Within 30 ft of tidal wetland or eel grass
94027,Mudflat/Dry Pond Bottom Mapping Unit,Mudflat,0.017216518838579425,FALSE,TRUE,FALSE,,FALSE,Tidal_mudflat,Tidal_saline_matrix,25,FALSE,ASSIGNED,Within 30 ft of tidal wetland or eel grass
94028,Mudflat/Dry Pond Bottom Mapping Unit,Mudflat,0.015307479445744487,FALSE,TRUE,FALSE,,FALSE,Tidal_mudflat,Tidal_saline_matrix,25,FALSE,ASSIGNED,Within 30 ft of tidal wetland or eel grass
94029,Mudflat/Dry Pond Bottom Mapping Unit,Mudflat,0.03390743506593324,FALSE,TRUE,FALSE,,FALSE,Tidal_mudflat,Tidal_saline_matrix,25,FALSE,ASSIGNED,Within 30 ft of tidal wetland or eel grass
94030,Mudflat/Dry Pond Bottom Mapping Unit,Mudflat,0.09272261174343434,FALSE,TRUE,FALSE,,FALSE,Tidal_mudflat,Tidal_saline_matrix,25,FALSE,ASSIGNED,Within 30 ft of tidal wetland or eel grass
94031,Mudflat/Dry Pond Bottom Mapping Unit,Mudflat,0.04494945824895059,FALSE,TRUE,FALSE,,FALSE,Tidal_mudflat,Tidal_saline_matrix,25,FALSE,ASSIGNED,Within 30 ft of tidal wetland or eel grass
94032,Mudflat/Dry Pond Bottom Mapping Unit,Mudflat,0.01981167465326313,FALSE,TRUE,FALSE,,FALSE,Tidal_mudflat,Tidal_saline_matrix,25,FALSE,ASSIGNED,Within 30 ft of tidal wetland or eel grass
94033,Mudflat/Dry Pond Bottom Mapping Unit,Mudflat,0.014439795315118168,FALSE,TRUE,FALSE,,FALSE,Tidal_mudflat,Tidal_saline_matrix,25,FALSE,ASSIGNED,Within 30 ft of tidal wetland or eel grass
94034,Mudflat/Dry Pond Bottom Mapping Unit,Mudflat,1.330295346563277,FALSE,TRUE,FALSE,,FALSE,Tidal_mudflat,Tidal_saline_matrix,25,FALSE,ASSIGNED,Within 30 ft of tidal wetland or eel grass
94035,Mudflat/Dry Pond Bottom Mapping Unit,Mudflat,0.06055530290681695,FALSE,TRUE,FALSE,,FALSE,Tidal_mudflat,Tidal_saline_matrix,25,FALSE,ASSIGNED,Within 30 ft of tidal wetland or eel grass
94036,Mudflat/Dry Pond Bottom Mapping Unit,Mudflat,0.02555088457392875,FALSE,TRUE,FALSE,,FALSE,Tidal_mudflat,Tidal_saline_matrix,25,FALSE,ASSIGNED,Within 30 ft of tidal wetland or eel grass
94037,Mudflat/Dry Pond Bottom Mapping Unit,Mudflat,0.02346191830282096,FALSE,TRUE,FALSE,,FALSE,Tidal_mudflat,Tidal_saline_matrix,25,FALSE,ASSIGNED,Within 30 ft of tidal wetland or eel grass
94038,Mudflat/Dry Pond Bottom Mapping Unit,Mudflat,0.9064470762814307,FALSE,TRUE,FALSE,,FALSE,Tidal_mudflat,Tidal_saline_matrix,25,FALSE,ASSIGNED,Within 30 ft of tidal wetland or eel grass
94039,Mudflat/Dry Pond Bottom Mapping Unit,Mudflat,0.05112495185354723,FALSE,TRUE,FALSE,,FALSE,Tidal_mudflat,Tidal_saline_matrix,25,FALSE,ASSIGNED,Within 30 ft of tidal wetland or eel grass
94040,Mudflat/Dry Pond Bottom Mapping Unit,Mudflat,0.014738233057418533,FALSE,TRUE,FALSE,,FALSE,Tidal_mudflat,Tidal_saline_matrix,25,FALSE,ASSIGNED,Within 30 ft of tidal wetland or eel grass
94041,Mudflat/Dry Pond Bottom Mapping Unit,Mudflat,0.025895424110922636,FALSE,TRUE,FALSE,,FALSE,Tidal_mudflat,Tidal_saline_matrix,25,FALSE,ASSIGNED,Within 30 ft of tidal wetland or eel grass
94042,Mudflat/Dry Pond Bottom Mapping Unit,Mudflat,0.014922154428122184,FALSE,TRUE,FALSE,,FALSE,Tidal_mudflat,Tidal_saline_matrix,25,FALSE,ASSIGNED,Within 30 ft of tidal wetland or eel grass
94043,Mudflat/Dry Pond Bottom Mapping Unit,Mudflat,0.02536736615254332,FALSE,TRUE,FALSE,,FALSE,Tidal_mudflat,Tidal_saline_matrix,25,FALSE,ASSIGNED,Within 30 ft of tidal wetland or eel grass
94044,Mudflat/Dry Pond Bottom Mapping Unit,Mudflat,0.03634057181686507,FALSE,TRUE,FALSE,,FALSE,Tidal_mudflat,Tidal_saline_matrix,25,FALSE,ASSIGNED,Within 30 ft of tidal wetland or eel grass
94045,Mudflat/Dry Pond Bottom Mapping Unit,Mudflat,0.017860366030542627,FALSE,TRUE,FALSE,,FALSE,Tidal_mudflat,Tidal_saline_matrix,25,FALSE,ASSIGNED,Within 30 ft of tidal wetland or eel grass
94046,Mudflat/Dry Pond Bottom Mapping Unit,Mudflat,0.034894281554688746,FALSE,TRUE,FALSE,,FALSE,Tidal_mudflat,Tidal_saline_matrix,25,FALSE,ASSIGNED,Within 30 ft of tidal wetland or eel grass
94047,Mudflat/Dry Pond Bottom Mapping Unit,Mudflat,0.04206191824115208,FALSE,TRUE,FALSE,,FALSE,Tidal_mudflat,Tidal_saline_matrix,25,FALSE,ASSIGNED,Within 30 ft of tidal wetland or eel grass
94048,Mudflat/Dry Pond Bottom Mapping Unit,Mudflat,0.030211149883348574,FALSE,TRUE,FALSE,,FALSE,Tidal_mudflat,Tidal_saline_matrix,25,FALSE,ASSIGNED,Within 30 ft of tidal wetland or eel grass
94049,Mudflat/Dry Pond Bottom Mapping Unit,Mudflat,0.02702022950611324,FALSE,TRUE,FALSE,,FALSE,Tidal_mudflat,Tidal_saline_matrix,25,FALSE,ASSIGNED,Within 30 ft of tidal wetland or eel grass
94050,Mudflat/Dry Pond Bottom Mapping Unit,Mudflat,0.033493912313493815,FALSE,TRUE,FALSE,,FALSE,Tidal_mudflat,Tidal_saline_matrix,25,FALSE,ASSIGNED,Within 30 ft of tidal wetland or eel grass
94051,Mudflat/Dry Pond Bottom Mapping Unit,Mudflat,0.06377397009657851,FALSE,TRUE,FALSE,,FALSE,Tidal_mudflat,Tidal_saline_matrix,25,FALSE,ASSIGNED,Within 30 ft of tidal wetland or eel grass
94052,Mudflat/Dry Pond Bottom Mapping Unit,Mudflat,0.018962274927335224,FALSE,TRUE,FALSE,,FALSE,Tidal_mudflat,Tidal_saline_matrix,25,FALSE,ASSIGNED,Within 30 ft of tidal wetland or eel grass
94053,Mudflat/Dry Pond Bottom Mapping Unit,Mudflat,0.049127850237585965,FALSE,TRUE,FALSE,,FALSE,Tidal_mudflat,Tidal_saline_matrix,25,FALSE,ASSIGNED,Within 30 ft of tidal wetland or eel grass
94054,Mudflat/Dry Pond Bottom Mapping Unit,Mudflat,0.020018330585505707,FALSE,TRUE,FALSE,,FALSE,Tidal_mudflat,Tidal_saline_matrix,25,FALSE,ASSIGNED,Within 30 ft of tidal wetland or eel grass
94055,Mudflat/Dry Pond Bottom Mapping Unit,Mudflat,0.03677678770591439,FALSE,TRUE,FALSE,,FALSE,Tidal_mudflat,Tidal_saline_matrix,25,FALSE,ASSIGNED,Within 30 ft of tidal wetland or eel grass
94056,Mudflat/Dry Pond Bottom Mapping Unit,Mudflat,0.03523885121002989,FALSE,TRUE,FALSE,,FALSE,Tidal_mudflat,Tidal_saline_matrix,25,FALSE,ASSIGNED,Within 30 ft of tidal wetland or eel grass
94057,Mudflat/Dry Pond Bottom Mapping Unit,Mudflat,0.06514476084128354,FALSE,FALSE,FALSE,,FALSE,UNRESOLVED_MUDFLAT_REVIEW,UNRESOLVED_REVIEW,,FALSE,REVIEW_REQUIRED,"No freshwater, tidal, or modeled-site spatial evidence"
94058,Mudflat/Dry Pond Bottom Mapping Unit,Mudflat,0.014691370553143955,FALSE,TRUE,FALSE,,FALSE,Tidal_mudflat,Tidal_saline_matrix,25,FALSE,ASSIGNED,Within 30 ft of tidal wetland or eel grass
94059,Mudflat/Dry Pond Bottom Mapping Unit,Mudflat,0.01836570825199713,FALSE,TRUE,FALSE,,FALSE,Tidal_mudflat,Tidal_saline_matrix,25,FALSE,ASSIGNED,Within 30 ft of tidal wetland or eel grass
94060,Mudflat/Dry Pond Bottom Mapping Unit,Mudflat,0.11623509137874148,FALSE,TRUE,FALSE,,FALSE,Tidal_mudflat,Tidal_saline_matrix,25,FALSE,ASSIGNED,Within 30 ft of tidal wetland or eel grass
94061,Mudflat/Dry Pond Bottom Mapping Unit,Mudflat,0.02982100565217304,FALSE,TRUE,FALSE,,FALSE,Tidal_mudflat,Tidal_saline_matrix,25,FALSE,ASSIGNED,Within 30 ft of tidal wetland or eel grass
94062,Mudflat/Dry Pond Bottom Mapping Unit,Mudflat,0.12288117631489948,FALSE,TRUE,FALSE,,FALSE,Tidal_mudflat,Tidal_saline_matrix,25,FALSE,ASSIGNED,Within 30 ft of tidal wetland or eel grass
94063,Mudflat/Dry Pond Bottom Mapping Unit,Mudflat,0.023781930722436576,FALSE,TRUE,FALSE,,FALSE,Tidal_mudflat,Tidal_saline_matrix,25,FALSE,ASSIGNED,Within 30 ft of tidal wetland or eel grass
94064,Mudflat/Dry Pond Bottom Mapping Unit,Mudflat,0.019149170897448754,FALSE,TRUE,FALSE,,FALSE,Tidal_mudflat,Tidal_saline_matrix,25,FALSE,ASSIGNED,Within 30 ft of tidal wetland or eel grass
94065,Mudflat/Dry Pond Bottom Mapping Unit,Mudflat,113.19004884623256,FALSE,TRUE,FALSE,,FALSE,Tidal_mudflat,Tidal_saline_matrix,25,FALSE,ASSIGNED,Within 30 ft of tidal wetland or eel grass
94066,Mudflat/Dry Pond Bottom Mapping Unit,Mudflat,0.1932510597275239,FALSE,TRUE,FALSE,,FALSE,Tidal_mudflat,Tidal_saline_matrix,25,FALSE,ASSIGNED,Within 30 ft of tidal wetland or eel grass
94067,Mudflat/Dry Pond Bottom Mapping Unit,Mudflat,0.0238981982200407,FALSE,TRUE,FALSE,,FALSE,Tidal_mudflat,Tidal_saline_matrix,25,FALSE,ASSIGNED,Within 30 ft of tidal wetland or eel grass
94068,Mudflat/Dry Pond Bottom Mapping Unit,Mudflat,0.5502765698563945,FALSE,TRUE,FALSE,,FALSE,Tidal_mudflat,Tidal_saline_matrix,25,FALSE,ASSIGNED,Within 30 ft of tidal wetland or eel grass
94069,Mudflat/Dry Pond Bottom Mapping Unit,Mudflat,41.57178849226519,FALSE,TRUE,FALSE,,FALSE,Tidal_mudflat,Tidal_saline_matrix,25,FALSE,ASSIGNED,Within 30 ft of tidal wetland or eel grass
94070,Mudflat/Dry Pond Bottom Mapping Unit,Mudflat,0.010119814114527425,FALSE,TRUE,FALSE,,FALSE,Tidal_mudflat,Tidal_saline_matrix,25,FALSE,ASSIGNED,Within 30 ft of tidal wetland or eel grass
94071,Mudflat/Dry Pond Bottom Mapping Unit,Mudflat,0.012447039509794488,FALSE,TRUE,FALSE,,FALSE,Tidal_mudflat,Tidal_saline_matrix,25,FALSE,ASSIGNED,Within 30 ft of tidal wetland or eel grass
94072,Mudflat/Dry Pond Bottom Mapping Unit,Mudflat,0.042115631895695116,FALSE,TRUE,FALSE,,FALSE,Tidal_mudflat,Tidal_saline_matrix,25,FALSE,ASSIGNED,Within 30 ft of tidal wetland or eel grass
94073,Mudflat/Dry Pond Bottom Mapping Unit,Mudflat,0.06463189277914151,FALSE,TRUE,FALSE,,FALSE,Tidal_mudflat,Tidal_saline_matrix,25,FALSE,ASSIGNED,Within 30 ft of tidal wetland or eel grass
94074,Mudflat/Dry Pond Bottom Mapping Unit,Mudflat,1.3465980333157255,FALSE,TRUE,FALSE,,FALSE,Tidal_mudflat,Tidal_saline_matrix,25,FALSE,ASSIGNED,Within 30 ft of tidal wetland or eel grass
94075,Mudflat/Dry Pond Bottom Mapping Unit,Mudflat,0.03255891559494665,FALSE,TRUE,FALSE,,FALSE,Tidal_mudflat,Tidal_saline_matrix,25,FALSE,ASSIGNED,Within 30 ft of tidal wetland or eel grass
94076,Mudflat/Dry Pond Bottom Mapping Unit,Mudflat,0.015312151791874755,FALSE,TRUE,FALSE,,FALSE,Tidal_mudflat,Tidal_saline_matrix,25,FALSE,ASSIGNED,Within 30 ft of tidal wetland or eel grass
94077,Mudflat/Dry Pond Bottom Mapping Unit,Mudflat,0.6657232427617369,FALSE,TRUE,FALSE,,FALSE,Tidal_mudflat,Tidal_saline_matrix,25,FALSE,ASSIGNED,Within 30 ft of tidal wetland or eel grass
94078,Mudflat/Dry Pond Bottom Mapping Unit,Mudflat,0.3686687256174366,FALSE,TRUE,FALSE,,FALSE,Tidal_mudflat,Tidal_saline_matrix,25,FALSE,ASSIGNED,Within 30 ft of tidal wetland or eel grass
94079,Mudflat/Dry Pond Bottom Mapping Unit,Mudflat,0.02528594484340665,FALSE,TRUE,FALSE,,FALSE,Tidal_mudflat,Tidal_saline_matrix,25,FALSE,ASSIGNED,Within 30 ft of tidal wetland or eel grass
94080,Mudflat/Dry Pond Bottom Mapping Unit,Mudflat,0.034705842992616,FALSE,TRUE,FALSE,,FALSE,Tidal_mudflat,Tidal_saline_matrix,25,FALSE,ASSIGNED,Within 30 ft of tidal wetland or eel grass
94081,Mudflat/Dry Pond Bottom Mapping Unit,Mudflat,0.04357890936551915,FALSE,TRUE,FALSE,,FALSE,Tidal_mudflat,Tidal_saline_matrix,25,FALSE,ASSIGNED,Within 30 ft of tidal wetland or eel grass
94082,Mudflat/Dry Pond Bottom Mapping Unit,Mudflat,0.021740030300895153,FALSE,TRUE,FALSE,,FALSE,Tidal_mudflat,Tidal_saline_matrix,25,FALSE,ASSIGNED,Within 30 ft of tidal wetland or eel grass
94083,Mudflat/Dry Pond Bottom Mapping Unit,Mudflat,0.04788653795908493,FALSE,TRUE,FALSE,,FALSE,Tidal_mudflat,Tidal_saline_matrix,25,FALSE,ASSIGNED,Within 30 ft of tidal wetland or eel grass
94084,Mudflat/Dry Pond Bottom Mapping Unit,Mudflat,0.01509514361867503,FALSE,TRUE,FALSE,,FALSE,Tidal_mudflat,Tidal_saline_matrix,25,FALSE,ASSIGNED,Within 30 ft of tidal wetland or eel grass
94085,Mudflat/Dry Pond Bottom Mapping Unit,Mudflat,0.022323490373851763,FALSE,TRUE,FALSE,,FALSE,Tidal_mudflat,Tidal_saline_matrix,25,FALSE,ASSIGNED,Within 30 ft of tidal wetland or eel grass
94086,Mudflat/Dry Pond Bottom Mapping Unit,Mudflat,0.0768833169835403,FALSE,TRUE,FALSE,,FALSE,Tidal_mudflat,Tidal_saline_matrix,25,FALSE,ASSIGNED,Within 30 ft of tidal wetland or eel grass
94087,Mudflat/Dry Pond Bottom Mapping Unit,Mudflat,0.012002071690900912,FALSE,TRUE,FALSE,,FALSE,Tidal_mudflat,Tidal_saline_matrix,25,FALSE,ASSIGNED,Within 30 ft of tidal wetland or eel grass
94088,Mudflat/Dry Pond Bottom Mapping Unit,Mudflat,0.00920430006194934,FALSE,TRUE,FALSE,,FALSE,Tidal_mudflat,Tidal_saline_matrix,25,FALSE,ASSIGNED,Within 30 ft of tidal wetland or eel grass
94089,Mudflat/Dry Pond Bottom Mapping Unit,Mudflat,0.02180907754416903,FALSE,TRUE,FALSE,,FALSE,Tidal_mudflat,Tidal_saline_matrix,25,FALSE,ASSIGNED,Within 30 ft of tidal wetland or eel grass
94090,Mudflat/Dry Pond Bottom Mapping Unit,Mudflat,6.892870337239866,FALSE,TRUE,FALSE,,FALSE,Tidal_mudflat,Tidal_saline_matrix,25,FALSE,ASSIGNED,Within 30 ft of tidal wetland or eel grass
94091,Mudflat/Dry Pond Bottom Mapping Unit,Mudflat,15.763824023058131,FALSE,TRUE,FALSE,,FALSE,Tidal_mudflat,Tidal_saline_matrix,25,FALSE,ASSIGNED,Within 30 ft of tidal wetland or eel grass
94092,Mudflat/Dry Pond Bottom Mapping Unit,Mudflat,32.73303621502841,FALSE,TRUE,FALSE,,FALSE,Tidal_mudflat,Tidal_saline_matrix,25,FALSE,ASSIGNED,Within 30 ft of tidal wetland or eel grass
94093,Mudflat/Dry Pond Bottom Mapping Unit,Mudflat,3.007329695653565,FALSE,FALSE,FALSE,,FALSE,UNRESOLVED_MUDFLAT_REVIEW,UNRESOLVED_REVIEW,,FALSE,REVIEW_REQUIRED,"No freshwater, tidal, or modeled-site spatial evidence"
94094,Mudflat/Dry Pond Bottom Mapping Unit,Mudflat,0.05745249053697565,FALSE,TRUE,FALSE,,FALSE,Tidal_mudflat,Tidal_saline_matrix,25,FALSE,ASSIGNED,Within 30 ft of tidal wetland or eel grass
94095,Mudflat/Dry Pond Bottom Mapping Unit,Mudflat,0.019343493853745886,FALSE,TRUE,FALSE,,FALSE,Tidal_mudflat,Tidal_saline_matrix,25,FALSE,ASSIGNED,Within 30 ft of tidal wetland or eel grass
94096,Mudflat/Dry Pond Bottom Mapping Unit,Mudflat,0.13382610822953428,FALSE,TRUE,FALSE,,FALSE,Tidal_mudflat,Tidal_saline_matrix,25,FALSE,ASSIGNED,Within 30 ft of tidal wetland or eel grass
94097,Mudflat/Dry Pond Bottom Mapping Unit,Mudflat,0.023527806016736028,FALSE,TRUE,FALSE,,FALSE,Tidal_mudflat,Tidal_saline_matrix,25,FALSE,ASSIGNED,Within 30 ft of tidal wetland or eel grass
94098,Mudflat/Dry Pond Bottom Mapping Unit,Mudflat,13.562637883560198,FALSE,FALSE,FALSE,,FALSE,UNRESOLVED_MUDFLAT_REVIEW,UNRESOLVED_REVIEW,,FALSE,REVIEW_REQUIRED,"No freshwater, tidal, or modeled-site spatial evidence"
94099,Mudflat/Dry Pond Bottom Mapping Unit,Mudflat,0.009989668860431915,FALSE,TRUE,FALSE,,FALSE,Tidal_mudflat,Tidal_saline_matrix,25,FALSE,ASSIGNED,Within 30 ft of tidal wetland or eel grass
94100,Mudflat/Dry Pond Bottom Mapping Unit,Mudflat,0.01062474224980145,FALSE,TRUE,FALSE,,FALSE,Tidal_mudflat,Tidal_saline_matrix,25,FALSE,ASSIGNED,Within 30 ft of tidal wetland or eel grass
94101,Mudflat/Dry Pond Bottom Mapping Unit,Mudflat,20.376798033093927,FALSE,TRUE,FALSE,,FALSE,Tidal_mudflat,Tidal_saline_matrix,25,FALSE,ASSIGNED,Within 30 ft of tidal wetland or eel grass
94102,Mudflat/Dry Pond Bottom Mapping Unit,Mudflat,0.07327759977666891,FALSE,TRUE,FALSE,,FALSE,Tidal_mudflat,Tidal_saline_matrix,25,FALSE,ASSIGNED,Within 30 ft of tidal wetland or eel grass
94103,Mudflat/Dry Pond Bottom Mapping Unit,Mudflat,0.0682572714869347,FALSE,TRUE,FALSE,,FALSE,Tidal_mudflat,Tidal_saline_matrix,25,FALSE,ASSIGNED,Within 30 ft of tidal wetland or eel grass
94104,Mudflat/Dry Pond Bottom Mapping Unit,Mudflat,0.126446709144324,FALSE,TRUE,FALSE,,FALSE,Tidal_mudflat,Tidal_saline_matrix,25,FALSE,ASSIGNED,Within 30 ft of tidal wetland or eel grass
94105,Mudflat/Dry Pond Bottom Mapping Unit,Mudflat,38.916074238614016,FALSE,TRUE,FALSE,,FALSE,Tidal_mudflat,Tidal_saline_matrix,25,FALSE,ASSIGNED,Within 30 ft of tidal wetland or eel grass
94106,Mudflat/Dry Pond Bottom Mapping Unit,Mudflat,2.4473098094650707,FALSE,FALSE,FALSE,,FALSE,UNRESOLVED_MUDFLAT_REVIEW,UNRESOLVED_REVIEW,,FALSE,REVIEW_REQUIRED,"No freshwater, tidal, or modeled-site spatial evidence"
94107,Mudflat/Dry Pond Bottom Mapping Unit,Mudflat,0.061020176485818825,FALSE,TRUE,FALSE,,FALSE,Tidal_mudflat,Tidal_saline_matrix,25,FALSE,ASSIGNED,Within 30 ft of tidal wetland or eel grass
94108,Mudflat/Dry Pond Bottom Mapping Unit,Mudflat,0.04955394346730515,FALSE,TRUE,FALSE,,FALSE,Tidal_mudflat,Tidal_saline_matrix,25,FALSE,ASSIGNED,Within 30 ft of tidal wetland or eel grass
94109,Mudflat/Dry Pond Bottom Mapping Unit,Mudflat,4.906289664147036,FALSE,TRUE,FALSE,,FALSE,Tidal_mudflat,Tidal_saline_matrix,25,FALSE,ASSIGNED,Within 30 ft of tidal wetland or eel grass
94110,Mudflat/Dry Pond Bottom Mapping Unit,Mudflat,144.0895575448506,FALSE,TRUE,FALSE,,FALSE,Tidal_mudflat,Tidal_saline_matrix,25,FALSE,ASSIGNED,Within 30 ft of tidal wetland or eel grass
94111,Mudflat/Dry Pond Bottom Mapping Unit,Mudflat,0.6471177089779167,FALSE,TRUE,FALSE,,FALSE,Tidal_mudflat,Tidal_saline_matrix,25,FALSE,ASSIGNED,Within 30 ft of tidal wetland or eel grass
94112,Mudflat/Dry Pond Bottom Mapping Unit,Mudflat,0.0953044866287366,FALSE,FALSE,FALSE,,FALSE,UNRESOLVED_MUDFLAT_REVIEW,UNRESOLVED_REVIEW,,FALSE,REVIEW_REQUIRED,"No freshwater, tidal, or modeled-site spatial evidence"
94113,Mudflat/Dry Pond Bottom Mapping Unit,Mudflat,0.9106350005299785,FALSE,FALSE,FALSE,,FALSE,UNRESOLVED_MUDFLAT_REVIEW,UNRESOLVED_REVIEW,,FALSE,REVIEW_REQUIRED,"No freshwater, tidal, or modeled-site spatial evidence"
94114,Mudflat/Dry Pond Bottom Mapping Unit,Mudflat,0.024339489506631517,FALSE,TRUE,FALSE,,FALSE,Tidal_mudflat,Tidal_saline_matrix,25,FALSE,ASSIGNED,Within 30 ft of tidal wetland or eel grass
94115,Mudflat/Dry Pond Bottom Mapping Unit,Mudflat,0.07234147050117855,FALSE,TRUE,FALSE,,FALSE,Tidal_mudflat,Tidal_saline_matrix,25,FALSE,ASSIGNED,Within 30 ft of tidal wetland or eel grass
94116,Mudflat/Dry Pond Bottom Mapping Unit,Mudflat,0.017168598077767012,FALSE,TRUE,FALSE,,FALSE,Tidal_mudflat,Tidal_saline_matrix,25,FALSE,ASSIGNED,Within 30 ft of tidal wetland or eel grass
94117,Mudflat/Dry Pond Bottom Mapping Unit,Mudflat,2.6462490344451086,FALSE,TRUE,FALSE,,FALSE,Tidal_mudflat,Tidal_saline_matrix,25,FALSE,ASSIGNED,Within 30 ft of tidal wetland or eel grass
94118,Mudflat/Dry Pond Bottom Mapping Unit,Mudflat,2.034656105174303,FALSE,TRUE,FALSE,,FALSE,Tidal_mudflat,Tidal_saline_matrix,25,FALSE,ASSIGNED,Within 30 ft of tidal wetland or eel grass
94119,Mudflat/Dry Pond Bottom Mapping Unit,Mudflat,28.8325680922908,FALSE,TRUE,FALSE,,FALSE,Tidal_mudflat,Tidal_saline_matrix,25,FALSE,ASSIGNED,Within 30 ft of tidal wetland or eel grass
94120,Mudflat/Dry Pond Bottom Mapping Unit,Mudflat,0.31139749017518953,FALSE,TRUE,FALSE,,FALSE,Tidal_mudflat,Tidal_saline_matrix,25,FALSE,ASSIGNED,Within 30 ft of tidal wetland or eel grass
94121,Mudflat/Dry Pond Bottom Mapping Unit,Mudflat,26.113665487709795,FALSE,TRUE,FALSE,,FALSE,Tidal_mudflat,Tidal_saline_matrix,25,FALSE,ASSIGNED,Within 30 ft of tidal wetland or eel grass
94122,Mudflat/Dry Pond Bottom Mapping Unit,Mudflat,0.4423046180812072,FALSE,TRUE,FALSE,,FALSE,Tidal_mudflat,Tidal_saline_matrix,25,FALSE,ASSIGNED,Within 30 ft of tidal wetland or eel grass
94123,Mudflat/Dry Pond Bottom Mapping Unit,Mudflat,0.17670170103554853,FALSE,TRUE,FALSE,,FALSE,Tidal_mudflat,Tidal_saline_matrix,25,FALSE,ASSIGNED,Within 30 ft of tidal wetland or eel grass
94124,Mudflat/Dry Pond Bottom Mapping Unit,Mudflat,44.45116812794838,FALSE,TRUE,FALSE,,FALSE,Tidal_mudflat,Tidal_saline_matrix,25,FALSE,ASSIGNED,Within 30 ft of tidal wetland or eel grass
94125,Mudflat/Dry Pond Bottom Mapping Unit,Mudflat,0.02336986535272065,FALSE,TRUE,FALSE,,FALSE,Tidal_mudflat,Tidal_saline_matrix,25,FALSE,ASSIGNED,Within 30 ft of tidal wetland or eel grass
94126,Mudflat/Dry Pond Bottom Mapping Unit,Mudflat,0.02533109344444438,FALSE,TRUE,FALSE,,FALSE,Tidal_mudflat,Tidal_saline_matrix,25,FALSE,ASSIGNED,Within 30 ft of tidal wetland or eel grass
94127,Mudflat/Dry Pond Bottom Mapping Unit,Mudflat,0.36793175810180934,FALSE,TRUE,FALSE,,FALSE,Tidal_mudflat,Tidal_saline_matrix,25,FALSE,ASSIGNED,Within 30 ft of tidal wetland or eel grass
94128,Mudflat/Dry Pond Bottom Mapping Unit,Mudflat,0.6644653750721129,FALSE,TRUE,FALSE,,FALSE,Tidal_mudflat,Tidal_saline_matrix,25,FALSE,ASSIGNED,Within 30 ft of tidal wetland or eel grass
94129,Mudflat/Dry Pond Bottom Mapping Unit,Mudflat,4.9008657556140545,FALSE,FALSE,FALSE,,FALSE,UNRESOLVED_MUDFLAT_REVIEW,UNRESOLVED_REVIEW,,FALSE,REVIEW_REQUIRED,"No freshwater, tidal, or modeled-site spatial evidence"
94130,Mudflat/Dry Pond Bottom Mapping Unit,Mudflat,0.0674498415698381,FALSE,TRUE,FALSE,,FALSE,Tidal_mudflat,Tidal_saline_matrix,25,FALSE,ASSIGNED,Within 30 ft of tidal wetland or eel grass
94131,Mudflat/Dry Pond Bottom Mapping Unit,Mudflat,1.8408429576823289,FALSE,TRUE,FALSE,,FALSE,Tidal_mudflat,Tidal_saline_matrix,25,FALSE,ASSIGNED,Within 30 ft of tidal wetland or eel grass
94132,Mudflat/Dry Pond Bottom Mapping Unit,Mudflat,0.04283237644306429,FALSE,TRUE,FALSE,,FALSE,Tidal_mudflat,Tidal_saline_matrix,25,FALSE,ASSIGNED,Within 30 ft of tidal wetland or eel grass
94133,Mudflat/Dry Pond Bottom Mapping Unit,Mudflat,0.14176967254484982,FALSE,TRUE,FALSE,,FALSE,Tidal_mudflat,Tidal_saline_matrix,25,FALSE,ASSIGNED,Within 30 ft of tidal wetland or eel grass
94134,Mudflat/Dry Pond Bottom Mapping Unit,Mudflat,9.786556821782579,FALSE,FALSE,FALSE,,FALSE,UNRESOLVED_MUDFLAT_REVIEW,UNRESOLVED_REVIEW,,FALSE,REVIEW_REQUIRED,"No freshwater, tidal, or modeled-site spatial evidence"
94135,Mudflat/Dry Pond Bottom Mapping Unit,Mudflat,7.350933456114059,FALSE,TRUE,FALSE,,FALSE,Tidal_mudflat,Tidal_saline_matrix,25,FALSE,ASSIGNED,Within 30 ft of tidal wetland or eel grass
94136,Mudflat/Dry Pond Bottom Mapping Unit,Mudflat,0.6054696223034522,FALSE,TRUE,FALSE,,FALSE,Tidal_mudflat,Tidal_saline_matrix,25,FALSE,ASSIGNED,Within 30 ft of tidal wetland or eel grass
94137,Mudflat/Dry Pond Bottom Mapping Unit,Mudflat,0.01539519255972141,FALSE,TRUE,FALSE,,FALSE,Tidal_mudflat,Tidal_saline_matrix,25,FALSE,ASSIGNED,Within 30 ft of tidal wetland or eel grass
94138,Mudflat/Dry Pond Bottom Mapping Unit,Mudflat,1.173164404537916,FALSE,TRUE,FALSE,,FALSE,Tidal_mudflat,Tidal_saline_matrix,25,FALSE,ASSIGNED,Within 30 ft of tidal wetland or eel grass
94139,Mudflat/Dry Pond Bottom Mapping Unit,Mudflat,0.10387253242865359,FALSE,TRUE,FALSE,,FALSE,Tidal_mudflat,Tidal_saline_matrix,25,FALSE,ASSIGNED,Within 30 ft of tidal wetland or eel grass
94140,Mudflat/Dry Pond Bottom Mapping Unit,Mudflat,0.016023517274543316,FALSE,FALSE,FALSE,,FALSE,UNRESOLVED_MUDFLAT_REVIEW,UNRESOLVED_REVIEW,,FALSE,REVIEW_REQUIRED,"No freshwater, tidal, or modeled-site spatial evidence"
94141,Mudflat/Dry Pond Bottom Mapping Unit,Mudflat,0.00943805445639655,FALSE,TRUE,FALSE,,FALSE,Tidal_mudflat,Tidal_saline_matrix,25,FALSE,ASSIGNED,Within 30 ft of tidal wetland or eel grass
94142,Mudflat/Dry Pond Bottom Mapping Unit,Mudflat,0.012157246556904677,FALSE,TRUE,FALSE,,FALSE,Tidal_mudflat,Tidal_saline_matrix,25,FALSE,ASSIGNED,Within 30 ft of tidal wetland or eel grass
94143,Mudflat/Dry Pond Bottom Mapping Unit,Mudflat,0.016368173556300027,FALSE,TRUE,FALSE,,FALSE,Tidal_mudflat,Tidal_saline_matrix,25,FALSE,ASSIGNED,Within 30 ft of tidal wetland or eel grass
94144,Mudflat/Dry Pond Bottom Mapping Unit,Mudflat,0.01625385647790914,FALSE,TRUE,FALSE,,FALSE,Tidal_mudflat,Tidal_saline_matrix,25,FALSE,ASSIGNED,Within 30 ft of tidal wetland or eel grass
94145,Mudflat/Dry Pond Bottom Mapping Unit,Mudflat,0.03868903012755039,FALSE,TRUE,FALSE,,FALSE,Tidal_mudflat,Tidal_saline_matrix,25,FALSE,ASSIGNED,Within 30 ft of tidal wetland or eel grass
94146,Mudflat/Dry Pond Bottom Mapping Unit,Mudflat,0.010864235132875136,FALSE,TRUE,FALSE,,FALSE,Tidal_mudflat,Tidal_saline_matrix,25,FALSE,ASSIGNED,Within 30 ft of tidal wetland or eel grass
94147,Mudflat/Dry Pond Bottom Mapping Unit,Mudflat,0.2863175188824229,FALSE,TRUE,FALSE,,FALSE,Tidal_mudflat,Tidal_saline_matrix,25,FALSE,ASSIGNED,Within 30 ft of tidal wetland or eel grass
94148,Mudflat/Dry Pond Bottom Mapping Unit,Mudflat,0.03188692479277994,FALSE,TRUE,FALSE,,FALSE,Tidal_mudflat,Tidal_saline_matrix,25,FALSE,ASSIGNED,Within 30 ft of tidal wetland or eel grass
94149,Mudflat/Dry Pond Bottom Mapping Unit,Mudflat,0.5883608516380809,FALSE,TRUE,FALSE,,FALSE,Tidal_mudflat,Tidal_saline_matrix,25,FALSE,ASSIGNED,Within 30 ft of tidal wetland or eel grass
94150,Mudflat/Dry Pond Bottom Mapping Unit,Mudflat,0.2446595421969685,FALSE,TRUE,FALSE,,FALSE,Tidal_mudflat,Tidal_saline_matrix,25,FALSE,ASSIGNED,Within 30 ft of tidal wetland or eel grass
94151,Mudflat/Dry Pond Bottom Mapping Unit,Mudflat,0.015908911928157222,FALSE,TRUE,FALSE,,FALSE,Tidal_mudflat,Tidal_saline_matrix,25,FALSE,ASSIGNED,Within 30 ft of tidal wetland or eel grass
94152,Mudflat/Dry Pond Bottom Mapping Unit,Mudflat,0.021734394780058272,FALSE,TRUE,FALSE,,FALSE,Tidal_mudflat,Tidal_saline_matrix,25,FALSE,ASSIGNED,Within 30 ft of tidal wetland or eel grass
94153,Mudflat/Dry Pond Bottom Mapping Unit,Mudflat,0.10155432905905773,FALSE,TRUE,FALSE,,FALSE,Tidal_mudflat,Tidal_saline_matrix,25,FALSE,ASSIGNED,Within 30 ft of tidal wetland or eel grass
94154,Mudflat/Dry Pond Bottom Mapping Unit,Mudflat,0.08351687322200459,FALSE,TRUE,FALSE,,FALSE,Tidal_mudflat,Tidal_saline_matrix,25,FALSE,ASSIGNED,Within 30 ft of tidal wetland or eel grass
94155,Mudflat/Dry Pond Bottom Mapping Unit,Mudflat,0.029200985124049665,FALSE,TRUE,FALSE,,FALSE,Tidal_mudflat,Tidal_saline_matrix,25,FALSE,ASSIGNED,Within 30 ft of tidal wetland or eel grass
94156,Mudflat/Dry Pond Bottom Mapping Unit,Mudflat,0.07292971908489945,FALSE,FALSE,FALSE,,FALSE,UNRESOLVED_MUDFLAT_REVIEW,UNRESOLVED_REVIEW,,FALSE,REVIEW_REQUIRED,"No freshwater, tidal, or modeled-site spatial evidence"
94157,Mudflat/Dry Pond Bottom Mapping Unit,Mudflat,0.013301160184232469,FALSE,TRUE,FALSE,,FALSE,Tidal_mudflat,Tidal_saline_matrix,25,FALSE,ASSIGNED,Within 30 ft of tidal wetland or eel grass
94158,Mudflat/Dry Pond Bottom Mapping Unit,Mudflat,0.1319380828141325,FALSE,TRUE,FALSE,,FALSE,Tidal_mudflat,Tidal_saline_matrix,25,FALSE,ASSIGNED,Within 30 ft of tidal wetland or eel grass
94159,Mudflat/Dry Pond Bottom Mapping Unit,Mudflat,0.013379390081054376,FALSE,TRUE,FALSE,,FALSE,Tidal_mudflat,Tidal_saline_matrix,25,FALSE,ASSIGNED,Within 30 ft of tidal wetland or eel grass
94160,Mudflat/Dry Pond Bottom Mapping Unit,Mudflat,0.8665095246823308,FALSE,FALSE,FALSE,,FALSE,UNRESOLVED_MUDFLAT_REVIEW,UNRESOLVED_REVIEW,,FALSE,REVIEW_REQUIRED,"No freshwater, tidal, or modeled-site spatial evidence"
94161,Mudflat/Dry Pond Bottom Mapping Unit,Mudflat,0.9971234535565341,FALSE,FALSE,FALSE,,FALSE,UNRESOLVED_MUDFLAT_REVIEW,UNRESOLVED_REVIEW,,FALSE,REVIEW_REQUIRED,"No freshwater, tidal, or modeled-site spatial evidence"
94162,Mudflat/Dry Pond Bottom Mapping Unit,Mudflat,0.10280394525982259,FALSE,TRUE,FALSE,,FALSE,Tidal_mudflat,Tidal_saline_matrix,25,FALSE,ASSIGNED,Within 30 ft of tidal wetland or eel grass
94163,Mudflat/Dry Pond Bottom Mapping Unit,Mudflat,0.01806791290862889,FALSE,TRUE,FALSE,,FALSE,Tidal_mudflat,Tidal_saline_matrix,25,FALSE,ASSIGNED,Within 30 ft of tidal wetland or eel grass
94164,Mudflat/Dry Pond Bottom Mapping Unit,Mudflat,0.0218618869708519,FALSE,TRUE,FALSE,,FALSE,Tidal_mudflat,Tidal_saline_matrix,25,FALSE,ASSIGNED,Within 30 ft of tidal wetland or eel grass
94165,Mudflat/Dry Pond Bottom Mapping Unit,Mudflat,0.011041062173415791,FALSE,TRUE,FALSE,,FALSE,Tidal_mudflat,Tidal_saline_matrix,25,FALSE,ASSIGNED,Within 30 ft of tidal wetland or eel grass
94166,Mudflat/Dry Pond Bottom Mapping Unit,Mudflat,0.01706349074982421,FALSE,TRUE,FALSE,,FALSE,Tidal_mudflat,Tidal_saline_matrix,25,FALSE,ASSIGNED,Within 30 ft of tidal wetland or eel grass
94167,Mudflat/Dry Pond Bottom Mapping Unit,Mudflat,0.0130092038304141,FALSE,TRUE,FALSE,,FALSE,Tidal_mudflat,Tidal_saline_matrix,25,FALSE,ASSIGNED,Within 30 ft of tidal wetland or eel grass
94168,Mudflat/Dry Pond Bottom Mapping Unit,Mudflat,0.010117104518466346,FALSE,TRUE,FALSE,,FALSE,Tidal_mudflat,Tidal_saline_matrix,25,FALSE,ASSIGNED,Within 30 ft of tidal wetland or eel grass
94169,Mudflat/Dry Pond Bottom Mapping Unit,Mudflat,0.018128996776283664,FALSE,FALSE,FALSE,,FALSE,UNRESOLVED_MUDFLAT_REVIEW,UNRESOLVED_REVIEW,,FALSE,REVIEW_REQUIRED,"No freshwater, tidal, or modeled-site spatial evidence"
94170,Mudflat/Dry Pond Bottom Mapping Unit,Mudflat,0.06422022370430173,FALSE,TRUE,FALSE,,FALSE,Tidal_mudflat,Tidal_saline_matrix,25,FALSE,ASSIGNED,Within 30 ft of tidal wetland or eel grass
94171,Mudflat/Dry Pond Bottom Mapping Unit,Mudflat,0.03105362171082808,FALSE,TRUE,FALSE,,FALSE,Tidal_mudflat,Tidal_saline_matrix,25,FALSE,ASSIGNED,Within 30 ft of tidal wetland or eel grass
94172,Mudflat/Dry Pond Bottom Mapping Unit,Mudflat,0.03699095785764437,FALSE,TRUE,FALSE,,FALSE,Tidal_mudflat,Tidal_saline_matrix,25,FALSE,ASSIGNED,Within 30 ft of tidal wetland or eel grass
94173,Mudflat/Dry Pond Bottom Mapping Unit,Mudflat,0.009907461205555954,FALSE,TRUE,FALSE,,FALSE,Tidal_mudflat,Tidal_saline_matrix,25,FALSE,ASSIGNED,Within 30 ft of tidal wetland or eel grass
94174,Mudflat/Dry Pond Bottom Mapping Unit,Mudflat,0.09185282555343893,FALSE,TRUE,FALSE,,FALSE,Tidal_mudflat,Tidal_saline_matrix,25,FALSE,ASSIGNED,Within 30 ft of tidal wetland or eel grass
94175,Mudflat/Dry Pond Bottom Mapping Unit,Mudflat,0.23602983120181015,FALSE,TRUE,FALSE,,FALSE,Tidal_mudflat,Tidal_saline_matrix,25,FALSE,ASSIGNED,Within 30 ft of tidal wetland or eel grass
94176,Mudflat/Dry Pond Bottom Mapping Unit,Mudflat,2.055568419406462,FALSE,TRUE,FALSE,,FALSE,Tidal_mudflat,Tidal_saline_matrix,25,FALSE,ASSIGNED,Within 30 ft of tidal wetland or eel grass
94177,Mudflat/Dry Pond Bottom Mapping Unit,Mudflat,0.026118870628459592,FALSE,FALSE,FALSE,,FALSE,UNRESOLVED_MUDFLAT_REVIEW,UNRESOLVED_REVIEW,,FALSE,REVIEW_REQUIRED,"No freshwater, tidal, or modeled-site spatial evidence"
94178,Mudflat/Dry Pond Bottom Mapping Unit,Mudflat,0.10236257541204043,FALSE,TRUE,FALSE,,FALSE,Tidal_mudflat,Tidal_saline_matrix,25,FALSE,ASSIGNED,Within 30 ft of tidal wetland or eel grass
94179,Mudflat/Dry Pond Bottom Mapping Unit,Mudflat,0.015273961584193543,FALSE,TRUE,FALSE,,FALSE,Tidal_mudflat,Tidal_saline_matrix,25,FALSE,ASSIGNED,Within 30 ft of tidal wetland or eel grass
94180,Mudflat/Dry Pond Bottom Mapping Unit,Mudflat,0.02092294556581971,FALSE,TRUE,FALSE,,FALSE,Tidal_mudflat,Tidal_saline_matrix,25,FALSE,ASSIGNED,Within 30 ft of tidal wetland or eel grass
94181,Mudflat/Dry Pond Bottom Mapping Unit,Mudflat,0.03996146532362192,FALSE,TRUE,FALSE,,FALSE,Tidal_mudflat,Tidal_saline_matrix,25,FALSE,ASSIGNED,Within 30 ft of tidal wetland or eel grass
94182,Mudflat/Dry Pond Bottom Mapping Unit,Mudflat,0.025724544330418743,FALSE,TRUE,FALSE,,FALSE,Tidal_mudflat,Tidal_saline_matrix,25,FALSE,ASSIGNED,Within 30 ft of tidal wetland or eel grass
94183,Mudflat/Dry Pond Bottom Mapping Unit,Mudflat,0.014026573826884391,FALSE,TRUE,FALSE,,FALSE,Tidal_mudflat,Tidal_saline_matrix,25,FALSE,ASSIGNED,Within 30 ft of tidal wetland or eel grass
94184,Mudflat/Dry Pond Bottom Mapping Unit,Mudflat,0.010664952588124445,FALSE,TRUE,FALSE,,FALSE,Tidal_mudflat,Tidal_saline_matrix,25,FALSE,ASSIGNED,Within 30 ft of tidal wetland or eel grass
94185,Mudflat/Dry Pond Bottom Mapping Unit,Mudflat,0.040472191460753856,FALSE,TRUE,FALSE,,FALSE,Tidal_mudflat,Tidal_saline_matrix,25,FALSE,ASSIGNED,Within 30 ft of tidal wetland or eel grass
94186,Mudflat/Dry Pond Bottom Mapping Unit,Mudflat,0.07828320775982321,FALSE,TRUE,FALSE,,FALSE,Tidal_mudflat,Tidal_saline_matrix,25,FALSE,ASSIGNED,Within 30 ft of tidal wetland or eel grass
94187,Mudflat/Dry Pond Bottom Mapping Unit,Mudflat,4.3211905396636565,FALSE,TRUE,FALSE,,FALSE,Tidal_mudflat,Tidal_saline_matrix,25,FALSE,ASSIGNED,Within 30 ft of tidal wetland or eel grass
94188,Mudflat/Dry Pond Bottom Mapping Unit,Mudflat,0.5153458876383589,FALSE,TRUE,FALSE,,FALSE,Tidal_mudflat,Tidal_saline_matrix,25,FALSE,ASSIGNED,Within 30 ft of tidal wetland or eel grass
94189,Mudflat/Dry Pond Bottom Mapping Unit,Mudflat,0.727892354317916,FALSE,FALSE,FALSE,,FALSE,UNRESOLVED_MUDFLAT_REVIEW,UNRESOLVED_REVIEW,,FALSE,REVIEW_REQUIRED,"No freshwater, tidal, or modeled-site spatial evidence"
94190,Mudflat/Dry Pond Bottom Mapping Unit,Mudflat,0.01442601824863921,FALSE,TRUE,FALSE,,FALSE,Tidal_mudflat,Tidal_saline_matrix,25,FALSE,ASSIGNED,Within 30 ft of tidal wetland or eel grass
94191,Mudflat/Dry Pond Bottom Mapping Unit,Mudflat,0.012049531547976356,FALSE,TRUE,FALSE,,FALSE,Tidal_mudflat,Tidal_saline_matrix,25,FALSE,ASSIGNED,Within 30 ft of tidal wetland or eel grass
94192,Mudflat/Dry Pond Bottom Mapping Unit,Mudflat,0.011792084258251083,FALSE,TRUE,FALSE,,FALSE,Tidal_mudflat,Tidal_saline_matrix,25,FALSE,ASSIGNED,Within 30 ft of tidal wetland or eel grass
94193,Mudflat/Dry Pond Bottom Mapping Unit,Mudflat,0.507191899354691,FALSE,TRUE,FALSE,,FALSE,Tidal_mudflat,Tidal_saline_matrix,25,FALSE,ASSIGNED,Within 30 ft of tidal wetland or eel grass
94194,Mudflat/Dry Pond Bottom Mapping Unit,Mudflat,0.01697958662368438,FALSE,TRUE,FALSE,,FALSE,Tidal_mudflat,Tidal_saline_matrix,25,FALSE,ASSIGNED,Within 30 ft of tidal wetland or eel grass
94195,Mudflat/Dry Pond Bottom Mapping Unit,Mudflat,0.0112620705554177,FALSE,TRUE,FALSE,,FALSE,Tidal_mudflat,Tidal_saline_matrix,25,FALSE,ASSIGNED,Within 30 ft of tidal wetland or eel grass
94196,Mudflat/Dry Pond Bottom Mapping Unit,Mudflat,0.011180042358998091,FALSE,TRUE,FALSE,,FALSE,Tidal_mudflat,Tidal_saline_matrix,25,FALSE,ASSIGNED,Within 30 ft of tidal wetland or eel grass
94197,Mudflat/Dry Pond Bottom Mapping Unit,Mudflat,0.06958665217414102,FALSE,TRUE,FALSE,,FALSE,Tidal_mudflat,Tidal_saline_matrix,25,FALSE,ASSIGNED,Within 30 ft of tidal wetland or eel grass
94198,Mudflat/Dry Pond Bottom Mapping Unit,Mudflat,0.36365067688607533,FALSE,TRUE,FALSE,,FALSE,Tidal_mudflat,Tidal_saline_matrix,25,FALSE,ASSIGNED,Within 30 ft of tidal wetland or eel grass
94199,Mudflat/Dry Pond Bottom Mapping Unit,Mudflat,0.05817901918236778,FALSE,TRUE,FALSE,,FALSE,Tidal_mudflat,Tidal_saline_matrix,25,FALSE,ASSIGNED,Within 30 ft of tidal wetland or eel grass
94200,Mudflat/Dry Pond Bottom Mapping Unit,Mudflat,0.04635002331584706,FALSE,TRUE,FALSE,,FALSE,Tidal_mudflat,Tidal_saline_matrix,25,FALSE,ASSIGNED,Within 30 ft of tidal wetland or eel grass
94201,Mudflat/Dry Pond Bottom Mapping Unit,Mudflat,0.129506780603299,FALSE,TRUE,FALSE,,FALSE,Tidal_mudflat,Tidal_saline_matrix,25,FALSE,ASSIGNED,Within 30 ft of tidal wetland or eel grass
94202,Mudflat/Dry Pond Bottom Mapping Unit,Mudflat,0.9746557325660136,FALSE,TRUE,FALSE,,FALSE,Tidal_mudflat,Tidal_saline_matrix,25,FALSE,ASSIGNED,Within 30 ft of tidal wetland or eel grass
94203,Mudflat/Dry Pond Bottom Mapping Unit,Mudflat,0.47615684580608014,FALSE,FALSE,FALSE,,FALSE,UNRESOLVED_MUDFLAT_REVIEW,UNRESOLVED_REVIEW,,FALSE,REVIEW_REQUIRED,"No freshwater, tidal, or modeled-site spatial evidence"
94204,Mudflat/Dry Pond Bottom Mapping Unit,Mudflat,0.09369547770573267,FALSE,TRUE,FALSE,,FALSE,Tidal_mudflat,Tidal_saline_matrix,25,FALSE,ASSIGNED,Within 30 ft of tidal wetland or eel grass
94205,Mudflat/Dry Pond Bottom Mapping Unit,Mudflat,0.022044240119754612,FALSE,TRUE,FALSE,,FALSE,Tidal_mudflat,Tidal_saline_matrix,25,FALSE,ASSIGNED,Within 30 ft of tidal wetland or eel grass
94206,Mudflat/Dry Pond Bottom Mapping Unit,Mudflat,0.00929879038330154,FALSE,TRUE,FALSE,,FALSE,Tidal_mudflat,Tidal_saline_matrix,25,FALSE,ASSIGNED,Within 30 ft of tidal wetland or eel grass
94207,Mudflat/Dry Pond Bottom Mapping Unit,Mudflat,0.013121721974845305,FALSE,TRUE,FALSE,,FALSE,Tidal_mudflat,Tidal_saline_matrix,25,FALSE,ASSIGNED,Within 30 ft of tidal wetland or eel grass
94208,Mudflat/Dry Pond Bottom Mapping Unit,Mudflat,0.01802157543276406,FALSE,TRUE,FALSE,,FALSE,Tidal_mudflat,Tidal_saline_matrix,25,FALSE,ASSIGNED,Within 30 ft of tidal wetland or eel grass
94209,Mudflat/Dry Pond Bottom Mapping Unit,Mudflat,0.029868420752009555,FALSE,TRUE,FALSE,,FALSE,Tidal_mudflat,Tidal_saline_matrix,25,FALSE,ASSIGNED,Within 30 ft of tidal wetland or eel grass
94210,Mudflat/Dry Pond Bottom Mapping Unit,Mudflat,0.20495237844434275,FALSE,TRUE,FALSE,,FALSE,Tidal_mudflat,Tidal_saline_matrix,25,FALSE,ASSIGNED,Within 30 ft of tidal wetland or eel grass
94211,Mudflat/Dry Pond Bottom Mapping Unit,Mudflat,0.34764207626560506,FALSE,FALSE,FALSE,,FALSE,UNRESOLVED_MUDFLAT_REVIEW,UNRESOLVED_REVIEW,,FALSE,REVIEW_REQUIRED,"No freshwater, tidal, or modeled-site spatial evidence"
94212,Mudflat/Dry Pond Bottom Mapping Unit,Mudflat,0.01368591325915807,FALSE,TRUE,FALSE,,FALSE,Tidal_mudflat,Tidal_saline_matrix,25,FALSE,ASSIGNED,Within 30 ft of tidal wetland or eel grass
94213,Mudflat/Dry Pond Bottom Mapping Unit,Mudflat,0.01967797628294496,FALSE,TRUE,FALSE,,FALSE,Tidal_mudflat,Tidal_saline_matrix,25,FALSE,ASSIGNED,Within 30 ft of tidal wetland or eel grass
94214,Mudflat/Dry Pond Bottom Mapping Unit,Mudflat,0.040131255996690464,FALSE,TRUE,FALSE,,FALSE,Tidal_mudflat,Tidal_saline_matrix,25,FALSE,ASSIGNED,Within 30 ft of tidal wetland or eel grass
94215,Mudflat/Dry Pond Bottom Mapping Unit,Mudflat,0.1323653682598533,FALSE,TRUE,FALSE,,FALSE,Tidal_mudflat,Tidal_saline_matrix,25,FALSE,ASSIGNED,Within 30 ft of tidal wetland or eel grass
94216,Mudflat/Dry Pond Bottom Mapping Unit,Mudflat,0.06529997676349775,FALSE,TRUE,FALSE,,FALSE,Tidal_mudflat,Tidal_saline_matrix,25,FALSE,ASSIGNED,Within 30 ft of tidal wetland or eel grass
94217,Mudflat/Dry Pond Bottom Mapping Unit,Mudflat,0.014670089784516045,FALSE,FALSE,FALSE,,FALSE,UNRESOLVED_MUDFLAT_REVIEW,UNRESOLVED_REVIEW,,FALSE,REVIEW_REQUIRED,"No freshwater, tidal, or modeled-site spatial evidence"
94218,Mudflat/Dry Pond Bottom Mapping Unit,Mudflat,0.05021478721029954,FALSE,TRUE,FALSE,,FALSE,Tidal_mudflat,Tidal_saline_matrix,25,FALSE,ASSIGNED,Within 30 ft of tidal wetland or eel grass
94219,Mudflat/Dry Pond Bottom Mapping Unit,Mudflat,0.00962385860222422,FALSE,TRUE,FALSE,,FALSE,Tidal_mudflat,Tidal_saline_matrix,25,FALSE,ASSIGNED,Within 30 ft of tidal wetland or eel grass
94220,Mudflat/Dry Pond Bottom Mapping Unit,Mudflat,0.0133023461349478,FALSE,FALSE,FALSE,,FALSE,UNRESOLVED_MUDFLAT_REVIEW,UNRESOLVED_REVIEW,,FALSE,REVIEW_REQUIRED,"No freshwater, tidal, or modeled-site spatial evidence"
94221,Mudflat/Dry Pond Bottom Mapping Unit,Mudflat,0.09679810959614918,FALSE,TRUE,FALSE,,FALSE,Tidal_mudflat,Tidal_saline_matrix,25,FALSE,ASSIGNED,Within 30 ft of tidal wetland or eel grass
94222,Mudflat/Dry Pond Bottom Mapping Unit,Mudflat,0.02119634384862667,FALSE,TRUE,FALSE,,FALSE,Tidal_mudflat,Tidal_saline_matrix,25,FALSE,ASSIGNED,Within 30 ft of tidal wetland or eel grass
94223,Mudflat/Dry Pond Bottom Mapping Unit,Mudflat,0.023572269615051145,FALSE,TRUE,FALSE,,FALSE,Tidal_mudflat,Tidal_saline_matrix,25,FALSE,ASSIGNED,Within 30 ft of tidal wetland or eel grass
94224,Mudflat/Dry Pond Bottom Mapping Unit,Mudflat,0.09513277655610088,FALSE,TRUE,FALSE,,FALSE,Tidal_mudflat,Tidal_saline_matrix,25,FALSE,ASSIGNED,Within 30 ft of tidal wetland or eel grass
94225,Mudflat/Dry Pond Bottom Mapping Unit,Mudflat,0.019158336273696102,FALSE,TRUE,FALSE,,FALSE,Tidal_mudflat,Tidal_saline_matrix,25,FALSE,ASSIGNED,Within 30 ft of tidal wetland or eel grass
94226,Mudflat/Dry Pond Bottom Mapping Unit,Mudflat,0.021690629518574138,FALSE,TRUE,FALSE,,FALSE,Tidal_mudflat,Tidal_saline_matrix,25,FALSE,ASSIGNED,Within 30 ft of tidal wetland or eel grass
94227,Mudflat/Dry Pond Bottom Mapping Unit,Mudflat,0.03363964194810984,FALSE,TRUE,FALSE,,FALSE,Tidal_mudflat,Tidal_saline_matrix,25,FALSE,ASSIGNED,Within 30 ft of tidal wetland or eel grass
